_id,db_name,coll_name,id,person count,DateTime
69661207538c906330684dda,data_ml,p_count,aiot,13,13 Jan 2026 9:36:7
69661333538c906330684ddb,data_ml,p_count,aiot,0,13 Jan 2026 9:41:7
69661460538c906330684ddc,data_ml,p_count,aiot,0,13 Jan 2026 9:46:8
6966158c538c906330684ddd,data_ml,p_count,aiot,0,13 Jan 2026 9:51:8
696616b9538c906330684dde,data_ml,p_count,aiot,0,13 Jan 2026 9:56:9
696617e5538c906330684ddf,data_ml,p_count,aiot,0,13 Jan 2026 10:1:9
69661912538c906330684de0,data_ml,p_count,aiot,0,13 Jan 2026 10:6:10
69661a3f538c906330684de1,data_ml,p_count,aiot,0,13 Jan 2026 10:11:11
69661b6b538c906330684de2,data_ml,p_count,aiot,0,13 Jan 2026 10:16:11
69661c98538c906330684de3,data_ml,p_count,aiot,0,13 Jan 2026 10:21:12
69661dc4538c906330684de4,data_ml,p_count,aiot,3,13 Jan 2026 10:26:12
69661ef1538c906330684de5,data_ml,p_count,aiot,0,13 Jan 2026 10:31:13
6966201d538c906330684de6,data_ml,p_count,aiot,0,13 Jan 2026 10:36:13
6966214a538c906330684de7,data_ml,p_count,aiot,0,13 Jan 2026 10:41:14
69662276538c906330684de8,data_ml,p_count,aiot,1,13 Jan 2026 10:46:14
696623a3538c906330684de9,data_ml,p_count,aiot,0,13 Jan 2026 10:51:15
696624d0538c906330684dea,data_ml,p_count,aiot,1,13 Jan 2026 10:56:16
696625fc538c906330684deb,data_ml,p_count,aiot,5,13 Jan 2026 11:1:16
69662729538c906330684dec,data_ml,p_count,aiot,0,13 Jan 2026 11:6:17
69662855538c906330684ded,data_ml,p_count,aiot,0,13 Jan 2026 11:11:17
69662982538c906330684dee,data_ml,p_count,aiot,0,13 Jan 2026 11:16:18
69662aae538c906330684def,data_ml,p_count,aiot,0,13 Jan 2026 11:21:18
69662bdb538c906330684df0,data_ml,p_count,aiot,1,13 Jan 2026 11:26:19
69662d07538c906330684df1,data_ml,p_count,aiot,0,13 Jan 2026 11:31:19
69662e34538c906330684df2,data_ml,p_count,aiot,0,13 Jan 2026 11:36:20
69662f60538c906330684df3,data_ml,p_count,aiot,0,13 Jan 2026 11:41:20
6966308d538c906330684df4,data_ml,p_count,aiot,1,13 Jan 2026 11:46:21
696631b9538c906330684df5,data_ml,p_count,aiot,1,13 Jan 2026 11:51:21
696632e6538c906330684df6,data_ml,p_count,aiot,10,13 Jan 2026 11:56:22
69663413538c906330684df7,data_ml,p_count,aiot,1,13 Jan 2026 12:1:23
6966353f538c906330684df8,data_ml,p_count,aiot,8,13 Jan 2026 12:6:23
6966366c538c906330684df9,data_ml,p_count,aiot,4,13 Jan 2026 12:11:24
69663798538c906330684dfa,data_ml,p_count,aiot,0,13 Jan 2026 12:16:24
696638c5538c906330684dfb,data_ml,p_count,aiot,0,13 Jan 2026 12:21:25
696639f1538c906330684dfc,data_ml,p_count,aiot,0,13 Jan 2026 12:26:25
69663b1e538c906330684dfd,data_ml,p_count,aiot,0,13 Jan 2026 12:31:26
69663c4a538c906330684dfe,data_ml,p_count,aiot,0,13 Jan 2026 12:36:26
69663d77538c906330684dff,data_ml,p_count,aiot,0,13 Jan 2026 12:41:27
69663ea3538c906330684e00,data_ml,p_count,aiot,0,13 Jan 2026 12:46:27
69663fd0538c906330684e01,data_ml,p_count,aiot,1,13 Jan 2026 12:51:28
696640fc538c906330684e02,data_ml,p_count,aiot,0,13 Jan 2026 12:56:28
69664229538c906330684e03,data_ml,p_count,aiot,0,13 Jan 2026 13:1:29
69664356538c906330684e04,data_ml,p_count,aiot,1,13 Jan 2026 13:6:30
69664482538c906330684e05,data_ml,p_count,aiot,0,13 Jan 2026 13:11:30
696645af538c906330684e06,data_ml,p_count,aiot,4,13 Jan 2026 13:16:31
696646db538c906330684e07,data_ml,p_count,aiot,1,13 Jan 2026 13:21:31
69664808538c906330684e08,data_ml,p_count,aiot,2,13 Jan 2026 13:26:32
69664934538c906330684e09,data_ml,p_count,aiot,0,13 Jan 2026 13:31:32
69664a61538c906330684e0a,data_ml,p_count,aiot,0,13 Jan 2026 13:36:33
69664b8d538c906330684e0b,data_ml,p_count,aiot,0,13 Jan 2026 13:41:33
69664cba25a98af424fb75c6,data_ml,p_count,aiot,0,13 Jan 2026 13:46:34
69664de625a98af424fb75c7,data_ml,p_count,aiot,2,13 Jan 2026 13:51:34
69664f1325a98af424fb75c8,data_ml,p_count,aiot,0,13 Jan 2026 13:56:35
6966503f25a98af424fb75c9,data_ml,p_count,aiot,0,13 Jan 2026 14:1:35
6966516c25a98af424fb75ca,data_ml,p_count,aiot,0,13 Jan 2026 14:6:36
6966529925a98af424fb75cb,data_ml,p_count,aiot,0,13 Jan 2026 14:11:37
696653c525a98af424fb75cc,data_ml,p_count,aiot,0,13 Jan 2026 14:16:37
696654f125a98af424fb75cd,data_ml,p_count,aiot,0,13 Jan 2026 14:21:37
6966561e25a98af424fb75ce,data_ml,p_count,aiot,0,13 Jan 2026 14:26:38
6966574b25a98af424fb75cf,data_ml,p_count,aiot,0,13 Jan 2026 14:31:39
6966587725a98af424fb75d0,data_ml,p_count,aiot,1,13 Jan 2026 14:36:39
696659a425a98af424fb75d1,data_ml,p_count,aiot,0,13 Jan 2026 14:41:40
69665ad025a98af424fb75d2,data_ml,p_count,aiot,0,13 Jan 2026 14:46:40
69665bfd25a98af424fb75d3,data_ml,p_count,aiot,0,13 Jan 2026 14:51:41
69665d2925a98af424fb75d4,data_ml,p_count,aiot,0,13 Jan 2026 14:56:41
69665e5625a98af424fb75d5,data_ml,p_count,aiot,1,13 Jan 2026 15:1:42
69665f8225a98af424fb75d6,data_ml,p_count,aiot,0,13 Jan 2026 15:6:42
696660af25a98af424fb75d7,data_ml,p_count,aiot,0,13 Jan 2026 15:11:43
696661db25a98af424fb75d8,data_ml,p_count,aiot,0,13 Jan 2026 15:16:43
6966630825a98af424fb75d9,data_ml,p_count,aiot,6,13 Jan 2026 15:21:44
6966643425a98af424fb75da,data_ml,p_count,aiot,0,13 Jan 2026 15:26:44
6966656125a98af424fb75db,data_ml,p_count,aiot,0,13 Jan 2026 15:31:45
6966668d25a98af424fb75dc,data_ml,p_count,aiot,2,13 Jan 2026 15:36:45
696667ba25a98af424fb75dd,data_ml,p_count,aiot,0,13 Jan 2026 15:41:46
696668e625a98af424fb75de,data_ml,p_count,aiot,0,13 Jan 2026 15:46:46
69666a1325a98af424fb75df,data_ml,p_count,aiot,0,13 Jan 2026 15:51:47
69666b3f25a98af424fb75e0,data_ml,p_count,aiot,0,13 Jan 2026 15:56:47
69666c6c25a98af424fb75e1,data_ml,p_count,aiot,0,13 Jan 2026 16:1:48
69666d9925a98af424fb75e2,data_ml,p_count,aiot,0,13 Jan 2026 16:6:49
69666ec525a98af424fb75e3,data_ml,p_count,aiot,0,13 Jan 2026 16:11:49
69666ff225a98af424fb75e4,data_ml,p_count,aiot,0,13 Jan 2026 16:16:50
6966711e25a98af424fb75e5,data_ml,p_count,aiot,0,13 Jan 2026 16:21:50
6966724b25a98af424fb75e6,data_ml,p_count,aiot,0,13 Jan 2026 16:26:51
6966737725a98af424fb75e7,data_ml,p_count,aiot,0,13 Jan 2026 16:31:51
696674a425a98af424fb75e8,data_ml,p_count,aiot,0,13 Jan 2026 16:36:52
696675d025a98af424fb75e9,data_ml,p_count,aiot,0,13 Jan 2026 16:41:52
696676fd25a98af424fb75ea,data_ml,p_count,aiot,0,13 Jan 2026 16:46:53
6966782925a98af424fb75eb,data_ml,p_count,aiot,0,13 Jan 2026 16:51:53
6966795625a98af424fb75ec,data_ml,p_count,aiot,0,13 Jan 2026 16:56:54
69667a8225a98af424fb75ed,data_ml,p_count,aiot,0,13 Jan 2026 17:1:54
69667baf25a98af424fb75ee,data_ml,p_count,aiot,0,13 Jan 2026 17:6:55
69667cdb25a98af424fb75ef,data_ml,p_count,aiot,0,13 Jan 2026 17:11:55
69667e0825a98af424fb75f0,data_ml,p_count,aiot,0,13 Jan 2026 17:16:56
69667f3425a98af424fb75f1,data_ml,p_count,aiot,0,13 Jan 2026 17:21:56
6966806125a98af424fb75f2,data_ml,p_count,aiot,0,13 Jan 2026 17:26:57
6966818e25a98af424fb75f3,data_ml,p_count,aiot,0,13 Jan 2026 17:31:58
696682ba25a98af424fb75f4,data_ml,p_count,aiot,0,13 Jan 2026 17:36:58
696683e625a98af424fb75f5,data_ml,p_count,aiot,0,13 Jan 2026 17:41:58
6966851325a98af424fb75f6,data_ml,p_count,aiot,0,13 Jan 2026 17:46:59
6966863f25a98af424fb75f7,data_ml,p_count,aiot,0,13 Jan 2026 17:51:59
6966876c25a98af424fb75f8,data_ml,p_count,aiot,0,13 Jan 2026 17:57:0
6966889825a98af424fb75f9,data_ml,p_count,aiot,0,13 Jan 2026 18:2:0
696689c525a98af424fb75fa,data_ml,p_count,aiot,0,13 Jan 2026 18:7:1
69668af225a98af424fb75fb,data_ml,p_count,aiot,0,13 Jan 2026 18:12:2
69668c1e25a98af424fb75fc,data_ml,p_count,aiot,0,13 Jan 2026 18:17:2
69668d4b25a98af424fb75fd,data_ml,p_count,aiot,0,13 Jan 2026 18:22:3
69668e7725a98af424fb75fe,data_ml,p_count,aiot,0,13 Jan 2026 18:27:3
69668fa425a98af424fb75ff,data_ml,p_count,aiot,0,13 Jan 2026 18:32:4
696690d025a98af424fb7600,data_ml,p_count,aiot,0,13 Jan 2026 18:37:4
696691fd25a98af424fb7601,data_ml,p_count,aiot,0,13 Jan 2026 18:42:5
6966932925a98af424fb7602,data_ml,p_count,aiot,0,13 Jan 2026 18:47:5
6966945625a98af424fb7603,data_ml,p_count,aiot,0,13 Jan 2026 18:52:6
6966958325a98af424fb7604,data_ml,p_count,aiot,0,13 Jan 2026 18:57:7
696696af25a98af424fb7605,data_ml,p_count,aiot,0,13 Jan 2026 19:2:7
696697dc25a98af424fb7606,data_ml,p_count,aiot,0,13 Jan 2026 19:7:8
6966990825a98af424fb7607,data_ml,p_count,aiot,0,13 Jan 2026 19:12:8
69669a3525a98af424fb7608,data_ml,p_count,aiot,0,13 Jan 2026 19:17:9
69669b6125a98af424fb7609,data_ml,p_count,aiot,0,13 Jan 2026 19:22:9
69669c8e25a98af424fb760a,data_ml,p_count,aiot,0,13 Jan 2026 19:27:10
69669dba25a98af424fb760b,data_ml,p_count,aiot,0,13 Jan 2026 19:32:10
69669ee725a98af424fb760c,data_ml,p_count,aiot,0,13 Jan 2026 19:37:11
6966a01425a98af424fb760d,data_ml,p_count,aiot,0,13 Jan 2026 19:42:12
6966a14025a98af424fb760e,data_ml,p_count,aiot,0,13 Jan 2026 19:47:12
6966a26d25a98af424fb760f,data_ml,p_count,aiot,0,13 Jan 2026 19:52:13
6966a39925a98af424fb7610,data_ml,p_count,aiot,0,13 Jan 2026 19:57:13
6966a4c625a98af424fb7611,data_ml,p_count,aiot,0,13 Jan 2026 20:2:14
6966a5f225a98af424fb7612,data_ml,p_count,aiot,0,13 Jan 2026 20:7:14
6966a71f25a98af424fb7613,data_ml,p_count,aiot,0,13 Jan 2026 20:12:15
6966a84b25a98af424fb7614,data_ml,p_count,aiot,0,13 Jan 2026 20:17:15
6966a97825a98af424fb7615,data_ml,p_count,aiot,0,13 Jan 2026 20:22:16
6966aaa425a98af424fb7616,data_ml,p_count,aiot,0,13 Jan 2026 20:27:16
6966abd125a98af424fb7617,data_ml,p_count,aiot,0,13 Jan 2026 20:32:17
6966acfd25a98af424fb7618,data_ml,p_count,aiot,0,13 Jan 2026 20:37:17
6966ae2a25a98af424fb7619,data_ml,p_count,aiot,0,13 Jan 2026 20:42:18
6966af5725a98af424fb761a,data_ml,p_count,aiot,0,13 Jan 2026 20:47:19
6966b08325a98af424fb761b,data_ml,p_count,aiot,0,13 Jan 2026 20:52:19
6966b1b025a98af424fb761c,data_ml,p_count,aiot,0,13 Jan 2026 20:57:20
6966b2dc25a98af424fb761d,data_ml,p_count,aiot,0,13 Jan 2026 21:2:20
6966b40925a98af424fb761e,data_ml,p_count,aiot,0,13 Jan 2026 21:7:21
6966b53525a98af424fb761f,data_ml,p_count,aiot,0,13 Jan 2026 21:12:21
6966b66225a98af424fb7620,data_ml,p_count,aiot,0,13 Jan 2026 21:17:22
6966b78e25a98af424fb7621,data_ml,p_count,aiot,0,13 Jan 2026 21:22:22
6966b8bb25a98af424fb7622,data_ml,p_count,aiot,0,13 Jan 2026 21:27:23
6966b9e725a98af424fb7623,data_ml,p_count,aiot,0,13 Jan 2026 21:32:23
6966bb1425a98af424fb7624,data_ml,p_count,aiot,0,13 Jan 2026 21:37:24
6966bc4025a98af424fb7625,data_ml,p_count,aiot,0,13 Jan 2026 21:42:24
6966bd6d25a98af424fb7626,data_ml,p_count,aiot,0,13 Jan 2026 21:47:25
6966be9a25a98af424fb7627,data_ml,p_count,aiot,0,13 Jan 2026 21:52:26
6966bfc625a98af424fb7628,data_ml,p_count,aiot,0,13 Jan 2026 21:57:26
6966c0f325a98af424fb7629,data_ml,p_count,aiot,0,13 Jan 2026 22:2:27
6966c21f25a98af424fb762a,data_ml,p_count,aiot,0,13 Jan 2026 22:7:27
6966c34c25a98af424fb762b,data_ml,p_count,aiot,0,13 Jan 2026 22:12:28
6966c47825a98af424fb762c,data_ml,p_count,aiot,0,13 Jan 2026 22:17:28
6966c5a525a98af424fb762d,data_ml,p_count,aiot,0,13 Jan 2026 22:22:29
6966c6d125a98af424fb762e,data_ml,p_count,aiot,0,13 Jan 2026 22:27:29
6966c7fe25a98af424fb762f,data_ml,p_count,aiot,0,13 Jan 2026 22:32:30
6966c92b25a98af424fb7630,data_ml,p_count,aiot,0,13 Jan 2026 22:37:31
6966ca5725a98af424fb7631,data_ml,p_count,aiot,0,13 Jan 2026 22:42:31
6966cb8425a98af424fb7632,data_ml,p_count,aiot,0,13 Jan 2026 22:47:32
6966ccb025a98af424fb7633,data_ml,p_count,aiot,0,13 Jan 2026 22:52:32
6966cddd25a98af424fb7634,data_ml,p_count,aiot,0,13 Jan 2026 22:57:33
6966cf0925a98af424fb7635,data_ml,p_count,aiot,0,13 Jan 2026 23:2:33
6966d03625a98af424fb7636,data_ml,p_count,aiot,0,13 Jan 2026 23:7:34
6966d16225a98af424fb7637,data_ml,p_count,aiot,0,13 Jan 2026 23:12:34
6966d28f25a98af424fb7638,data_ml,p_count,aiot,0,13 Jan 2026 23:17:35
6966d3bc25a98af424fb7639,data_ml,p_count,aiot,0,13 Jan 2026 23:22:36
6966d4e825a98af424fb763a,data_ml,p_count,aiot,0,13 Jan 2026 23:27:36
6966d61525a98af424fb763b,data_ml,p_count,aiot,0,13 Jan 2026 23:32:37
6966d74125a98af424fb763c,data_ml,p_count,aiot,0,13 Jan 2026 23:37:37
6966d86e25a98af424fb763d,data_ml,p_count,aiot,0,13 Jan 2026 23:42:38
6966d99a25a98af424fb763e,data_ml,p_count,aiot,0,13 Jan 2026 23:47:38
6966dac725a98af424fb763f,data_ml,p_count,aiot,0,13 Jan 2026 23:52:39
6966dbf325a98af424fb7640,data_ml,p_count,aiot,0,13 Jan 2026 23:57:39
6966dd2025a98af424fb7641,data_ml,p_count,aiot,0,14 Jan 2026 0:2:40
6966de4c25a98af424fb7642,data_ml,p_count,aiot,0,14 Jan 2026 0:7:40
6966df7925a98af424fb7643,data_ml,p_count,aiot,0,14 Jan 2026 0:12:41
6966e0a525a98af424fb7644,data_ml,p_count,aiot,0,14 Jan 2026 0:17:41
6966e1d225a98af424fb7645,data_ml,p_count,aiot,0,14 Jan 2026 0:22:42
6966e2ff25a98af424fb7646,data_ml,p_count,aiot,0,14 Jan 2026 0:27:43
6966e42b25a98af424fb7647,data_ml,p_count,aiot,0,14 Jan 2026 0:32:43
6966e55825a98af424fb7648,data_ml,p_count,aiot,0,14 Jan 2026 0:37:44
6966e68425a98af424fb7649,data_ml,p_count,aiot,0,14 Jan 2026 0:42:44
6966e7b125a98af424fb764a,data_ml,p_count,aiot,0,14 Jan 2026 0:47:45
6966e8de25a98af424fb764b,data_ml,p_count,aiot,0,14 Jan 2026 0:52:46
6966ea0a25a98af424fb764c,data_ml,p_count,aiot,0,14 Jan 2026 0:57:46
6966eb3725a98af424fb764d,data_ml,p_count,aiot,0,14 Jan 2026 1:2:47
6966ec6325a98af424fb764e,data_ml,p_count,aiot,0,14 Jan 2026 1:7:47
6966ed9025a98af424fb764f,data_ml,p_count,aiot,0,14 Jan 2026 1:12:48
6966eebc25a98af424fb7650,data_ml,p_count,aiot,0,14 Jan 2026 1:17:48
6966efe925a98af424fb7651,data_ml,p_count,aiot,0,14 Jan 2026 1:22:49
6966f11625a98af424fb7652,data_ml,p_count,aiot,0,14 Jan 2026 1:27:50
6966f24225a98af424fb7653,data_ml,p_count,aiot,0,14 Jan 2026 1:32:50
6966f36f25a98af424fb7654,data_ml,p_count,aiot,0,14 Jan 2026 1:37:51
6966f49b25a98af424fb7655,data_ml,p_count,aiot,0,14 Jan 2026 1:42:51
6966f5c825a98af424fb7656,data_ml,p_count,aiot,0,14 Jan 2026 1:47:52
6966f6f425a98af424fb7657,data_ml,p_count,aiot,0,14 Jan 2026 1:52:52
6966f82125a98af424fb7658,data_ml,p_count,aiot,0,14 Jan 2026 1:57:53
6966f94e25a98af424fb7659,data_ml,p_count,aiot,0,14 Jan 2026 2:2:54
6966fa7a25a98af424fb765a,data_ml,p_count,aiot,0,14 Jan 2026 2:7:54
6966fba725a98af424fb765b,data_ml,p_count,aiot,0,14 Jan 2026 2:12:55
6966fcd325a98af424fb765c,data_ml,p_count,aiot,0,14 Jan 2026 2:17:55
6966fe0025a98af424fb765d,data_ml,p_count,aiot,0,14 Jan 2026 2:22:56
6966ff2d25a98af424fb765e,data_ml,p_count,aiot,0,14 Jan 2026 2:27:57
6967005925a98af424fb765f,data_ml,p_count,aiot,0,14 Jan 2026 2:32:57
6967018625a98af424fb7660,data_ml,p_count,aiot,0,14 Jan 2026 2:37:58
696702b225a98af424fb7661,data_ml,p_count,aiot,0,14 Jan 2026 2:42:58
696703df25a98af424fb7662,data_ml,p_count,aiot,0,14 Jan 2026 2:47:59
6967050b25a98af424fb7663,data_ml,p_count,aiot,0,14 Jan 2026 2:52:59
6967063825a98af424fb7664,data_ml,p_count,aiot,0,14 Jan 2026 2:58:0
6967076525a98af424fb7665,data_ml,p_count,aiot,0,14 Jan 2026 3:3:1
6967089125a98af424fb7666,data_ml,p_count,aiot,0,14 Jan 2026 3:8:1
696709be25a98af424fb7667,data_ml,p_count,aiot,0,14 Jan 2026 3:13:2
69670aea25a98af424fb7668,data_ml,p_count,aiot,0,14 Jan 2026 3:18:2
69670c1725a98af424fb7669,data_ml,p_count,aiot,0,14 Jan 2026 3:23:3
69670d4325a98af424fb766a,data_ml,p_count,aiot,0,14 Jan 2026 3:28:3
69670e7025a98af424fb766b,data_ml,p_count,aiot,0,14 Jan 2026 3:33:4
69670f9d25a98af424fb766c,data_ml,p_count,aiot,0,14 Jan 2026 3:38:5
696710c925a98af424fb766d,data_ml,p_count,aiot,0,14 Jan 2026 3:43:5
696711f625a98af424fb766e,data_ml,p_count,aiot,0,14 Jan 2026 3:48:6
6967132225a98af424fb766f,data_ml,p_count,aiot,0,14 Jan 2026 3:53:6
6967144f25a98af424fb7670,data_ml,p_count,aiot,0,14 Jan 2026 3:58:7
6967157b25a98af424fb7671,data_ml,p_count,aiot,0,14 Jan 2026 4:3:7
696716a825a98af424fb7672,data_ml,p_count,aiot,0,14 Jan 2026 4:8:8
696717d525a98af424fb7673,data_ml,p_count,aiot,0,14 Jan 2026 4:13:9
6967190125a98af424fb7674,data_ml,p_count,aiot,0,14 Jan 2026 4:18:9
69671a2e25a98af424fb7675,data_ml,p_count,aiot,0,14 Jan 2026 4:23:10
69671b5a25a98af424fb7676,data_ml,p_count,aiot,0,14 Jan 2026 4:28:10
69671c8725a98af424fb7677,data_ml,p_count,aiot,0,14 Jan 2026 4:33:11
69671db325a98af424fb7678,data_ml,p_count,aiot,0,14 Jan 2026 4:38:11
69671ee025a98af424fb7679,data_ml,p_count,aiot,0,14 Jan 2026 4:43:12
6967200c25a98af424fb767a,data_ml,p_count,aiot,0,14 Jan 2026 4:48:12
6967213925a98af424fb767b,data_ml,p_count,aiot,0,14 Jan 2026 4:53:13
6967226525a98af424fb767c,data_ml,p_count,aiot,0,14 Jan 2026 4:58:13
6967239225a98af424fb767d,data_ml,p_count,aiot,0,14 Jan 2026 5:3:14
696724be25a98af424fb767e,data_ml,p_count,aiot,0,14 Jan 2026 5:8:14
696725eb25a98af424fb767f,data_ml,p_count,aiot,0,14 Jan 2026 5:13:15
6967271825a98af424fb7680,data_ml,p_count,aiot,0,14 Jan 2026 5:18:16
6967284425a98af424fb7681,data_ml,p_count,aiot,0,14 Jan 2026 5:23:16
6967297125a98af424fb7682,data_ml,p_count,aiot,0,14 Jan 2026 5:28:17
69672a9d25a98af424fb7683,data_ml,p_count,aiot,0,14 Jan 2026 5:33:17
69672bca25a98af424fb7684,data_ml,p_count,aiot,0,14 Jan 2026 5:38:18
69672cf625a98af424fb7685,data_ml,p_count,aiot,0,14 Jan 2026 5:43:18
69672e2325a98af424fb7686,data_ml,p_count,aiot,1,14 Jan 2026 5:48:19
69672f4f25a98af424fb7687,data_ml,p_count,aiot,0,14 Jan 2026 5:53:19
6967307c25a98af424fb7688,data_ml,p_count,aiot,0,14 Jan 2026 5:58:20
696731a825a98af424fb7689,data_ml,p_count,aiot,0,14 Jan 2026 6:3:20
696732d525a98af424fb768a,data_ml,p_count,aiot,0,14 Jan 2026 6:8:21
6967340125a98af424fb768b,data_ml,p_count,aiot,0,14 Jan 2026 6:13:21
6967352e25a98af424fb768c,data_ml,p_count,aiot,0,14 Jan 2026 6:18:22
6967365b25a98af424fb768d,data_ml,p_count,aiot,0,14 Jan 2026 6:23:23
6967378725a98af424fb768e,data_ml,p_count,aiot,0,14 Jan 2026 6:28:23
696738b425a98af424fb768f,data_ml,p_count,aiot,1,14 Jan 2026 6:33:23
696739e025a98af424fb7690,data_ml,p_count,aiot,0,14 Jan 2026 6:38:24
69673b0d25a98af424fb7691,data_ml,p_count,aiot,0,14 Jan 2026 6:43:25
69673c3925a98af424fb7692,data_ml,p_count,aiot,0,14 Jan 2026 6:48:25
69673d6625a98af424fb7693,data_ml,p_count,aiot,0,14 Jan 2026 6:53:26
69673e9225a98af424fb7694,data_ml,p_count,aiot,0,14 Jan 2026 6:58:26
69673fbf25a98af424fb7695,data_ml,p_count,aiot,0,14 Jan 2026 7:3:27
696740eb25a98af424fb7696,data_ml,p_count,aiot,0,14 Jan 2026 7:8:27
6967421825a98af424fb7697,data_ml,p_count,aiot,0,14 Jan 2026 7:13:28
6967434425a98af424fb7698,data_ml,p_count,aiot,0,14 Jan 2026 7:18:28
6967447125a98af424fb7699,data_ml,p_count,aiot,0,14 Jan 2026 7:23:29
6967459d25a98af424fb769a,data_ml,p_count,aiot,0,14 Jan 2026 7:28:29
696746ca25a98af424fb769b,data_ml,p_count,aiot,2,14 Jan 2026 7:33:30
696747f625a98af424fb769c,data_ml,p_count,aiot,0,14 Jan 2026 7:38:30
6967492325a98af424fb769d,data_ml,p_count,aiot,6,14 Jan 2026 7:43:31
69674a4f25a98af424fb769e,data_ml,p_count,aiot,2,14 Jan 2026 7:48:31
69674b7c25a98af424fb769f,data_ml,p_count,aiot,0,14 Jan 2026 7:53:32
69674ca825a98af424fb76a0,data_ml,p_count,aiot,5,14 Jan 2026 7:58:32
69674dd525a98af424fb76a1,data_ml,p_count,aiot,0,14 Jan 2026 8:3:33
69674f0125a98af424fb76a2,data_ml,p_count,aiot,0,14 Jan 2026 8:8:33
6967502e25a98af424fb76a3,data_ml,p_count,aiot,0,14 Jan 2026 8:13:34
6967515b25a98af424fb76a4,data_ml,p_count,aiot,2,14 Jan 2026 8:18:35
6967528725a98af424fb76a5,data_ml,p_count,aiot,0,14 Jan 2026 8:23:35
696753b425a98af424fb76a6,data_ml,p_count,aiot,0,14 Jan 2026 8:28:36
696754e025a98af424fb76a7,data_ml,p_count,aiot,0,14 Jan 2026 8:33:36
6967560d25a98af424fb76a8,data_ml,p_count,aiot,1,14 Jan 2026 8:38:37
6967573925a98af424fb76a9,data_ml,p_count,aiot,39,14 Jan 2026 8:43:37
6967586625a98af424fb76aa,data_ml,p_count,aiot,0,14 Jan 2026 8:48:38
6967599225a98af424fb76ab,data_ml,p_count,aiot,0,14 Jan 2026 8:53:38
69675abf25a98af424fb76ac,data_ml,p_count,aiot,0,14 Jan 2026 8:58:39
69675beb25a98af424fb76ad,data_ml,p_count,aiot,1,14 Jan 2026 9:3:39
69675d1825a98af424fb76ae,data_ml,p_count,aiot,3,14 Jan 2026 9:8:40
69675e4425a98af424fb76af,data_ml,p_count,aiot,9,14 Jan 2026 9:13:40
69675f7125a98af424fb76b0,data_ml,p_count,aiot,0,14 Jan 2026 9:18:41
696892fa73e1452a7aab18b9,data_ml,p_count,aiot,1,15 Jan 2026 7:10:50
6968942773e1452a7aab18ba,data_ml,p_count,aiot,0,15 Jan 2026 7:15:51
6968955373e1452a7aab18bb,data_ml,p_count,aiot,1,15 Jan 2026 7:20:51
6968968073e1452a7aab18bc,data_ml,p_count,aiot,0,15 Jan 2026 7:25:52
696897ac73e1452a7aab18bd,data_ml,p_count,aiot,0,15 Jan 2026 7:30:52
696898d973e1452a7aab18be,data_ml,p_count,aiot,0,15 Jan 2026 7:35:53
69689a0573e1452a7aab18bf,data_ml,p_count,aiot,5,15 Jan 2026 7:40:53
69689b3273e1452a7aab18c0,data_ml,p_count,aiot,0,15 Jan 2026 7:45:54
69689c5e73e1452a7aab18c1,data_ml,p_count,aiot,0,15 Jan 2026 7:50:54
69689d8b73e1452a7aab18c2,data_ml,p_count,aiot,0,15 Jan 2026 7:55:55
69689eb773e1452a7aab18c3,data_ml,p_count,aiot,0,15 Jan 2026 8:0:55
69689fe473e1452a7aab18c4,data_ml,p_count,aiot,4,15 Jan 2026 8:5:56
6968a11073e1452a7aab18c5,data_ml,p_count,aiot,0,15 Jan 2026 8:10:56
6968a23d73e1452a7aab18c6,data_ml,p_count,aiot,0,15 Jan 2026 8:15:57
6968a36973e1452a7aab18c7,data_ml,p_count,aiot,9,15 Jan 2026 8:20:57
6968a49673e1452a7aab18c8,data_ml,p_count,aiot,2,15 Jan 2026 8:25:58
6968a5c273e1452a7aab18c9,data_ml,p_count,aiot,2,15 Jan 2026 8:30:58
6968a6ef73e1452a7aab18ca,data_ml,p_count,aiot,2,15 Jan 2026 8:35:59
6968a81b73e1452a7aab18cb,data_ml,p_count,aiot,3,15 Jan 2026 8:40:59
6968a94873e1452a7aab18cc,data_ml,p_count,aiot,1,15 Jan 2026 8:46:0
6968aa7573e1452a7aab18cd,data_ml,p_count,aiot,0,15 Jan 2026 8:51:1
6968aba173e1452a7aab18ce,data_ml,p_count,aiot,0,15 Jan 2026 8:56:1
6968acce73e1452a7aab18cf,data_ml,p_count,aiot,0,15 Jan 2026 9:1:2
6968adfa73e1452a7aab18d0,data_ml,p_count,aiot,0,15 Jan 2026 9:6:2
6968af2773e1452a7aab18d1,data_ml,p_count,aiot,0,15 Jan 2026 9:11:3
6968b05373e1452a7aab18d2,data_ml,p_count,aiot,0,15 Jan 2026 9:16:3
6968b18073e1452a7aab18d3,data_ml,p_count,aiot,0,15 Jan 2026 9:21:4
6968b2ac73e1452a7aab18d4,data_ml,p_count,aiot,3,15 Jan 2026 9:26:4
6968b3d973e1452a7aab18d5,data_ml,p_count,aiot,6,15 Jan 2026 9:31:5
6968b50573e1452a7aab18d6,data_ml,p_count,aiot,0,15 Jan 2026 9:36:5
6968b63273e1452a7aab18d7,data_ml,p_count,aiot,0,15 Jan 2026 9:41:6
6968b75e73e1452a7aab18d8,data_ml,p_count,aiot,0,15 Jan 2026 9:46:6
6968b88b73e1452a7aab18d9,data_ml,p_count,aiot,0,15 Jan 2026 9:51:7
6968b9b773e1452a7aab18da,data_ml,p_count,aiot,0,15 Jan 2026 9:56:7
6968bae473e1452a7aab18db,data_ml,p_count,aiot,0,15 Jan 2026 10:1:8
6968bc1073e1452a7aab18dc,data_ml,p_count,aiot,0,15 Jan 2026 10:6:8
6968bd3d73e1452a7aab18dd,data_ml,p_count,aiot,1,15 Jan 2026 10:11:9
6968be6a73e1452a7aab18de,data_ml,p_count,aiot,0,15 Jan 2026 10:16:10
6968bf9673e1452a7aab18df,data_ml,p_count,aiot,0,15 Jan 2026 10:21:10
6968c0c273e1452a7aab18e0,data_ml,p_count,aiot,0,15 Jan 2026 10:26:10
6968c1ef73e1452a7aab18e1,data_ml,p_count,aiot,0,15 Jan 2026 10:31:11
6968c31b73e1452a7aab18e2,data_ml,p_count,aiot,0,15 Jan 2026 10:36:11
6968c44873e1452a7aab18e3,data_ml,p_count,aiot,0,15 Jan 2026 10:41:12
6968c57573e1452a7aab18e4,data_ml,p_count,aiot,1,15 Jan 2026 10:46:13
6968c6a173e1452a7aab18e5,data_ml,p_count,aiot,1,15 Jan 2026 10:51:13
6968c7ce73e1452a7aab18e6,data_ml,p_count,aiot,0,15 Jan 2026 10:56:14
6968c8fa73e1452a7aab18e7,data_ml,p_count,aiot,1,15 Jan 2026 11:1:14
6968ca2773e1452a7aab18e8,data_ml,p_count,aiot,0,15 Jan 2026 11:6:15
6968cb5373e1452a7aab18e9,data_ml,p_count,aiot,0,15 Jan 2026 11:11:15
6968cc8073e1452a7aab18ea,data_ml,p_count,aiot,0,15 Jan 2026 11:16:16
6968cdac73e1452a7aab18eb,data_ml,p_count,aiot,1,15 Jan 2026 11:21:16
6968ced973e1452a7aab18ec,data_ml,p_count,aiot,0,15 Jan 2026 11:26:17
6968d00573e1452a7aab18ed,data_ml,p_count,aiot,0,15 Jan 2026 11:31:17
6968d13273e1452a7aab18ee,data_ml,p_count,aiot,1,15 Jan 2026 11:36:18
6968d25f73e1452a7aab18ef,data_ml,p_count,aiot,1,15 Jan 2026 11:41:19
6968d38b73e1452a7aab18f0,data_ml,p_count,aiot,1,15 Jan 2026 11:46:19
6968d4b873e1452a7aab18f1,data_ml,p_count,aiot,0,15 Jan 2026 11:51:20
6968d5e473e1452a7aab18f2,data_ml,p_count,aiot,3,15 Jan 2026 11:56:20
6968d71173e1452a7aab18f3,data_ml,p_count,aiot,1,15 Jan 2026 12:1:21
6968d83d73e1452a7aab18f4,data_ml,p_count,aiot,1,15 Jan 2026 12:6:21
6968d96a73e1452a7aab18f5,data_ml,p_count,aiot,0,15 Jan 2026 12:11:22
6968da9673e1452a7aab18f6,data_ml,p_count,aiot,1,15 Jan 2026 12:16:22
6968dbc373e1452a7aab18f7,data_ml,p_count,aiot,0,15 Jan 2026 12:21:23
6968dcef73e1452a7aab18f8,data_ml,p_count,aiot,1,15 Jan 2026 12:26:23
6968de1c73e1452a7aab18f9,data_ml,p_count,aiot,0,15 Jan 2026 12:31:24
6968df4873e1452a7aab18fa,data_ml,p_count,aiot,0,15 Jan 2026 12:36:24
6968e07573e1452a7aab18fb,data_ml,p_count,aiot,0,15 Jan 2026 12:41:25
6968e1a273e1452a7aab18fc,data_ml,p_count,aiot,0,15 Jan 2026 12:46:26
6968e2ce73e1452a7aab18fd,data_ml,p_count,aiot,1,15 Jan 2026 12:51:26
6968e3fb73e1452a7aab18fe,data_ml,p_count,aiot,0,15 Jan 2026 12:56:27
6968e52773e1452a7aab18ff,data_ml,p_count,aiot,5,15 Jan 2026 13:1:27
6968e65473e1452a7aab1900,data_ml,p_count,aiot,0,15 Jan 2026 13:6:28
6968e78073e1452a7aab1901,data_ml,p_count,aiot,2,15 Jan 2026 13:11:28
6968e8ad73e1452a7aab1902,data_ml,p_count,aiot,0,15 Jan 2026 13:16:29
6968e9d973e1452a7aab1903,data_ml,p_count,aiot,2,15 Jan 2026 13:21:29
6968eb0673e1452a7aab1904,data_ml,p_count,aiot,1,15 Jan 2026 13:26:30
6968ec3373e1452a7aab1905,data_ml,p_count,aiot,2,15 Jan 2026 13:31:31
6968ed5f73e1452a7aab1906,data_ml,p_count,aiot,0,15 Jan 2026 13:36:31
6968ee8c73e1452a7aab1907,data_ml,p_count,aiot,0,15 Jan 2026 13:41:32
6968efb873e1452a7aab1908,data_ml,p_count,aiot,0,15 Jan 2026 13:46:32
6968f0e573e1452a7aab1909,data_ml,p_count,aiot,1,15 Jan 2026 13:51:33
6968f21173e1452a7aab190a,data_ml,p_count,aiot,1,15 Jan 2026 13:56:33
6968f33e73e1452a7aab190b,data_ml,p_count,aiot,16,15 Jan 2026 14:1:34
6968f46a73e1452a7aab190c,data_ml,p_count,aiot,1,15 Jan 2026 14:6:34
6968f59773e1452a7aab190d,data_ml,p_count,aiot,0,15 Jan 2026 14:11:35
6968f6c373e1452a7aab190e,data_ml,p_count,aiot,0,15 Jan 2026 14:16:35
6968f7f073e1452a7aab190f,data_ml,p_count,aiot,0,15 Jan 2026 14:21:36
6968f91c73e1452a7aab1910,data_ml,p_count,aiot,0,15 Jan 2026 14:26:36
6968fa4973e1452a7aab1911,data_ml,p_count,aiot,0,15 Jan 2026 14:31:37
6968fb7573e1452a7aab1912,data_ml,p_count,aiot,0,15 Jan 2026 14:36:37
6968fca273e1452a7aab1913,data_ml,p_count,aiot,0,15 Jan 2026 14:41:38
6968fdce73e1452a7aab1914,data_ml,p_count,aiot,0,15 Jan 2026 14:46:38
6968fefb73e1452a7aab1915,data_ml,p_count,aiot,0,15 Jan 2026 14:51:39
6969002773e1452a7aab1916,data_ml,p_count,aiot,0,15 Jan 2026 14:56:39
6969015473e1452a7aab1917,data_ml,p_count,aiot,0,15 Jan 2026 15:1:40
69690280dbbb1797f497a66e,data_ml,p_count,aiot,0,15 Jan 2026 15:6:40
696903addbbb1797f497a66f,data_ml,p_count,aiot,0,15 Jan 2026 15:11:41
696904dadbbb1797f497a670,data_ml,p_count,aiot,0,15 Jan 2026 15:16:42
69690606dbbb1797f497a671,data_ml,p_count,aiot,0,15 Jan 2026 15:21:42
69690733dbbb1797f497a672,data_ml,p_count,aiot,0,15 Jan 2026 15:26:43
6969085fdbbb1797f497a673,data_ml,p_count,aiot,0,15 Jan 2026 15:31:43
6969098bdbbb1797f497a674,data_ml,p_count,aiot,0,15 Jan 2026 15:36:43
69690ab8dbbb1797f497a675,data_ml,p_count,aiot,0,15 Jan 2026 15:41:44
69690be5dbbb1797f497a676,data_ml,p_count,aiot,0,15 Jan 2026 15:46:45
69690d11dbbb1797f497a677,data_ml,p_count,aiot,0,15 Jan 2026 15:51:45
69690e3edbbb1797f497a678,data_ml,p_count,aiot,0,15 Jan 2026 15:56:46
69690f6adbbb1797f497a679,data_ml,p_count,aiot,0,15 Jan 2026 16:1:46
69691097dbbb1797f497a67a,data_ml,p_count,aiot,0,15 Jan 2026 16:6:47
696911c3dbbb1797f497a67b,data_ml,p_count,aiot,0,15 Jan 2026 16:11:47
696912f0dbbb1797f497a67c,data_ml,p_count,aiot,0,15 Jan 2026 16:16:48
6969141cdbbb1797f497a67d,data_ml,p_count,aiot,0,15 Jan 2026 16:21:48
69691549dbbb1797f497a67e,data_ml,p_count,aiot,0,15 Jan 2026 16:26:49
69691675dbbb1797f497a67f,data_ml,p_count,aiot,0,15 Jan 2026 16:31:49
696917a2dbbb1797f497a680,data_ml,p_count,aiot,0,15 Jan 2026 16:36:50
696918cedbbb1797f497a681,data_ml,p_count,aiot,0,15 Jan 2026 16:41:50
696919fbdbbb1797f497a682,data_ml,p_count,aiot,0,15 Jan 2026 16:46:51
69691b28dbbb1797f497a683,data_ml,p_count,aiot,0,15 Jan 2026 16:51:52
69691c54dbbb1797f497a684,data_ml,p_count,aiot,0,15 Jan 2026 16:56:52
69691d80dbbb1797f497a685,data_ml,p_count,aiot,0,15 Jan 2026 17:1:52
69691eaddbbb1797f497a686,data_ml,p_count,aiot,0,15 Jan 2026 17:6:53
69691fdadbbb1797f497a687,data_ml,p_count,aiot,0,15 Jan 2026 17:11:54
69692106dbbb1797f497a688,data_ml,p_count,aiot,0,15 Jan 2026 17:16:54
69692232dbbb1797f497a689,data_ml,p_count,aiot,0,15 Jan 2026 17:21:54
6969235fdbbb1797f497a68a,data_ml,p_count,aiot,0,15 Jan 2026 17:26:55
6969248cdbbb1797f497a68b,data_ml,p_count,aiot,0,15 Jan 2026 17:31:56
696925b8dbbb1797f497a68c,data_ml,p_count,aiot,0,15 Jan 2026 17:36:56
696926e5dbbb1797f497a68d,data_ml,p_count,aiot,0,15 Jan 2026 17:41:57
69692811dbbb1797f497a68e,data_ml,p_count,aiot,0,15 Jan 2026 17:46:57
6969293edbbb1797f497a68f,data_ml,p_count,aiot,0,15 Jan 2026 17:51:58
69692a6adbbb1797f497a690,data_ml,p_count,aiot,0,15 Jan 2026 17:56:58
69692b97dbbb1797f497a691,data_ml,p_count,aiot,0,15 Jan 2026 18:1:59
69692cc3dbbb1797f497a692,data_ml,p_count,aiot,0,15 Jan 2026 18:6:59
69692df0dbbb1797f497a693,data_ml,p_count,aiot,0,15 Jan 2026 18:12:0
69692f1cdbbb1797f497a694,data_ml,p_count,aiot,0,15 Jan 2026 18:17:0
69693049dbbb1797f497a695,data_ml,p_count,aiot,0,15 Jan 2026 18:22:1
69693175dbbb1797f497a696,data_ml,p_count,aiot,0,15 Jan 2026 18:27:1
696932a2dbbb1797f497a697,data_ml,p_count,aiot,0,15 Jan 2026 18:32:2
696933cfdbbb1797f497a698,data_ml,p_count,aiot,0,15 Jan 2026 18:37:3
696934fbdbbb1797f497a699,data_ml,p_count,aiot,0,15 Jan 2026 18:42:3
69693627dbbb1797f497a69a,data_ml,p_count,aiot,0,15 Jan 2026 18:47:3
69693754dbbb1797f497a69b,data_ml,p_count,aiot,0,15 Jan 2026 18:52:4
69693881dbbb1797f497a69c,data_ml,p_count,aiot,0,15 Jan 2026 18:57:5
696939addbbb1797f497a69d,data_ml,p_count,aiot,0,15 Jan 2026 19:2:5
69693adadbbb1797f497a69e,data_ml,p_count,aiot,0,15 Jan 2026 19:7:6
69693c06dbbb1797f497a69f,data_ml,p_count,aiot,0,15 Jan 2026 19:12:6
69693d33dbbb1797f497a6a0,data_ml,p_count,aiot,0,15 Jan 2026 19:17:7
69693e5fdbbb1797f497a6a1,data_ml,p_count,aiot,0,15 Jan 2026 19:22:7
69693f8cdbbb1797f497a6a2,data_ml,p_count,aiot,0,15 Jan 2026 19:27:8
696940b8dbbb1797f497a6a3,data_ml,p_count,aiot,0,15 Jan 2026 19:32:8
696941e5dbbb1797f497a6a4,data_ml,p_count,aiot,0,15 Jan 2026 19:37:9
69694311dbbb1797f497a6a5,data_ml,p_count,aiot,0,15 Jan 2026 19:42:9
6969443edbbb1797f497a6a6,data_ml,p_count,aiot,0,15 Jan 2026 19:47:10
6969456adbbb1797f497a6a7,data_ml,p_count,aiot,0,15 Jan 2026 19:52:10
69694697dbbb1797f497a6a8,data_ml,p_count,aiot,0,15 Jan 2026 19:57:11
696947c3dbbb1797f497a6a9,data_ml,p_count,aiot,0,15 Jan 2026 20:2:11
696948f0dbbb1797f497a6aa,data_ml,p_count,aiot,0,15 Jan 2026 20:7:12
69694a1cdbbb1797f497a6ab,data_ml,p_count,aiot,0,15 Jan 2026 20:12:12
69694b49dbbb1797f497a6ac,data_ml,p_count,aiot,0,15 Jan 2026 20:17:13
69694c75dbbb1797f497a6ad,data_ml,p_count,aiot,0,15 Jan 2026 20:22:13
69694da2dbbb1797f497a6ae,data_ml,p_count,aiot,0,15 Jan 2026 20:27:14
69694ecedbbb1797f497a6af,data_ml,p_count,aiot,0,15 Jan 2026 20:32:14
69694ffbdbbb1797f497a6b0,data_ml,p_count,aiot,0,15 Jan 2026 20:37:15
69695127dbbb1797f497a6b1,data_ml,p_count,aiot,0,15 Jan 2026 20:42:15
69695254dbbb1797f497a6b2,data_ml,p_count,aiot,0,15 Jan 2026 20:47:16
69695381dbbb1797f497a6b3,data_ml,p_count,aiot,0,15 Jan 2026 20:52:17
696954addbbb1797f497a6b4,data_ml,p_count,aiot,0,15 Jan 2026 20:57:17
696955dadbbb1797f497a6b5,data_ml,p_count,aiot,0,15 Jan 2026 21:2:18
69695706dbbb1797f497a6b6,data_ml,p_count,aiot,0,15 Jan 2026 21:7:18
69695833dbbb1797f497a6b7,data_ml,p_count,aiot,0,15 Jan 2026 21:12:19
6969595fdbbb1797f497a6b8,data_ml,p_count,aiot,0,15 Jan 2026 21:17:19
69695a8cdbbb1797f497a6b9,data_ml,p_count,aiot,0,15 Jan 2026 21:22:20
69695bb8dbbb1797f497a6ba,data_ml,p_count,aiot,0,15 Jan 2026 21:27:20
69695ce5dbbb1797f497a6bb,data_ml,p_count,aiot,0,15 Jan 2026 21:32:21
69695e11dbbb1797f497a6bc,data_ml,p_count,aiot,0,15 Jan 2026 21:37:21
69695f3edbbb1797f497a6bd,data_ml,p_count,aiot,0,15 Jan 2026 21:42:22
6969606adbbb1797f497a6be,data_ml,p_count,aiot,0,15 Jan 2026 21:47:22
69696197dbbb1797f497a6bf,data_ml,p_count,aiot,0,15 Jan 2026 21:52:23
696962c4dbbb1797f497a6c0,data_ml,p_count,aiot,0,15 Jan 2026 21:57:24
696963f0dbbb1797f497a6c1,data_ml,p_count,aiot,0,15 Jan 2026 22:2:24
6969651cdbbb1797f497a6c2,data_ml,p_count,aiot,0,15 Jan 2026 22:7:24
69696649dbbb1797f497a6c3,data_ml,p_count,aiot,0,15 Jan 2026 22:12:25
69696776dbbb1797f497a6c4,data_ml,p_count,aiot,0,15 Jan 2026 22:17:26
696968a2dbbb1797f497a6c5,data_ml,p_count,aiot,0,15 Jan 2026 22:22:26
696969cfdbbb1797f497a6c6,data_ml,p_count,aiot,0,15 Jan 2026 22:27:27
69696afbdbbb1797f497a6c7,data_ml,p_count,aiot,0,15 Jan 2026 22:32:27
69696c28dbbb1797f497a6c8,data_ml,p_count,aiot,0,15 Jan 2026 22:37:28
69696d54dbbb1797f497a6c9,data_ml,p_count,aiot,0,15 Jan 2026 22:42:28
69696e81dbbb1797f497a6ca,data_ml,p_count,aiot,0,15 Jan 2026 22:47:29
69696faddbbb1797f497a6cb,data_ml,p_count,aiot,0,15 Jan 2026 22:52:29
696970dadbbb1797f497a6cc,data_ml,p_count,aiot,0,15 Jan 2026 22:57:30
69697207dbbb1797f497a6cd,data_ml,p_count,aiot,0,15 Jan 2026 23:2:31
69697333dbbb1797f497a6ce,data_ml,p_count,aiot,0,15 Jan 2026 23:7:31
69697460dbbb1797f497a6cf,data_ml,p_count,aiot,0,15 Jan 2026 23:12:32
6969758cdbbb1797f497a6d0,data_ml,p_count,aiot,0,15 Jan 2026 23:17:32
696976b9dbbb1797f497a6d1,data_ml,p_count,aiot,0,15 Jan 2026 23:22:33
696977e5dbbb1797f497a6d2,data_ml,p_count,aiot,0,15 Jan 2026 23:27:33
69697912dbbb1797f497a6d3,data_ml,p_count,aiot,0,15 Jan 2026 23:32:34
69697a3edbbb1797f497a6d4,data_ml,p_count,aiot,0,15 Jan 2026 23:37:34
69697b6bdbbb1797f497a6d5,data_ml,p_count,aiot,0,15 Jan 2026 23:42:35
69697c97dbbb1797f497a6d6,data_ml,p_count,aiot,0,15 Jan 2026 23:47:35
69697dc4dbbb1797f497a6d7,data_ml,p_count,aiot,0,15 Jan 2026 23:52:36
69697ef1dbbb1797f497a6d8,data_ml,p_count,aiot,0,15 Jan 2026 23:57:37
6969801ddbbb1797f497a6d9,data_ml,p_count,aiot,0,16 Jan 2026 0:2:37
6969814adbbb1797f497a6da,data_ml,p_count,aiot,0,16 Jan 2026 0:7:38
69698276dbbb1797f497a6db,data_ml,p_count,aiot,0,16 Jan 2026 0:12:38
696983a3dbbb1797f497a6dc,data_ml,p_count,aiot,0,16 Jan 2026 0:17:39
696984cfdbbb1797f497a6dd,data_ml,p_count,aiot,0,16 Jan 2026 0:22:39
696985fcdbbb1797f497a6de,data_ml,p_count,aiot,0,16 Jan 2026 0:27:40
69698728dbbb1797f497a6df,data_ml,p_count,aiot,0,16 Jan 2026 0:32:40
69698855dbbb1797f497a6e0,data_ml,p_count,aiot,0,16 Jan 2026 0:37:41
69698981dbbb1797f497a6e1,data_ml,p_count,aiot,0,16 Jan 2026 0:42:41
69698aaedbbb1797f497a6e2,data_ml,p_count,aiot,0,16 Jan 2026 0:47:42
69698bdadbbb1797f497a6e3,data_ml,p_count,aiot,0,16 Jan 2026 0:52:42
69698d07dbbb1797f497a6e4,data_ml,p_count,aiot,0,16 Jan 2026 0:57:43
69698e33dbbb1797f497a6e5,data_ml,p_count,aiot,0,16 Jan 2026 1:2:43
69698f60dbbb1797f497a6e6,data_ml,p_count,aiot,0,16 Jan 2026 1:7:44
6969908cdbbb1797f497a6e7,data_ml,p_count,aiot,0,16 Jan 2026 1:12:44
696991b9dbbb1797f497a6e8,data_ml,p_count,aiot,0,16 Jan 2026 1:17:45
696992e6dbbb1797f497a6e9,data_ml,p_count,aiot,0,16 Jan 2026 1:22:46
69699412dbbb1797f497a6ea,data_ml,p_count,aiot,0,16 Jan 2026 1:27:46
6969953fdbbb1797f497a6eb,data_ml,p_count,aiot,0,16 Jan 2026 1:32:47
6969966bdbbb1797f497a6ec,data_ml,p_count,aiot,0,16 Jan 2026 1:37:47
69699798dbbb1797f497a6ed,data_ml,p_count,aiot,0,16 Jan 2026 1:42:48
696998c4dbbb1797f497a6ee,data_ml,p_count,aiot,0,16 Jan 2026 1:47:48
696999f1dbbb1797f497a6ef,data_ml,p_count,aiot,0,16 Jan 2026 1:52:49
69699b1ddbbb1797f497a6f0,data_ml,p_count,aiot,0,16 Jan 2026 1:57:49
69699c4adbbb1797f497a6f1,data_ml,p_count,aiot,0,16 Jan 2026 2:2:50
69699d76dbbb1797f497a6f2,data_ml,p_count,aiot,0,16 Jan 2026 2:7:50
69699ea3dbbb1797f497a6f3,data_ml,p_count,aiot,0,16 Jan 2026 2:12:51
69699fcfdbbb1797f497a6f4,data_ml,p_count,aiot,0,16 Jan 2026 2:17:51
6969a0fcdbbb1797f497a6f5,data_ml,p_count,aiot,0,16 Jan 2026 2:22:52
6969a229dbbb1797f497a6f6,data_ml,p_count,aiot,0,16 Jan 2026 2:27:53
6969a355dbbb1797f497a6f7,data_ml,p_count,aiot,0,16 Jan 2026 2:32:53
6969a482dbbb1797f497a6f8,data_ml,p_count,aiot,0,16 Jan 2026 2:37:54
6969a5aedbbb1797f497a6f9,data_ml,p_count,aiot,0,16 Jan 2026 2:42:54
6969a6dbdbbb1797f497a6fa,data_ml,p_count,aiot,0,16 Jan 2026 2:47:55
6969a807dbbb1797f497a6fb,data_ml,p_count,aiot,0,16 Jan 2026 2:52:55
6969a934dbbb1797f497a6fc,data_ml,p_count,aiot,0,16 Jan 2026 2:57:56
6969aa60dbbb1797f497a6fd,data_ml,p_count,aiot,0,16 Jan 2026 3:2:56
6969ab8ddbbb1797f497a6fe,data_ml,p_count,aiot,0,16 Jan 2026 3:7:57
6969acb9dbbb1797f497a6ff,data_ml,p_count,aiot,0,16 Jan 2026 3:12:57
6969ade6dbbb1797f497a700,data_ml,p_count,aiot,0,16 Jan 2026 3:17:58
6969af12dbbb1797f497a701,data_ml,p_count,aiot,0,16 Jan 2026 3:22:58
6969b03fdbbb1797f497a702,data_ml,p_count,aiot,0,16 Jan 2026 3:27:59
6969b16cdbbb1797f497a703,data_ml,p_count,aiot,0,16 Jan 2026 3:33:0
6969b298dbbb1797f497a704,data_ml,p_count,aiot,0,16 Jan 2026 3:38:0
6969b3c5dbbb1797f497a705,data_ml,p_count,aiot,0,16 Jan 2026 3:43:1
6969b4f1dbbb1797f497a706,data_ml,p_count,aiot,0,16 Jan 2026 3:48:1
6969b61edbbb1797f497a707,data_ml,p_count,aiot,0,16 Jan 2026 3:53:2
6969b74adbbb1797f497a708,data_ml,p_count,aiot,0,16 Jan 2026 3:58:2
6969b877dbbb1797f497a709,data_ml,p_count,aiot,0,16 Jan 2026 4:3:3
6969b9a3dbbb1797f497a70a,data_ml,p_count,aiot,0,16 Jan 2026 4:8:3
6969bad0dbbb1797f497a70b,data_ml,p_count,aiot,0,16 Jan 2026 4:13:4
6969bbfcdbbb1797f497a70c,data_ml,p_count,aiot,0,16 Jan 2026 4:18:4
6969bd29dbbb1797f497a70d,data_ml,p_count,aiot,0,16 Jan 2026 4:23:5
6969be55dbbb1797f497a70e,data_ml,p_count,aiot,0,16 Jan 2026 4:28:5
6969bf82dbbb1797f497a70f,data_ml,p_count,aiot,0,16 Jan 2026 4:33:6
6969c0aedbbb1797f497a710,data_ml,p_count,aiot,0,16 Jan 2026 4:38:6
6969c1dbdbbb1797f497a711,data_ml,p_count,aiot,0,16 Jan 2026 4:43:7
6969c308dbbb1797f497a712,data_ml,p_count,aiot,0,16 Jan 2026 4:48:8
6969c434dbbb1797f497a713,data_ml,p_count,aiot,0,16 Jan 2026 4:53:8
6969c561dbbb1797f497a714,data_ml,p_count,aiot,0,16 Jan 2026 4:58:9
6969c68ddbbb1797f497a715,data_ml,p_count,aiot,0,16 Jan 2026 5:3:9
6969c7badbbb1797f497a716,data_ml,p_count,aiot,0,16 Jan 2026 5:8:10
6969c8e6dbbb1797f497a717,data_ml,p_count,aiot,0,16 Jan 2026 5:13:10
6969ca13dbbb1797f497a718,data_ml,p_count,aiot,0,16 Jan 2026 5:18:11
6969cb3fdbbb1797f497a719,data_ml,p_count,aiot,0,16 Jan 2026 5:23:11
6969cc6cdbbb1797f497a71a,data_ml,p_count,aiot,0,16 Jan 2026 5:28:12
6969cd98dbbb1797f497a71b,data_ml,p_count,aiot,0,16 Jan 2026 5:33:12
6969cec5dbbb1797f497a71c,data_ml,p_count,aiot,0,16 Jan 2026 5:38:13
6969cff1dbbb1797f497a71d,data_ml,p_count,aiot,0,16 Jan 2026 5:43:13
6969d11edbbb1797f497a71e,data_ml,p_count,aiot,0,16 Jan 2026 5:48:14
6969d24adbbb1797f497a71f,data_ml,p_count,aiot,0,16 Jan 2026 5:53:14
6969d377dbbb1797f497a720,data_ml,p_count,aiot,0,16 Jan 2026 5:58:15
6969d4a4dbbb1797f497a721,data_ml,p_count,aiot,1,16 Jan 2026 6:3:16
6969d5d0dbbb1797f497a722,data_ml,p_count,aiot,0,16 Jan 2026 6:8:16
6969d6fddbbb1797f497a723,data_ml,p_count,aiot,0,16 Jan 2026 6:13:17
6969d829dbbb1797f497a724,data_ml,p_count,aiot,0,16 Jan 2026 6:18:17
6969d956dbbb1797f497a725,data_ml,p_count,aiot,0,16 Jan 2026 6:23:18
6969da82dbbb1797f497a726,data_ml,p_count,aiot,0,16 Jan 2026 6:28:18
6969dbafdbbb1797f497a727,data_ml,p_count,aiot,0,16 Jan 2026 6:33:19
6969dcdbdbbb1797f497a728,data_ml,p_count,aiot,0,16 Jan 2026 6:38:19
6969de08dbbb1797f497a729,data_ml,p_count,aiot,0,16 Jan 2026 6:43:20
6969df34dbbb1797f497a72a,data_ml,p_count,aiot,1,16 Jan 2026 6:48:20
6969e061dbbb1797f497a72b,data_ml,p_count,aiot,0,16 Jan 2026 6:53:21
6969e18ddbbb1797f497a72c,data_ml,p_count,aiot,0,16 Jan 2026 6:58:21
6969e2badbbb1797f497a72d,data_ml,p_count,aiot,0,16 Jan 2026 7:3:22
6969e3e7dbbb1797f497a72e,data_ml,p_count,aiot,0,16 Jan 2026 7:8:23
6969e513dbbb1797f497a72f,data_ml,p_count,aiot,1,16 Jan 2026 7:13:23
6969e640dbbb1797f497a730,data_ml,p_count,aiot,0,16 Jan 2026 7:18:24
696dfdd1381bb17afd257fcc,data_ml,p_count,aiot,0,19 Jan 2026 9:48:1
696dfefd381bb17afd257fcd,data_ml,p_count,aiot,1,19 Jan 2026 9:53:1
696e002a381bb17afd257fce,data_ml,p_count,aiot,0,19 Jan 2026 9:58:2
696e0157381bb17afd257fcf,data_ml,p_count,aiot,1,19 Jan 2026 10:3:3
696e0283381bb17afd257fd0,data_ml,p_count,aiot,2,19 Jan 2026 10:8:3
696e03b0381bb17afd257fd1,data_ml,p_count,aiot,0,19 Jan 2026 10:13:4
696e04dc381bb17afd257fd2,data_ml,p_count,aiot,0,19 Jan 2026 10:18:4
696e0609381bb17afd257fd3,data_ml,p_count,aiot,0,19 Jan 2026 10:23:5
696e0735381bb17afd257fd4,data_ml,p_count,aiot,0,19 Jan 2026 10:28:5
696e0862381bb17afd257fd5,data_ml,p_count,aiot,0,19 Jan 2026 10:33:6
696e098e381bb17afd257fd6,data_ml,p_count,aiot,1,19 Jan 2026 10:38:6
696e0abb381bb17afd257fd7,data_ml,p_count,aiot,1,19 Jan 2026 10:43:7
696e0be8381bb17afd257fd8,data_ml,p_count,aiot,0,19 Jan 2026 10:48:8
696e0d14381bb17afd257fd9,data_ml,p_count,aiot,1,19 Jan 2026 10:53:8
696e0e41381bb17afd257fda,data_ml,p_count,aiot,0,19 Jan 2026 10:58:9
696e0f6d381bb17afd257fdb,data_ml,p_count,aiot,2,19 Jan 2026 11:3:9
696e109a381bb17afd257fdc,data_ml,p_count,aiot,0,19 Jan 2026 11:8:10
696e11c6381bb17afd257fdd,data_ml,p_count,aiot,1,19 Jan 2026 11:13:10
696e12f3381bb17afd257fde,data_ml,p_count,aiot,0,19 Jan 2026 11:18:11
696e141f381bb17afd257fdf,data_ml,p_count,aiot,0,19 Jan 2026 11:23:11
696e154c381bb17afd257fe0,data_ml,p_count,aiot,1,19 Jan 2026 11:28:12
696e1678381bb17afd257fe1,data_ml,p_count,aiot,0,19 Jan 2026 11:33:12
696e17a5381bb17afd257fe2,data_ml,p_count,aiot,0,19 Jan 2026 11:38:13
696e18d1381bb17afd257fe3,data_ml,p_count,aiot,0,19 Jan 2026 11:43:13
696e19fe381bb17afd257fe4,data_ml,p_count,aiot,0,19 Jan 2026 11:48:14
696e1b2b381bb17afd257fe5,data_ml,p_count,aiot,2,19 Jan 2026 11:53:15
696e1c57381bb17afd257fe6,data_ml,p_count,aiot,1,19 Jan 2026 11:58:15
696e1d84381bb17afd257fe7,data_ml,p_count,aiot,0,19 Jan 2026 12:3:16
696e1eb0381bb17afd257fe8,data_ml,p_count,aiot,0,19 Jan 2026 12:8:16
696e1fdd381bb17afd257fe9,data_ml,p_count,aiot,0,19 Jan 2026 12:13:17
696e2109381bb17afd257fea,data_ml,p_count,aiot,0,19 Jan 2026 12:18:17
696e2236381bb17afd257feb,data_ml,p_count,aiot,2,19 Jan 2026 12:23:18
696e2362381bb17afd257fec,data_ml,p_count,aiot,0,19 Jan 2026 12:28:18
696e248f381bb17afd257fed,data_ml,p_count,aiot,0,19 Jan 2026 12:33:19
696e25bc381bb17afd257fee,data_ml,p_count,aiot,1,19 Jan 2026 12:38:20
696e26e8381bb17afd257fef,data_ml,p_count,aiot,0,19 Jan 2026 12:43:20
696e2815381bb17afd257ff0,data_ml,p_count,aiot,1,19 Jan 2026 12:48:21
696e2941381bb17afd257ff1,data_ml,p_count,aiot,0,19 Jan 2026 12:53:21
696e2a6e381bb17afd257ff2,data_ml,p_count,aiot,0,19 Jan 2026 12:58:22
696e2b9a381bb17afd257ff3,data_ml,p_count,aiot,0,19 Jan 2026 13:3:22
696e2cc7381bb17afd257ff4,data_ml,p_count,aiot,5,19 Jan 2026 13:8:23
696e2df3381bb17afd257ff5,data_ml,p_count,aiot,11,19 Jan 2026 13:13:23
696e2f20381bb17afd257ff6,data_ml,p_count,aiot,1,19 Jan 2026 13:18:24
696e304c381bb17afd257ff7,data_ml,p_count,aiot,0,19 Jan 2026 13:23:24
696e3179381bb17afd257ff8,data_ml,p_count,aiot,0,19 Jan 2026 13:28:25
696e32a5381bb17afd257ff9,data_ml,p_count,aiot,0,19 Jan 2026 13:33:25
696e33d2381bb17afd257ffa,data_ml,p_count,aiot,0,19 Jan 2026 13:38:26
696e34ff381bb17afd257ffb,data_ml,p_count,aiot,1,19 Jan 2026 13:43:27
696e362b381bb17afd257ffc,data_ml,p_count,aiot,1,19 Jan 2026 13:48:27
696e3758381bb17afd257ffd,data_ml,p_count,aiot,0,19 Jan 2026 13:53:28
696e3884381bb17afd257ffe,data_ml,p_count,aiot,0,19 Jan 2026 13:58:28
696e39b1381bb17afd257fff,data_ml,p_count,aiot,2,19 Jan 2026 14:3:29
696e3add381bb17afd258000,data_ml,p_count,aiot,0,19 Jan 2026 14:8:29
696e3c0a381bb17afd258001,data_ml,p_count,aiot,4,19 Jan 2026 14:13:30
696e3d36381bb17afd258002,data_ml,p_count,aiot,1,19 Jan 2026 14:18:30
696e3e63381bb17afd258003,data_ml,p_count,aiot,0,19 Jan 2026 14:23:31
696e3f90381bb17afd258004,data_ml,p_count,aiot,0,19 Jan 2026 14:28:32
696e40bc381bb17afd258005,data_ml,p_count,aiot,3,19 Jan 2026 14:33:32
696e41e9381bb17afd258006,data_ml,p_count,aiot,0,19 Jan 2026 14:38:33
696e4315381bb17afd258007,data_ml,p_count,aiot,1,19 Jan 2026 14:43:33
696e4442381bb17afd258008,data_ml,p_count,aiot,0,19 Jan 2026 14:48:34
696e456e381bb17afd258009,data_ml,p_count,aiot,0,19 Jan 2026 14:53:34
696e469b381bb17afd25800a,data_ml,p_count,aiot,1,19 Jan 2026 14:58:35
696e47c8381bb17afd25800b,data_ml,p_count,aiot,0,19 Jan 2026 15:3:36
696e48f4381bb17afd25800c,data_ml,p_count,aiot,0,19 Jan 2026 15:8:36
696e4a21381bb17afd25800d,data_ml,p_count,aiot,0,19 Jan 2026 15:13:37
696e4b4d381bb17afd25800e,data_ml,p_count,aiot,0,19 Jan 2026 15:18:37
696e4c7a381bb17afd25800f,data_ml,p_count,aiot,0,19 Jan 2026 15:23:38
696e4da6381bb17afd258010,data_ml,p_count,aiot,0,19 Jan 2026 15:28:38
696e4ed3381bb17afd258011,data_ml,p_count,aiot,0,19 Jan 2026 15:33:39
696e4fff381bb17afd258012,data_ml,p_count,aiot,0,19 Jan 2026 15:38:39
696e512c381bb17afd258013,data_ml,p_count,aiot,0,19 Jan 2026 15:43:40
696e5259381bb17afd258014,data_ml,p_count,aiot,11,19 Jan 2026 15:48:41
696e5385381bb17afd258015,data_ml,p_count,aiot,0,19 Jan 2026 15:53:41
696e54b2381bb17afd258016,data_ml,p_count,aiot,0,19 Jan 2026 15:58:42
696e55de381bb17afd258017,data_ml,p_count,aiot,0,19 Jan 2026 16:3:42
696e570b381bb17afd258018,data_ml,p_count,aiot,0,19 Jan 2026 16:8:43
696e583758722d28818119d9,data_ml,p_count,aiot,1,19 Jan 2026 16:13:43
696e596458722d28818119da,data_ml,p_count,aiot,0,19 Jan 2026 16:18:44
696e5a9058722d28818119db,data_ml,p_count,aiot,0,19 Jan 2026 16:23:44
696e5bbd58722d28818119dc,data_ml,p_count,aiot,0,19 Jan 2026 16:28:45
696e5cea58722d28818119dd,data_ml,p_count,aiot,0,19 Jan 2026 16:33:46
696e5e1658722d28818119de,data_ml,p_count,aiot,2,19 Jan 2026 16:38:46
696e5f4358722d28818119df,data_ml,p_count,aiot,2,19 Jan 2026 16:43:47
696e606f58722d28818119e0,data_ml,p_count,aiot,4,19 Jan 2026 16:48:47
696e619c58722d28818119e1,data_ml,p_count,aiot,5,19 Jan 2026 16:53:48
696e62c858722d28818119e2,data_ml,p_count,aiot,0,19 Jan 2026 16:58:48
696e63f558722d28818119e3,data_ml,p_count,aiot,0,19 Jan 2026 17:3:49
696e652158722d28818119e4,data_ml,p_count,aiot,1,19 Jan 2026 17:8:49
696e664e58722d28818119e5,data_ml,p_count,aiot,0,19 Jan 2026 17:13:50
696e677b58722d28818119e6,data_ml,p_count,aiot,0,19 Jan 2026 17:18:51
696e68a758722d28818119e7,data_ml,p_count,aiot,1,19 Jan 2026 17:23:51
696e69d458722d28818119e8,data_ml,p_count,aiot,0,19 Jan 2026 17:28:52
696e6b0058722d28818119e9,data_ml,p_count,aiot,0,19 Jan 2026 17:33:52
696e6c2d58722d28818119ea,data_ml,p_count,aiot,1,19 Jan 2026 17:38:53
696e6d5958722d28818119eb,data_ml,p_count,aiot,0,19 Jan 2026 17:43:53
696e6e8658722d28818119ec,data_ml,p_count,aiot,0,19 Jan 2026 17:48:54
696e6fb258722d28818119ed,data_ml,p_count,aiot,0,19 Jan 2026 17:53:54
696e70df58722d28818119ee,data_ml,p_count,aiot,0,19 Jan 2026 17:58:55
696e720b58722d28818119ef,data_ml,p_count,aiot,0,19 Jan 2026 18:3:55
696e733858722d28818119f0,data_ml,p_count,aiot,0,19 Jan 2026 18:8:56
696e746558722d28818119f1,data_ml,p_count,aiot,3,19 Jan 2026 18:13:57
696e759158722d28818119f2,data_ml,p_count,aiot,0,19 Jan 2026 18:18:57
696e76be58722d28818119f3,data_ml,p_count,aiot,0,19 Jan 2026 18:23:58
696e77ea58722d28818119f4,data_ml,p_count,aiot,0,19 Jan 2026 18:28:58
696e791758722d28818119f5,data_ml,p_count,aiot,0,19 Jan 2026 18:33:59
696e7a4358722d28818119f6,data_ml,p_count,aiot,0,19 Jan 2026 18:38:59
696e7b7058722d28818119f7,data_ml,p_count,aiot,0,19 Jan 2026 18:44:0
696e7c9c58722d28818119f8,data_ml,p_count,aiot,0,19 Jan 2026 18:49:0
696e7dc958722d28818119f9,data_ml,p_count,aiot,0,19 Jan 2026 18:54:1
696e7ef558722d28818119fa,data_ml,p_count,aiot,0,19 Jan 2026 18:59:1
696e802258722d28818119fb,data_ml,p_count,aiot,0,19 Jan 2026 19:4:2
696e814f58722d28818119fc,data_ml,p_count,aiot,0,19 Jan 2026 19:9:3
696e827b58722d28818119fd,data_ml,p_count,aiot,0,19 Jan 2026 19:14:3
696e83a858722d28818119fe,data_ml,p_count,aiot,0,19 Jan 2026 19:19:4
696e84d458722d28818119ff,data_ml,p_count,aiot,2,19 Jan 2026 19:24:4
696e860158722d2881811a00,data_ml,p_count,aiot,0,19 Jan 2026 19:29:5
696e872d58722d2881811a01,data_ml,p_count,aiot,0,19 Jan 2026 19:34:5
696e885a58722d2881811a02,data_ml,p_count,aiot,0,19 Jan 2026 19:39:6
696e898658722d2881811a03,data_ml,p_count,aiot,0,19 Jan 2026 19:44:6
696e8ab358722d2881811a04,data_ml,p_count,aiot,0,19 Jan 2026 19:49:7
696e8be058722d2881811a05,data_ml,p_count,aiot,0,19 Jan 2026 19:54:8
696e8d0c58722d2881811a06,data_ml,p_count,aiot,0,19 Jan 2026 19:59:8
696e8e3958722d2881811a07,data_ml,p_count,aiot,0,19 Jan 2026 20:4:9
696e8f6558722d2881811a08,data_ml,p_count,aiot,0,19 Jan 2026 20:9:9
696e909258722d2881811a09,data_ml,p_count,aiot,0,19 Jan 2026 20:14:10
696e91be58722d2881811a0a,data_ml,p_count,aiot,0,19 Jan 2026 20:19:10
696e92eb58722d2881811a0b,data_ml,p_count,aiot,0,19 Jan 2026 20:24:11
696e941758722d2881811a0c,data_ml,p_count,aiot,0,19 Jan 2026 20:29:11
696e954458722d2881811a0d,data_ml,p_count,aiot,0,19 Jan 2026 20:34:12
696e967158722d2881811a0e,data_ml,p_count,aiot,0,19 Jan 2026 20:39:13
696e979d58722d2881811a0f,data_ml,p_count,aiot,0,19 Jan 2026 20:44:13
696e98ca58722d2881811a10,data_ml,p_count,aiot,0,19 Jan 2026 20:49:14
696e99f658722d2881811a11,data_ml,p_count,aiot,0,19 Jan 2026 20:54:14
696e9b2358722d2881811a12,data_ml,p_count,aiot,0,19 Jan 2026 20:59:15
696e9c4f58722d2881811a13,data_ml,p_count,aiot,0,19 Jan 2026 21:4:15
696e9d7c58722d2881811a14,data_ml,p_count,aiot,0,19 Jan 2026 21:9:16
696e9ea858722d2881811a15,data_ml,p_count,aiot,0,19 Jan 2026 21:14:16
696e9fd558722d2881811a16,data_ml,p_count,aiot,0,19 Jan 2026 21:19:17
696ea10258722d2881811a17,data_ml,p_count,aiot,0,19 Jan 2026 21:24:18
696ea22e58722d2881811a18,data_ml,p_count,aiot,0,19 Jan 2026 21:29:18
696ea35b58722d2881811a19,data_ml,p_count,aiot,0,19 Jan 2026 21:34:19
696ea48758722d2881811a1a,data_ml,p_count,aiot,0,19 Jan 2026 21:39:19
696ea5b458722d2881811a1b,data_ml,p_count,aiot,0,19 Jan 2026 21:44:20
696ea6e058722d2881811a1c,data_ml,p_count,aiot,0,19 Jan 2026 21:49:20
696ea80d58722d2881811a1d,data_ml,p_count,aiot,0,19 Jan 2026 21:54:21
696ea93a58722d2881811a1e,data_ml,p_count,aiot,0,19 Jan 2026 21:59:22
696eaa6658722d2881811a1f,data_ml,p_count,aiot,0,19 Jan 2026 22:4:22
696eab9358722d2881811a20,data_ml,p_count,aiot,0,19 Jan 2026 22:9:23
696eacbf58722d2881811a21,data_ml,p_count,aiot,0,19 Jan 2026 22:14:23
696eadec58722d2881811a22,data_ml,p_count,aiot,0,19 Jan 2026 22:19:24
696eaf1858722d2881811a23,data_ml,p_count,aiot,0,19 Jan 2026 22:24:24
696eb04558722d2881811a24,data_ml,p_count,aiot,0,19 Jan 2026 22:29:25
696eb17158722d2881811a25,data_ml,p_count,aiot,0,19 Jan 2026 22:34:25
696eb29e58722d2881811a26,data_ml,p_count,aiot,0,19 Jan 2026 22:39:26
696eb3cb58722d2881811a27,data_ml,p_count,aiot,0,19 Jan 2026 22:44:27
696eb4f758722d2881811a28,data_ml,p_count,aiot,0,19 Jan 2026 22:49:27
696eb62458722d2881811a29,data_ml,p_count,aiot,0,19 Jan 2026 22:54:28
696eb75058722d2881811a2a,data_ml,p_count,aiot,0,19 Jan 2026 22:59:28
696eb87d58722d2881811a2b,data_ml,p_count,aiot,0,19 Jan 2026 23:4:29
696eb9a958722d2881811a2c,data_ml,p_count,aiot,0,19 Jan 2026 23:9:29
696ebad658722d2881811a2d,data_ml,p_count,aiot,0,19 Jan 2026 23:14:30
696ebc0358722d2881811a2e,data_ml,p_count,aiot,0,19 Jan 2026 23:19:31
696ebd2f58722d2881811a2f,data_ml,p_count,aiot,0,19 Jan 2026 23:24:31
696ebe5c58722d2881811a30,data_ml,p_count,aiot,0,19 Jan 2026 23:29:32
696ebf8858722d2881811a31,data_ml,p_count,aiot,0,19 Jan 2026 23:34:32
696ec0b558722d2881811a32,data_ml,p_count,aiot,0,19 Jan 2026 23:39:33
696ec1e158722d2881811a33,data_ml,p_count,aiot,0,19 Jan 2026 23:44:33
696ec30e58722d2881811a34,data_ml,p_count,aiot,0,19 Jan 2026 23:49:34
696ec43a58722d2881811a35,data_ml,p_count,aiot,0,19 Jan 2026 23:54:34
696ec56758722d2881811a36,data_ml,p_count,aiot,0,19 Jan 2026 23:59:35
696ec69458722d2881811a37,data_ml,p_count,aiot,0,20 Jan 2026 0:4:36
696ec7c058722d2881811a38,data_ml,p_count,aiot,0,20 Jan 2026 0:9:36
696ec8ed58722d2881811a39,data_ml,p_count,aiot,0,20 Jan 2026 0:14:37
696eca1958722d2881811a3a,data_ml,p_count,aiot,0,20 Jan 2026 0:19:37
696ecb4658722d2881811a3b,data_ml,p_count,aiot,0,20 Jan 2026 0:24:38
696ecc7258722d2881811a3c,data_ml,p_count,aiot,0,20 Jan 2026 0:29:38
696ecd9f58722d2881811a3d,data_ml,p_count,aiot,0,20 Jan 2026 0:34:39
696ececb58722d2881811a3e,data_ml,p_count,aiot,0,20 Jan 2026 0:39:39
696ecff858722d2881811a3f,data_ml,p_count,aiot,0,20 Jan 2026 0:44:40
696ed12558722d2881811a40,data_ml,p_count,aiot,0,20 Jan 2026 0:49:41
696ed25158722d2881811a41,data_ml,p_count,aiot,0,20 Jan 2026 0:54:41
696ed37e58722d2881811a42,data_ml,p_count,aiot,0,20 Jan 2026 0:59:42
696ed4aa58722d2881811a43,data_ml,p_count,aiot,0,20 Jan 2026 1:4:42
696ed5d758722d2881811a44,data_ml,p_count,aiot,0,20 Jan 2026 1:9:43
696ed70358722d2881811a45,data_ml,p_count,aiot,0,20 Jan 2026 1:14:43
696ed83058722d2881811a46,data_ml,p_count,aiot,0,20 Jan 2026 1:19:44
696ed95c58722d2881811a47,data_ml,p_count,aiot,0,20 Jan 2026 1:24:44
696eda8958722d2881811a48,data_ml,p_count,aiot,0,20 Jan 2026 1:29:45
696edbb558722d2881811a49,data_ml,p_count,aiot,0,20 Jan 2026 1:34:45
696edce258722d2881811a4a,data_ml,p_count,aiot,0,20 Jan 2026 1:39:46
696ede0f58722d2881811a4b,data_ml,p_count,aiot,0,20 Jan 2026 1:44:47
696edf3b58722d2881811a4c,data_ml,p_count,aiot,0,20 Jan 2026 1:49:47
696ee06858722d2881811a4d,data_ml,p_count,aiot,0,20 Jan 2026 1:54:48
696ee19458722d2881811a4e,data_ml,p_count,aiot,0,20 Jan 2026 1:59:48
696ee2c158722d2881811a4f,data_ml,p_count,aiot,0,20 Jan 2026 2:4:49
696ee3ed58722d2881811a50,data_ml,p_count,aiot,0,20 Jan 2026 2:9:49
696ee51a58722d2881811a51,data_ml,p_count,aiot,0,20 Jan 2026 2:14:50
696ee64658722d2881811a52,data_ml,p_count,aiot,0,20 Jan 2026 2:19:50
696ee77358722d2881811a53,data_ml,p_count,aiot,0,20 Jan 2026 2:24:51
696ee8a058722d2881811a54,data_ml,p_count,aiot,0,20 Jan 2026 2:29:52
696ee9cc58722d2881811a55,data_ml,p_count,aiot,0,20 Jan 2026 2:34:52
696eeaf958722d2881811a56,data_ml,p_count,aiot,0,20 Jan 2026 2:39:53
696eec2558722d2881811a57,data_ml,p_count,aiot,0,20 Jan 2026 2:44:53
696eed5258722d2881811a58,data_ml,p_count,aiot,0,20 Jan 2026 2:49:54
696eee7f58722d2881811a59,data_ml,p_count,aiot,0,20 Jan 2026 2:54:55
696eefab58722d2881811a5a,data_ml,p_count,aiot,0,20 Jan 2026 2:59:55
696ef0d858722d2881811a5b,data_ml,p_count,aiot,0,20 Jan 2026 3:4:56
696ef20458722d2881811a5c,data_ml,p_count,aiot,0,20 Jan 2026 3:9:56
696ef33158722d2881811a5d,data_ml,p_count,aiot,0,20 Jan 2026 3:14:57
696ef45d58722d2881811a5e,data_ml,p_count,aiot,0,20 Jan 2026 3:19:57
696ef58a58722d2881811a5f,data_ml,p_count,aiot,0,20 Jan 2026 3:24:58
696ef6b758722d2881811a60,data_ml,p_count,aiot,0,20 Jan 2026 3:29:59
696ef7e358722d2881811a61,data_ml,p_count,aiot,0,20 Jan 2026 3:34:59
696ef91058722d2881811a62,data_ml,p_count,aiot,0,20 Jan 2026 3:40:0
696efa3c58722d2881811a63,data_ml,p_count,aiot,0,20 Jan 2026 3:45:0
696efb6958722d2881811a64,data_ml,p_count,aiot,0,20 Jan 2026 3:50:1
696efc9558722d2881811a65,data_ml,p_count,aiot,0,20 Jan 2026 3:55:1
696efdc258722d2881811a66,data_ml,p_count,aiot,0,20 Jan 2026 4:0:2
696efeef58722d2881811a67,data_ml,p_count,aiot,0,20 Jan 2026 4:5:3
696f001b58722d2881811a68,data_ml,p_count,aiot,0,20 Jan 2026 4:10:3
696f014858722d2881811a69,data_ml,p_count,aiot,0,20 Jan 2026 4:15:4
696f027458722d2881811a6a,data_ml,p_count,aiot,0,20 Jan 2026 4:20:4
696f03a158722d2881811a6b,data_ml,p_count,aiot,0,20 Jan 2026 4:25:5
696f04ce58722d2881811a6c,data_ml,p_count,aiot,0,20 Jan 2026 4:30:6
696f05fa58722d2881811a6d,data_ml,p_count,aiot,0,20 Jan 2026 4:35:6
696f072758722d2881811a6e,data_ml,p_count,aiot,0,20 Jan 2026 4:40:7
696f085358722d2881811a6f,data_ml,p_count,aiot,0,20 Jan 2026 4:45:7
696f098058722d2881811a70,data_ml,p_count,aiot,0,20 Jan 2026 4:50:8
696f0aac58722d2881811a71,data_ml,p_count,aiot,0,20 Jan 2026 4:55:8
696f0bd958722d2881811a72,data_ml,p_count,aiot,0,20 Jan 2026 5:0:9
696f0d0558722d2881811a73,data_ml,p_count,aiot,0,20 Jan 2026 5:5:9
696f0e3258722d2881811a74,data_ml,p_count,aiot,0,20 Jan 2026 5:10:10
696f0f5f58722d2881811a75,data_ml,p_count,aiot,0,20 Jan 2026 5:15:11
696f108b58722d2881811a76,data_ml,p_count,aiot,0,20 Jan 2026 5:20:11
696f11b858722d2881811a77,data_ml,p_count,aiot,0,20 Jan 2026 5:25:12
696f12e458722d2881811a78,data_ml,p_count,aiot,0,20 Jan 2026 5:30:12
696f141158722d2881811a79,data_ml,p_count,aiot,0,20 Jan 2026 5:35:13
696f153d58722d2881811a7a,data_ml,p_count,aiot,0,20 Jan 2026 5:40:13
696f166a58722d2881811a7b,data_ml,p_count,aiot,0,20 Jan 2026 5:45:14
696f179658722d2881811a7c,data_ml,p_count,aiot,0,20 Jan 2026 5:50:14
696f18c358722d2881811a7d,data_ml,p_count,aiot,0,20 Jan 2026 5:55:15
696f19f058722d2881811a7e,data_ml,p_count,aiot,0,20 Jan 2026 6:0:16
696f1b1c58722d2881811a7f,data_ml,p_count,aiot,0,20 Jan 2026 6:5:16
696f1c4958722d2881811a80,data_ml,p_count,aiot,0,20 Jan 2026 6:10:17
696f1d7558722d2881811a81,data_ml,p_count,aiot,0,20 Jan 2026 6:15:17
696f1ea258722d2881811a82,data_ml,p_count,aiot,0,20 Jan 2026 6:20:18
696f1fce58722d2881811a83,data_ml,p_count,aiot,0,20 Jan 2026 6:25:18
696f20fb58722d2881811a84,data_ml,p_count,aiot,0,20 Jan 2026 6:30:19
696f222758722d2881811a85,data_ml,p_count,aiot,0,20 Jan 2026 6:35:19
696f235458722d2881811a86,data_ml,p_count,aiot,0,20 Jan 2026 6:40:20
696f248158722d2881811a87,data_ml,p_count,aiot,0,20 Jan 2026 6:45:21
696f25ad58722d2881811a88,data_ml,p_count,aiot,1,20 Jan 2026 6:50:21
696f26da58722d2881811a89,data_ml,p_count,aiot,0,20 Jan 2026 6:55:22
696f280658722d2881811a8a,data_ml,p_count,aiot,1,20 Jan 2026 7:0:22
696f293358722d2881811a8b,data_ml,p_count,aiot,0,20 Jan 2026 7:5:23
696f2a5f58722d2881811a8c,data_ml,p_count,aiot,0,20 Jan 2026 7:10:23
696f2b8c58722d2881811a8d,data_ml,p_count,aiot,2,20 Jan 2026 7:15:24
696f2cb858722d2881811a8e,data_ml,p_count,aiot,0,20 Jan 2026 7:20:24
696f2de558722d2881811a8f,data_ml,p_count,aiot,0,20 Jan 2026 7:25:25
696f2f1158722d2881811a90,data_ml,p_count,aiot,0,20 Jan 2026 7:30:25
696f303e58722d2881811a91,data_ml,p_count,aiot,0,20 Jan 2026 7:35:26
696f316a58722d2881811a92,data_ml,p_count,aiot,0,20 Jan 2026 7:40:26
696f329758722d2881811a93,data_ml,p_count,aiot,0,20 Jan 2026 7:45:27
696f33c458722d2881811a94,data_ml,p_count,aiot,0,20 Jan 2026 7:50:28
696f34f058722d2881811a95,data_ml,p_count,aiot,1,20 Jan 2026 7:55:28
696f361d58722d2881811a96,data_ml,p_count,aiot,0,20 Jan 2026 8:0:29
696f374958722d2881811a97,data_ml,p_count,aiot,2,20 Jan 2026 8:5:29
696f387658722d2881811a98,data_ml,p_count,aiot,0,20 Jan 2026 8:10:30
696f39a258722d2881811a99,data_ml,p_count,aiot,0,20 Jan 2026 8:15:30
696f3acf58722d2881811a9a,data_ml,p_count,aiot,0,20 Jan 2026 8:20:31
696f3bfb58722d2881811a9b,data_ml,p_count,aiot,0,20 Jan 2026 8:25:31
696f3d2858722d2881811a9c,data_ml,p_count,aiot,0,20 Jan 2026 8:30:32
696f3e5558722d2881811a9d,data_ml,p_count,aiot,0,20 Jan 2026 8:35:33
696f3f8158722d2881811a9e,data_ml,p_count,aiot,0,20 Jan 2026 8:40:33
696f40ae58722d2881811a9f,data_ml,p_count,aiot,0,20 Jan 2026 8:45:34
696f41da58722d2881811aa0,data_ml,p_count,aiot,0,20 Jan 2026 8:50:34
696f430758722d2881811aa1,data_ml,p_count,aiot,0,20 Jan 2026 8:55:35
696f443458722d2881811aa2,data_ml,p_count,aiot,4,20 Jan 2026 9:0:36
696f456058722d2881811aa3,data_ml,p_count,aiot,0,20 Jan 2026 9:5:36
696f468d58722d2881811aa4,data_ml,p_count,aiot,0,20 Jan 2026 9:10:37
696f47b958722d2881811aa5,data_ml,p_count,aiot,3,20 Jan 2026 9:15:37
696f48e658722d2881811aa6,data_ml,p_count,aiot,11,20 Jan 2026 9:20:38
696f4a1258722d2881811aa7,data_ml,p_count,aiot,1,20 Jan 2026 9:25:38
696f4b3f58722d2881811aa8,data_ml,p_count,aiot,0,20 Jan 2026 9:30:39
696f4c6c58722d2881811aa9,data_ml,p_count,aiot,0,20 Jan 2026 9:35:40
696f4d9858722d2881811aaa,data_ml,p_count,aiot,0,20 Jan 2026 9:40:40
696f4ec558722d2881811aab,data_ml,p_count,aiot,2,20 Jan 2026 9:45:41
6972073cdae97b2c4b561519,data_ml,p_count,aiot,0,22 Jan 2026 11:17:16
69720869dae97b2c4b56151a,data_ml,p_count,aiot,0,22 Jan 2026 11:22:17
69720995dae97b2c4b56151b,data_ml,p_count,aiot,0,22 Jan 2026 11:27:17
69720ac2dae97b2c4b56151c,data_ml,p_count,aiot,0,22 Jan 2026 11:32:18
69720beedae97b2c4b56151d,data_ml,p_count,aiot,0,22 Jan 2026 11:37:18
69720d1bdae97b2c4b56151e,data_ml,p_count,aiot,0,22 Jan 2026 11:42:19
69720e47dae97b2c4b56151f,data_ml,p_count,aiot,0,22 Jan 2026 11:47:19
69720f74dae97b2c4b561520,data_ml,p_count,aiot,0,22 Jan 2026 11:52:20
697210a1dae97b2c4b561521,data_ml,p_count,aiot,0,22 Jan 2026 11:57:21
697211cddae97b2c4b561522,data_ml,p_count,aiot,0,22 Jan 2026 12:2:21
697212fadae97b2c4b561523,data_ml,p_count,aiot,0,22 Jan 2026 12:7:22
69721426dae97b2c4b561524,data_ml,p_count,aiot,1,22 Jan 2026 12:12:22
69721553dae97b2c4b561525,data_ml,p_count,aiot,0,22 Jan 2026 12:17:23
69721680dae97b2c4b561526,data_ml,p_count,aiot,0,22 Jan 2026 12:22:24
697217acdae97b2c4b561527,data_ml,p_count,aiot,0,22 Jan 2026 12:27:24
697218d9dae97b2c4b561528,data_ml,p_count,aiot,0,22 Jan 2026 12:32:25
69721a05dae97b2c4b561529,data_ml,p_count,aiot,0,22 Jan 2026 12:37:25
69721b32dae97b2c4b56152a,data_ml,p_count,aiot,0,22 Jan 2026 12:42:26
69721c5fdae97b2c4b56152b,data_ml,p_count,aiot,0,22 Jan 2026 12:47:27
69721d8bdae97b2c4b56152c,data_ml,p_count,aiot,0,22 Jan 2026 12:52:27
69721eb8dae97b2c4b56152d,data_ml,p_count,aiot,1,22 Jan 2026 12:57:28
69721fe4dae97b2c4b56152e,data_ml,p_count,aiot,0,22 Jan 2026 13:2:28
69722111dae97b2c4b56152f,data_ml,p_count,aiot,0,22 Jan 2026 13:7:29
6972223edae97b2c4b561530,data_ml,p_count,aiot,2,22 Jan 2026 13:12:30
6972236adae97b2c4b561531,data_ml,p_count,aiot,0,22 Jan 2026 13:17:30
69722497dae97b2c4b561532,data_ml,p_count,aiot,0,22 Jan 2026 13:22:31
697225c3dae97b2c4b561533,data_ml,p_count,aiot,1,22 Jan 2026 13:27:31
697226f0dae97b2c4b561534,data_ml,p_count,aiot,0,22 Jan 2026 13:32:32
6972281ddae97b2c4b561535,data_ml,p_count,aiot,0,22 Jan 2026 13:37:33
69722949dae97b2c4b561536,data_ml,p_count,aiot,0,22 Jan 2026 13:42:33
69722a76dae97b2c4b561537,data_ml,p_count,aiot,5,22 Jan 2026 13:47:34
69722ba2dae97b2c4b561538,data_ml,p_count,aiot,0,22 Jan 2026 13:52:34
69722ccfdae97b2c4b561539,data_ml,p_count,aiot,0,22 Jan 2026 13:57:35
69722dfbdae97b2c4b56153a,data_ml,p_count,aiot,0,22 Jan 2026 14:2:35
69722f28dae97b2c4b56153b,data_ml,p_count,aiot,0,22 Jan 2026 14:7:36
69723055dae97b2c4b56153c,data_ml,p_count,aiot,0,22 Jan 2026 14:12:37
69723181dae97b2c4b56153d,data_ml,p_count,aiot,0,22 Jan 2026 14:17:37
697232aedae97b2c4b56153e,data_ml,p_count,aiot,1,22 Jan 2026 14:22:38
697233dadae97b2c4b56153f,data_ml,p_count,aiot,0,22 Jan 2026 14:27:38
69723507dae97b2c4b561540,data_ml,p_count,aiot,0,22 Jan 2026 14:32:39
69723633dae97b2c4b561541,data_ml,p_count,aiot,0,22 Jan 2026 14:37:39
69723760dae97b2c4b561542,data_ml,p_count,aiot,0,22 Jan 2026 14:42:40
6972388cdae97b2c4b561543,data_ml,p_count,aiot,0,22 Jan 2026 14:47:40
697239b9dae97b2c4b561544,data_ml,p_count,aiot,0,22 Jan 2026 14:52:41
69723ae6dae97b2c4b561545,data_ml,p_count,aiot,0,22 Jan 2026 14:57:42
69723c12dae97b2c4b561546,data_ml,p_count,aiot,0,22 Jan 2026 15:2:42
69723d3fdae97b2c4b561547,data_ml,p_count,aiot,0,22 Jan 2026 15:7:43
69723e6bdae97b2c4b561548,data_ml,p_count,aiot,0,22 Jan 2026 15:12:43
69723f98dae97b2c4b561549,data_ml,p_count,aiot,0,22 Jan 2026 15:17:44
697240c4dae97b2c4b56154a,data_ml,p_count,aiot,0,22 Jan 2026 15:22:44
697241f1dae97b2c4b56154b,data_ml,p_count,aiot,0,22 Jan 2026 15:27:45
6972431edae97b2c4b56154c,data_ml,p_count,aiot,0,22 Jan 2026 15:32:46
6972444adae97b2c4b56154d,data_ml,p_count,aiot,0,22 Jan 2026 15:37:46
69724577dae97b2c4b56154e,data_ml,p_count,aiot,10,22 Jan 2026 15:42:47
697246a3dae97b2c4b56154f,data_ml,p_count,aiot,6,22 Jan 2026 15:47:47
697247d0dae97b2c4b561550,data_ml,p_count,aiot,0,22 Jan 2026 15:52:48
697248fddae97b2c4b561551,data_ml,p_count,aiot,0,22 Jan 2026 15:57:49
69724a29dae97b2c4b561552,data_ml,p_count,aiot,0,22 Jan 2026 16:2:49
69724b56dae97b2c4b561553,data_ml,p_count,aiot,0,22 Jan 2026 16:7:50
69724c82dae97b2c4b561554,data_ml,p_count,aiot,0,22 Jan 2026 16:12:50
69724dafdae97b2c4b561555,data_ml,p_count,aiot,0,22 Jan 2026 16:17:51
69724edbdae97b2c4b561556,data_ml,p_count,aiot,0,22 Jan 2026 16:22:51
69725008dae97b2c4b561557,data_ml,p_count,aiot,0,22 Jan 2026 16:27:52
69725135dae97b2c4b561558,data_ml,p_count,aiot,0,22 Jan 2026 16:32:53
69725261dae97b2c4b561559,data_ml,p_count,aiot,0,22 Jan 2026 16:37:53
6972538edae97b2c4b56155a,data_ml,p_count,aiot,0,22 Jan 2026 16:42:54
697254badae97b2c4b56155b,data_ml,p_count,aiot,0,22 Jan 2026 16:47:54
697255e7dae97b2c4b56155c,data_ml,p_count,aiot,0,22 Jan 2026 16:52:55
69725714dae97b2c4b56155d,data_ml,p_count,aiot,0,22 Jan 2026 16:57:56
69725840dae97b2c4b56155e,data_ml,p_count,aiot,0,22 Jan 2026 17:2:56
6972596ddae97b2c4b56155f,data_ml,p_count,aiot,0,22 Jan 2026 17:7:57
69725a99dae97b2c4b561560,data_ml,p_count,aiot,0,22 Jan 2026 17:12:57
69725bc6dae97b2c4b561561,data_ml,p_count,aiot,0,22 Jan 2026 17:17:58
69725cf2dae97b2c4b561562,data_ml,p_count,aiot,0,22 Jan 2026 17:22:58
69725e1fdae97b2c4b561563,data_ml,p_count,aiot,0,22 Jan 2026 17:27:59
69725f4cb16b8db328523496,data_ml,p_count,aiot,0,22 Jan 2026 17:33:0
69726078b16b8db328523497,data_ml,p_count,aiot,0,22 Jan 2026 17:38:0
697261a5b16b8db328523498,data_ml,p_count,aiot,0,22 Jan 2026 17:43:1
697262d1b16b8db328523499,data_ml,p_count,aiot,0,22 Jan 2026 17:48:1
697263feb16b8db32852349a,data_ml,p_count,aiot,0,22 Jan 2026 17:53:2
6972652ab16b8db32852349b,data_ml,p_count,aiot,0,22 Jan 2026 17:58:2
69726657b16b8db32852349c,data_ml,p_count,aiot,0,22 Jan 2026 18:3:3
69726784b16b8db32852349d,data_ml,p_count,aiot,0,22 Jan 2026 18:8:4
697268b0b16b8db32852349e,data_ml,p_count,aiot,0,22 Jan 2026 18:13:4
697269ddb16b8db32852349f,data_ml,p_count,aiot,0,22 Jan 2026 18:18:5
69726b09b16b8db3285234a0,data_ml,p_count,aiot,0,22 Jan 2026 18:23:5
69726c36b16b8db3285234a1,data_ml,p_count,aiot,0,22 Jan 2026 18:28:6
69726d62b16b8db3285234a2,data_ml,p_count,aiot,0,22 Jan 2026 18:33:6
69726e8fb16b8db3285234a3,data_ml,p_count,aiot,0,22 Jan 2026 18:38:7
69726fbbb16b8db3285234a4,data_ml,p_count,aiot,0,22 Jan 2026 18:43:7
697270e8b16b8db3285234a5,data_ml,p_count,aiot,0,22 Jan 2026 18:48:8
69727215b16b8db3285234a6,data_ml,p_count,aiot,0,22 Jan 2026 18:53:9
69727341b16b8db3285234a7,data_ml,p_count,aiot,0,22 Jan 2026 18:58:9
6972746eb16b8db3285234a8,data_ml,p_count,aiot,0,22 Jan 2026 19:3:10
6972759ab16b8db3285234a9,data_ml,p_count,aiot,0,22 Jan 2026 19:8:10
697276c7b16b8db3285234aa,data_ml,p_count,aiot,0,22 Jan 2026 19:13:11
697277f3b16b8db3285234ab,data_ml,p_count,aiot,0,22 Jan 2026 19:18:11
69727920b16b8db3285234ac,data_ml,p_count,aiot,0,22 Jan 2026 19:23:12
69727a4cb16b8db3285234ad,data_ml,p_count,aiot,0,22 Jan 2026 19:28:12
69727b79b16b8db3285234ae,data_ml,p_count,aiot,0,22 Jan 2026 19:33:13
69727ca6b16b8db3285234af,data_ml,p_count,aiot,0,22 Jan 2026 19:38:14
69727dd2b16b8db3285234b0,data_ml,p_count,aiot,0,22 Jan 2026 19:43:14
69727effb16b8db3285234b1,data_ml,p_count,aiot,0,22 Jan 2026 19:48:15
6972802bb16b8db3285234b2,data_ml,p_count,aiot,0,22 Jan 2026 19:53:15
69728158b16b8db3285234b3,data_ml,p_count,aiot,0,22 Jan 2026 19:58:16
69728284b16b8db3285234b4,data_ml,p_count,aiot,0,22 Jan 2026 20:3:16
697283b1b16b8db3285234b5,data_ml,p_count,aiot,0,22 Jan 2026 20:8:17
697284ddb16b8db3285234b6,data_ml,p_count,aiot,0,22 Jan 2026 20:13:17
6972860ab16b8db3285234b7,data_ml,p_count,aiot,0,22 Jan 2026 20:18:18
69728736b16b8db3285234b8,data_ml,p_count,aiot,0,22 Jan 2026 20:23:18
69728863b16b8db3285234b9,data_ml,p_count,aiot,0,22 Jan 2026 20:28:19
6972898fb16b8db3285234ba,data_ml,p_count,aiot,0,22 Jan 2026 20:33:19
69728abcb16b8db3285234bb,data_ml,p_count,aiot,0,22 Jan 2026 20:38:20
69728be9b16b8db3285234bc,data_ml,p_count,aiot,0,22 Jan 2026 20:43:21
69728d15b16b8db3285234bd,data_ml,p_count,aiot,0,22 Jan 2026 20:48:21
69728e42b16b8db3285234be,data_ml,p_count,aiot,0,22 Jan 2026 20:53:22
69728f6eb16b8db3285234bf,data_ml,p_count,aiot,0,22 Jan 2026 20:58:22
6972909bb16b8db3285234c0,data_ml,p_count,aiot,0,22 Jan 2026 21:3:23
697291c7b16b8db3285234c1,data_ml,p_count,aiot,0,22 Jan 2026 21:8:23
697292f4b16b8db3285234c2,data_ml,p_count,aiot,0,22 Jan 2026 21:13:24
69729420b16b8db3285234c3,data_ml,p_count,aiot,0,22 Jan 2026 21:18:24
6972954db16b8db3285234c4,data_ml,p_count,aiot,0,22 Jan 2026 21:23:25
69729679b16b8db3285234c5,data_ml,p_count,aiot,0,22 Jan 2026 21:28:25
697297a6b16b8db3285234c6,data_ml,p_count,aiot,0,22 Jan 2026 21:33:26
697298d3b16b8db3285234c7,data_ml,p_count,aiot,0,22 Jan 2026 21:38:27
697299ffb16b8db3285234c8,data_ml,p_count,aiot,0,22 Jan 2026 21:43:27
69729b2cb16b8db3285234c9,data_ml,p_count,aiot,0,22 Jan 2026 21:48:28
69729c58b16b8db3285234ca,data_ml,p_count,aiot,0,22 Jan 2026 21:53:28
69729d85b16b8db3285234cb,data_ml,p_count,aiot,0,22 Jan 2026 21:58:29
69729eb1b16b8db3285234cc,data_ml,p_count,aiot,0,22 Jan 2026 22:3:29
69729fdeb16b8db3285234cd,data_ml,p_count,aiot,0,22 Jan 2026 22:8:30
6972a10bb16b8db3285234ce,data_ml,p_count,aiot,0,22 Jan 2026 22:13:31
6972a237b16b8db3285234cf,data_ml,p_count,aiot,0,22 Jan 2026 22:18:31
6972a364b16b8db3285234d0,data_ml,p_count,aiot,0,22 Jan 2026 22:23:32
6972a490b16b8db3285234d1,data_ml,p_count,aiot,0,22 Jan 2026 22:28:32
6972a5bdb16b8db3285234d2,data_ml,p_count,aiot,0,22 Jan 2026 22:33:33
6972a6e9b16b8db3285234d3,data_ml,p_count,aiot,0,22 Jan 2026 22:38:33
6972a816b16b8db3285234d4,data_ml,p_count,aiot,0,22 Jan 2026 22:43:34
6972a942b16b8db3285234d5,data_ml,p_count,aiot,0,22 Jan 2026 22:48:34
6972aa6fb16b8db3285234d6,data_ml,p_count,aiot,0,22 Jan 2026 22:53:35
6972ab9cb16b8db3285234d7,data_ml,p_count,aiot,0,22 Jan 2026 22:58:36
6972acc8b16b8db3285234d8,data_ml,p_count,aiot,0,22 Jan 2026 23:3:36
6972adf5b16b8db3285234d9,data_ml,p_count,aiot,0,22 Jan 2026 23:8:37
6972af21b16b8db3285234da,data_ml,p_count,aiot,0,22 Jan 2026 23:13:37
6972b04eb16b8db3285234db,data_ml,p_count,aiot,0,22 Jan 2026 23:18:38
6972b17ab16b8db3285234dc,data_ml,p_count,aiot,0,22 Jan 2026 23:23:38
6972b2a7b16b8db3285234dd,data_ml,p_count,aiot,0,22 Jan 2026 23:28:39
6972b3d4b16b8db3285234de,data_ml,p_count,aiot,0,22 Jan 2026 23:33:40
6972b500b16b8db3285234df,data_ml,p_count,aiot,0,22 Jan 2026 23:38:40
6972b62db16b8db3285234e0,data_ml,p_count,aiot,0,22 Jan 2026 23:43:41
6972b759b16b8db3285234e1,data_ml,p_count,aiot,0,22 Jan 2026 23:48:41
6972b886b16b8db3285234e2,data_ml,p_count,aiot,0,22 Jan 2026 23:53:42
6972b9b2b16b8db3285234e3,data_ml,p_count,aiot,0,22 Jan 2026 23:58:42
6972badfb16b8db3285234e4,data_ml,p_count,aiot,0,23 Jan 2026 0:3:43
6972bc0bb16b8db3285234e5,data_ml,p_count,aiot,0,23 Jan 2026 0:8:43
6972bd38b16b8db3285234e6,data_ml,p_count,aiot,0,23 Jan 2026 0:13:44
6972be65b16b8db3285234e7,data_ml,p_count,aiot,0,23 Jan 2026 0:18:45
6972bf91b16b8db3285234e8,data_ml,p_count,aiot,0,23 Jan 2026 0:23:45
6972c0beb16b8db3285234e9,data_ml,p_count,aiot,0,23 Jan 2026 0:28:46
6972c1eab16b8db3285234ea,data_ml,p_count,aiot,0,23 Jan 2026 0:33:46
6972c317b16b8db3285234eb,data_ml,p_count,aiot,0,23 Jan 2026 0:38:47
6972c443b16b8db3285234ec,data_ml,p_count,aiot,0,23 Jan 2026 0:43:47
6972c570b16b8db3285234ed,data_ml,p_count,aiot,0,23 Jan 2026 0:48:48
6972c69cb16b8db3285234ee,data_ml,p_count,aiot,0,23 Jan 2026 0:53:48
6972c7c9b16b8db3285234ef,data_ml,p_count,aiot,0,23 Jan 2026 0:58:49
6972c8f6b16b8db3285234f0,data_ml,p_count,aiot,0,23 Jan 2026 1:3:50
6972ca22b16b8db3285234f1,data_ml,p_count,aiot,0,23 Jan 2026 1:8:50
6972cb4fb16b8db3285234f2,data_ml,p_count,aiot,0,23 Jan 2026 1:13:51
6972cc7bb16b8db3285234f3,data_ml,p_count,aiot,0,23 Jan 2026 1:18:51
6972cda8b16b8db3285234f4,data_ml,p_count,aiot,0,23 Jan 2026 1:23:52
6972ced4b16b8db3285234f5,data_ml,p_count,aiot,0,23 Jan 2026 1:28:52
6972d001b16b8db3285234f6,data_ml,p_count,aiot,0,23 Jan 2026 1:33:53
6972d12eb16b8db3285234f7,data_ml,p_count,aiot,0,23 Jan 2026 1:38:54
6972d25ab16b8db3285234f8,data_ml,p_count,aiot,0,23 Jan 2026 1:43:54
6972d387b16b8db3285234f9,data_ml,p_count,aiot,0,23 Jan 2026 1:48:55
6972d4b3b16b8db3285234fa,data_ml,p_count,aiot,0,23 Jan 2026 1:53:55
6972d5e0b16b8db3285234fb,data_ml,p_count,aiot,0,23 Jan 2026 1:58:56
6972d70cb16b8db3285234fc,data_ml,p_count,aiot,0,23 Jan 2026 2:3:56
6972d839b16b8db3285234fd,data_ml,p_count,aiot,0,23 Jan 2026 2:8:57
6972d965b16b8db3285234fe,data_ml,p_count,aiot,0,23 Jan 2026 2:13:57
6972da92b16b8db3285234ff,data_ml,p_count,aiot,0,23 Jan 2026 2:18:58
6972dbbfb16b8db328523500,data_ml,p_count,aiot,0,23 Jan 2026 2:23:59
6972dcebb16b8db328523501,data_ml,p_count,aiot,0,23 Jan 2026 2:28:59
6972de18b16b8db328523502,data_ml,p_count,aiot,0,23 Jan 2026 2:34:0
6972df44b16b8db328523503,data_ml,p_count,aiot,0,23 Jan 2026 2:39:0
6972e071b16b8db328523504,data_ml,p_count,aiot,0,23 Jan 2026 2:44:1
6972e19db16b8db328523505,data_ml,p_count,aiot,0,23 Jan 2026 2:49:1
6972e2cab16b8db328523506,data_ml,p_count,aiot,0,23 Jan 2026 2:54:2
6972e3f6b16b8db328523507,data_ml,p_count,aiot,0,23 Jan 2026 2:59:2
6972e523b16b8db328523508,data_ml,p_count,aiot,0,23 Jan 2026 3:4:3
6972e64fb16b8db328523509,data_ml,p_count,aiot,0,23 Jan 2026 3:9:3
6972e77cb16b8db32852350a,data_ml,p_count,aiot,0,23 Jan 2026 3:14:4
6972e8a9b16b8db32852350b,data_ml,p_count,aiot,0,23 Jan 2026 3:19:5
6972e9d5b16b8db32852350c,data_ml,p_count,aiot,0,23 Jan 2026 3:24:5
6972eb02b16b8db32852350d,data_ml,p_count,aiot,0,23 Jan 2026 3:29:6
6972ec2eb16b8db32852350e,data_ml,p_count,aiot,0,23 Jan 2026 3:34:6
6972ed5bb16b8db32852350f,data_ml,p_count,aiot,0,23 Jan 2026 3:39:7
6972ee87b16b8db328523510,data_ml,p_count,aiot,0,23 Jan 2026 3:44:7
6972efb4b16b8db328523511,data_ml,p_count,aiot,0,23 Jan 2026 3:49:8
6972f0e1b16b8db328523512,data_ml,p_count,aiot,0,23 Jan 2026 3:54:9
6972f20db16b8db328523513,data_ml,p_count,aiot,0,23 Jan 2026 3:59:9
6972f33ab16b8db328523514,data_ml,p_count,aiot,0,23 Jan 2026 4:4:10
6972f467b16b8db328523515,data_ml,p_count,aiot,0,23 Jan 2026 4:9:11
6972f593b16b8db328523516,data_ml,p_count,aiot,0,23 Jan 2026 4:14:11
6972f6c0b16b8db328523517,data_ml,p_count,aiot,0,23 Jan 2026 4:19:12
6972f7ecb16b8db328523518,data_ml,p_count,aiot,0,23 Jan 2026 4:24:12
6972f919b16b8db328523519,data_ml,p_count,aiot,0,23 Jan 2026 4:29:13
6972fa45b16b8db32852351a,data_ml,p_count,aiot,0,23 Jan 2026 4:34:13
6972fb72b16b8db32852351b,data_ml,p_count,aiot,0,23 Jan 2026 4:39:14
6972fc9eb16b8db32852351c,data_ml,p_count,aiot,0,23 Jan 2026 4:44:14
6972fdcbb16b8db32852351d,data_ml,p_count,aiot,0,23 Jan 2026 4:49:15
6972fef8b16b8db32852351e,data_ml,p_count,aiot,0,23 Jan 2026 4:54:16
69730024b16b8db32852351f,data_ml,p_count,aiot,0,23 Jan 2026 4:59:16
69730151b16b8db328523520,data_ml,p_count,aiot,0,23 Jan 2026 5:4:17
6973027db16b8db328523521,data_ml,p_count,aiot,1,23 Jan 2026 5:9:17
697303aab16b8db328523522,data_ml,p_count,aiot,0,23 Jan 2026 5:14:18
697304d6b16b8db328523523,data_ml,p_count,aiot,0,23 Jan 2026 5:19:18
69730603b16b8db328523524,data_ml,p_count,aiot,0,23 Jan 2026 5:24:19
69730730b16b8db328523525,data_ml,p_count,aiot,0,23 Jan 2026 5:29:20
6973085cb16b8db328523526,data_ml,p_count,aiot,0,23 Jan 2026 5:34:20
69730989b16b8db328523527,data_ml,p_count,aiot,0,23 Jan 2026 5:39:21
69730ab5b16b8db328523528,data_ml,p_count,aiot,0,23 Jan 2026 5:44:21
69730be2b16b8db328523529,data_ml,p_count,aiot,0,23 Jan 2026 5:49:22
69730d0fb16b8db32852352a,data_ml,p_count,aiot,0,23 Jan 2026 5:54:23
69730e3bb16b8db32852352b,data_ml,p_count,aiot,0,23 Jan 2026 5:59:23
69730f68b16b8db32852352c,data_ml,p_count,aiot,0,23 Jan 2026 6:4:24
69731094b16b8db32852352d,data_ml,p_count,aiot,0,23 Jan 2026 6:9:24
697311c1b16b8db32852352e,data_ml,p_count,aiot,0,23 Jan 2026 6:14:25
697312edb16b8db32852352f,data_ml,p_count,aiot,0,23 Jan 2026 6:19:25
6973141ab16b8db328523530,data_ml,p_count,aiot,0,23 Jan 2026 6:24:26
69731546b16b8db328523531,data_ml,p_count,aiot,0,23 Jan 2026 6:29:26
69731673b16b8db328523532,data_ml,p_count,aiot,0,23 Jan 2026 6:34:27
697317a0b16b8db328523533,data_ml,p_count,aiot,0,23 Jan 2026 6:39:28
697318ccb16b8db328523534,data_ml,p_count,aiot,0,23 Jan 2026 6:44:28
697319f9b16b8db328523535,data_ml,p_count,aiot,1,23 Jan 2026 6:49:29
69731b25b16b8db328523536,data_ml,p_count,aiot,3,23 Jan 2026 6:54:29
69731c52b16b8db328523537,data_ml,p_count,aiot,1,23 Jan 2026 6:59:30
69731d7eb16b8db328523538,data_ml,p_count,aiot,0,23 Jan 2026 7:4:30
69731eabb16b8db328523539,data_ml,p_count,aiot,0,23 Jan 2026 7:9:31
69731fd7b16b8db32852353a,data_ml,p_count,aiot,0,23 Jan 2026 7:14:31
69732104b16b8db32852353b,data_ml,p_count,aiot,1,23 Jan 2026 7:19:32
69732231b16b8db32852353c,data_ml,p_count,aiot,0,23 Jan 2026 7:24:33
6973235db16b8db32852353d,data_ml,p_count,aiot,0,23 Jan 2026 7:29:33
6973248ab16b8db32852353e,data_ml,p_count,aiot,0,23 Jan 2026 7:34:34
697325b6b16b8db32852353f,data_ml,p_count,aiot,0,23 Jan 2026 7:39:34
697326e3b16b8db328523540,data_ml,p_count,aiot,2,23 Jan 2026 7:44:35
69732810b16b8db328523541,data_ml,p_count,aiot,2,23 Jan 2026 7:49:36
6973293cb16b8db328523542,data_ml,p_count,aiot,3,23 Jan 2026 7:54:36
69732a69b16b8db328523543,data_ml,p_count,aiot,0,23 Jan 2026 7:59:37
69732b95b16b8db328523544,data_ml,p_count,aiot,0,23 Jan 2026 8:4:37
69732cc2b16b8db328523545,data_ml,p_count,aiot,1,23 Jan 2026 8:9:38
69732deeb16b8db328523546,data_ml,p_count,aiot,0,23 Jan 2026 8:14:38
69732f1bb16b8db328523547,data_ml,p_count,aiot,0,23 Jan 2026 8:19:39
69733048b16b8db328523548,data_ml,p_count,aiot,0,23 Jan 2026 8:24:40
69733174b16b8db328523549,data_ml,p_count,aiot,0,23 Jan 2026 8:29:40
697332a1b16b8db32852354a,data_ml,p_count,aiot,0,23 Jan 2026 8:34:41
697333cdb16b8db32852354b,data_ml,p_count,aiot,0,23 Jan 2026 8:39:41
697334fab16b8db32852354c,data_ml,p_count,aiot,1,23 Jan 2026 8:44:42
69733627b16b8db32852354d,data_ml,p_count,aiot,0,23 Jan 2026 8:49:43
69733753b16b8db32852354e,data_ml,p_count,aiot,0,23 Jan 2026 8:54:43
69733880b16b8db32852354f,data_ml,p_count,aiot,2,23 Jan 2026 8:59:44
697339acb16b8db328523550,data_ml,p_count,aiot,0,23 Jan 2026 9:4:44
69733ad9b16b8db328523551,data_ml,p_count,aiot,1,23 Jan 2026 9:9:45
69733c05b16b8db328523552,data_ml,p_count,aiot,1,23 Jan 2026 9:14:45
69733d32b16b8db328523553,data_ml,p_count,aiot,2,23 Jan 2026 9:19:46
69733e5eb16b8db328523554,data_ml,p_count,aiot,3,23 Jan 2026 9:24:46
69733f8bb16b8db328523555,data_ml,p_count,aiot,1,23 Jan 2026 9:29:47
697340b8b16b8db328523556,data_ml,p_count,aiot,0,23 Jan 2026 9:34:48
697341e4b16b8db328523557,data_ml,p_count,aiot,3,23 Jan 2026 9:39:48
69734311b16b8db328523558,data_ml,p_count,aiot,0,23 Jan 2026 9:44:49
6973443db16b8db328523559,data_ml,p_count,aiot,0,23 Jan 2026 9:49:49
6973456ab16b8db32852355a,data_ml,p_count,aiot,0,23 Jan 2026 9:54:50
69734696b16b8db32852355b,data_ml,p_count,aiot,0,23 Jan 2026 9:59:50
697347c3b16b8db32852355c,data_ml,p_count,aiot,2,23 Jan 2026 10:4:51
697348efb16b8db32852355d,data_ml,p_count,aiot,0,23 Jan 2026 10:9:51
69734a1cb16b8db32852355e,data_ml,p_count,aiot,0,23 Jan 2026 10:14:52
69734b49b16b8db32852355f,data_ml,p_count,aiot,0,23 Jan 2026 10:19:53
69734c75b16b8db328523560,data_ml,p_count,aiot,0,23 Jan 2026 10:24:53
69734da2b16b8db328523561,data_ml,p_count,aiot,0,23 Jan 2026 10:29:54
69734eceb16b8db328523562,data_ml,p_count,aiot,0,23 Jan 2026 10:34:54
69734ffbb16b8db328523563,data_ml,p_count,aiot,0,23 Jan 2026 10:39:55
69735127b16b8db328523564,data_ml,p_count,aiot,0,23 Jan 2026 10:44:55
69735254b16b8db328523565,data_ml,p_count,aiot,0,23 Jan 2026 10:49:56
69735380b16b8db328523566,data_ml,p_count,aiot,2,23 Jan 2026 10:54:56
697354adb16b8db328523567,data_ml,p_count,aiot,2,23 Jan 2026 10:59:57
697355d9b16b8db328523568,data_ml,p_count,aiot,3,23 Jan 2026 11:4:57
69735706b16b8db328523569,data_ml,p_count,aiot,2,23 Jan 2026 11:9:58
69735832b16b8db32852356a,data_ml,p_count,aiot,0,23 Jan 2026 11:14:58
6976174d62de571ef4263bf0,data_ml,p_count,aiot,12,25 Jan 2026 13:14:53
69761d9b62de571ef4263bf1,data_ml,p_count,aiot,12,25 Jan 2026 13:41:47
69770a26b5e59dbd94f88f6e,data_ml,p_count,aiot,13,26 Jan 2026 6:31:2
69771992b5e59dbd94f88f6f,data_ml,p_count,aiot,0,26 Jan 2026 7:36:50
69771abfb5e59dbd94f88f70,data_ml,p_count,aiot,0,26 Jan 2026 7:41:51
69771bebb5e59dbd94f88f71,data_ml,p_count,aiot,1,26 Jan 2026 7:46:51
69771d18b5e59dbd94f88f72,data_ml,p_count,aiot,0,26 Jan 2026 7:51:52
69771e45b5e59dbd94f88f73,data_ml,p_count,aiot,0,26 Jan 2026 7:56:53
69771f71b5e59dbd94f88f74,data_ml,p_count,aiot,1,26 Jan 2026 8:1:53
6977209eb5e59dbd94f88f75,data_ml,p_count,aiot,1,26 Jan 2026 8:6:54
697721cab5e59dbd94f88f76,data_ml,p_count,aiot,0,26 Jan 2026 8:11:54
697722f7b5e59dbd94f88f77,data_ml,p_count,aiot,0,26 Jan 2026 8:16:55
69772423b5e59dbd94f88f78,data_ml,p_count,aiot,1,26 Jan 2026 8:21:55
69772550b5e59dbd94f88f79,data_ml,p_count,aiot,0,26 Jan 2026 8:26:56
6977267db5e59dbd94f88f7a,data_ml,p_count,aiot,0,26 Jan 2026 8:31:57
697727a9b5e59dbd94f88f7b,data_ml,p_count,aiot,1,26 Jan 2026 8:36:57
697728d6b5e59dbd94f88f7c,data_ml,p_count,aiot,1,26 Jan 2026 8:41:58
69772a02b5e59dbd94f88f7d,data_ml,p_count,aiot,0,26 Jan 2026 8:46:58
69772b2fb5e59dbd94f88f7e,data_ml,p_count,aiot,0,26 Jan 2026 8:51:59
69772c5bb5e59dbd94f88f7f,data_ml,p_count,aiot,0,26 Jan 2026 8:56:59
69772d88b5e59dbd94f88f80,data_ml,p_count,aiot,2,26 Jan 2026 9:2:0
69772eb5b5e59dbd94f88f81,data_ml,p_count,aiot,1,26 Jan 2026 9:7:1
69772fe1b5e59dbd94f88f82,data_ml,p_count,aiot,0,26 Jan 2026 9:12:1
6977310eb5e59dbd94f88f83,data_ml,p_count,aiot,0,26 Jan 2026 9:17:2
6977323ab5e59dbd94f88f84,data_ml,p_count,aiot,0,26 Jan 2026 9:22:2
69773367b5e59dbd94f88f85,data_ml,p_count,aiot,0,26 Jan 2026 9:27:3
69773493b5e59dbd94f88f86,data_ml,p_count,aiot,0,26 Jan 2026 9:32:3
697735c0b5e59dbd94f88f87,data_ml,p_count,aiot,1,26 Jan 2026 9:37:4
697736edb5e59dbd94f88f88,data_ml,p_count,aiot,0,26 Jan 2026 9:42:5
69773819b5e59dbd94f88f89,data_ml,p_count,aiot,1,26 Jan 2026 9:47:5
69773946b5e59dbd94f88f8a,data_ml,p_count,aiot,1,26 Jan 2026 9:52:6
69773a72b5e59dbd94f88f8b,data_ml,p_count,aiot,0,26 Jan 2026 9:57:6
69773b9fb5e59dbd94f88f8c,data_ml,p_count,aiot,2,26 Jan 2026 10:2:7
69773ccbb5e59dbd94f88f8d,data_ml,p_count,aiot,10,26 Jan 2026 10:7:7
69773df8b5e59dbd94f88f8e,data_ml,p_count,aiot,4,26 Jan 2026 10:12:8
69773f24b5e59dbd94f88f8f,data_ml,p_count,aiot,0,26 Jan 2026 10:17:8
69774051b5e59dbd94f88f90,data_ml,p_count,aiot,3,26 Jan 2026 10:22:9
6977417eb5e59dbd94f88f91,data_ml,p_count,aiot,1,26 Jan 2026 10:27:10
697742aab5e59dbd94f88f92,data_ml,p_count,aiot,0,26 Jan 2026 10:32:10
6977522bb5e59dbd94f88f93,data_ml,p_count,aiot,13,26 Jan 2026 11:38:19
69775a89b5e59dbd94f88f96,data_ml,p_count,aiot,10,26 Jan 2026 12:14:1
69775aa7b5e59dbd94f88f97,data_ml,p_count,aiot,16,26 Jan 2026 12:14:31
69775ac5b5e59dbd94f88f98,data_ml,p_count,aiot,7,26 Jan 2026 12:15:1
69775ae3b5e59dbd94f88f99,data_ml,p_count,aiot,3,26 Jan 2026 12:15:31
69775b01b5e59dbd94f88f9a,data_ml,p_count,aiot,0,26 Jan 2026 12:16:1
697c84963e859cb8f3f45c23,data_ml,p_count,aiot,6,30 Jan 2026 10:14:46
697c84b43e859cb8f3f45c24,data_ml,p_count,aiot,0,30 Jan 2026 10:15:16
697c84d23e859cb8f3f45c25,data_ml,p_count,aiot,0,30 Jan 2026 10:15:46
697c88c73e859cb8f3f45c29,data_ml,p_count,aiot,12,30 Jan 2026 10:32:39
697c88e53e859cb8f3f45c2b,data_ml,p_count,aiot,3,30 Jan 2026 10:33:9
697c8b263e859cb8f3f45c2d,data_ml,p_count,aiot,30,30 Jan 2026 10:42:46
697c8c523e859cb8f3f45c2e,data_ml,p_count,aiot,37,30 Jan 2026 10:47:46
697c8f183e859cb8f3f45c2f,data_ml,p_count,aiot,3,30 Jan 2026 10:59:36
697c90443e859cb8f3f45c33,data_ml,p_count,aiot,2,30 Jan 2026 11:4:36
697c91703e859cb8f3f45c34,data_ml,p_count,aiot,2,30 Jan 2026 11:9:36
697c929c3e859cb8f3f45c35,data_ml,p_count,aiot,1,30 Jan 2026 11:14:36
697c93c83e859cb8f3f45c37,data_ml,p_count,aiot,1,30 Jan 2026 11:19:36
697c94f43e859cb8f3f45c39,data_ml,p_count,aiot,2,30 Jan 2026 11:24:36
697c96203e859cb8f3f45c3b,data_ml,p_count,aiot,7,30 Jan 2026 11:29:36
697c974c3e859cb8f3f45c3d,data_ml,p_count,aiot,2,30 Jan 2026 11:34:36
697c98783e859cb8f3f45c3f,data_ml,p_count,aiot,5,30 Jan 2026 11:39:36
697c99a43e859cb8f3f45c41,data_ml,p_count,aiot,5,30 Jan 2026 11:44:36
697c9ad03e859cb8f3f45c43,data_ml,p_count,aiot,1,30 Jan 2026 11:49:36
697c9bfc3e859cb8f3f45c45,data_ml,p_count,aiot,8,30 Jan 2026 11:54:36
697c9d283e859cb8f3f45c47,data_ml,p_count,aiot,9,30 Jan 2026 11:59:36
697c9e543e859cb8f3f45c49,data_ml,p_count,aiot,5,30 Jan 2026 12:4:36
697c9f803e859cb8f3f45c4b,data_ml,p_count,aiot,0,30 Jan 2026 12:9:36
697ca0ac3e859cb8f3f45c4d,data_ml,p_count,aiot,49,30 Jan 2026 12:14:36
697ca1d83e859cb8f3f45c4f,data_ml,p_count,aiot,4,30 Jan 2026 12:19:36
697ca3043e859cb8f3f45c51,data_ml,p_count,aiot,5,30 Jan 2026 12:24:36
697ca4303e859cb8f3f45c53,data_ml,p_count,aiot,2,30 Jan 2026 12:29:36
697ca55c3e859cb8f3f45c55,data_ml,p_count,aiot,0,30 Jan 2026 12:34:36
697ca6883e859cb8f3f45c57,data_ml,p_count,aiot,3,30 Jan 2026 12:39:36
697ca7b43e859cb8f3f45c59,data_ml,p_count,aiot,1,30 Jan 2026 12:44:36
697ca8e13e859cb8f3f45c5b,data_ml,p_count,aiot,5,30 Jan 2026 12:49:37
697caa0d3e859cb8f3f45c5d,data_ml,p_count,aiot,3,30 Jan 2026 12:54:37
697cab383e859cb8f3f45c5f,data_ml,p_count,aiot,0,30 Jan 2026 12:59:36
697cac643e859cb8f3f45c61,data_ml,p_count,aiot,2,30 Jan 2026 13:4:36
697cad903e859cb8f3f45c63,data_ml,p_count,aiot,6,30 Jan 2026 13:9:36
697caebc3e859cb8f3f45c65,data_ml,p_count,aiot,3,30 Jan 2026 13:14:36
697cafe83e859cb8f3f45c67,data_ml,p_count,aiot,102,30 Jan 2026 13:19:36
697cb1153e859cb8f3f45c69,data_ml,p_count,aiot,190,30 Jan 2026 13:24:37
697cb2413e859cb8f3f45c6b,data_ml,p_count,aiot,98,30 Jan 2026 13:29:37
697cb36d3e859cb8f3f45c6d,data_ml,p_count,aiot,17,30 Jan 2026 13:34:37
697cb4993e859cb8f3f45c6f,data_ml,p_count,aiot,1,30 Jan 2026 13:39:37
697cb5c53e859cb8f3f45c71,data_ml,p_count,aiot,3,30 Jan 2026 13:44:37
697cb6f13e859cb8f3f45c73,data_ml,p_count,aiot,2,30 Jan 2026 13:49:37
697cb81d3e859cb8f3f45c75,data_ml,p_count,aiot,2,30 Jan 2026 13:54:37
697cb94a3e859cb8f3f45c77,data_ml,p_count,aiot,0,30 Jan 2026 13:59:38
697cba753e859cb8f3f45c79,data_ml,p_count,aiot,16,30 Jan 2026 14:4:37
697cbba23e859cb8f3f45c7b,data_ml,p_count,aiot,0,30 Jan 2026 14:9:38
697cbcce3e859cb8f3f45c7d,data_ml,p_count,aiot,4,30 Jan 2026 14:14:38
697cbdfa3e859cb8f3f45c7f,data_ml,p_count,aiot,2,30 Jan 2026 14:19:38
697cbf253e859cb8f3f45c81,data_ml,p_count,aiot,2,30 Jan 2026 14:24:37
697cc0523e859cb8f3f45c83,data_ml,p_count,aiot,119,30 Jan 2026 14:29:38
697cc17e3e859cb8f3f45c85,data_ml,p_count,aiot,5,30 Jan 2026 14:34:38
697cc2aa3e859cb8f3f45c87,data_ml,p_count,aiot,18,30 Jan 2026 14:39:38
697cc3d63e859cb8f3f45c89,data_ml,p_count,aiot,4,30 Jan 2026 14:44:38
697cc5023e859cb8f3f45c8b,data_ml,p_count,aiot,0,30 Jan 2026 14:49:38
697cc62e3e859cb8f3f45c8d,data_ml,p_count,aiot,0,30 Jan 2026 14:54:38
697cc75a3e859cb8f3f45c8f,data_ml,p_count,aiot,0,30 Jan 2026 14:59:38
697cc8863e859cb8f3f45c91,data_ml,p_count,aiot,0,30 Jan 2026 15:4:38
697cc9b33e859cb8f3f45c93,data_ml,p_count,aiot,107,30 Jan 2026 15:9:39
697ccadf3e859cb8f3f45c95,data_ml,p_count,aiot,178,30 Jan 2026 15:14:39
697ccc0b3e859cb8f3f45c97,data_ml,p_count,aiot,116,30 Jan 2026 15:19:39
697ccd373e859cb8f3f45c99,data_ml,p_count,aiot,75,30 Jan 2026 15:24:39
697cce633e859cb8f3f45c9b,data_ml,p_count,aiot,69,30 Jan 2026 15:29:39
697ccf903e859cb8f3f45c9d,data_ml,p_count,aiot,197,30 Jan 2026 15:34:40
697cd0bc3e859cb8f3f45c9f,data_ml,p_count,aiot,205,30 Jan 2026 15:39:40
697cd1ea3e859cb8f3f45ca1,data_ml,p_count,aiot,113,30 Jan 2026 15:44:42
697cd3163e859cb8f3f45ca3,data_ml,p_count,aiot,130,30 Jan 2026 15:49:42
697cd4413e859cb8f3f45ca5,data_ml,p_count,aiot,27,30 Jan 2026 15:54:41
697cd56d3e859cb8f3f45ca7,data_ml,p_count,aiot,2,30 Jan 2026 15:59:41
697cd6993e859cb8f3f45ca9,data_ml,p_count,aiot,5,30 Jan 2026 16:4:41
697cd7c53e859cb8f3f45cab,data_ml,p_count,aiot,7,30 Jan 2026 16:9:41
697cd8f13e859cb8f3f45cad,data_ml,p_count,aiot,15,30 Jan 2026 16:14:41
697cda1d3e859cb8f3f45caf,data_ml,p_count,aiot,179,30 Jan 2026 16:19:41
697cdb493e859cb8f3f45cb1,data_ml,p_count,aiot,6,30 Jan 2026 16:24:41
697cdc753e859cb8f3f45cb3,data_ml,p_count,aiot,12,30 Jan 2026 16:29:41
697cdda13e859cb8f3f45cb5,data_ml,p_count,aiot,10,30 Jan 2026 16:34:41
697cdecd3e859cb8f3f45cb7,data_ml,p_count,aiot,6,30 Jan 2026 16:39:41
697cdff93e859cb8f3f45cb9,data_ml,p_count,aiot,8,30 Jan 2026 16:44:41
697ce1253e859cb8f3f45cbb,data_ml,p_count,aiot,15,30 Jan 2026 16:49:41
697ce2513e859cb8f3f45cbd,data_ml,p_count,aiot,3,30 Jan 2026 16:54:41
697ce37e3e859cb8f3f45cbf,data_ml,p_count,aiot,37,30 Jan 2026 16:59:42
697ce4aa62e6fa86acbc885d,data_ml,p_count,aiot,37,30 Jan 2026 17:4:42
697ce5d562e6fa86acbc885f,data_ml,p_count,aiot,1,30 Jan 2026 17:9:41
697ce70262e6fa86acbc8861,data_ml,p_count,aiot,4,30 Jan 2026 17:14:42
697ce82e62e6fa86acbc8863,data_ml,p_count,aiot,4,30 Jan 2026 17:19:42
697ce95a62e6fa86acbc8865,data_ml,p_count,aiot,13,30 Jan 2026 17:24:42
697cea8662e6fa86acbc8867,data_ml,p_count,aiot,80,30 Jan 2026 17:29:42
697cebb262e6fa86acbc8869,data_ml,p_count,aiot,242,30 Jan 2026 17:34:42
697cecdf62e6fa86acbc886b,data_ml,p_count,aiot,270,30 Jan 2026 17:39:43
697cee0b62e6fa86acbc886d,data_ml,p_count,aiot,256,30 Jan 2026 17:44:43
697cef3762e6fa86acbc886f,data_ml,p_count,aiot,217,30 Jan 2026 17:49:43
697cf06462e6fa86acbc8871,data_ml,p_count,aiot,151,30 Jan 2026 17:54:44
697cf19062e6fa86acbc8873,data_ml,p_count,aiot,144,30 Jan 2026 17:59:44
697cf2bc62e6fa86acbc8875,data_ml,p_count,aiot,113,30 Jan 2026 18:4:44
697cf3e962e6fa86acbc8877,data_ml,p_count,aiot,126,30 Jan 2026 18:9:45
697cf51562e6fa86acbc8879,data_ml,p_count,aiot,146,30 Jan 2026 18:14:45
697cf64162e6fa86acbc887b,data_ml,p_count,aiot,131,30 Jan 2026 18:19:45
697cf76d62e6fa86acbc887d,data_ml,p_count,aiot,153,30 Jan 2026 18:24:45
697cf89962e6fa86acbc887f,data_ml,p_count,aiot,83,30 Jan 2026 18:29:45
697cf9c562e6fa86acbc8881,data_ml,p_count,aiot,73,30 Jan 2026 18:34:45
697cfaf162e6fa86acbc8883,data_ml,p_count,aiot,53,30 Jan 2026 18:39:45
697cfc1d62e6fa86acbc8885,data_ml,p_count,aiot,48,30 Jan 2026 18:44:45
697cfd4962e6fa86acbc8887,data_ml,p_count,aiot,66,30 Jan 2026 18:49:45
697cfe7562e6fa86acbc8889,data_ml,p_count,aiot,57,30 Jan 2026 18:54:45
697cffa162e6fa86acbc888b,data_ml,p_count,aiot,65,30 Jan 2026 18:59:45
697d00cd62e6fa86acbc888d,data_ml,p_count,aiot,64,30 Jan 2026 19:4:45
697d01f962e6fa86acbc888f,data_ml,p_count,aiot,36,30 Jan 2026 19:9:45
697d032562e6fa86acbc8891,data_ml,p_count,aiot,35,30 Jan 2026 19:14:45
697d045162e6fa86acbc8893,data_ml,p_count,aiot,3,30 Jan 2026 19:19:45
697d057d62e6fa86acbc8895,data_ml,p_count,aiot,14,30 Jan 2026 19:24:45
697d06a962e6fa86acbc8897,data_ml,p_count,aiot,81,30 Jan 2026 19:29:45
697d07d562e6fa86acbc8899,data_ml,p_count,aiot,73,30 Jan 2026 19:34:45
697d090162e6fa86acbc889b,data_ml,p_count,aiot,34,30 Jan 2026 19:39:45
697d0a2d62e6fa86acbc889d,data_ml,p_count,aiot,42,30 Jan 2026 19:44:45
697d0b5962e6fa86acbc889f,data_ml,p_count,aiot,48,30 Jan 2026 19:49:45
697d0c8562e6fa86acbc88a1,data_ml,p_count,aiot,28,30 Jan 2026 19:54:45
697d0db162e6fa86acbc88a3,data_ml,p_count,aiot,35,30 Jan 2026 19:59:45
697d0edd62e6fa86acbc88a5,data_ml,p_count,aiot,8,30 Jan 2026 20:4:45
697d100962e6fa86acbc88a7,data_ml,p_count,aiot,15,30 Jan 2026 20:9:45
697d113562e6fa86acbc88a9,data_ml,p_count,aiot,46,30 Jan 2026 20:14:45
697d126162e6fa86acbc88ab,data_ml,p_count,aiot,0,30 Jan 2026 20:19:45
697d138d62e6fa86acbc88ad,data_ml,p_count,aiot,0,30 Jan 2026 20:24:45
697d14b962e6fa86acbc88af,data_ml,p_count,aiot,0,30 Jan 2026 20:29:45
697d15e562e6fa86acbc88b1,data_ml,p_count,aiot,0,30 Jan 2026 20:34:45
697d171162e6fa86acbc88b3,data_ml,p_count,aiot,0,30 Jan 2026 20:39:45
697d183d62e6fa86acbc88b5,data_ml,p_count,aiot,1,30 Jan 2026 20:44:45
697d196962e6fa86acbc88b7,data_ml,p_count,aiot,1,30 Jan 2026 20:49:45
697d1a9562e6fa86acbc88b9,data_ml,p_count,aiot,0,30 Jan 2026 20:54:45
697d1bc262e6fa86acbc88bb,data_ml,p_count,aiot,1,30 Jan 2026 20:59:46
697d1ced62e6fa86acbc88bd,data_ml,p_count,aiot,0,30 Jan 2026 21:4:45
697d1e1a62e6fa86acbc88bf,data_ml,p_count,aiot,0,30 Jan 2026 21:9:46
697d1f4662e6fa86acbc88c1,data_ml,p_count,aiot,0,30 Jan 2026 21:14:46
697d207162e6fa86acbc88c3,data_ml,p_count,aiot,0,30 Jan 2026 21:19:45
697d219e62e6fa86acbc88c5,data_ml,p_count,aiot,2,30 Jan 2026 21:24:46
697d22ca62e6fa86acbc88c7,data_ml,p_count,aiot,1,30 Jan 2026 21:29:46
697d23f662e6fa86acbc88c9,data_ml,p_count,aiot,1,30 Jan 2026 21:34:46
697d252262e6fa86acbc88cb,data_ml,p_count,aiot,0,30 Jan 2026 21:39:46
697d264e62e6fa86acbc88cd,data_ml,p_count,aiot,2,30 Jan 2026 21:44:46
697d277a62e6fa86acbc88cf,data_ml,p_count,aiot,2,30 Jan 2026 21:49:46
697d28a662e6fa86acbc88d1,data_ml,p_count,aiot,3,30 Jan 2026 21:54:46
697d29d262e6fa86acbc88d3,data_ml,p_count,aiot,19,30 Jan 2026 21:59:46
697d2afe62e6fa86acbc88d5,data_ml,p_count,aiot,28,30 Jan 2026 22:4:46
697d2c2a62e6fa86acbc88d7,data_ml,p_count,aiot,14,30 Jan 2026 22:9:46
697d2d5662e6fa86acbc88d9,data_ml,p_count,aiot,11,30 Jan 2026 22:14:46
697d2e8262e6fa86acbc88db,data_ml,p_count,aiot,13,30 Jan 2026 22:19:46
697d2fae62e6fa86acbc88dd,data_ml,p_count,aiot,10,30 Jan 2026 22:24:46
697d30da62e6fa86acbc88df,data_ml,p_count,aiot,5,30 Jan 2026 22:29:46
697d320662e6fa86acbc88e1,data_ml,p_count,aiot,5,30 Jan 2026 22:34:46
697d333262e6fa86acbc88e3,data_ml,p_count,aiot,0,30 Jan 2026 22:39:46
697d345e62e6fa86acbc88e5,data_ml,p_count,aiot,15,30 Jan 2026 22:44:46
697d358a62e6fa86acbc88e7,data_ml,p_count,aiot,1,30 Jan 2026 22:49:46
697d36b662e6fa86acbc88e9,data_ml,p_count,aiot,0,30 Jan 2026 22:54:46
697d37e262e6fa86acbc88eb,data_ml,p_count,aiot,2,30 Jan 2026 22:59:46
697d390e62e6fa86acbc88ed,data_ml,p_count,aiot,9,30 Jan 2026 23:4:46
697d3a3a62e6fa86acbc88ef,data_ml,p_count,aiot,2,30 Jan 2026 23:9:46
697d3b6662e6fa86acbc88f1,data_ml,p_count,aiot,0,30 Jan 2026 23:14:46
697d3c9262e6fa86acbc88f3,data_ml,p_count,aiot,1,30 Jan 2026 23:19:46
697d3dbe62e6fa86acbc88f5,data_ml,p_count,aiot,0,30 Jan 2026 23:24:46
697d3eea62e6fa86acbc88f7,data_ml,p_count,aiot,4,30 Jan 2026 23:29:46
697d401662e6fa86acbc88f9,data_ml,p_count,aiot,13,30 Jan 2026 23:34:46
697d414262e6fa86acbc88fb,data_ml,p_count,aiot,8,30 Jan 2026 23:39:46
697d426e62e6fa86acbc88fd,data_ml,p_count,aiot,3,30 Jan 2026 23:44:46
697d439a62e6fa86acbc88ff,data_ml,p_count,aiot,1,30 Jan 2026 23:49:46
697d44c662e6fa86acbc8901,data_ml,p_count,aiot,2,30 Jan 2026 23:54:46
697d45f262e6fa86acbc8903,data_ml,p_count,aiot,2,30 Jan 2026 23:59:46
697d471e62e6fa86acbc8905,data_ml,p_count,aiot,0,31 Jan 2026 0:4:46
697d484a62e6fa86acbc8907,data_ml,p_count,aiot,0,31 Jan 2026 0:9:46
697d497662e6fa86acbc8909,data_ml,p_count,aiot,0,31 Jan 2026 0:14:46
697d4aa262e6fa86acbc890b,data_ml,p_count,aiot,0,31 Jan 2026 0:19:46
697d4bce62e6fa86acbc890d,data_ml,p_count,aiot,0,31 Jan 2026 0:24:46
697d4cfa62e6fa86acbc890f,data_ml,p_count,aiot,0,31 Jan 2026 0:29:46
697d4e2662e6fa86acbc8911,data_ml,p_count,aiot,0,31 Jan 2026 0:34:46
697d4f5262e6fa86acbc8913,data_ml,p_count,aiot,0,31 Jan 2026 0:39:46
697d507e62e6fa86acbc8915,data_ml,p_count,aiot,0,31 Jan 2026 0:44:46
697d51aa62e6fa86acbc8917,data_ml,p_count,aiot,0,31 Jan 2026 0:49:46
697d52d662e6fa86acbc8919,data_ml,p_count,aiot,0,31 Jan 2026 0:54:46
697d540262e6fa86acbc891b,data_ml,p_count,aiot,29,31 Jan 2026 0:59:46
697d552e62e6fa86acbc891d,data_ml,p_count,aiot,12,31 Jan 2026 1:4:46
697d565a62e6fa86acbc891f,data_ml,p_count,aiot,23,31 Jan 2026 1:9:46
697d578662e6fa86acbc8921,data_ml,p_count,aiot,21,31 Jan 2026 1:14:46
697d58b262e6fa86acbc8923,data_ml,p_count,aiot,3,31 Jan 2026 1:19:46
697d59de62e6fa86acbc8925,data_ml,p_count,aiot,0,31 Jan 2026 1:24:46
697d5b0a62e6fa86acbc8927,data_ml,p_count,aiot,0,31 Jan 2026 1:29:46
697d5c3662e6fa86acbc8929,data_ml,p_count,aiot,6,31 Jan 2026 1:34:46
697d5d6262e6fa86acbc892b,data_ml,p_count,aiot,2,31 Jan 2026 1:39:46
697d5e8e62e6fa86acbc892d,data_ml,p_count,aiot,0,31 Jan 2026 1:44:46
697d5fba62e6fa86acbc892f,data_ml,p_count,aiot,1,31 Jan 2026 1:49:46
697d60e662e6fa86acbc8931,data_ml,p_count,aiot,1,31 Jan 2026 1:54:46
697d621262e6fa86acbc8933,data_ml,p_count,aiot,9,31 Jan 2026 1:59:46
697d633e62e6fa86acbc8935,data_ml,p_count,aiot,4,31 Jan 2026 2:4:46
697d646a62e6fa86acbc8937,data_ml,p_count,aiot,6,31 Jan 2026 2:9:46
697d659662e6fa86acbc8939,data_ml,p_count,aiot,1,31 Jan 2026 2:14:46
697d66c262e6fa86acbc893b,data_ml,p_count,aiot,2,31 Jan 2026 2:19:46
697d67ee62e6fa86acbc893d,data_ml,p_count,aiot,1,31 Jan 2026 2:24:46
697d691a62e6fa86acbc893f,data_ml,p_count,aiot,1,31 Jan 2026 2:29:46
697d6a4662e6fa86acbc8941,data_ml,p_count,aiot,0,31 Jan 2026 2:34:46
697d6b7262e6fa86acbc8943,data_ml,p_count,aiot,0,31 Jan 2026 2:39:46
697d6c9e62e6fa86acbc8945,data_ml,p_count,aiot,0,31 Jan 2026 2:44:46
697d6dca62e6fa86acbc8947,data_ml,p_count,aiot,0,31 Jan 2026 2:49:46
697d6ef662e6fa86acbc8949,data_ml,p_count,aiot,0,31 Jan 2026 2:54:46
697d702262e6fa86acbc894b,data_ml,p_count,aiot,0,31 Jan 2026 2:59:46
697d714e62e6fa86acbc894d,data_ml,p_count,aiot,0,31 Jan 2026 3:4:46
697d727a62e6fa86acbc894f,data_ml,p_count,aiot,0,31 Jan 2026 3:9:46
697d73a662e6fa86acbc8951,data_ml,p_count,aiot,0,31 Jan 2026 3:14:46
697d74d262e6fa86acbc8953,data_ml,p_count,aiot,8,31 Jan 2026 3:19:46
697d75fe62e6fa86acbc8954,data_ml,p_count,aiot,13,31 Jan 2026 3:24:46
697d772a62e6fa86acbc8956,data_ml,p_count,aiot,19,31 Jan 2026 3:29:46
697d785662e6fa86acbc8958,data_ml,p_count,aiot,7,31 Jan 2026 3:34:46
697d798262e6fa86acbc895a,data_ml,p_count,aiot,0,31 Jan 2026 3:39:46
697d7aaf62e6fa86acbc895c,data_ml,p_count,aiot,0,31 Jan 2026 3:44:47
697d7bdb62e6fa86acbc895e,data_ml,p_count,aiot,4,31 Jan 2026 3:49:47
697d7d0762e6fa86acbc8960,data_ml,p_count,aiot,5,31 Jan 2026 3:54:47
697d7e3362e6fa86acbc8962,data_ml,p_count,aiot,2,31 Jan 2026 3:59:47
697d7f5e62e6fa86acbc8964,data_ml,p_count,aiot,1,31 Jan 2026 4:4:46
697d808a62e6fa86acbc8966,data_ml,p_count,aiot,0,31 Jan 2026 4:9:46
697d81b762e6fa86acbc8968,data_ml,p_count,aiot,0,31 Jan 2026 4:14:47
697d82e362e6fa86acbc896a,data_ml,p_count,aiot,0,31 Jan 2026 4:19:47
697d840f62e6fa86acbc896c,data_ml,p_count,aiot,0,31 Jan 2026 4:24:47
697d853b62e6fa86acbc896e,data_ml,p_count,aiot,4,31 Jan 2026 4:29:47
697d866762e6fa86acbc8970,data_ml,p_count,aiot,12,31 Jan 2026 4:34:47
697d879362e6fa86acbc8972,data_ml,p_count,aiot,8,31 Jan 2026 4:39:47
697d88bf62e6fa86acbc8974,data_ml,p_count,aiot,10,31 Jan 2026 4:44:47
697d89eb62e6fa86acbc8976,data_ml,p_count,aiot,1,31 Jan 2026 4:49:47
697d8b1762e6fa86acbc8978,data_ml,p_count,aiot,2,31 Jan 2026 4:54:47
697d8c4362e6fa86acbc897a,data_ml,p_count,aiot,0,31 Jan 2026 4:59:47
697d8d6f62e6fa86acbc897c,data_ml,p_count,aiot,15,31 Jan 2026 5:4:47
697d8e9b62e6fa86acbc897e,data_ml,p_count,aiot,52,31 Jan 2026 5:9:47
697d8fc762e6fa86acbc8980,data_ml,p_count,aiot,120,31 Jan 2026 5:14:47
697d90f362e6fa86acbc8982,data_ml,p_count,aiot,127,31 Jan 2026 5:19:47
697d922062e6fa86acbc8984,data_ml,p_count,aiot,219,31 Jan 2026 5:24:48
697d934c62e6fa86acbc8986,data_ml,p_count,aiot,156,31 Jan 2026 5:29:48
697d947862e6fa86acbc8988,data_ml,p_count,aiot,41,31 Jan 2026 5:34:48
697d95a462e6fa86acbc898a,data_ml,p_count,aiot,47,31 Jan 2026 5:39:48
697d96d062e6fa86acbc898c,data_ml,p_count,aiot,133,31 Jan 2026 5:44:48
697d97fc62e6fa86acbc898e,data_ml,p_count,aiot,88,31 Jan 2026 5:49:48
697d992862e6fa86acbc8990,data_ml,p_count,aiot,103,31 Jan 2026 5:54:48
697d9a5462e6fa86acbc8992,data_ml,p_count,aiot,224,31 Jan 2026 5:59:48
697d9b8062e6fa86acbc8994,data_ml,p_count,aiot,186,31 Jan 2026 6:4:48
697d9cac62e6fa86acbc8996,data_ml,p_count,aiot,9,31 Jan 2026 6:9:48
697d9dd862e6fa86acbc8998,data_ml,p_count,aiot,0,31 Jan 2026 6:14:48
697d9f0462e6fa86acbc899a,data_ml,p_count,aiot,18,31 Jan 2026 6:19:48
697da03062e6fa86acbc899c,data_ml,p_count,aiot,6,31 Jan 2026 6:24:48
697da15c62e6fa86acbc899e,data_ml,p_count,aiot,20,31 Jan 2026 6:29:48
697da28862e6fa86acbc89a0,data_ml,p_count,aiot,20,31 Jan 2026 6:34:48
697da3b462e6fa86acbc89a2,data_ml,p_count,aiot,24,31 Jan 2026 6:39:48
697da4e062e6fa86acbc89a4,data_ml,p_count,aiot,20,31 Jan 2026 6:44:48
697da60c62e6fa86acbc89a6,data_ml,p_count,aiot,13,31 Jan 2026 6:49:48
697da73962e6fa86acbc89a8,data_ml,p_count,aiot,5,31 Jan 2026 6:54:49
697da86562e6fa86acbc89aa,data_ml,p_count,aiot,40,31 Jan 2026 6:59:49
697da99162e6fa86acbc89ac,data_ml,p_count,aiot,16,31 Jan 2026 7:4:49
697daabd62e6fa86acbc89ae,data_ml,p_count,aiot,10,31 Jan 2026 7:9:49
697dabe962e6fa86acbc89b0,data_ml,p_count,aiot,12,31 Jan 2026 7:14:49
697dad1662e6fa86acbc89b2,data_ml,p_count,aiot,38,31 Jan 2026 7:19:50
697dae4262e6fa86acbc89b4,data_ml,p_count,aiot,112,31 Jan 2026 7:24:50
697daf6e62e6fa86acbc89b6,data_ml,p_count,aiot,67,31 Jan 2026 7:29:50
697db09a62e6fa86acbc89b8,data_ml,p_count,aiot,80,31 Jan 2026 7:34:50
697db1c662e6fa86acbc89ba,data_ml,p_count,aiot,46,31 Jan 2026 7:39:50
697db2f262e6fa86acbc89bc,data_ml,p_count,aiot,0,31 Jan 2026 7:44:50
697db41e62e6fa86acbc89be,data_ml,p_count,aiot,130,31 Jan 2026 7:49:50
697db54a62e6fa86acbc89c0,data_ml,p_count,aiot,48,31 Jan 2026 7:54:50
697db67662e6fa86acbc89c2,data_ml,p_count,aiot,46,31 Jan 2026 7:59:50
697db7a262e6fa86acbc89c4,data_ml,p_count,aiot,69,31 Jan 2026 8:4:50
697db8ce62e6fa86acbc89c6,data_ml,p_count,aiot,36,31 Jan 2026 8:9:50
697db9fa62e6fa86acbc89c8,data_ml,p_count,aiot,83,31 Jan 2026 8:14:50
697dbb2662e6fa86acbc89ca,data_ml,p_count,aiot,17,31 Jan 2026 8:19:50
697dbc5362e6fa86acbc89cc,data_ml,p_count,aiot,42,31 Jan 2026 8:24:51
697dbd7e62e6fa86acbc89ce,data_ml,p_count,aiot,16,31 Jan 2026 8:29:50
697dbeaa62e6fa86acbc89d0,data_ml,p_count,aiot,27,31 Jan 2026 8:34:50
697dbfd762e6fa86acbc89d2,data_ml,p_count,aiot,66,31 Jan 2026 8:39:51
697dc10362e6fa86acbc89d4,data_ml,p_count,aiot,72,31 Jan 2026 8:44:51
697dc22f62e6fa86acbc89d6,data_ml,p_count,aiot,22,31 Jan 2026 8:49:51
697dc35b62e6fa86acbc89d8,data_ml,p_count,aiot,19,31 Jan 2026 8:54:51
697dc48862e6fa86acbc89da,data_ml,p_count,aiot,11,31 Jan 2026 8:59:52
697dc5b462e6fa86acbc89dc,data_ml,p_count,aiot,33,31 Jan 2026 9:4:52
697dc6e062e6fa86acbc89de,data_ml,p_count,aiot,37,31 Jan 2026 9:9:52
697dc80c62e6fa86acbc89e0,data_ml,p_count,aiot,102,31 Jan 2026 9:14:52
697dc93862e6fa86acbc89e2,data_ml,p_count,aiot,55,31 Jan 2026 9:19:52
697dca6462e6fa86acbc89e4,data_ml,p_count,aiot,87,31 Jan 2026 9:24:52
697dcd2062e6fa86acbc89e6,data_ml,p_count,aiot,60,31 Jan 2026 9:36:32
697dce4c62e6fa86acbc89e8,data_ml,p_count,aiot,44,31 Jan 2026 9:41:32
697dcf7862e6fa86acbc89ea,data_ml,p_count,aiot,19,31 Jan 2026 9:46:32
697dd0a462e6fa86acbc89ec,data_ml,p_count,aiot,28,31 Jan 2026 9:51:32
697dd1d062e6fa86acbc89ee,data_ml,p_count,aiot,0,31 Jan 2026 9:56:32
697dd2fc62e6fa86acbc89f0,data_ml,p_count,aiot,11,31 Jan 2026 10:1:32
697dd42862e6fa86acbc89f2,data_ml,p_count,aiot,49,31 Jan 2026 10:6:32
697dd55462e6fa86acbc89f4,data_ml,p_count,aiot,38,31 Jan 2026 10:11:32
697dd68062e6fa86acbc89f6,data_ml,p_count,aiot,16,31 Jan 2026 10:16:32
697dd7ac62e6fa86acbc89f8,data_ml,p_count,aiot,12,31 Jan 2026 10:21:32
697dd8d862e6fa86acbc89fa,data_ml,p_count,aiot,13,31 Jan 2026 10:26:32
697dda0462e6fa86acbc89fc,data_ml,p_count,aiot,26,31 Jan 2026 10:31:32
697ddb3062e6fa86acbc89fe,data_ml,p_count,aiot,92,31 Jan 2026 10:36:32
697ddc5c62e6fa86acbc8a00,data_ml,p_count,aiot,18,31 Jan 2026 10:41:32
697ddd8862e6fa86acbc8a02,data_ml,p_count,aiot,22,31 Jan 2026 10:46:32
697ddeb462e6fa86acbc8a04,data_ml,p_count,aiot,1,31 Jan 2026 10:51:32
697ddfe062e6fa86acbc8a06,data_ml,p_count,aiot,88,31 Jan 2026 10:56:32
697de10c62e6fa86acbc8a08,data_ml,p_count,aiot,22,31 Jan 2026 11:1:32
697de23862e6fa86acbc8a0a,data_ml,p_count,aiot,5,31 Jan 2026 11:6:32
697de36462e6fa86acbc8a0c,data_ml,p_count,aiot,10,31 Jan 2026 11:11:32
697de49062e6fa86acbc8a0e,data_ml,p_count,aiot,50,31 Jan 2026 11:16:32
697de5bd62e6fa86acbc8a10,data_ml,p_count,aiot,30,31 Jan 2026 11:21:33
697de6e862e6fa86acbc8a12,data_ml,p_count,aiot,14,31 Jan 2026 11:26:32
697de81562e6fa86acbc8a14,data_ml,p_count,aiot,15,31 Jan 2026 11:31:33
697de94162e6fa86acbc8a16,data_ml,p_count,aiot,50,31 Jan 2026 11:36:33
697dea6d62e6fa86acbc8a18,data_ml,p_count,aiot,24,31 Jan 2026 11:41:33
697deb9962e6fa86acbc8a1a,data_ml,p_count,aiot,54,31 Jan 2026 11:46:33
697decc562e6fa86acbc8a1c,data_ml,p_count,aiot,99,31 Jan 2026 11:51:33
697dedf262e6fa86acbc8a1e,data_ml,p_count,aiot,43,31 Jan 2026 11:56:34
697def1e62e6fa86acbc8a20,data_ml,p_count,aiot,14,31 Jan 2026 12:1:34
697df04a62e6fa86acbc8a22,data_ml,p_count,aiot,51,31 Jan 2026 12:6:34
697df17662e6fa86acbc8a24,data_ml,p_count,aiot,106,31 Jan 2026 12:11:34
697df2a262e6fa86acbc8a26,data_ml,p_count,aiot,62,31 Jan 2026 12:16:34
697df3ce62e6fa86acbc8a28,data_ml,p_count,aiot,133,31 Jan 2026 12:21:34
697df4fb62e6fa86acbc8a2a,data_ml,p_count,aiot,41,31 Jan 2026 12:26:35
697df62762e6fa86acbc8a2c,data_ml,p_count,aiot,28,31 Jan 2026 12:31:35
697df75262e6fa86acbc8a2e,data_ml,p_count,aiot,38,31 Jan 2026 12:36:34
697df87e62e6fa86acbc8a30,data_ml,p_count,aiot,14,31 Jan 2026 12:41:34
697df9ab62e6fa86acbc8a32,data_ml,p_count,aiot,33,31 Jan 2026 12:46:35
697dfad762e6fa86acbc8a34,data_ml,p_count,aiot,92,31 Jan 2026 12:51:35
697dfc0462e6fa86acbc8a36,data_ml,p_count,aiot,119,31 Jan 2026 12:56:36
697dfd3162e6fa86acbc8a38,data_ml,p_count,aiot,113,31 Jan 2026 13:1:37
697dfe5d62e6fa86acbc8a3a,data_ml,p_count,aiot,63,31 Jan 2026 13:6:37
697dff8962e6fa86acbc8a3c,data_ml,p_count,aiot,87,31 Jan 2026 13:11:37
697e00b562e6fa86acbc8a3e,data_ml,p_count,aiot,45,31 Jan 2026 13:16:37
697e01e162e6fa86acbc8a40,data_ml,p_count,aiot,53,31 Jan 2026 13:21:37
697e030d62e6fa86acbc8a42,data_ml,p_count,aiot,27,31 Jan 2026 13:26:37
697e043962e6fa86acbc8a44,data_ml,p_count,aiot,35,31 Jan 2026 13:31:37
697e056562e6fa86acbc8a46,data_ml,p_count,aiot,15,31 Jan 2026 13:36:37
697e069162e6fa86acbc8a48,data_ml,p_count,aiot,92,31 Jan 2026 13:41:37
697e07bd62e6fa86acbc8a4a,data_ml,p_count,aiot,92,31 Jan 2026 13:46:37
697e08e962e6fa86acbc8a4c,data_ml,p_count,aiot,68,31 Jan 2026 13:51:37
697e0a1562e6fa86acbc8a4e,data_ml,p_count,aiot,10,31 Jan 2026 13:56:37
697e0b4162e6fa86acbc8a50,data_ml,p_count,aiot,65,31 Jan 2026 14:1:37
697e0c6d62e6fa86acbc8a52,data_ml,p_count,aiot,32,31 Jan 2026 14:6:37
697e0d9962e6fa86acbc8a54,data_ml,p_count,aiot,20,31 Jan 2026 14:11:37
697e0ec562e6fa86acbc8a56,data_ml,p_count,aiot,4,31 Jan 2026 14:16:37
697e0ff162e6fa86acbc8a58,data_ml,p_count,aiot,17,31 Jan 2026 14:21:37
697e111d62e6fa86acbc8a5a,data_ml,p_count,aiot,34,31 Jan 2026 14:26:37
697e124962e6fa86acbc8a5c,data_ml,p_count,aiot,30,31 Jan 2026 14:31:37
697e137562e6fa86acbc8a5e,data_ml,p_count,aiot,33,31 Jan 2026 14:36:37
697e14a162e6fa86acbc8a60,data_ml,p_count,aiot,11,31 Jan 2026 14:41:37
697e15cd62e6fa86acbc8a62,data_ml,p_count,aiot,11,31 Jan 2026 14:46:37
697e16f962e6fa86acbc8a64,data_ml,p_count,aiot,4,31 Jan 2026 14:51:37
697e182562e6fa86acbc8a66,data_ml,p_count,aiot,16,31 Jan 2026 14:56:37
697e195162e6fa86acbc8a68,data_ml,p_count,aiot,38,31 Jan 2026 15:1:37
697e1a7d62e6fa86acbc8a6a,data_ml,p_count,aiot,7,31 Jan 2026 15:6:37
697e1ba962e6fa86acbc8a6c,data_ml,p_count,aiot,42,31 Jan 2026 15:11:37
697e1cd562e6fa86acbc8a6e,data_ml,p_count,aiot,21,31 Jan 2026 15:16:37
697e1e0162e6fa86acbc8a70,data_ml,p_count,aiot,0,31 Jan 2026 15:21:37
697e1f2d62e6fa86acbc8a72,data_ml,p_count,aiot,5,31 Jan 2026 15:26:37
697e205962e6fa86acbc8a74,data_ml,p_count,aiot,27,31 Jan 2026 15:31:37
697e218562e6fa86acbc8a76,data_ml,p_count,aiot,8,31 Jan 2026 15:36:37
697e22b162e6fa86acbc8a78,data_ml,p_count,aiot,5,31 Jan 2026 15:41:37
697e23dd62e6fa86acbc8a7a,data_ml,p_count,aiot,23,31 Jan 2026 15:46:37
697e250962e6fa86acbc8a7c,data_ml,p_count,aiot,17,31 Jan 2026 15:51:37
697e263562e6fa86acbc8a7e,data_ml,p_count,aiot,0,31 Jan 2026 15:56:37
697e276262e6fa86acbc8a80,data_ml,p_count,aiot,5,31 Jan 2026 16:1:38
697e288d62e6fa86acbc8a82,data_ml,p_count,aiot,9,31 Jan 2026 16:6:37
697e29ba62e6fa86acbc8a84,data_ml,p_count,aiot,39,31 Jan 2026 16:11:38
697e2ae662e6fa86acbc8a86,data_ml,p_count,aiot,14,31 Jan 2026 16:16:38
697e2c1262e6fa86acbc8a88,data_ml,p_count,aiot,12,31 Jan 2026 16:21:38
697e2d3e62e6fa86acbc8a8a,data_ml,p_count,aiot,52,31 Jan 2026 16:26:38
697e2e6a62e6fa86acbc8a8c,data_ml,p_count,aiot,87,31 Jan 2026 16:31:38
697e2f9662e6fa86acbc8a8e,data_ml,p_count,aiot,33,31 Jan 2026 16:36:38
697e30c262e6fa86acbc8a90,data_ml,p_count,aiot,29,31 Jan 2026 16:41:38
697e31ee62e6fa86acbc8a92,data_ml,p_count,aiot,20,31 Jan 2026 16:46:38
697e331a62e6fa86acbc8a94,data_ml,p_count,aiot,8,31 Jan 2026 16:51:38
697e344662e6fa86acbc8a96,data_ml,p_count,aiot,16,31 Jan 2026 16:56:38
697e357362e6fa86acbc8a98,data_ml,p_count,aiot,22,31 Jan 2026 17:1:39
697e369f62e6fa86acbc8a9a,data_ml,p_count,aiot,12,31 Jan 2026 17:6:39
697e37cb62e6fa86acbc8a9c,data_ml,p_count,aiot,106,31 Jan 2026 17:11:39
697e38f762e6fa86acbc8a9e,data_ml,p_count,aiot,18,31 Jan 2026 17:16:39
697e3a2362e6fa86acbc8aa0,data_ml,p_count,aiot,6,31 Jan 2026 17:21:39
697e3b4f62e6fa86acbc8aa2,data_ml,p_count,aiot,6,31 Jan 2026 17:26:39
697e3c7bdffb5babfa206d9e,data_ml,p_count,aiot,18,31 Jan 2026 17:31:39
697e3da7dffb5babfa206da0,data_ml,p_count,aiot,21,31 Jan 2026 17:36:39
697e3ed3dffb5babfa206da2,data_ml,p_count,aiot,8,31 Jan 2026 17:41:39
697e3fffdffb5babfa206da4,data_ml,p_count,aiot,6,31 Jan 2026 17:46:39
697e412cdffb5babfa206da6,data_ml,p_count,aiot,29,31 Jan 2026 17:51:40
697e4258dffb5babfa206da8,data_ml,p_count,aiot,13,31 Jan 2026 17:56:40
697e4384dffb5babfa206daa,data_ml,p_count,aiot,47,31 Jan 2026 18:1:40
697e44b0dffb5babfa206dac,data_ml,p_count,aiot,5,31 Jan 2026 18:6:40
697e45dcdffb5babfa206dae,data_ml,p_count,aiot,3,31 Jan 2026 18:11:40
697e4708dffb5babfa206db0,data_ml,p_count,aiot,2,31 Jan 2026 18:16:40
697e4834dffb5babfa206db2,data_ml,p_count,aiot,2,31 Jan 2026 18:21:40
697e4960dffb5babfa206db4,data_ml,p_count,aiot,24,31 Jan 2026 18:26:40
697e4a8cdffb5babfa206db6,data_ml,p_count,aiot,47,31 Jan 2026 18:31:40
697e4bb8dffb5babfa206db8,data_ml,p_count,aiot,4,31 Jan 2026 18:36:40
697e4ce4dffb5babfa206dba,data_ml,p_count,aiot,1,31 Jan 2026 18:41:40
697e4e10dffb5babfa206dbc,data_ml,p_count,aiot,17,31 Jan 2026 18:46:40
697e4f3cdffb5babfa206dbe,data_ml,p_count,aiot,12,31 Jan 2026 18:51:40
697e5068dffb5babfa206dc0,data_ml,p_count,aiot,41,31 Jan 2026 18:56:40
697e5194dffb5babfa206dc2,data_ml,p_count,aiot,14,31 Jan 2026 19:1:40
697e52c0dffb5babfa206dc4,data_ml,p_count,aiot,42,31 Jan 2026 19:6:40
697e53ecdffb5babfa206dc6,data_ml,p_count,aiot,74,31 Jan 2026 19:11:40
697e5518dffb5babfa206dc8,data_ml,p_count,aiot,50,31 Jan 2026 19:16:40
697e5644dffb5babfa206dca,data_ml,p_count,aiot,28,31 Jan 2026 19:21:40
697e5770dffb5babfa206dcc,data_ml,p_count,aiot,2,31 Jan 2026 19:26:40
697e589cdffb5babfa206dce,data_ml,p_count,aiot,52,31 Jan 2026 19:31:40
697e59c8dffb5babfa206dd0,data_ml,p_count,aiot,3,31 Jan 2026 19:36:40
697e5af4dffb5babfa206dd2,data_ml,p_count,aiot,112,31 Jan 2026 19:41:40
697e5c20dffb5babfa206dd4,data_ml,p_count,aiot,19,31 Jan 2026 19:46:40
697e5d4cdffb5babfa206dd6,data_ml,p_count,aiot,10,31 Jan 2026 19:51:40
697e5e78dffb5babfa206dd8,data_ml,p_count,aiot,21,31 Jan 2026 19:56:40
697e5fa4dffb5babfa206dda,data_ml,p_count,aiot,14,31 Jan 2026 20:1:40
697e60d0dffb5babfa206ddc,data_ml,p_count,aiot,6,31 Jan 2026 20:6:40
697e61fcdffb5babfa206dde,data_ml,p_count,aiot,9,31 Jan 2026 20:11:40
697e6328dffb5babfa206de0,data_ml,p_count,aiot,14,31 Jan 2026 20:16:40
697e6454dffb5babfa206de2,data_ml,p_count,aiot,5,31 Jan 2026 20:21:40
697e6581dffb5babfa206de4,data_ml,p_count,aiot,40,31 Jan 2026 20:26:41
697e66acdffb5babfa206de6,data_ml,p_count,aiot,20,31 Jan 2026 20:31:40
697e67d8dffb5babfa206de8,data_ml,p_count,aiot,5,31 Jan 2026 20:36:40
697e6905dffb5babfa206dea,data_ml,p_count,aiot,1,31 Jan 2026 20:41:41
697e6a31dffb5babfa206dec,data_ml,p_count,aiot,0,31 Jan 2026 20:46:41
697e6b5ddffb5babfa206dee,data_ml,p_count,aiot,1,31 Jan 2026 20:51:41
697e6c89dffb5babfa206df0,data_ml,p_count,aiot,4,31 Jan 2026 20:56:41
697e6db5dffb5babfa206df2,data_ml,p_count,aiot,2,31 Jan 2026 21:1:41
697e6ee1dffb5babfa206df4,data_ml,p_count,aiot,1,31 Jan 2026 21:6:41
697e700ddffb5babfa206df6,data_ml,p_count,aiot,0,31 Jan 2026 21:11:41
697e7139dffb5babfa206df8,data_ml,p_count,aiot,0,31 Jan 2026 21:16:41
697e7265dffb5babfa206dfa,data_ml,p_count,aiot,0,31 Jan 2026 21:21:41
697e7391dffb5babfa206dfc,data_ml,p_count,aiot,0,31 Jan 2026 21:26:41
697e74bddffb5babfa206dfe,data_ml,p_count,aiot,0,31 Jan 2026 21:31:41
697e75e9dffb5babfa206e00,data_ml,p_count,aiot,0,31 Jan 2026 21:36:41
697e7715dffb5babfa206e02,data_ml,p_count,aiot,0,31 Jan 2026 21:41:41
697e7841dffb5babfa206e04,data_ml,p_count,aiot,0,31 Jan 2026 21:46:41
697e796ddffb5babfa206e06,data_ml,p_count,aiot,0,31 Jan 2026 21:51:41
697e7a99dffb5babfa206e08,data_ml,p_count,aiot,1,31 Jan 2026 21:56:41
697e7bc5dffb5babfa206e0a,data_ml,p_count,aiot,1,31 Jan 2026 22:1:41
697e7cf1dffb5babfa206e0c,data_ml,p_count,aiot,0,31 Jan 2026 22:6:41
697e7e1ddffb5babfa206e0e,data_ml,p_count,aiot,0,31 Jan 2026 22:11:41
697e7f49dffb5babfa206e10,data_ml,p_count,aiot,0,31 Jan 2026 22:16:41
697e8075dffb5babfa206e12,data_ml,p_count,aiot,0,31 Jan 2026 22:21:41
697e81a1dffb5babfa206e14,data_ml,p_count,aiot,2,31 Jan 2026 22:26:41
697e82cddffb5babfa206e16,data_ml,p_count,aiot,0,31 Jan 2026 22:31:41
697e83f9dffb5babfa206e18,data_ml,p_count,aiot,0,31 Jan 2026 22:36:41
697e8525dffb5babfa206e1a,data_ml,p_count,aiot,0,31 Jan 2026 22:41:41
697e8651dffb5babfa206e1c,data_ml,p_count,aiot,0,31 Jan 2026 22:46:41
697e877ddffb5babfa206e1e,data_ml,p_count,aiot,17,31 Jan 2026 22:51:41
697e88a9dffb5babfa206e20,data_ml,p_count,aiot,10,31 Jan 2026 22:56:41
697e89d5dffb5babfa206e22,data_ml,p_count,aiot,3,31 Jan 2026 23:1:41
697e8b01dffb5babfa206e24,data_ml,p_count,aiot,1,31 Jan 2026 23:6:41
697e8c2ddffb5babfa206e26,data_ml,p_count,aiot,1,31 Jan 2026 23:11:41
697e8d59dffb5babfa206e28,data_ml,p_count,aiot,16,31 Jan 2026 23:16:41
697e8e85dffb5babfa206e2a,data_ml,p_count,aiot,9,31 Jan 2026 23:21:41
697e8fb1dffb5babfa206e2c,data_ml,p_count,aiot,2,31 Jan 2026 23:26:41
697e90dddffb5babfa206e2e,data_ml,p_count,aiot,4,31 Jan 2026 23:31:41
697e9209dffb5babfa206e30,data_ml,p_count,aiot,1,31 Jan 2026 23:36:41
697e9335dffb5babfa206e32,data_ml,p_count,aiot,0,31 Jan 2026 23:41:41
697e9461dffb5babfa206e34,data_ml,p_count,aiot,2,31 Jan 2026 23:46:41
697e958ddffb5babfa206e36,data_ml,p_count,aiot,0,31 Jan 2026 23:51:41
697e96b9dffb5babfa206e38,data_ml,p_count,aiot,0,31 Jan 2026 23:56:41
697e97e5dffb5babfa206e3a,data_ml,p_count,aiot,0,1 Feb 2026 0:1:41
697e9911dffb5babfa206e3c,data_ml,p_count,aiot,0,1 Feb 2026 0:6:41
697e9a3ddffb5babfa206e3e,data_ml,p_count,aiot,0,1 Feb 2026 0:11:41
697e9b69dffb5babfa206e40,data_ml,p_count,aiot,0,1 Feb 2026 0:16:41
697e9c95dffb5babfa206e42,data_ml,p_count,aiot,1,1 Feb 2026 0:21:41
697e9dc1dffb5babfa206e44,data_ml,p_count,aiot,1,1 Feb 2026 0:26:41
697e9eeddffb5babfa206e46,data_ml,p_count,aiot,0,1 Feb 2026 0:31:41
697ea019dffb5babfa206e48,data_ml,p_count,aiot,0,1 Feb 2026 0:36:41
697ea145dffb5babfa206e4a,data_ml,p_count,aiot,2,1 Feb 2026 0:41:41
697ea271dffb5babfa206e4c,data_ml,p_count,aiot,5,1 Feb 2026 0:46:41
697ea39edffb5babfa206e4e,data_ml,p_count,aiot,63,1 Feb 2026 0:51:42
697ea4cadffb5babfa206e50,data_ml,p_count,aiot,29,1 Feb 2026 0:56:42
697ea5f6dffb5babfa206e52,data_ml,p_count,aiot,1,1 Feb 2026 1:1:42
697ea722dffb5babfa206e54,data_ml,p_count,aiot,0,1 Feb 2026 1:6:42
697ea84edffb5babfa206e56,data_ml,p_count,aiot,14,1 Feb 2026 1:11:42
697ea97adffb5babfa206e58,data_ml,p_count,aiot,9,1 Feb 2026 1:16:42
697eaaa6dffb5babfa206e5a,data_ml,p_count,aiot,0,1 Feb 2026 1:21:42
697eabd2dffb5babfa206e5c,data_ml,p_count,aiot,0,1 Feb 2026 1:26:42
697eacfedffb5babfa206e5e,data_ml,p_count,aiot,0,1 Feb 2026 1:31:42
697eae2adffb5babfa206e60,data_ml,p_count,aiot,0,1 Feb 2026 1:36:42
697eaf56dffb5babfa206e62,data_ml,p_count,aiot,1,1 Feb 2026 1:41:42
697eb082dffb5babfa206e64,data_ml,p_count,aiot,6,1 Feb 2026 1:46:42
697eb1aedffb5babfa206e66,data_ml,p_count,aiot,8,1 Feb 2026 1:51:42
697eb2dadffb5babfa206e68,data_ml,p_count,aiot,12,1 Feb 2026 1:56:42
697eb406dffb5babfa206e6a,data_ml,p_count,aiot,5,1 Feb 2026 2:1:42
697eb533dffb5babfa206e6c,data_ml,p_count,aiot,1,1 Feb 2026 2:6:43
697eb65fdffb5babfa206e6e,data_ml,p_count,aiot,0,1 Feb 2026 2:11:43
697eb78bdffb5babfa206e70,data_ml,p_count,aiot,0,1 Feb 2026 2:16:43
697eb8b7dffb5babfa206e72,data_ml,p_count,aiot,0,1 Feb 2026 2:21:43
697eb9e3dffb5babfa206e74,data_ml,p_count,aiot,0,1 Feb 2026 2:26:43
697ebb0fdffb5babfa206e76,data_ml,p_count,aiot,1,1 Feb 2026 2:31:43
697ebc3bdffb5babfa206e78,data_ml,p_count,aiot,1,1 Feb 2026 2:36:43
697ebd67dffb5babfa206e7a,data_ml,p_count,aiot,1,1 Feb 2026 2:41:43
697ebe93dffb5babfa206e7c,data_ml,p_count,aiot,0,1 Feb 2026 2:46:43
697ebfbfdffb5babfa206e7e,data_ml,p_count,aiot,0,1 Feb 2026 2:51:43
697ec0ebdffb5babfa206e80,data_ml,p_count,aiot,1,1 Feb 2026 2:56:43
697ec217dffb5babfa206e82,data_ml,p_count,aiot,0,1 Feb 2026 3:1:43
697ec343dffb5babfa206e84,data_ml,p_count,aiot,5,1 Feb 2026 3:6:43
697ec470dffb5babfa206e86,data_ml,p_count,aiot,53,1 Feb 2026 3:11:44
697ec59cdffb5babfa206e88,data_ml,p_count,aiot,90,1 Feb 2026 3:16:44
697ec6c8dffb5babfa206e8a,data_ml,p_count,aiot,13,1 Feb 2026 3:21:44
697ec7f4dffb5babfa206e8c,data_ml,p_count,aiot,0,1 Feb 2026 3:26:44
697ec920dffb5babfa206e8e,data_ml,p_count,aiot,0,1 Feb 2026 3:31:44
697eca4cdffb5babfa206e90,data_ml,p_count,aiot,6,1 Feb 2026 3:36:44
697ecb78dffb5babfa206e92,data_ml,p_count,aiot,7,1 Feb 2026 3:41:44
697ecca4dffb5babfa206e94,data_ml,p_count,aiot,1,1 Feb 2026 3:46:44
697ecdd0dffb5babfa206e96,data_ml,p_count,aiot,2,1 Feb 2026 3:51:44
697ecefcdffb5babfa206e98,data_ml,p_count,aiot,11,1 Feb 2026 3:56:44
697ed028dffb5babfa206e9a,data_ml,p_count,aiot,0,1 Feb 2026 4:1:44
697ed154dffb5babfa206e9c,data_ml,p_count,aiot,1,1 Feb 2026 4:6:44
697ed280dffb5babfa206e9e,data_ml,p_count,aiot,0,1 Feb 2026 4:11:44
697ed3acdffb5babfa206ea0,data_ml,p_count,aiot,5,1 Feb 2026 4:16:44
697ed4d8dffb5babfa206ea2,data_ml,p_count,aiot,3,1 Feb 2026 4:21:44
697ed604dffb5babfa206ea4,data_ml,p_count,aiot,2,1 Feb 2026 4:26:44
697ed730dffb5babfa206ea6,data_ml,p_count,aiot,1,1 Feb 2026 4:31:44
697ed85cdffb5babfa206ea8,data_ml,p_count,aiot,1,1 Feb 2026 4:36:44
697ed988dffb5babfa206eaa,data_ml,p_count,aiot,0,1 Feb 2026 4:41:44
697edab4dffb5babfa206eac,data_ml,p_count,aiot,0,1 Feb 2026 4:46:44
697edbe0dffb5babfa206eae,data_ml,p_count,aiot,0,1 Feb 2026 4:51:44
697edd0cdffb5babfa206eb0,data_ml,p_count,aiot,0,1 Feb 2026 4:56:44
697ede38dffb5babfa206eb2,data_ml,p_count,aiot,1,1 Feb 2026 5:1:44
697edf64dffb5babfa206eb4,data_ml,p_count,aiot,28,1 Feb 2026 5:6:44
697ee090dffb5babfa206eb6,data_ml,p_count,aiot,139,1 Feb 2026 5:11:44
697ee1bddffb5babfa206eb8,data_ml,p_count,aiot,89,1 Feb 2026 5:16:45
697ee2e9dffb5babfa206eba,data_ml,p_count,aiot,145,1 Feb 2026 5:21:45
697ee415dffb5babfa206ebc,data_ml,p_count,aiot,122,1 Feb 2026 5:26:45
697ee541dffb5babfa206ebe,data_ml,p_count,aiot,82,1 Feb 2026 5:31:45
697ee66edffb5babfa206ec0,data_ml,p_count,aiot,58,1 Feb 2026 5:36:46
697ee79adffb5babfa206ec2,data_ml,p_count,aiot,150,1 Feb 2026 5:41:46
697ee8c6dffb5babfa206ec4,data_ml,p_count,aiot,200,1 Feb 2026 5:46:46
697ee9f2dffb5babfa206ec6,data_ml,p_count,aiot,253,1 Feb 2026 5:51:46
697eeb1edffb5babfa206ec8,data_ml,p_count,aiot,197,1 Feb 2026 5:56:46
697eec4bdffb5babfa206eca,data_ml,p_count,aiot,52,1 Feb 2026 6:1:47
697eed76dffb5babfa206ecc,data_ml,p_count,aiot,4,1 Feb 2026 6:6:46
697eeea2dffb5babfa206ece,data_ml,p_count,aiot,3,1 Feb 2026 6:11:46
697eefcfdffb5babfa206ed0,data_ml,p_count,aiot,25,1 Feb 2026 6:16:47
697ef0fadffb5babfa206ed2,data_ml,p_count,aiot,27,1 Feb 2026 6:21:46
697ef226dffb5babfa206ed4,data_ml,p_count,aiot,9,1 Feb 2026 6:26:46
697ef353dffb5babfa206ed6,data_ml,p_count,aiot,4,1 Feb 2026 6:31:47
697ef47fdffb5babfa206ed8,data_ml,p_count,aiot,15,1 Feb 2026 6:36:47
697ef5aadffb5babfa206eda,data_ml,p_count,aiot,9,1 Feb 2026 6:41:46
697ef6d7dffb5babfa206edc,data_ml,p_count,aiot,0,1 Feb 2026 6:46:47
697ef803dffb5babfa206ede,data_ml,p_count,aiot,6,1 Feb 2026 6:51:47
697ef92fdffb5babfa206ee0,data_ml,p_count,aiot,1,1 Feb 2026 6:56:47
697efa5bdffb5babfa206ee2,data_ml,p_count,aiot,20,1 Feb 2026 7:1:47
697efb87dffb5babfa206ee4,data_ml,p_count,aiot,50,1 Feb 2026 7:6:47
697efcb3dffb5babfa206ee6,data_ml,p_count,aiot,28,1 Feb 2026 7:11:47
697efddfdffb5babfa206ee7,data_ml,p_count,aiot,0,1 Feb 2026 7:16:47
697eff0bdffb5babfa206ee9,data_ml,p_count,aiot,35,1 Feb 2026 7:21:47
697f0037dffb5babfa206eeb,data_ml,p_count,aiot,22,1 Feb 2026 7:26:47
697f0163dffb5babfa206eed,data_ml,p_count,aiot,36,1 Feb 2026 7:31:47
697f028fdffb5babfa206eef,data_ml,p_count,aiot,26,1 Feb 2026 7:36:47
697f03bcdffb5babfa206ef1,data_ml,p_count,aiot,44,1 Feb 2026 7:41:48
697f04e8dffb5babfa206ef3,data_ml,p_count,aiot,42,1 Feb 2026 7:46:48
697f0614dffb5babfa206ef5,data_ml,p_count,aiot,8,1 Feb 2026 7:51:48
697f0740dffb5babfa206ef7,data_ml,p_count,aiot,4,1 Feb 2026 7:56:48
697f086cdffb5babfa206ef9,data_ml,p_count,aiot,51,1 Feb 2026 8:1:48
697f0998dffb5babfa206efb,data_ml,p_count,aiot,49,1 Feb 2026 8:6:48
697f0ac4dffb5babfa206efd,data_ml,p_count,aiot,13,1 Feb 2026 8:11:48
697f0bf0dffb5babfa206eff,data_ml,p_count,aiot,14,1 Feb 2026 8:16:48
697f0d1cdffb5babfa206f01,data_ml,p_count,aiot,17,1 Feb 2026 8:21:48
697f0e48dffb5babfa206f03,data_ml,p_count,aiot,15,1 Feb 2026 8:26:48
697f0f74dffb5babfa206f05,data_ml,p_count,aiot,65,1 Feb 2026 8:31:48
697f10a0dffb5babfa206f07,data_ml,p_count,aiot,68,1 Feb 2026 8:36:48
697f11ccdffb5babfa206f09,data_ml,p_count,aiot,52,1 Feb 2026 8:41:48
697f12f8dffb5babfa206f0b,data_ml,p_count,aiot,8,1 Feb 2026 8:46:48
697f1424dffb5babfa206f0d,data_ml,p_count,aiot,4,1 Feb 2026 8:51:48
697f1550dffb5babfa206f0f,data_ml,p_count,aiot,5,1 Feb 2026 8:56:48
697f167cdffb5babfa206f11,data_ml,p_count,aiot,50,1 Feb 2026 9:1:48
697f17a8dffb5babfa206f13,data_ml,p_count,aiot,34,1 Feb 2026 9:6:48
697f18d4dffb5babfa206f15,data_ml,p_count,aiot,91,1 Feb 2026 9:11:48
697f1a00dffb5babfa206f17,data_ml,p_count,aiot,27,1 Feb 2026 9:16:48
697f1b2cdffb5babfa206f19,data_ml,p_count,aiot,18,1 Feb 2026 9:21:48
697f1c58dffb5babfa206f1b,data_ml,p_count,aiot,3,1 Feb 2026 9:26:48
697f1d84dffb5babfa206f1d,data_ml,p_count,aiot,33,1 Feb 2026 9:31:48
697f1eb0dffb5babfa206f1f,data_ml,p_count,aiot,56,1 Feb 2026 9:36:48
697f1fdcdffb5babfa206f21,data_ml,p_count,aiot,16,1 Feb 2026 9:41:48
697f2108dffb5babfa206f23,data_ml,p_count,aiot,10,1 Feb 2026 9:46:48
697f2234dffb5babfa206f25,data_ml,p_count,aiot,4,1 Feb 2026 9:51:48
697f2360dffb5babfa206f27,data_ml,p_count,aiot,44,1 Feb 2026 9:56:48
697f248ddffb5babfa206f29,data_ml,p_count,aiot,38,1 Feb 2026 10:1:49
697f25b9dffb5babfa206f2b,data_ml,p_count,aiot,17,1 Feb 2026 10:6:49
697f26e5dffb5babfa206f2d,data_ml,p_count,aiot,2,1 Feb 2026 10:11:49
697f2811dffb5babfa206f2f,data_ml,p_count,aiot,8,1 Feb 2026 10:16:49
697f293ddffb5babfa206f31,data_ml,p_count,aiot,19,1 Feb 2026 10:21:49
697f2a69dffb5babfa206f33,data_ml,p_count,aiot,0,1 Feb 2026 10:26:49
697f2b95dffb5babfa206f35,data_ml,p_count,aiot,0,1 Feb 2026 10:31:49
697f2cc1dffb5babfa206f37,data_ml,p_count,aiot,0,1 Feb 2026 10:36:49
697f2deddffb5babfa206f39,data_ml,p_count,aiot,1,1 Feb 2026 10:41:49
697f2f19dffb5babfa206f3b,data_ml,p_count,aiot,1,1 Feb 2026 10:46:49
697f3045dffb5babfa206f3d,data_ml,p_count,aiot,35,1 Feb 2026 10:51:49
697f3171dffb5babfa206f3f,data_ml,p_count,aiot,30,1 Feb 2026 10:56:49
697f329ddffb5babfa206f41,data_ml,p_count,aiot,74,1 Feb 2026 11:1:49
697f33c9dffb5babfa206f43,data_ml,p_count,aiot,25,1 Feb 2026 11:6:49
697f34f5dffb5babfa206f45,data_ml,p_count,aiot,12,1 Feb 2026 11:11:49
697f3621dffb5babfa206f47,data_ml,p_count,aiot,10,1 Feb 2026 11:16:49
697f374ddffb5babfa206f49,data_ml,p_count,aiot,0,1 Feb 2026 11:21:49
697f3879dffb5babfa206f4b,data_ml,p_count,aiot,51,1 Feb 2026 11:26:49
697f39a5dffb5babfa206f4d,data_ml,p_count,aiot,124,1 Feb 2026 11:31:49
697f3ad2dffb5babfa206f4f,data_ml,p_count,aiot,21,1 Feb 2026 11:36:50
697f3bfedffb5babfa206f51,data_ml,p_count,aiot,58,1 Feb 2026 11:41:50
697f3d29dffb5babfa206f53,data_ml,p_count,aiot,87,1 Feb 2026 11:46:49
697f3e56dffb5babfa206f55,data_ml,p_count,aiot,0,1 Feb 2026 11:51:50
697f3f82dffb5babfa206f57,data_ml,p_count,aiot,6,1 Feb 2026 11:56:50
697f40aedffb5babfa206f59,data_ml,p_count,aiot,13,1 Feb 2026 12:1:50
697f41d9dffb5babfa206f5b,data_ml,p_count,aiot,68,1 Feb 2026 12:6:49
697f4306dffb5babfa206f5d,data_ml,p_count,aiot,60,1 Feb 2026 12:11:50
697f4432dffb5babfa206f5f,data_ml,p_count,aiot,42,1 Feb 2026 12:16:50
697f455edffb5babfa206f61,data_ml,p_count,aiot,39,1 Feb 2026 12:21:50
697f468adffb5babfa206f63,data_ml,p_count,aiot,87,1 Feb 2026 12:26:50
697f47b6dffb5babfa206f65,data_ml,p_count,aiot,48,1 Feb 2026 12:31:50
697f48e2dffb5babfa206f67,data_ml,p_count,aiot,16,1 Feb 2026 12:36:50
697f4a0edffb5babfa206f69,data_ml,p_count,aiot,18,1 Feb 2026 12:41:50
697f4b3adffb5babfa206f6b,data_ml,p_count,aiot,45,1 Feb 2026 12:46:50
697f4c66dffb5babfa206f6d,data_ml,p_count,aiot,83,1 Feb 2026 12:51:50
697f4d92dffb5babfa206f6f,data_ml,p_count,aiot,106,1 Feb 2026 12:56:50
697f4ebedffb5babfa206f71,data_ml,p_count,aiot,104,1 Feb 2026 13:1:50
697f4feadffb5babfa206f73,data_ml,p_count,aiot,23,1 Feb 2026 13:6:50
697f5116dffb5babfa206f75,data_ml,p_count,aiot,74,1 Feb 2026 13:11:50
697f5242dffb5babfa206f77,data_ml,p_count,aiot,46,1 Feb 2026 13:16:50
697f536edffb5babfa206f79,data_ml,p_count,aiot,23,1 Feb 2026 13:21:50
697f549adffb5babfa206f7b,data_ml,p_count,aiot,0,1 Feb 2026 13:26:50
697f55c6dffb5babfa206f7d,data_ml,p_count,aiot,4,1 Feb 2026 13:31:50
697f56f2dffb5babfa206f7f,data_ml,p_count,aiot,0,1 Feb 2026 13:36:50
697f581edffb5babfa206f81,data_ml,p_count,aiot,1,1 Feb 2026 13:41:50
697f594bdffb5babfa206f83,data_ml,p_count,aiot,42,1 Feb 2026 13:46:51
697f5a76dffb5babfa206f85,data_ml,p_count,aiot,2,1 Feb 2026 13:51:50
697f5ba2dffb5babfa206f87,data_ml,p_count,aiot,30,1 Feb 2026 13:56:50
697f5ccfdffb5babfa206f89,data_ml,p_count,aiot,9,1 Feb 2026 14:1:51
697f5dfadffb5babfa206f8b,data_ml,p_count,aiot,1,1 Feb 2026 14:6:50
697f5f26dffb5babfa206f8d,data_ml,p_count,aiot,5,1 Feb 2026 14:11:50
697f6053dffb5babfa206f8f,data_ml,p_count,aiot,11,1 Feb 2026 14:16:51
697f617fdffb5babfa206f91,data_ml,p_count,aiot,9,1 Feb 2026 14:21:51
697f62abdffb5babfa206f93,data_ml,p_count,aiot,0,1 Feb 2026 14:26:51
697f63d7dffb5babfa206f95,data_ml,p_count,aiot,29,1 Feb 2026 14:31:51
697f6503dffb5babfa206f97,data_ml,p_count,aiot,83,1 Feb 2026 14:36:51
697f662fdffb5babfa206f99,data_ml,p_count,aiot,10,1 Feb 2026 14:41:51
697f675bdffb5babfa206f9b,data_ml,p_count,aiot,7,1 Feb 2026 14:46:51
697f6887dffb5babfa206f9d,data_ml,p_count,aiot,5,1 Feb 2026 14:51:51
697f69b3dffb5babfa206f9f,data_ml,p_count,aiot,1,1 Feb 2026 14:56:51
697f6adfdffb5babfa206fa1,data_ml,p_count,aiot,3,1 Feb 2026 15:1:51
697f6c0bdffb5babfa206fa3,data_ml,p_count,aiot,0,1 Feb 2026 15:6:51
697f6d37dffb5babfa206fa5,data_ml,p_count,aiot,2,1 Feb 2026 15:11:51
697f6e64dffb5babfa206fa7,data_ml,p_count,aiot,30,1 Feb 2026 15:16:52
697f6f90dffb5babfa206fa9,data_ml,p_count,aiot,42,1 Feb 2026 15:21:52
697f70bcdffb5babfa206fab,data_ml,p_count,aiot,32,1 Feb 2026 15:26:52
697f71e8dffb5babfa206fad,data_ml,p_count,aiot,15,1 Feb 2026 15:31:52
697f7314dffb5babfa206faf,data_ml,p_count,aiot,0,1 Feb 2026 15:36:52
697f7440dffb5babfa206fb1,data_ml,p_count,aiot,3,1 Feb 2026 15:41:52
697f756ddffb5babfa206fb3,data_ml,p_count,aiot,22,1 Feb 2026 15:46:53
697f7699dffb5babfa206fb5,data_ml,p_count,aiot,66,1 Feb 2026 15:51:53
697f77c5dffb5babfa206fb7,data_ml,p_count,aiot,29,1 Feb 2026 15:56:53
697f78f1dffb5babfa206fb9,data_ml,p_count,aiot,13,1 Feb 2026 16:1:53
697f7a1ddffb5babfa206fbb,data_ml,p_count,aiot,6,1 Feb 2026 16:6:53
697f7b49dffb5babfa206fbd,data_ml,p_count,aiot,6,1 Feb 2026 16:11:53
697f7c75dffb5babfa206fbf,data_ml,p_count,aiot,3,1 Feb 2026 16:16:53
697f7da1dffb5babfa206fc1,data_ml,p_count,aiot,160,1 Feb 2026 16:21:53
697f7ecddffb5babfa206fc3,data_ml,p_count,aiot,37,1 Feb 2026 16:26:53
697f7ffadffb5babfa206fc5,data_ml,p_count,aiot,73,1 Feb 2026 16:31:54
697f8125dffb5babfa206fc7,data_ml,p_count,aiot,46,1 Feb 2026 16:36:53
697f8251dffb5babfa206fc9,data_ml,p_count,aiot,0,1 Feb 2026 16:41:53
697f837ddffb5babfa206fcb,data_ml,p_count,aiot,0,1 Feb 2026 16:46:53
697f84a9dffb5babfa206fcd,data_ml,p_count,aiot,4,1 Feb 2026 16:51:53
697f85d5dffb5babfa206fcf,data_ml,p_count,aiot,15,1 Feb 2026 16:56:53
697f8701dffb5babfa206fd1,data_ml,p_count,aiot,9,1 Feb 2026 17:1:53
697f882ddffb5babfa206fd3,data_ml,p_count,aiot,6,1 Feb 2026 17:6:53
697f8959dffb5babfa206fd5,data_ml,p_count,aiot,0,1 Feb 2026 17:11:53
697f8a85dffb5babfa206fd7,data_ml,p_count,aiot,0,1 Feb 2026 17:16:53
697f8bb1dffb5babfa206fd9,data_ml,p_count,aiot,6,1 Feb 2026 17:21:53
697f8cdddffb5babfa206fdb,data_ml,p_count,aiot,7,1 Feb 2026 17:26:53
697f8e09dffb5babfa206fdd,data_ml,p_count,aiot,26,1 Feb 2026 17:31:53
697f8f36dffb5babfa206fdf,data_ml,p_count,aiot,53,1 Feb 2026 17:36:54
697f9062dffb5babfa206fe1,data_ml,p_count,aiot,19,1 Feb 2026 17:41:54
697f918edffb5babfa206fe3,data_ml,p_count,aiot,30,1 Feb 2026 17:46:54
697f92badffb5babfa206fe5,data_ml,p_count,aiot,1,1 Feb 2026 17:51:54
697f93e6dffb5babfa206fe7,data_ml,p_count,aiot,5,1 Feb 2026 17:56:54
697f9512dffb5babfa206fe9,data_ml,p_count,aiot,2,1 Feb 2026 18:1:54
697f963edffb5babfa206feb,data_ml,p_count,aiot,9,1 Feb 2026 18:6:54
697f976adffb5babfa206fed,data_ml,p_count,aiot,0,1 Feb 2026 18:11:54
697f9896dffb5babfa206fef,data_ml,p_count,aiot,21,1 Feb 2026 18:16:54
697f99c2dffb5babfa206ff1,data_ml,p_count,aiot,48,1 Feb 2026 18:21:54
697f9aee45f2e1787939521e,data_ml,p_count,aiot,1,1 Feb 2026 18:26:54
697f9c1a45f2e17879395220,data_ml,p_count,aiot,1,1 Feb 2026 18:31:54
697f9d4645f2e17879395222,data_ml,p_count,aiot,18,1 Feb 2026 18:36:54
697f9e7245f2e17879395224,data_ml,p_count,aiot,1,1 Feb 2026 18:41:54
697f9f9e45f2e17879395226,data_ml,p_count,aiot,7,1 Feb 2026 18:46:54
697fa0ca45f2e17879395228,data_ml,p_count,aiot,60,1 Feb 2026 18:51:54
697fa1f645f2e1787939522a,data_ml,p_count,aiot,44,1 Feb 2026 18:56:54
697fa32245f2e1787939522c,data_ml,p_count,aiot,59,1 Feb 2026 19:1:54
697fa44f45f2e1787939522e,data_ml,p_count,aiot,94,1 Feb 2026 19:6:55
697fa57c45f2e17879395230,data_ml,p_count,aiot,99,1 Feb 2026 19:11:56
697fa6a845f2e17879395232,data_ml,p_count,aiot,64,1 Feb 2026 19:16:56
697fa7d445f2e17879395234,data_ml,p_count,aiot,0,1 Feb 2026 19:21:56
697fa90045f2e17879395236,data_ml,p_count,aiot,1,1 Feb 2026 19:26:56
697faa2c45f2e17879395238,data_ml,p_count,aiot,0,1 Feb 2026 19:31:56
697fab5845f2e1787939523a,data_ml,p_count,aiot,2,1 Feb 2026 19:36:56
697fac8445f2e1787939523c,data_ml,p_count,aiot,14,1 Feb 2026 19:41:56
697fadb045f2e1787939523e,data_ml,p_count,aiot,11,1 Feb 2026 19:46:56
697faedc45f2e17879395240,data_ml,p_count,aiot,11,1 Feb 2026 19:51:56
697fb00845f2e17879395242,data_ml,p_count,aiot,1,1 Feb 2026 19:56:56
697fb13445f2e17879395244,data_ml,p_count,aiot,30,1 Feb 2026 20:1:56
697fb26045f2e17879395246,data_ml,p_count,aiot,75,1 Feb 2026 20:6:56
697fb38c45f2e17879395248,data_ml,p_count,aiot,23,1 Feb 2026 20:11:56
697fb4b845f2e1787939524a,data_ml,p_count,aiot,1,1 Feb 2026 20:16:56
697fb5e445f2e1787939524c,data_ml,p_count,aiot,0,1 Feb 2026 20:21:56
697fb71045f2e1787939524e,data_ml,p_count,aiot,2,1 Feb 2026 20:26:56
697fb83c45f2e17879395250,data_ml,p_count,aiot,4,1 Feb 2026 20:31:56
697fb96845f2e17879395252,data_ml,p_count,aiot,0,1 Feb 2026 20:36:56
697fba9445f2e17879395254,data_ml,p_count,aiot,0,1 Feb 2026 20:41:56
697fbbc045f2e17879395256,data_ml,p_count,aiot,0,1 Feb 2026 20:46:56
697fbcec45f2e17879395258,data_ml,p_count,aiot,0,1 Feb 2026 20:51:56
697fbe1845f2e1787939525a,data_ml,p_count,aiot,1,1 Feb 2026 20:56:56
697fbf4445f2e1787939525c,data_ml,p_count,aiot,0,1 Feb 2026 21:1:56
697fc07045f2e1787939525e,data_ml,p_count,aiot,2,1 Feb 2026 21:6:56
697fc19c45f2e17879395260,data_ml,p_count,aiot,0,1 Feb 2026 21:11:56
697fc2c845f2e17879395262,data_ml,p_count,aiot,1,1 Feb 2026 21:16:56
697fc3f445f2e17879395264,data_ml,p_count,aiot,0,1 Feb 2026 21:21:56
697fc52045f2e17879395266,data_ml,p_count,aiot,1,1 Feb 2026 21:26:56
697fc64c45f2e17879395268,data_ml,p_count,aiot,6,1 Feb 2026 21:31:56
697fc77845f2e1787939526a,data_ml,p_count,aiot,0,1 Feb 2026 21:36:56
697fc8a445f2e1787939526c,data_ml,p_count,aiot,2,1 Feb 2026 21:41:56
697fc9d045f2e1787939526e,data_ml,p_count,aiot,1,1 Feb 2026 21:46:56
697fcafc45f2e17879395270,data_ml,p_count,aiot,6,1 Feb 2026 21:51:56
697fcc2845f2e17879395272,data_ml,p_count,aiot,14,1 Feb 2026 21:56:56
697fcd5445f2e17879395274,data_ml,p_count,aiot,5,1 Feb 2026 22:1:56
697fce8045f2e17879395276,data_ml,p_count,aiot,0,1 Feb 2026 22:6:56
697fcfac45f2e17879395278,data_ml,p_count,aiot,1,1 Feb 2026 22:11:56
697fd0d845f2e1787939527a,data_ml,p_count,aiot,9,1 Feb 2026 22:16:56
697fd20445f2e1787939527c,data_ml,p_count,aiot,5,1 Feb 2026 22:21:56
697fd33045f2e1787939527e,data_ml,p_count,aiot,0,1 Feb 2026 22:26:56
697fd45d45f2e17879395280,data_ml,p_count,aiot,0,1 Feb 2026 22:31:57
697fd58845f2e17879395282,data_ml,p_count,aiot,0,1 Feb 2026 22:36:56
697fd6b445f2e17879395284,data_ml,p_count,aiot,1,1 Feb 2026 22:41:56
697fd7e145f2e17879395286,data_ml,p_count,aiot,8,1 Feb 2026 22:46:57
697fd90d45f2e17879395288,data_ml,p_count,aiot,15,1 Feb 2026 22:51:57
697fda3945f2e1787939528a,data_ml,p_count,aiot,24,1 Feb 2026 22:56:57
697fdb6645f2e1787939528c,data_ml,p_count,aiot,1,1 Feb 2026 23:1:58
697fdc9245f2e1787939528e,data_ml,p_count,aiot,0,1 Feb 2026 23:6:58
697fddbd45f2e17879395290,data_ml,p_count,aiot,1,1 Feb 2026 23:11:57
697fdeea45f2e17879395292,data_ml,p_count,aiot,1,1 Feb 2026 23:16:58
697fe01645f2e17879395294,data_ml,p_count,aiot,2,1 Feb 2026 23:21:58
697fe14145f2e17879395296,data_ml,p_count,aiot,0,1 Feb 2026 23:26:57
697fe26e45f2e17879395298,data_ml,p_count,aiot,0,1 Feb 2026 23:31:58
697fe39a45f2e1787939529a,data_ml,p_count,aiot,0,1 Feb 2026 23:36:58
697fe4c645f2e1787939529c,data_ml,p_count,aiot,3,1 Feb 2026 23:41:58
697fe5f245f2e1787939529e,data_ml,p_count,aiot,1,1 Feb 2026 23:46:58
697fe71e45f2e178793952a0,data_ml,p_count,aiot,3,1 Feb 2026 23:51:58
697fe84a45f2e178793952a2,data_ml,p_count,aiot,2,1 Feb 2026 23:56:58
697fe97645f2e178793952a4,data_ml,p_count,aiot,2,2 Feb 2026 0:1:58
697feaa245f2e178793952a6,data_ml,p_count,aiot,16,2 Feb 2026 0:6:58
697febce45f2e178793952a8,data_ml,p_count,aiot,4,2 Feb 2026 0:11:58
697fecfa45f2e178793952aa,data_ml,p_count,aiot,8,2 Feb 2026 0:16:58
697fee2645f2e178793952ac,data_ml,p_count,aiot,42,2 Feb 2026 0:21:58
697fef5245f2e178793952ae,data_ml,p_count,aiot,107,2 Feb 2026 0:26:58
697ff07e45f2e178793952b0,data_ml,p_count,aiot,31,2 Feb 2026 0:31:58
697ff1aa45f2e178793952b2,data_ml,p_count,aiot,1,2 Feb 2026 0:36:58
697ff2d645f2e178793952b4,data_ml,p_count,aiot,3,2 Feb 2026 0:41:58
697ff40245f2e178793952b6,data_ml,p_count,aiot,10,2 Feb 2026 0:46:58
697ff52e45f2e178793952b8,data_ml,p_count,aiot,0,2 Feb 2026 0:51:58
697ff65a45f2e178793952ba,data_ml,p_count,aiot,2,2 Feb 2026 0:56:58
697ff78645f2e178793952bc,data_ml,p_count,aiot,0,2 Feb 2026 1:1:58
697ff8b245f2e178793952be,data_ml,p_count,aiot,0,2 Feb 2026 1:6:58
697ff9de45f2e178793952c0,data_ml,p_count,aiot,1,2 Feb 2026 1:11:58
697ffb0a45f2e178793952c2,data_ml,p_count,aiot,9,2 Feb 2026 1:16:58
697ffc3645f2e178793952c4,data_ml,p_count,aiot,3,2 Feb 2026 1:21:58
697ffd6245f2e178793952c6,data_ml,p_count,aiot,1,2 Feb 2026 1:26:58
697ffe8e45f2e178793952c8,data_ml,p_count,aiot,3,2 Feb 2026 1:31:58
697fffba45f2e178793952ca,data_ml,p_count,aiot,1,2 Feb 2026 1:36:58
698000e645f2e178793952cc,data_ml,p_count,aiot,0,2 Feb 2026 1:41:58
6980021245f2e178793952ce,data_ml,p_count,aiot,1,2 Feb 2026 1:46:58
6980033e45f2e178793952d0,data_ml,p_count,aiot,0,2 Feb 2026 1:51:58
6980046a45f2e178793952d2,data_ml,p_count,aiot,0,2 Feb 2026 1:56:58
6980059645f2e178793952d4,data_ml,p_count,aiot,0,2 Feb 2026 2:1:58
698006c245f2e178793952d6,data_ml,p_count,aiot,1,2 Feb 2026 2:6:58
698007ee45f2e178793952d8,data_ml,p_count,aiot,1,2 Feb 2026 2:11:58
6980091a45f2e178793952da,data_ml,p_count,aiot,3,2 Feb 2026 2:16:58
69800a4645f2e178793952dc,data_ml,p_count,aiot,1,2 Feb 2026 2:21:58
69800b7245f2e178793952de,data_ml,p_count,aiot,2,2 Feb 2026 2:26:58
69800c9e45f2e178793952e0,data_ml,p_count,aiot,5,2 Feb 2026 2:31:58
69800dca45f2e178793952e2,data_ml,p_count,aiot,59,2 Feb 2026 2:36:58
69800ef645f2e178793952e4,data_ml,p_count,aiot,47,2 Feb 2026 2:41:58
6980102345f2e178793952e6,data_ml,p_count,aiot,122,2 Feb 2026 2:46:59
6980114e45f2e178793952e8,data_ml,p_count,aiot,112,2 Feb 2026 2:51:58
6980127a45f2e178793952ea,data_ml,p_count,aiot,16,2 Feb 2026 2:56:58
698013a745f2e178793952ec,data_ml,p_count,aiot,0,2 Feb 2026 3:1:59
698014d345f2e178793952ee,data_ml,p_count,aiot,5,2 Feb 2026 3:6:59
698015ff45f2e178793952f0,data_ml,p_count,aiot,16,2 Feb 2026 3:11:59
6980172b45f2e178793952f2,data_ml,p_count,aiot,1,2 Feb 2026 3:16:59
6980185745f2e178793952f4,data_ml,p_count,aiot,0,2 Feb 2026 3:21:59
6980198345f2e178793952f6,data_ml,p_count,aiot,0,2 Feb 2026 3:26:59
69801aaf45f2e178793952f8,data_ml,p_count,aiot,0,2 Feb 2026 3:31:59
69801bdb45f2e178793952fa,data_ml,p_count,aiot,1,2 Feb 2026 3:36:59
69801d0745f2e178793952fc,data_ml,p_count,aiot,5,2 Feb 2026 3:41:59
69801e3345f2e178793952fe,data_ml,p_count,aiot,7,2 Feb 2026 3:46:59
69801f5f45f2e17879395300,data_ml,p_count,aiot,1,2 Feb 2026 3:51:59
6980208b45f2e17879395302,data_ml,p_count,aiot,0,2 Feb 2026 3:56:59
698021b745f2e17879395304,data_ml,p_count,aiot,1,2 Feb 2026 4:1:59
698022e345f2e17879395306,data_ml,p_count,aiot,1,2 Feb 2026 4:6:59
6980240f45f2e17879395308,data_ml,p_count,aiot,0,2 Feb 2026 4:11:59
6980253b45f2e1787939530a,data_ml,p_count,aiot,0,2 Feb 2026 4:16:59
6980266745f2e1787939530c,data_ml,p_count,aiot,0,2 Feb 2026 4:21:59
6980279345f2e1787939530e,data_ml,p_count,aiot,1,2 Feb 2026 4:26:59
698028bf45f2e17879395310,data_ml,p_count,aiot,1,2 Feb 2026 4:31:59
698029eb45f2e17879395312,data_ml,p_count,aiot,2,2 Feb 2026 4:36:59
69802b1745f2e17879395314,data_ml,p_count,aiot,0,2 Feb 2026 4:41:59
69802c4345f2e17879395316,data_ml,p_count,aiot,5,2 Feb 2026 4:46:59
69802d6f45f2e17879395318,data_ml,p_count,aiot,14,2 Feb 2026 4:51:59
69802e9b45f2e1787939531a,data_ml,p_count,aiot,67,2 Feb 2026 4:56:59
69802fc745f2e1787939531c,data_ml,p_count,aiot,35,2 Feb 2026 5:1:59
698030f345f2e1787939531e,data_ml,p_count,aiot,46,2 Feb 2026 5:6:59
6980321f45f2e17879395320,data_ml,p_count,aiot,186,2 Feb 2026 5:11:59
6980334b45f2e17879395321,data_ml,p_count,aiot,193,2 Feb 2026 5:16:59
6980347745f2e17879395323,data_ml,p_count,aiot,101,2 Feb 2026 5:21:59
698035a345f2e17879395325,data_ml,p_count,aiot,42,2 Feb 2026 5:26:59
698036cf45f2e17879395327,data_ml,p_count,aiot,6,2 Feb 2026 5:31:59
698037fb45f2e17879395329,data_ml,p_count,aiot,0,2 Feb 2026 5:36:59
6980392745f2e1787939532b,data_ml,p_count,aiot,1,2 Feb 2026 5:41:59
69803a5345f2e1787939532d,data_ml,p_count,aiot,7,2 Feb 2026 5:46:59
69803b7f45f2e1787939532f,data_ml,p_count,aiot,33,2 Feb 2026 5:51:59
69803cab45f2e17879395331,data_ml,p_count,aiot,15,2 Feb 2026 5:56:59
69803dd745f2e17879395333,data_ml,p_count,aiot,3,2 Feb 2026 6:1:59
69803f0345f2e17879395335,data_ml,p_count,aiot,25,2 Feb 2026 6:6:59
6980402f45f2e17879395337,data_ml,p_count,aiot,25,2 Feb 2026 6:11:59
6980415b45f2e17879395339,data_ml,p_count,aiot,2,2 Feb 2026 6:16:59
6980428745f2e1787939533b,data_ml,p_count,aiot,3,2 Feb 2026 6:21:59
698043b345f2e1787939533d,data_ml,p_count,aiot,4,2 Feb 2026 6:26:59
698044df45f2e1787939533f,data_ml,p_count,aiot,19,2 Feb 2026 6:31:59
6980460b45f2e17879395341,data_ml,p_count,aiot,18,2 Feb 2026 6:36:59
6980473745f2e17879395343,data_ml,p_count,aiot,37,2 Feb 2026 6:41:59
6980486345f2e17879395345,data_ml,p_count,aiot,36,2 Feb 2026 6:46:59
6980498f45f2e17879395347,data_ml,p_count,aiot,48,2 Feb 2026 6:51:59
69804abc45f2e17879395349,data_ml,p_count,aiot,63,2 Feb 2026 6:57:0
69804be845f2e1787939534b,data_ml,p_count,aiot,277,2 Feb 2026 7:2:0
69804d1545f2e1787939534d,data_ml,p_count,aiot,210,2 Feb 2026 7:7:1
69804e4145f2e1787939534f,data_ml,p_count,aiot,270,2 Feb 2026 7:12:1
69804f6d45f2e17879395351,data_ml,p_count,aiot,165,2 Feb 2026 7:17:1
6980509a45f2e17879395353,data_ml,p_count,aiot,199,2 Feb 2026 7:22:2
698051c745f2e17879395355,data_ml,p_count,aiot,137,2 Feb 2026 7:27:3
698052f545f2e17879395357,data_ml,p_count,aiot,94,2 Feb 2026 7:32:5
6980542045f2e17879395359,data_ml,p_count,aiot,87,2 Feb 2026 7:37:4
6980554c45f2e1787939535b,data_ml,p_count,aiot,175,2 Feb 2026 7:42:4
6980567845f2e1787939535d,data_ml,p_count,aiot,51,2 Feb 2026 7:47:4
698057a445f2e1787939535f,data_ml,p_count,aiot,0,2 Feb 2026 7:52:4
6980595445f2e17879395362,data_ml,p_count,aiot,288,2 Feb 2026 7:59:16
69805d0945f2e17879395366,data_ml,p_count,aiot,12,2 Feb 2026 8:15:5
69805d2745f2e17879395367,data_ml,p_count,aiot,0,2 Feb 2026 8:15:35
69805d4545f2e17879395368,data_ml,p_count,aiot,0,2 Feb 2026 8:16:5
69805d6345f2e17879395369,data_ml,p_count,aiot,0,2 Feb 2026 8:16:35
69805d8145f2e1787939536a,data_ml,p_count,aiot,0,2 Feb 2026 8:17:5
69805d9f45f2e1787939536b,data_ml,p_count,aiot,0,2 Feb 2026 8:17:35
69805dbd45f2e1787939536d,data_ml,p_count,aiot,0,2 Feb 2026 8:18:5
69805dff45f2e1787939536e,data_ml,p_count,aiot,0,2 Feb 2026 8:19:11
69805e1d45f2e1787939536f,data_ml,p_count,aiot,0,2 Feb 2026 8:19:41
69805e3b45f2e17879395370,data_ml,p_count,aiot,0,2 Feb 2026 8:20:11
69805e6b45f2e17879395371,data_ml,p_count,aiot,7,2 Feb 2026 8:20:59
69805e8945f2e17879395372,data_ml,p_count,aiot,7,2 Feb 2026 8:21:29
69805ec545f2e17879395373,data_ml,p_count,aiot,1,2 Feb 2026 8:22:29
69805ee345f2e17879395375,data_ml,p_count,aiot,0,2 Feb 2026 8:22:59
69805f2045f2e17879395376,data_ml,p_count,aiot,0,2 Feb 2026 8:24:0
69805f4045f2e17879395377,data_ml,p_count,aiot,0,2 Feb 2026 8:24:32
69805f7a45f2e17879395378,data_ml,p_count,aiot,0,2 Feb 2026 8:25:30
69805fae45f2e17879395379,data_ml,p_count,aiot,9,2 Feb 2026 8:26:22
69805fcc45f2e1787939537a,data_ml,p_count,aiot,0,2 Feb 2026 8:26:52
6980600945f2e1787939537c,data_ml,p_count,aiot,0,2 Feb 2026 8:27:53
6980602745f2e1787939537d,data_ml,p_count,aiot,0,2 Feb 2026 8:28:23
6980606345f2e1787939537e,data_ml,p_count,aiot,0,2 Feb 2026 8:29:23
6980608145f2e1787939537f,data_ml,p_count,aiot,0,2 Feb 2026 8:29:53
698060be45f2e17879395380,data_ml,p_count,aiot,0,2 Feb 2026 8:30:54
6980611045f2e17879395381,data_ml,p_count,aiot,2,2 Feb 2026 8:32:16
6980612e45f2e17879395383,data_ml,p_count,aiot,0,2 Feb 2026 8:32:46
698062b345f2e17879395385,data_ml,p_count,aiot,23,2 Feb 2026 8:39:15
698063df45f2e17879395386,data_ml,p_count,aiot,9,2 Feb 2026 8:44:15
6980650b45f2e17879395388,data_ml,p_count,aiot,8,2 Feb 2026 8:49:15
6980663745f2e17879395389,data_ml,p_count,aiot,13,2 Feb 2026 8:54:15
6980676345f2e1787939538b,data_ml,p_count,aiot,14,2 Feb 2026 8:59:15
6980688f45f2e1787939538d,data_ml,p_count,aiot,21,2 Feb 2026 9:4:15
698069bb45f2e1787939538f,data_ml,p_count,aiot,16,2 Feb 2026 9:9:15
69806b7645f2e17879395391,data_ml,p_count,aiot,64,2 Feb 2026 9:16:38
69806ff745f2e17879395396,data_ml,p_count,aiot,2,2 Feb 2026 9:35:51
6980712345f2e17879395398,data_ml,p_count,aiot,1,2 Feb 2026 9:40:51
6980724f45f2e1787939539a,data_ml,p_count,aiot,1,2 Feb 2026 9:45:51
6980737b45f2e1787939539c,data_ml,p_count,aiot,0,2 Feb 2026 9:50:51
698074a745f2e1787939539e,data_ml,p_count,aiot,0,2 Feb 2026 9:55:51
698075d345f2e178793953a0,data_ml,p_count,aiot,0,2 Feb 2026 10:0:51
6980770045f2e178793953a2,data_ml,p_count,aiot,0,2 Feb 2026 10:5:52
6980782b45f2e178793953a4,data_ml,p_count,aiot,0,2 Feb 2026 10:10:51
6980795745f2e178793953a6,data_ml,p_count,aiot,2,2 Feb 2026 10:15:51
69807a8345f2e178793953a8,data_ml,p_count,aiot,2,2 Feb 2026 10:20:51
69807baf45f2e178793953aa,data_ml,p_count,aiot,0,2 Feb 2026 10:25:51
69807cdb45f2e178793953ac,data_ml,p_count,aiot,0,2 Feb 2026 10:30:51
69807e0745f2e178793953ae,data_ml,p_count,aiot,0,2 Feb 2026 10:35:51
69807f3345f2e178793953b0,data_ml,p_count,aiot,0,2 Feb 2026 10:40:51
6980805f45f2e178793953b2,data_ml,p_count,aiot,0,2 Feb 2026 10:45:51
6980818b45f2e178793953b4,data_ml,p_count,aiot,0,2 Feb 2026 10:50:51
698082b745f2e178793953b6,data_ml,p_count,aiot,3,2 Feb 2026 10:55:51
698083e345f2e178793953b8,data_ml,p_count,aiot,1,2 Feb 2026 11:0:51
6980850f45f2e178793953ba,data_ml,p_count,aiot,0,2 Feb 2026 11:5:51
6980863b45f2e178793953bc,data_ml,p_count,aiot,0,2 Feb 2026 11:10:51
6980876745f2e178793953be,data_ml,p_count,aiot,1,2 Feb 2026 11:15:51
6980889345f2e178793953c0,data_ml,p_count,aiot,2,2 Feb 2026 11:20:51
698089bf45f2e178793953c2,data_ml,p_count,aiot,2,2 Feb 2026 11:25:51
698090c7e6e3bb7f5c494911,data_ml,p_count,aiot,2,2 Feb 2026 11:55:51
69809578c3000a9cd10187b7,data_ml,p_count,aiot,0,2 Feb 2026 12:15:52
698096a4c3000a9cd10187b9,data_ml,p_count,aiot,1,2 Feb 2026 12:20:52
698097d0c3000a9cd10187bb,data_ml,p_count,aiot,0,2 Feb 2026 12:25:52
698098fcc3000a9cd10187bd,data_ml,p_count,aiot,0,2 Feb 2026 12:30:52
69809a28c3000a9cd10187bf,data_ml,p_count,aiot,0,2 Feb 2026 12:35:52
69809b54c3000a9cd10187c1,data_ml,p_count,aiot,0,2 Feb 2026 12:40:52
69809c80c3000a9cd10187c3,data_ml,p_count,aiot,3,2 Feb 2026 12:45:52
69809dacc3000a9cd10187c5,data_ml,p_count,aiot,0,2 Feb 2026 12:50:52
69809ed8c3000a9cd10187c7,data_ml,p_count,aiot,0,2 Feb 2026 12:55:52
6980a004c3000a9cd10187c9,data_ml,p_count,aiot,2,2 Feb 2026 13:0:52
6980a130c3000a9cd10187cb,data_ml,p_count,aiot,0,2 Feb 2026 13:5:52
6980a25cc3000a9cd10187cd,data_ml,p_count,aiot,2,2 Feb 2026 13:10:52
6980a388c3000a9cd10187cf,data_ml,p_count,aiot,0,2 Feb 2026 13:15:52
6980a4b4c3000a9cd10187d1,data_ml,p_count,aiot,0,2 Feb 2026 13:20:52
6980a5e0c3000a9cd10187d3,data_ml,p_count,aiot,0,2 Feb 2026 13:25:52
6980a70cc3000a9cd10187d5,data_ml,p_count,aiot,1,2 Feb 2026 13:30:52
6980a838c3000a9cd10187d7,data_ml,p_count,aiot,0,2 Feb 2026 13:35:52
6980a964c3000a9cd10187d9,data_ml,p_count,aiot,0,2 Feb 2026 13:40:52
6980aa90c3000a9cd10187db,data_ml,p_count,aiot,0,2 Feb 2026 13:45:52
6980abbcc3000a9cd10187dd,data_ml,p_count,aiot,0,2 Feb 2026 13:50:52
6980ace8c3000a9cd10187df,data_ml,p_count,aiot,1,2 Feb 2026 13:55:52
6980ae14c3000a9cd10187e1,data_ml,p_count,aiot,0,2 Feb 2026 14:0:52
6980af40c3000a9cd10187e3,data_ml,p_count,aiot,3,2 Feb 2026 14:5:52
6980b06cc3000a9cd10187e5,data_ml,p_count,aiot,2,2 Feb 2026 14:10:52
6980b198c3000a9cd10187e7,data_ml,p_count,aiot,2,2 Feb 2026 14:15:52
6980b2c4c3000a9cd10187e9,data_ml,p_count,aiot,9,2 Feb 2026 14:20:52
6980b3f0c3000a9cd10187eb,data_ml,p_count,aiot,0,2 Feb 2026 14:25:52
6980b649c3000a9cd10187ee,data_ml,p_count,aiot,4,2 Feb 2026 14:35:53
6980b774c3000a9cd10187f0,data_ml,p_count,aiot,3,2 Feb 2026 14:40:52
6980b8a0c3000a9cd10187f2,data_ml,p_count,aiot,1,2 Feb 2026 14:45:52
6980b9ccc3000a9cd10187f4,data_ml,p_count,aiot,0,2 Feb 2026 14:50:52
6980baf8c3000a9cd10187f6,data_ml,p_count,aiot,0,2 Feb 2026 14:55:52
6980bc24c3000a9cd10187f8,data_ml,p_count,aiot,1,2 Feb 2026 15:0:52
6980bd50c3000a9cd10187fa,data_ml,p_count,aiot,2,2 Feb 2026 15:5:52
6980be7cc3000a9cd10187fc,data_ml,p_count,aiot,0,2 Feb 2026 15:10:52
6980bfa8c3000a9cd10187fe,data_ml,p_count,aiot,0,2 Feb 2026 15:15:52
6980c0d4c3000a9cd1018800,data_ml,p_count,aiot,0,2 Feb 2026 15:20:52
6980c201c3000a9cd1018802,data_ml,p_count,aiot,0,2 Feb 2026 15:25:53
6980c32cc3000a9cd1018804,data_ml,p_count,aiot,0,2 Feb 2026 15:30:52
6980c458c3000a9cd1018806,data_ml,p_count,aiot,0,2 Feb 2026 15:35:52
6980c584c3000a9cd1018808,data_ml,p_count,aiot,0,2 Feb 2026 15:40:52
6980c6b0c3000a9cd101880a,data_ml,p_count,aiot,2,2 Feb 2026 15:45:52
6980c7ddc3000a9cd101880c,data_ml,p_count,aiot,0,2 Feb 2026 15:50:53
6980c909c3000a9cd101880d,data_ml,p_count,aiot,0,2 Feb 2026 15:55:53
6980ca34c3000a9cd101880e,data_ml,p_count,aiot,0,2 Feb 2026 16:0:52
6980cb60c3000a9cd101880f,data_ml,p_count,aiot,0,2 Feb 2026 16:5:52
6980cc8dc3000a9cd1018810,data_ml,p_count,aiot,0,2 Feb 2026 16:10:53
6980cdb8c3000a9cd1018811,data_ml,p_count,aiot,0,2 Feb 2026 16:15:52
6980cee4c3000a9cd1018812,data_ml,p_count,aiot,0,2 Feb 2026 16:20:52
6980d011c3000a9cd1018813,data_ml,p_count,aiot,0,2 Feb 2026 16:25:53
6980d13dc3000a9cd1018814,data_ml,p_count,aiot,0,2 Feb 2026 16:30:53
6980d269c3000a9cd1018815,data_ml,p_count,aiot,0,2 Feb 2026 16:35:53
6980d395c3000a9cd1018816,data_ml,p_count,aiot,1,2 Feb 2026 16:40:53
6980d4c1c3000a9cd1018817,data_ml,p_count,aiot,0,2 Feb 2026 16:45:53
6980d5edc3000a9cd1018818,data_ml,p_count,aiot,0,2 Feb 2026 16:50:53
6980d719c3000a9cd1018819,data_ml,p_count,aiot,0,2 Feb 2026 16:55:53
6980d971c3000a9cd101881a,data_ml,p_count,aiot,0,2 Feb 2026 17:5:53
6980da9dc3000a9cd101881b,data_ml,p_count,aiot,0,2 Feb 2026 17:10:53
6980dbc9c3000a9cd101881c,data_ml,p_count,aiot,0,2 Feb 2026 17:15:53
6980dcf5c3000a9cd101881d,data_ml,p_count,aiot,0,2 Feb 2026 17:20:53
6980de21c3000a9cd101881e,data_ml,p_count,aiot,0,2 Feb 2026 17:25:53
6980df4dc3000a9cd101881f,data_ml,p_count,aiot,0,2 Feb 2026 17:30:53
6980e079c3000a9cd1018820,data_ml,p_count,aiot,0,2 Feb 2026 17:35:53
6980e1a53fd4ba931cf4a438,data_ml,p_count,aiot,0,2 Feb 2026 17:40:53
6980e2d13fd4ba931cf4a439,data_ml,p_count,aiot,0,2 Feb 2026 17:45:53
6980e78170a26617fb643dd0,data_ml,p_count,aiot,0,2 Feb 2026 18:5:53
6980e8ad70a26617fb643dd1,data_ml,p_count,aiot,0,2 Feb 2026 18:10:53
6980e9d970a26617fb643dd2,data_ml,p_count,aiot,0,2 Feb 2026 18:15:53
6980eb0570a26617fb643dd3,data_ml,p_count,aiot,0,2 Feb 2026 18:20:53
6980ec3170a26617fb643dd4,data_ml,p_count,aiot,0,2 Feb 2026 18:25:53
6980ed5d70a26617fb643dd5,data_ml,p_count,aiot,0,2 Feb 2026 18:30:53
6980ee8970a26617fb643dd6,data_ml,p_count,aiot,0,2 Feb 2026 18:35:53
6980efb570a26617fb643dd7,data_ml,p_count,aiot,0,2 Feb 2026 18:40:53
6980f0e170a26617fb643dd8,data_ml,p_count,aiot,0,2 Feb 2026 18:45:53
6980f20d70a26617fb643dd9,data_ml,p_count,aiot,0,2 Feb 2026 18:50:53
6980f33970a26617fb643dda,data_ml,p_count,aiot,0,2 Feb 2026 18:55:53
6980f46570a26617fb643ddb,data_ml,p_count,aiot,0,2 Feb 2026 19:0:53
6980f59170a26617fb643ddc,data_ml,p_count,aiot,0,2 Feb 2026 19:5:53
6980f6bd70a26617fb643ddd,data_ml,p_count,aiot,0,2 Feb 2026 19:10:53
6980f7e970a26617fb643dde,data_ml,p_count,aiot,0,2 Feb 2026 19:15:53
6980f91570a26617fb643ddf,data_ml,p_count,aiot,0,2 Feb 2026 19:20:53
6980fa4170a26617fb643de0,data_ml,p_count,aiot,0,2 Feb 2026 19:25:53
6980fc9a70a26617fb643de1,data_ml,p_count,aiot,0,2 Feb 2026 19:35:54
6980fdc670a26617fb643de2,data_ml,p_count,aiot,0,2 Feb 2026 19:40:54
6980fef270a26617fb643de3,data_ml,p_count,aiot,0,2 Feb 2026 19:45:54
6981001e70a26617fb643de4,data_ml,p_count,aiot,0,2 Feb 2026 19:50:54
6981014a70a26617fb643de5,data_ml,p_count,aiot,0,2 Feb 2026 19:55:54
6981027670a26617fb643de6,data_ml,p_count,aiot,0,2 Feb 2026 20:0:54
698103a270a26617fb643de7,data_ml,p_count,aiot,0,2 Feb 2026 20:5:54
698104ce70a26617fb643de8,data_ml,p_count,aiot,0,2 Feb 2026 20:10:54
698105fa70a26617fb643de9,data_ml,p_count,aiot,0,2 Feb 2026 20:15:54
6981072670a26617fb643dea,data_ml,p_count,aiot,0,2 Feb 2026 20:20:54
6981085270a26617fb643deb,data_ml,p_count,aiot,0,2 Feb 2026 20:25:54
6981097e70a26617fb643dec,data_ml,p_count,aiot,0,2 Feb 2026 20:30:54
69810aaa70a26617fb643ded,data_ml,p_count,aiot,0,2 Feb 2026 20:35:54
69810bd670a26617fb643dee,data_ml,p_count,aiot,0,2 Feb 2026 20:40:54
69810d0270a26617fb643def,data_ml,p_count,aiot,0,2 Feb 2026 20:45:54
69810e2e70a26617fb643df0,data_ml,p_count,aiot,0,2 Feb 2026 20:50:54
69810f5a70a26617fb643df1,data_ml,p_count,aiot,0,2 Feb 2026 20:55:54
6981108670a26617fb643df2,data_ml,p_count,aiot,0,2 Feb 2026 21:0:54
698111b270a26617fb643df3,data_ml,p_count,aiot,0,2 Feb 2026 21:5:54
698112de70a26617fb643df4,data_ml,p_count,aiot,0,2 Feb 2026 21:10:54
6981140a70a26617fb643df5,data_ml,p_count,aiot,0,2 Feb 2026 21:15:54
6981153670a26617fb643df6,data_ml,p_count,aiot,0,2 Feb 2026 21:20:54
6981166270a26617fb643df7,data_ml,p_count,aiot,0,2 Feb 2026 21:25:54
6981178e70a26617fb643df8,data_ml,p_count,aiot,0,2 Feb 2026 21:30:54
698118ba70a26617fb643df9,data_ml,p_count,aiot,0,2 Feb 2026 21:35:54
698119e670a26617fb643dfa,data_ml,p_count,aiot,0,2 Feb 2026 21:40:54
69811b1270a26617fb643dfb,data_ml,p_count,aiot,0,2 Feb 2026 21:45:54
69811c3e70a26617fb643dfc,data_ml,p_count,aiot,0,2 Feb 2026 21:50:54
69811d6a70a26617fb643dfd,data_ml,p_count,aiot,0,2 Feb 2026 21:55:54
69811fc270a26617fb643dfe,data_ml,p_count,aiot,0,2 Feb 2026 22:5:54
698120ee70a26617fb643dff,data_ml,p_count,aiot,0,2 Feb 2026 22:10:54
6981221a70a26617fb643e00,data_ml,p_count,aiot,0,2 Feb 2026 22:15:54
6981234670a26617fb643e01,data_ml,p_count,aiot,0,2 Feb 2026 22:20:54
6981247270a26617fb643e02,data_ml,p_count,aiot,0,2 Feb 2026 22:25:54
6981259e70a26617fb643e03,data_ml,p_count,aiot,0,2 Feb 2026 22:30:54
698126ca70a26617fb643e04,data_ml,p_count,aiot,0,2 Feb 2026 22:35:54
698127f670a26617fb643e05,data_ml,p_count,aiot,0,2 Feb 2026 22:40:54
6981292270a26617fb643e06,data_ml,p_count,aiot,0,2 Feb 2026 22:45:54
69812a4e70a26617fb643e07,data_ml,p_count,aiot,0,2 Feb 2026 22:50:54
69812b7a70a26617fb643e08,data_ml,p_count,aiot,0,2 Feb 2026 22:55:54
69812ca670a26617fb643e09,data_ml,p_count,aiot,0,2 Feb 2026 23:0:54
69812dd270a26617fb643e0a,data_ml,p_count,aiot,0,2 Feb 2026 23:5:54
69812efe70a26617fb643e0b,data_ml,p_count,aiot,0,2 Feb 2026 23:10:54
6981302a70a26617fb643e0c,data_ml,p_count,aiot,0,2 Feb 2026 23:15:54
6981315670a26617fb643e0d,data_ml,p_count,aiot,148,2 Feb 2026 23:20:54
6981328270a26617fb643e0e,data_ml,p_count,aiot,149,2 Feb 2026 23:25:54
698133ae70a26617fb643e0f,data_ml,p_count,aiot,150,2 Feb 2026 23:30:54
698134da70a26617fb643e10,data_ml,p_count,aiot,150,2 Feb 2026 23:35:54
6981360670a26617fb643e11,data_ml,p_count,aiot,149,2 Feb 2026 23:40:54
6981373270a26617fb643e12,data_ml,p_count,aiot,150,2 Feb 2026 23:45:54
6981385e70a26617fb643e13,data_ml,p_count,aiot,150,2 Feb 2026 23:50:54
6981398a70a26617fb643e14,data_ml,p_count,aiot,149,2 Feb 2026 23:55:54
69813ab670a26617fb643e15,data_ml,p_count,aiot,150,3 Feb 2026 0:0:54
69813be270a26617fb643e16,data_ml,p_count,aiot,150,3 Feb 2026 0:5:54
69813d0e70a26617fb643e17,data_ml,p_count,aiot,149,3 Feb 2026 0:10:54
69813e3a70a26617fb643e18,data_ml,p_count,aiot,150,3 Feb 2026 0:15:54
69813f6670a26617fb643e19,data_ml,p_count,aiot,150,3 Feb 2026 0:20:54
6981409270a26617fb643e1a,data_ml,p_count,aiot,149,3 Feb 2026 0:25:54
698142eb70a26617fb643e1b,data_ml,p_count,aiot,148,3 Feb 2026 0:35:55
6981441770a26617fb643e1c,data_ml,p_count,aiot,149,3 Feb 2026 0:40:55
6981454370a26617fb643e1d,data_ml,p_count,aiot,150,3 Feb 2026 0:45:55
6981466f70a26617fb643e1e,data_ml,p_count,aiot,150,3 Feb 2026 0:50:55
6981479b70a26617fb643e1f,data_ml,p_count,aiot,149,3 Feb 2026 0:55:55
698148c770a26617fb643e20,data_ml,p_count,aiot,150,3 Feb 2026 1:0:55
698149f370a26617fb643e21,data_ml,p_count,aiot,150,3 Feb 2026 1:5:55
69814b1f70a26617fb643e22,data_ml,p_count,aiot,149,3 Feb 2026 1:10:55
69814c4b70a26617fb643e23,data_ml,p_count,aiot,150,3 Feb 2026 1:15:55
69814d7770a26617fb643e24,data_ml,p_count,aiot,150,3 Feb 2026 1:20:55
69814ea370a26617fb643e25,data_ml,p_count,aiot,150,3 Feb 2026 1:25:55
69814fcf70a26617fb643e26,data_ml,p_count,aiot,149,3 Feb 2026 1:30:55
698150fb70a26617fb643e27,data_ml,p_count,aiot,150,3 Feb 2026 1:35:55
6981522770a26617fb643e28,data_ml,p_count,aiot,150,3 Feb 2026 1:40:55
6981535370a26617fb643e29,data_ml,p_count,aiot,149,3 Feb 2026 1:45:55
6981547f70a26617fb643e2a,data_ml,p_count,aiot,150,3 Feb 2026 1:50:55
698155ab70a26617fb643e2b,data_ml,p_count,aiot,150,3 Feb 2026 1:55:55
698156d770a26617fb643e2c,data_ml,p_count,aiot,149,3 Feb 2026 2:0:55
6981580370a26617fb643e2d,data_ml,p_count,aiot,150,3 Feb 2026 2:5:55
6981592f70a26617fb643e2e,data_ml,p_count,aiot,150,3 Feb 2026 2:10:55
69815a5b70a26617fb643e2f,data_ml,p_count,aiot,149,3 Feb 2026 2:15:55
69815b8770a26617fb643e30,data_ml,p_count,aiot,150,3 Feb 2026 2:20:55
69815cb370a26617fb643e31,data_ml,p_count,aiot,150,3 Feb 2026 2:25:55
69815ddf70a26617fb643e32,data_ml,p_count,aiot,149,3 Feb 2026 2:30:55
69815f0b70a26617fb643e33,data_ml,p_count,aiot,150,3 Feb 2026 2:35:55
6981603770a26617fb643e34,data_ml,p_count,aiot,150,3 Feb 2026 2:40:55
6981616370a26617fb643e35,data_ml,p_count,aiot,149,3 Feb 2026 2:45:55
6981628f70a26617fb643e36,data_ml,p_count,aiot,150,3 Feb 2026 2:50:55
698163bb70a26617fb643e37,data_ml,p_count,aiot,150,3 Feb 2026 2:55:55
6981661370a26617fb643e38,data_ml,p_count,aiot,148,3 Feb 2026 3:5:55
6981673f70a26617fb643e39,data_ml,p_count,aiot,149,3 Feb 2026 3:10:55
6981686b70a26617fb643e3a,data_ml,p_count,aiot,150,3 Feb 2026 3:15:55
6981699770a26617fb643e3b,data_ml,p_count,aiot,150,3 Feb 2026 3:20:55
69816ac370a26617fb643e3c,data_ml,p_count,aiot,149,3 Feb 2026 3:25:55
69816bef70a26617fb643e3d,data_ml,p_count,aiot,150,3 Feb 2026 3:30:55
69816d1b70a26617fb643e3e,data_ml,p_count,aiot,150,3 Feb 2026 3:35:55
69816e4770a26617fb643e3f,data_ml,p_count,aiot,149,3 Feb 2026 3:40:55
69816f7370a26617fb643e40,data_ml,p_count,aiot,150,3 Feb 2026 3:45:55
6981709f70a26617fb643e41,data_ml,p_count,aiot,150,3 Feb 2026 3:50:55
698171cb70a26617fb643e42,data_ml,p_count,aiot,150,3 Feb 2026 3:55:55
698172f770a26617fb643e43,data_ml,p_count,aiot,149,3 Feb 2026 4:0:55
6981742370a26617fb643e44,data_ml,p_count,aiot,150,3 Feb 2026 4:5:55
6981754f70a26617fb643e45,data_ml,p_count,aiot,150,3 Feb 2026 4:10:55
6981767b70a26617fb643e46,data_ml,p_count,aiot,149,3 Feb 2026 4:15:55
698177a770a26617fb643e47,data_ml,p_count,aiot,150,3 Feb 2026 4:20:55
698178d370a26617fb643e48,data_ml,p_count,aiot,150,3 Feb 2026 4:25:55
698179ff70a26617fb643e49,data_ml,p_count,aiot,149,3 Feb 2026 4:30:55
69817b2b70a26617fb643e4a,data_ml,p_count,aiot,150,3 Feb 2026 4:35:55
69817c5770a26617fb643e4b,data_ml,p_count,aiot,150,3 Feb 2026 4:40:55
69817d8370a26617fb643e4c,data_ml,p_count,aiot,149,3 Feb 2026 4:45:55
69817eaf70a26617fb643e4d,data_ml,p_count,aiot,150,3 Feb 2026 4:50:55
69817fdb70a26617fb643e4e,data_ml,p_count,aiot,150,3 Feb 2026 4:55:55
6981810770a26617fb643e4f,data_ml,p_count,aiot,149,3 Feb 2026 5:0:55
6981823370a26617fb643e50,data_ml,p_count,aiot,150,3 Feb 2026 5:5:55
6981835f70a26617fb643e51,data_ml,p_count,aiot,150,3 Feb 2026 5:10:55
6981848b70a26617fb643e52,data_ml,p_count,aiot,149,3 Feb 2026 5:15:55
698185b770a26617fb643e53,data_ml,p_count,aiot,150,3 Feb 2026 5:20:55
698186e370a26617fb643e54,data_ml,p_count,aiot,150,3 Feb 2026 5:25:55
6981893c70a26617fb643e55,data_ml,p_count,aiot,148,3 Feb 2026 5:35:56
69818a6870a26617fb643e56,data_ml,p_count,aiot,149,3 Feb 2026 5:40:56
69818b9470a26617fb643e57,data_ml,p_count,aiot,150,3 Feb 2026 5:45:56
69818cc070a26617fb643e58,data_ml,p_count,aiot,150,3 Feb 2026 5:50:56
69818dec70a26617fb643e59,data_ml,p_count,aiot,149,3 Feb 2026 5:55:56
69818f1870a26617fb643e5a,data_ml,p_count,aiot,149,3 Feb 2026 6:0:56
6981904470a26617fb643e5b,data_ml,p_count,aiot,150,3 Feb 2026 6:5:56
6981917070a26617fb643e5c,data_ml,p_count,aiot,149,3 Feb 2026 6:10:56
6981929c70a26617fb643e5d,data_ml,p_count,aiot,150,3 Feb 2026 6:15:56
698193c870a26617fb643e5e,data_ml,p_count,aiot,150,3 Feb 2026 6:20:56
698194f470a26617fb643e5f,data_ml,p_count,aiot,150,3 Feb 2026 6:25:56
6981c393d8d586d52cccd2c3,data_ml,p_count,aiot,3,3 Feb 2026 9:44:51
6981c4bfd8d586d52cccd2c5,data_ml,p_count,aiot,0,3 Feb 2026 9:49:51
6981c5ebd8d586d52cccd2c7,data_ml,p_count,aiot,0,3 Feb 2026 9:54:51
6981c717d8d586d52cccd2c9,data_ml,p_count,aiot,1,3 Feb 2026 9:59:51
6981c843d8d586d52cccd2cb,data_ml,p_count,aiot,1,3 Feb 2026 10:4:51
6981c96fd8d586d52cccd2cd,data_ml,p_count,aiot,0,3 Feb 2026 10:9:51
6981ca9bd8d586d52cccd2cf,data_ml,p_count,aiot,4,3 Feb 2026 10:14:51
6981cbc7d8d586d52cccd2d1,data_ml,p_count,aiot,3,3 Feb 2026 10:19:51
6981ccf3d8d586d52cccd2d3,data_ml,p_count,aiot,1,3 Feb 2026 10:24:51
6981ce1fd8d586d52cccd2d5,data_ml,p_count,aiot,0,3 Feb 2026 10:29:51
6981cf4bd8d586d52cccd2d7,data_ml,p_count,aiot,3,3 Feb 2026 10:34:51
6981d077d8d586d52cccd2d9,data_ml,p_count,aiot,0,3 Feb 2026 10:39:51
6981d1a3d8d586d52cccd2df,data_ml,p_count,aiot,1,3 Feb 2026 10:44:51
6981d2cfd8d586d52cccd2e4,data_ml,p_count,aiot,1,3 Feb 2026 10:49:51
6981d3fbd8d586d52cccd2eb,data_ml,p_count,aiot,0,3 Feb 2026 10:54:51
6981d527d8d586d52cccd2f2,data_ml,p_count,aiot,1,3 Feb 2026 10:59:51
6981d653d8d586d52cccd2f9,data_ml,p_count,aiot,0,3 Feb 2026 11:4:51
6981d77fd8d586d52cccd300,data_ml,p_count,aiot,1,3 Feb 2026 11:9:51
6981d8abd8d586d52cccd307,data_ml,p_count,aiot,2,3 Feb 2026 11:14:51
6981d9d7d8d586d52cccd30e,data_ml,p_count,aiot,0,3 Feb 2026 11:19:51
6981db03d8d586d52cccd315,data_ml,p_count,aiot,3,3 Feb 2026 11:24:51
6981dc2fd8d586d52cccd31c,data_ml,p_count,aiot,1,3 Feb 2026 11:29:51
6981dd5bd8d586d52cccd323,data_ml,p_count,aiot,0,3 Feb 2026 11:34:51
6981de87d8d586d52cccd32a,data_ml,p_count,aiot,0,3 Feb 2026 11:39:51
6981dfb3d8d586d52cccd331,data_ml,p_count,aiot,0,3 Feb 2026 11:44:51
6981e0dfd8d586d52cccd338,data_ml,p_count,aiot,0,3 Feb 2026 11:49:51
6981e20bd8d586d52cccd33f,data_ml,p_count,aiot,1,3 Feb 2026 11:54:51
6981e337d8d586d52cccd346,data_ml,p_count,aiot,0,3 Feb 2026 11:59:51
6981e46a53a9dacbd602d02e,data_ml,p_count,aiot,4,3 Feb 2026 12:4:58
6981e6c2fb54d67117b73992,data_ml,p_count,aiot,1,3 Feb 2026 12:14:58
6981e7eefb54d67117b73999,data_ml,p_count,aiot,0,3 Feb 2026 12:19:58
6981e91afb54d67117b739a0,data_ml,p_count,aiot,0,3 Feb 2026 12:24:58
6981ea46fb54d67117b739a7,data_ml,p_count,aiot,0,3 Feb 2026 12:29:58
6981eb72fb54d67117b739ae,data_ml,p_count,aiot,1,3 Feb 2026 12:34:58
6981ec9efb54d67117b739b5,data_ml,p_count,aiot,4,3 Feb 2026 12:39:58
6981edcafb54d67117b739bc,data_ml,p_count,aiot,3,3 Feb 2026 12:44:58
6981eef6fb54d67117b739c3,data_ml,p_count,aiot,2,3 Feb 2026 12:49:58
6981f022fb54d67117b739ca,data_ml,p_count,aiot,1,3 Feb 2026 12:54:58
6981f14efb54d67117b739d1,data_ml,p_count,aiot,2,3 Feb 2026 12:59:58
6981f27afb54d67117b739d8,data_ml,p_count,aiot,2,3 Feb 2026 13:4:58
6981f3a6fb54d67117b739df,data_ml,p_count,aiot,1,3 Feb 2026 13:9:58
6981f4d3fb54d67117b739e6,data_ml,p_count,aiot,1,3 Feb 2026 13:14:59
6981f5fefb54d67117b739ed,data_ml,p_count,aiot,0,3 Feb 2026 13:19:58
6981f72afb54d67117b739f4,data_ml,p_count,aiot,4,3 Feb 2026 13:24:58
6981f856fb54d67117b739fb,data_ml,p_count,aiot,0,3 Feb 2026 13:29:58
6981f982fb54d67117b73a02,data_ml,p_count,aiot,1,3 Feb 2026 13:34:58
6981faaefb54d67117b73a09,data_ml,p_count,aiot,1,3 Feb 2026 13:39:58
6981fbdafb54d67117b73a10,data_ml,p_count,aiot,0,3 Feb 2026 13:44:58
6981fd06fb54d67117b73a17,data_ml,p_count,aiot,1,3 Feb 2026 13:49:58
6981fe32fb54d67117b73a1e,data_ml,p_count,aiot,1,3 Feb 2026 13:54:58
6981ff5efb54d67117b73a25,data_ml,p_count,aiot,1,3 Feb 2026 13:59:58
6982008afb54d67117b73a2c,data_ml,p_count,aiot,0,3 Feb 2026 14:4:58
698201b6fb54d67117b73a33,data_ml,p_count,aiot,0,3 Feb 2026 14:9:58
698202e3fb54d67117b73a3a,data_ml,p_count,aiot,0,3 Feb 2026 14:14:59
6982040efb54d67117b73a41,data_ml,p_count,aiot,2,3 Feb 2026 14:19:58
6982053bfb54d67117b73a48,data_ml,p_count,aiot,0,3 Feb 2026 14:24:59
69820666fb54d67117b73a4f,data_ml,p_count,aiot,2,3 Feb 2026 14:29:58
69820792fb54d67117b73a56,data_ml,p_count,aiot,0,3 Feb 2026 14:34:58
698209ebfb54d67117b73a63,data_ml,p_count,aiot,0,3 Feb 2026 14:44:59
69820b17fb54d67117b73a6a,data_ml,p_count,aiot,1,3 Feb 2026 14:49:59
69820c43fb54d67117b73a71,data_ml,p_count,aiot,0,3 Feb 2026 14:54:59
69820d6ffb54d67117b73a78,data_ml,p_count,aiot,0,3 Feb 2026 14:59:59
69820e9bfb54d67117b73a7f,data_ml,p_count,aiot,2,3 Feb 2026 15:4:59
69820fc7fb54d67117b73a86,data_ml,p_count,aiot,2,3 Feb 2026 15:9:59
698210f3fb54d67117b73a8d,data_ml,p_count,aiot,1,3 Feb 2026 15:14:59
6982121ffb54d67117b73a94,data_ml,p_count,aiot,0,3 Feb 2026 15:19:59
6982134bfb54d67117b73a9b,data_ml,p_count,aiot,0,3 Feb 2026 15:24:59
69821477fb54d67117b73aa2,data_ml,p_count,aiot,0,3 Feb 2026 15:29:59
698215a3fb54d67117b73aa9,data_ml,p_count,aiot,0,3 Feb 2026 15:34:59
698216cffb54d67117b73ab0,data_ml,p_count,aiot,0,3 Feb 2026 15:39:59
698217fbfb54d67117b73ab7,data_ml,p_count,aiot,0,3 Feb 2026 15:44:59
69821927fb54d67117b73abe,data_ml,p_count,aiot,1,3 Feb 2026 15:49:59
69821a53fb54d67117b73ac5,data_ml,p_count,aiot,3,3 Feb 2026 15:54:59
69821b7ffb54d67117b73acc,data_ml,p_count,aiot,0,3 Feb 2026 15:59:59
69821cabfb54d67117b73ad3,data_ml,p_count,aiot,0,3 Feb 2026 16:4:59
69821dd7fb54d67117b73ada,data_ml,p_count,aiot,0,3 Feb 2026 16:9:59
69821f03fb54d67117b73ae1,data_ml,p_count,aiot,2,3 Feb 2026 16:14:59
6982202ffb54d67117b73ae8,data_ml,p_count,aiot,0,3 Feb 2026 16:19:59
6982215bfb54d67117b73aef,data_ml,p_count,aiot,1,3 Feb 2026 16:24:59
69822287fb54d67117b73af6,data_ml,p_count,aiot,0,3 Feb 2026 16:29:59
698223b3fb54d67117b73afd,data_ml,p_count,aiot,0,3 Feb 2026 16:34:59
698224dffb54d67117b73b04,data_ml,p_count,aiot,0,3 Feb 2026 16:39:59
6982260bfb54d67117b73b0b,data_ml,p_count,aiot,0,3 Feb 2026 16:44:59
69822737fb54d67117b73b12,data_ml,p_count,aiot,0,3 Feb 2026 16:49:59
69822863fb54d67117b73b19,data_ml,p_count,aiot,0,3 Feb 2026 16:54:59
6982298ffb54d67117b73b20,data_ml,p_count,aiot,0,3 Feb 2026 16:59:59
69822abbfb54d67117b73b27,data_ml,p_count,aiot,0,3 Feb 2026 17:4:59
69822d14fb54d67117b73b34,data_ml,p_count,aiot,0,3 Feb 2026 17:15:0
69822e40fb54d67117b73b3b,data_ml,p_count,aiot,0,3 Feb 2026 17:20:0
69822f6bfb54d67117b73b42,data_ml,p_count,aiot,5,3 Feb 2026 17:24:59
69823098fb54d67117b73b49,data_ml,p_count,aiot,2,3 Feb 2026 17:30:0
698231c3fb54d67117b73b50,data_ml,p_count,aiot,0,3 Feb 2026 17:34:59
698232f0fb54d67117b73b57,data_ml,p_count,aiot,0,3 Feb 2026 17:40:0
6982341cfb54d67117b73b5e,data_ml,p_count,aiot,0,3 Feb 2026 17:45:0
69823547fb54d67117b73b65,data_ml,p_count,aiot,0,3 Feb 2026 17:49:59
69823674fb54d67117b73b6c,data_ml,p_count,aiot,0,3 Feb 2026 17:55:0
698237a0fb54d67117b73b73,data_ml,p_count,aiot,0,3 Feb 2026 18:0:0
698238cce3cd84d339b441fa,data_ml,p_count,aiot,0,3 Feb 2026 18:5:0
698239f8e3cd84d339b44201,data_ml,p_count,aiot,0,3 Feb 2026 18:10:0
69823b24e3cd84d339b44208,data_ml,p_count,aiot,1,3 Feb 2026 18:15:0
69823c50e3cd84d339b4420f,data_ml,p_count,aiot,0,3 Feb 2026 18:20:0
69823d7ce3cd84d339b44216,data_ml,p_count,aiot,0,3 Feb 2026 18:25:0
69823ea8e3cd84d339b4421d,data_ml,p_count,aiot,2,3 Feb 2026 18:30:0
69823fd4e3cd84d339b44224,data_ml,p_count,aiot,0,3 Feb 2026 18:35:0
69824100e3cd84d339b4422b,data_ml,p_count,aiot,0,3 Feb 2026 18:40:0
6982422ce3cd84d339b44232,data_ml,p_count,aiot,0,3 Feb 2026 18:45:0
69824358e3cd84d339b44239,data_ml,p_count,aiot,0,3 Feb 2026 18:50:0
69824484e3cd84d339b44240,data_ml,p_count,aiot,0,3 Feb 2026 18:55:0
698245b0e3cd84d339b44247,data_ml,p_count,aiot,2,3 Feb 2026 19:0:0
698246dce3cd84d339b4424e,data_ml,p_count,aiot,0,3 Feb 2026 19:5:0
69824808e3cd84d339b44255,data_ml,p_count,aiot,0,3 Feb 2026 19:10:0
69824934e3cd84d339b4425c,data_ml,p_count,aiot,6,3 Feb 2026 19:15:0
69824a60e3cd84d339b44263,data_ml,p_count,aiot,0,3 Feb 2026 19:20:0
69824b8ce3cd84d339b4426a,data_ml,p_count,aiot,0,3 Feb 2026 19:25:0
69824cb8e3cd84d339b44271,data_ml,p_count,aiot,0,3 Feb 2026 19:30:0
69824de4e3cd84d339b44278,data_ml,p_count,aiot,2,3 Feb 2026 19:35:0
6982503ce3cd84d339b44285,data_ml,p_count,aiot,0,3 Feb 2026 19:45:0
69825168e3cd84d339b4428c,data_ml,p_count,aiot,0,3 Feb 2026 19:50:0
69825294e3cd84d339b44293,data_ml,p_count,aiot,0,3 Feb 2026 19:55:0
698253c0e3cd84d339b4429a,data_ml,p_count,aiot,0,3 Feb 2026 20:0:0
698254ece3cd84d339b442a1,data_ml,p_count,aiot,0,3 Feb 2026 20:5:0
69825618e3cd84d339b442a8,data_ml,p_count,aiot,0,3 Feb 2026 20:10:0
69825744e3cd84d339b442af,data_ml,p_count,aiot,0,3 Feb 2026 20:15:0
69825870e3cd84d339b442b6,data_ml,p_count,aiot,0,3 Feb 2026 20:20:0
6982599ce3cd84d339b442bd,data_ml,p_count,aiot,0,3 Feb 2026 20:25:0
69825ac8e3cd84d339b442c4,data_ml,p_count,aiot,0,3 Feb 2026 20:30:0
69825bf4e3cd84d339b442cb,data_ml,p_count,aiot,0,3 Feb 2026 20:35:0
69825d20e3cd84d339b442d2,data_ml,p_count,aiot,0,3 Feb 2026 20:40:0
69825e4ce3cd84d339b442d9,data_ml,p_count,aiot,0,3 Feb 2026 20:45:0
69825f78e3cd84d339b442e0,data_ml,p_count,aiot,0,3 Feb 2026 20:50:0
698260a4e3cd84d339b442e7,data_ml,p_count,aiot,0,3 Feb 2026 20:55:0
698261d0e3cd84d339b442ee,data_ml,p_count,aiot,0,3 Feb 2026 21:0:0
698262fce3cd84d339b442f5,data_ml,p_count,aiot,0,3 Feb 2026 21:5:0
69826428e3cd84d339b442fc,data_ml,p_count,aiot,0,3 Feb 2026 21:10:0
69826554e3cd84d339b44303,data_ml,p_count,aiot,0,3 Feb 2026 21:15:0
69826680e3cd84d339b4430a,data_ml,p_count,aiot,0,3 Feb 2026 21:20:0
698267ace3cd84d339b44311,data_ml,p_count,aiot,0,3 Feb 2026 21:25:0
698268d9e3cd84d339b44318,data_ml,p_count,aiot,0,3 Feb 2026 21:30:1
69826a04e3cd84d339b4431f,data_ml,p_count,aiot,0,3 Feb 2026 21:35:0
69826b30e3cd84d339b44326,data_ml,p_count,aiot,0,3 Feb 2026 21:40:0
69826c5de3cd84d339b4432d,data_ml,p_count,aiot,0,3 Feb 2026 21:45:1
69826d89e3cd84d339b44334,data_ml,p_count,aiot,0,3 Feb 2026 21:50:1
69826eb5e3cd84d339b4433b,data_ml,p_count,aiot,0,3 Feb 2026 21:55:1
69826fe1e3cd84d339b44342,data_ml,p_count,aiot,0,3 Feb 2026 22:0:1
6982710de3cd84d339b44349,data_ml,p_count,aiot,0,3 Feb 2026 22:5:1
69827365e3cd84d339b44356,data_ml,p_count,aiot,0,3 Feb 2026 22:15:1
69827491e3cd84d339b4435d,data_ml,p_count,aiot,0,3 Feb 2026 22:20:1
698275bde3cd84d339b44364,data_ml,p_count,aiot,0,3 Feb 2026 22:25:1
698276e9e3cd84d339b4436b,data_ml,p_count,aiot,0,3 Feb 2026 22:30:1
69827815e3cd84d339b44372,data_ml,p_count,aiot,0,3 Feb 2026 22:35:1
69827941e3cd84d339b44379,data_ml,p_count,aiot,0,3 Feb 2026 22:40:1
69827a6de3cd84d339b44380,data_ml,p_count,aiot,0,3 Feb 2026 22:45:1
69827b99e3cd84d339b44387,data_ml,p_count,aiot,0,3 Feb 2026 22:50:1
69827cc5e3cd84d339b4438e,data_ml,p_count,aiot,0,3 Feb 2026 22:55:1
69827df1e3cd84d339b44395,data_ml,p_count,aiot,0,3 Feb 2026 23:0:1
69827f1de3cd84d339b4439c,data_ml,p_count,aiot,0,3 Feb 2026 23:5:1
69828049e3cd84d339b443a3,data_ml,p_count,aiot,0,3 Feb 2026 23:10:1
69828175e3cd84d339b443aa,data_ml,p_count,aiot,0,3 Feb 2026 23:15:1
698282a1e3cd84d339b443b1,data_ml,p_count,aiot,0,3 Feb 2026 23:20:1
698283cde3cd84d339b443b8,data_ml,p_count,aiot,0,3 Feb 2026 23:25:1
698284f9e3cd84d339b443bf,data_ml,p_count,aiot,0,3 Feb 2026 23:30:1
69828625e3cd84d339b443c6,data_ml,p_count,aiot,0,3 Feb 2026 23:35:1
69828751e3cd84d339b443cd,data_ml,p_count,aiot,0,3 Feb 2026 23:40:1
6982887de3cd84d339b443d4,data_ml,p_count,aiot,0,3 Feb 2026 23:45:1
698289a9e3cd84d339b443db,data_ml,p_count,aiot,0,3 Feb 2026 23:50:1
69828ad5e3cd84d339b443e2,data_ml,p_count,aiot,0,3 Feb 2026 23:55:1
69828c01e3cd84d339b443e9,data_ml,p_count,aiot,0,4 Feb 2026 0:0:1
69828d2de3cd84d339b443f0,data_ml,p_count,aiot,0,4 Feb 2026 0:5:1
69828e59e3cd84d339b443f7,data_ml,p_count,aiot,0,4 Feb 2026 0:10:1
69828f85e3cd84d339b443fe,data_ml,p_count,aiot,0,4 Feb 2026 0:15:1
698290b1e3cd84d339b44405,data_ml,p_count,aiot,0,4 Feb 2026 0:20:1
698291dde3cd84d339b4440c,data_ml,p_count,aiot,0,4 Feb 2026 0:25:1
69829309e3cd84d339b44413,data_ml,p_count,aiot,0,4 Feb 2026 0:30:1
69829435e3cd84d339b4441a,data_ml,p_count,aiot,0,4 Feb 2026 0:35:1
6982968ee3cd84d339b44427,data_ml,p_count,aiot,0,4 Feb 2026 0:45:2
698297bae3cd84d339b4442e,data_ml,p_count,aiot,0,4 Feb 2026 0:50:2
698298e6e3cd84d339b44435,data_ml,p_count,aiot,0,4 Feb 2026 0:55:2
69829a12e3cd84d339b4443c,data_ml,p_count,aiot,0,4 Feb 2026 1:0:2
69829b3ee3cd84d339b44443,data_ml,p_count,aiot,0,4 Feb 2026 1:5:2
69829c6ae3cd84d339b4444a,data_ml,p_count,aiot,0,4 Feb 2026 1:10:2
69829d96e3cd84d339b44451,data_ml,p_count,aiot,0,4 Feb 2026 1:15:2
69829ec2e3cd84d339b44458,data_ml,p_count,aiot,0,4 Feb 2026 1:20:2
69829feee3cd84d339b4445f,data_ml,p_count,aiot,0,4 Feb 2026 1:25:2
6982a11ae3cd84d339b44466,data_ml,p_count,aiot,0,4 Feb 2026 1:30:2
6982a246e3cd84d339b4446d,data_ml,p_count,aiot,0,4 Feb 2026 1:35:2
6982a372e3cd84d339b44474,data_ml,p_count,aiot,0,4 Feb 2026 1:40:2
6982a49ee3cd84d339b4447b,data_ml,p_count,aiot,0,4 Feb 2026 1:45:2
6982a5cae3cd84d339b44482,data_ml,p_count,aiot,0,4 Feb 2026 1:50:2
6982a6f6e3cd84d339b44489,data_ml,p_count,aiot,0,4 Feb 2026 1:55:2
6982a822e3cd84d339b44490,data_ml,p_count,aiot,0,4 Feb 2026 2:0:2
6982a94ee3cd84d339b44497,data_ml,p_count,aiot,0,4 Feb 2026 2:5:2
6982aa7ae3cd84d339b4449e,data_ml,p_count,aiot,0,4 Feb 2026 2:10:2
6982aba6e3cd84d339b444a5,data_ml,p_count,aiot,0,4 Feb 2026 2:15:2
6982acd2e3cd84d339b444ac,data_ml,p_count,aiot,0,4 Feb 2026 2:20:2
6982adfee3cd84d339b444b3,data_ml,p_count,aiot,0,4 Feb 2026 2:25:2
6982af2ae3cd84d339b444ba,data_ml,p_count,aiot,0,4 Feb 2026 2:30:2
6982b056e3cd84d339b444c1,data_ml,p_count,aiot,0,4 Feb 2026 2:35:2
6982b182e3cd84d339b444c8,data_ml,p_count,aiot,0,4 Feb 2026 2:40:2
6982b2aee3cd84d339b444cf,data_ml,p_count,aiot,0,4 Feb 2026 2:45:2
6982b3dae3cd84d339b444d6,data_ml,p_count,aiot,0,4 Feb 2026 2:50:2
6982b506e3cd84d339b444dd,data_ml,p_count,aiot,0,4 Feb 2026 2:55:2
6982b632e3cd84d339b444e4,data_ml,p_count,aiot,0,4 Feb 2026 3:0:2
6982b75ee3cd84d339b444eb,data_ml,p_count,aiot,0,4 Feb 2026 3:5:2
6982b9b6e3cd84d339b444f8,data_ml,p_count,aiot,0,4 Feb 2026 3:15:2
6982bae2e3cd84d339b444ff,data_ml,p_count,aiot,0,4 Feb 2026 3:20:2
6982bc0ee3cd84d339b44506,data_ml,p_count,aiot,0,4 Feb 2026 3:25:2
6982bd3ae3cd84d339b4450d,data_ml,p_count,aiot,0,4 Feb 2026 3:30:2
6982be66e3cd84d339b44514,data_ml,p_count,aiot,0,4 Feb 2026 3:35:2
6982bf92e3cd84d339b4451b,data_ml,p_count,aiot,0,4 Feb 2026 3:40:2
6982c0bee3cd84d339b44522,data_ml,p_count,aiot,0,4 Feb 2026 3:45:2
6982c1eae3cd84d339b44529,data_ml,p_count,aiot,0,4 Feb 2026 3:50:2
6982c316e3cd84d339b44530,data_ml,p_count,aiot,0,4 Feb 2026 3:55:2
6982c442e3cd84d339b44537,data_ml,p_count,aiot,0,4 Feb 2026 4:0:2
6982c56ee3cd84d339b4453e,data_ml,p_count,aiot,0,4 Feb 2026 4:5:2
6982c69ae3cd84d339b44545,data_ml,p_count,aiot,0,4 Feb 2026 4:10:2
6982c7c6e3cd84d339b4454c,data_ml,p_count,aiot,0,4 Feb 2026 4:15:2
6982c8f2e3cd84d339b44553,data_ml,p_count,aiot,0,4 Feb 2026 4:20:2
6982ca1ee3cd84d339b4455a,data_ml,p_count,aiot,0,4 Feb 2026 4:25:2
6982cb4ae3cd84d339b44561,data_ml,p_count,aiot,0,4 Feb 2026 4:30:2
6982cc76e3cd84d339b44568,data_ml,p_count,aiot,0,4 Feb 2026 4:35:2
6982cda2e3cd84d339b4456f,data_ml,p_count,aiot,0,4 Feb 2026 4:40:2
6982cecfe3cd84d339b44576,data_ml,p_count,aiot,0,4 Feb 2026 4:45:3
6982cffbe3cd84d339b4457d,data_ml,p_count,aiot,0,4 Feb 2026 4:50:3
6982d126e3cd84d339b44584,data_ml,p_count,aiot,0,4 Feb 2026 4:55:2
6982d252e3cd84d339b4458b,data_ml,p_count,aiot,0,4 Feb 2026 5:0:2
6982d37fe3cd84d339b44592,data_ml,p_count,aiot,0,4 Feb 2026 5:5:3
6982d4aae3cd84d339b44599,data_ml,p_count,aiot,0,4 Feb 2026 5:10:2
6982d5d7e3cd84d339b445a0,data_ml,p_count,aiot,0,4 Feb 2026 5:15:3
6982d703e3cd84d339b445a7,data_ml,p_count,aiot,0,4 Feb 2026 5:20:3
6982d82fe3cd84d339b445ae,data_ml,p_count,aiot,0,4 Feb 2026 5:25:3
6982d95be3cd84d339b445b5,data_ml,p_count,aiot,0,4 Feb 2026 5:30:3
6982da87e3cd84d339b445bc,data_ml,p_count,aiot,0,4 Feb 2026 5:35:3
6982dcdfe3cd84d339b445c9,data_ml,p_count,aiot,0,4 Feb 2026 5:45:3
6982de0be3cd84d339b445d0,data_ml,p_count,aiot,0,4 Feb 2026 5:50:3
6982df37e3cd84d339b445d7,data_ml,p_count,aiot,0,4 Feb 2026 5:55:3
6982e063e3cd84d339b445de,data_ml,p_count,aiot,0,4 Feb 2026 6:0:3
6982e18fe3cd84d339b445e5,data_ml,p_count,aiot,0,4 Feb 2026 6:5:3
6982e2bbe3cd84d339b445ec,data_ml,p_count,aiot,0,4 Feb 2026 6:10:3
6982e3e7e3cd84d339b445f3,data_ml,p_count,aiot,0,4 Feb 2026 6:15:3
6982e513e3cd84d339b445fa,data_ml,p_count,aiot,0,4 Feb 2026 6:20:3
6982e63fe3cd84d339b44601,data_ml,p_count,aiot,0,4 Feb 2026 6:25:3
6982e76be3cd84d339b44608,data_ml,p_count,aiot,0,4 Feb 2026 6:30:3
6982e898e3cd84d339b4460f,data_ml,p_count,aiot,0,4 Feb 2026 6:35:4
6982e9c3e3cd84d339b44616,data_ml,p_count,aiot,0,4 Feb 2026 6:40:3
6982eaefe3cd84d339b4461d,data_ml,p_count,aiot,0,4 Feb 2026 6:45:3
6982ec1be3cd84d339b44624,data_ml,p_count,aiot,1,4 Feb 2026 6:50:3
6982ed48e3cd84d339b4462b,data_ml,p_count,aiot,1,4 Feb 2026 6:55:4
6982ee74e3cd84d339b44632,data_ml,p_count,aiot,0,4 Feb 2026 7:0:4
6982efa0e3cd84d339b44639,data_ml,p_count,aiot,4,4 Feb 2026 7:5:4
6982f0cbe3cd84d339b44640,data_ml,p_count,aiot,3,4 Feb 2026 7:10:3
6982f1f8e3cd84d339b44647,data_ml,p_count,aiot,0,4 Feb 2026 7:15:4
6982f324e3cd84d339b4464e,data_ml,p_count,aiot,1,4 Feb 2026 7:20:4
6982f450e3cd84d339b44655,data_ml,p_count,aiot,0,4 Feb 2026 7:25:4
6982f57ce3cd84d339b4465c,data_ml,p_count,aiot,0,4 Feb 2026 7:30:4
6982f6a8e3cd84d339b44663,data_ml,p_count,aiot,0,4 Feb 2026 7:35:4
6982f7d4e3cd84d339b4466a,data_ml,p_count,aiot,0,4 Feb 2026 7:40:4
6982f900e3cd84d339b44671,data_ml,p_count,aiot,0,4 Feb 2026 7:45:4
6982fa2ce3cd84d339b44678,data_ml,p_count,aiot,0,4 Feb 2026 7:50:4
6982fb58e3cd84d339b4467f,data_ml,p_count,aiot,1,4 Feb 2026 7:55:4
6982fc84e3cd84d339b44686,data_ml,p_count,aiot,1,4 Feb 2026 8:0:4
6982fdb0e3cd84d339b4468d,data_ml,p_count,aiot,0,4 Feb 2026 8:5:4
69830009e3cd84d339b4469a,data_ml,p_count,aiot,0,4 Feb 2026 8:15:5
69830135e3cd84d339b446a1,data_ml,p_count,aiot,0,4 Feb 2026 8:20:5
69830261e3cd84d339b446a8,data_ml,p_count,aiot,0,4 Feb 2026 8:25:5
6983038de3cd84d339b446af,data_ml,p_count,aiot,0,4 Feb 2026 8:30:5
698304b9e3cd84d339b446b6,data_ml,p_count,aiot,4,4 Feb 2026 8:35:5
698305e7e3cd84d339b446bd,data_ml,p_count,aiot,0,4 Feb 2026 8:40:7
69830713e3cd84d339b446c4,data_ml,p_count,aiot,2,4 Feb 2026 8:45:7
6983083ee3cd84d339b446cb,data_ml,p_count,aiot,1,4 Feb 2026 8:50:6
6983096ba3847c83af7833e7,data_ml,p_count,aiot,2,4 Feb 2026 8:55:7
69830a41a3847c83af7833eb,data_ml,p_count,aiot,3,4 Feb 2026 8:58:41
69830a97a3847c83af7833f0,data_ml,p_count,aiot,0,4 Feb 2026 9:0:7
69830af1a3847c83af7833f2,data_ml,p_count,aiot,3,4 Feb 2026 9:1:37
69830bc3a3847c83af7833f9,data_ml,p_count,aiot,3,4 Feb 2026 9:5:7
69830cefa3847c83af783400,data_ml,p_count,aiot,0,4 Feb 2026 9:10:7
69830e1ba3847c83af783407,data_ml,p_count,aiot,0,4 Feb 2026 9:15:7
69830f47a3847c83af78340e,data_ml,p_count,aiot,0,4 Feb 2026 9:20:7
69831074a3847c83af783415,data_ml,p_count,aiot,3,4 Feb 2026 9:25:8
6983119fa3847c83af78341b,data_ml,p_count,aiot,4,4 Feb 2026 9:30:7
698312cda3847c83af783421,data_ml,p_count,aiot,0,4 Feb 2026 9:35:9
698313f9a3847c83af783427,data_ml,p_count,aiot,1,4 Feb 2026 9:40:9
69831525a3847c83af78342d,data_ml,p_count,aiot,0,4 Feb 2026 9:45:9
69831651a3847c83af783434,data_ml,p_count,aiot,3,4 Feb 2026 9:50:9
6983177da3847c83af78343b,data_ml,p_count,aiot,2,4 Feb 2026 9:55:9
698318a9a3847c83af783442,data_ml,p_count,aiot,1,4 Feb 2026 10:0:9
698319d5a3847c83af783449,data_ml,p_count,aiot,1,4 Feb 2026 10:5:9
69831b01a3847c83af783450,data_ml,p_count,aiot,3,4 Feb 2026 10:10:9
69831c2da3847c83af783457,data_ml,p_count,aiot,2,4 Feb 2026 10:15:9
69831d59a3847c83af78345e,data_ml,p_count,aiot,7,4 Feb 2026 10:20:9
69831e85a3847c83af783465,data_ml,p_count,aiot,0,4 Feb 2026 10:25:9
69831fb1a3847c83af78346c,data_ml,p_count,aiot,2,4 Feb 2026 10:30:9
698320dda3847c83af783473,data_ml,p_count,aiot,0,4 Feb 2026 10:35:9
6983233ba3847c83af783480,data_ml,p_count,aiot,1,4 Feb 2026 10:45:15
69832467a3847c83af783487,data_ml,p_count,aiot,1,4 Feb 2026 10:50:15
69832593a3847c83af78348e,data_ml,p_count,aiot,3,4 Feb 2026 10:55:15
698326bfa3847c83af783495,data_ml,p_count,aiot,5,4 Feb 2026 11:0:15
698327eba3847c83af78349c,data_ml,p_count,aiot,0,4 Feb 2026 11:5:15
69832917a3847c83af7834a3,data_ml,p_count,aiot,2,4 Feb 2026 11:10:15
69832a43a3847c83af7834aa,data_ml,p_count,aiot,0,4 Feb 2026 11:15:15
69832b6fa3847c83af7834b1,data_ml,p_count,aiot,6,4 Feb 2026 11:20:15
69832c9ba3847c83af7834b8,data_ml,p_count,aiot,3,4 Feb 2026 11:25:15
69832dc7a3847c83af7834bf,data_ml,p_count,aiot,1,4 Feb 2026 11:30:15
69832ef3a3847c83af7834c5,data_ml,p_count,aiot,1,4 Feb 2026 11:35:15
6983301fa3847c83af7834cc,data_ml,p_count,aiot,1,4 Feb 2026 11:40:15
6983314ba3847c83af7834d3,data_ml,p_count,aiot,0,4 Feb 2026 11:45:15
69833277a3847c83af7834da,data_ml,p_count,aiot,0,4 Feb 2026 11:50:15
698333a3a3847c83af7834e1,data_ml,p_count,aiot,3,4 Feb 2026 11:55:15
698334cfa3847c83af7834e8,data_ml,p_count,aiot,0,4 Feb 2026 12:0:15
698335fba3847c83af7834ef,data_ml,p_count,aiot,1,4 Feb 2026 12:5:15
69833727a3847c83af7834f6,data_ml,p_count,aiot,1,4 Feb 2026 12:10:15
69833853a3847c83af7834fd,data_ml,p_count,aiot,1,4 Feb 2026 12:15:15
6983397fa3847c83af783504,data_ml,p_count,aiot,0,4 Feb 2026 12:20:15
69833aaba3847c83af78350b,data_ml,p_count,aiot,0,4 Feb 2026 12:25:15
69833bd7a3847c83af783512,data_ml,p_count,aiot,1,4 Feb 2026 12:30:15
69833d03a3847c83af783519,data_ml,p_count,aiot,0,4 Feb 2026 12:35:15
69833e2fa3847c83af783520,data_ml,p_count,aiot,0,4 Feb 2026 12:40:15
69833f5ba3847c83af783527,data_ml,p_count,aiot,1,4 Feb 2026 12:45:15
69834087a3847c83af78352e,data_ml,p_count,aiot,1,4 Feb 2026 12:50:15
698341b3a3847c83af783535,data_ml,p_count,aiot,0,4 Feb 2026 12:55:15
698342dfa3847c83af78353c,data_ml,p_count,aiot,0,4 Feb 2026 13:0:15
6983440ba3847c83af783543,data_ml,p_count,aiot,2,4 Feb 2026 13:5:15
69834664a3847c83af783550,data_ml,p_count,aiot,0,4 Feb 2026 13:15:16
69834790a3847c83af783557,data_ml,p_count,aiot,1,4 Feb 2026 13:20:16
698348bca3847c83af78355e,data_ml,p_count,aiot,1,4 Feb 2026 13:25:16
698349e8a3847c83af783565,data_ml,p_count,aiot,0,4 Feb 2026 13:30:16
69834b14a3847c83af78356c,data_ml,p_count,aiot,0,4 Feb 2026 13:35:16
69834c40a3847c83af783573,data_ml,p_count,aiot,0,4 Feb 2026 13:40:16
69834d6ca3847c83af78357a,data_ml,p_count,aiot,1,4 Feb 2026 13:45:16
69834e98a3847c83af783581,data_ml,p_count,aiot,3,4 Feb 2026 13:50:16
69834fc4a3847c83af783588,data_ml,p_count,aiot,0,4 Feb 2026 13:55:16
698350f0a3847c83af78358f,data_ml,p_count,aiot,0,4 Feb 2026 14:0:16
6983521ca3847c83af783596,data_ml,p_count,aiot,0,4 Feb 2026 14:5:16
69835348a3847c83af78359d,data_ml,p_count,aiot,3,4 Feb 2026 14:10:16
69835474a3847c83af7835a4,data_ml,p_count,aiot,0,4 Feb 2026 14:15:16
698355a0a3847c83af7835ab,data_ml,p_count,aiot,0,4 Feb 2026 14:20:16
698356cea3847c83af7835b2,data_ml,p_count,aiot,0,4 Feb 2026 14:25:18
698357f8a3847c83af7835b9,data_ml,p_count,aiot,2,4 Feb 2026 14:30:16
69835924a3847c83af7835c0,data_ml,p_count,aiot,0,4 Feb 2026 14:35:16
69835a50a3847c83af7835c7,data_ml,p_count,aiot,0,4 Feb 2026 14:40:16
69835b7ca3847c83af7835ce,data_ml,p_count,aiot,0,4 Feb 2026 14:45:16
69835ca8a3847c83af7835d5,data_ml,p_count,aiot,1,4 Feb 2026 14:50:16
69835dd4a3847c83af7835dc,data_ml,p_count,aiot,0,4 Feb 2026 14:55:16
69835f00a3847c83af7835e3,data_ml,p_count,aiot,0,4 Feb 2026 15:0:16
6983602ca3847c83af7835ea,data_ml,p_count,aiot,0,4 Feb 2026 15:5:16
69836158a3847c83af7835f1,data_ml,p_count,aiot,1,4 Feb 2026 15:10:16
69836284a3847c83af7835f8,data_ml,p_count,aiot,1,4 Feb 2026 15:15:16
698363b0a3847c83af7835ff,data_ml,p_count,aiot,0,4 Feb 2026 15:20:16
698364dca3847c83af783606,data_ml,p_count,aiot,0,4 Feb 2026 15:25:16
69836608a3847c83af78360d,data_ml,p_count,aiot,2,4 Feb 2026 15:30:16
69836734a3847c83af783614,data_ml,p_count,aiot,0,4 Feb 2026 15:35:16
6983698ca3847c83af783621,data_ml,p_count,aiot,0,4 Feb 2026 15:45:16
69836ab8a3847c83af783628,data_ml,p_count,aiot,0,4 Feb 2026 15:50:16
69836be4a3847c83af78362f,data_ml,p_count,aiot,0,4 Feb 2026 15:55:16
69836d10a3847c83af783636,data_ml,p_count,aiot,0,4 Feb 2026 16:0:16
698371c0229def68c2aa6030,data_ml,p_count,aiot,1,4 Feb 2026 16:20:16
698372ec229def68c2aa6037,data_ml,p_count,aiot,0,4 Feb 2026 16:25:16
69837418229def68c2aa603e,data_ml,p_count,aiot,0,4 Feb 2026 16:30:16
69837545229def68c2aa6045,data_ml,p_count,aiot,0,4 Feb 2026 16:35:17
69837670229def68c2aa604c,data_ml,p_count,aiot,0,4 Feb 2026 16:40:16
6983779c229def68c2aa6053,data_ml,p_count,aiot,0,4 Feb 2026 16:45:16
698378c9229def68c2aa605a,data_ml,p_count,aiot,3,4 Feb 2026 16:50:17
698379f4229def68c2aa6061,data_ml,p_count,aiot,3,4 Feb 2026 16:55:16
69837b22229def68c2aa6068,data_ml,p_count,aiot,0,4 Feb 2026 17:0:18
69837c4d229def68c2aa606f,data_ml,p_count,aiot,0,4 Feb 2026 17:5:17
69837d78229def68c2aa6076,data_ml,p_count,aiot,0,4 Feb 2026 17:10:16
69837ea4229def68c2aa607d,data_ml,p_count,aiot,0,4 Feb 2026 17:15:16
69837fd1229def68c2aa6084,data_ml,p_count,aiot,0,4 Feb 2026 17:20:17
698380fd229def68c2aa608b,data_ml,p_count,aiot,0,4 Feb 2026 17:25:17
69838229229def68c2aa6092,data_ml,p_count,aiot,0,4 Feb 2026 17:30:17
69838355229def68c2aa6099,data_ml,p_count,aiot,0,4 Feb 2026 17:35:17
69838481229def68c2aa60a0,data_ml,p_count,aiot,0,4 Feb 2026 17:40:17
698385ad229def68c2aa60a7,data_ml,p_count,aiot,0,4 Feb 2026 17:45:17
698386d9229def68c2aa60ae,data_ml,p_count,aiot,0,4 Feb 2026 17:50:17
69838805229def68c2aa60b5,data_ml,p_count,aiot,0,4 Feb 2026 17:55:17
69838931229def68c2aa60bc,data_ml,p_count,aiot,0,4 Feb 2026 18:0:17
69838a5d229def68c2aa60c3,data_ml,p_count,aiot,0,4 Feb 2026 18:5:17
69838cb5229def68c2aa60d0,data_ml,p_count,aiot,0,4 Feb 2026 18:15:17
69838de1229def68c2aa60d7,data_ml,p_count,aiot,0,4 Feb 2026 18:20:17
69838f0d229def68c2aa60de,data_ml,p_count,aiot,0,4 Feb 2026 18:25:17
69839039229def68c2aa60e5,data_ml,p_count,aiot,0,4 Feb 2026 18:30:17
69839165229def68c2aa60ec,data_ml,p_count,aiot,0,4 Feb 2026 18:35:17
69839291229def68c2aa60f3,data_ml,p_count,aiot,0,4 Feb 2026 18:40:17
698393bd229def68c2aa60fa,data_ml,p_count,aiot,0,4 Feb 2026 18:45:17
698394e9229def68c2aa6101,data_ml,p_count,aiot,0,4 Feb 2026 18:50:17
69839615229def68c2aa6108,data_ml,p_count,aiot,0,4 Feb 2026 18:55:17
69839741229def68c2aa610f,data_ml,p_count,aiot,0,4 Feb 2026 19:0:17
6983986d229def68c2aa6116,data_ml,p_count,aiot,0,4 Feb 2026 19:5:17
69839999229def68c2aa611d,data_ml,p_count,aiot,0,4 Feb 2026 19:10:17
69839ac5229def68c2aa6124,data_ml,p_count,aiot,0,4 Feb 2026 19:15:17
69839bf1798bc4c9f27b9f00,data_ml,p_count,aiot,0,4 Feb 2026 19:20:17
69839d1d798bc4c9f27b9f07,data_ml,p_count,aiot,0,4 Feb 2026 19:25:17
69839e49798bc4c9f27b9f0e,data_ml,p_count,aiot,0,4 Feb 2026 19:30:17
69839f75798bc4c9f27b9f15,data_ml,p_count,aiot,0,4 Feb 2026 19:35:17
6983a0a1798bc4c9f27b9f1c,data_ml,p_count,aiot,0,4 Feb 2026 19:40:17
6983a1cd798bc4c9f27b9f23,data_ml,p_count,aiot,0,4 Feb 2026 19:45:17
6983a2f9798bc4c9f27b9f2a,data_ml,p_count,aiot,0,4 Feb 2026 19:50:17
6983a425798bc4c9f27b9f31,data_ml,p_count,aiot,0,4 Feb 2026 19:55:17
6983a551798bc4c9f27b9f38,data_ml,p_count,aiot,0,4 Feb 2026 20:0:17
6983a67d798bc4c9f27b9f3f,data_ml,p_count,aiot,0,4 Feb 2026 20:5:17
6983a7a9798bc4c9f27b9f46,data_ml,p_count,aiot,0,4 Feb 2026 20:10:17
6983a8d5798bc4c9f27b9f4d,data_ml,p_count,aiot,0,4 Feb 2026 20:15:17
6983aa01798bc4c9f27b9f54,data_ml,p_count,aiot,0,4 Feb 2026 20:20:17
6983ab2d798bc4c9f27b9f5b,data_ml,p_count,aiot,0,4 Feb 2026 20:25:17
6983ac59798bc4c9f27b9f62,data_ml,p_count,aiot,0,4 Feb 2026 20:30:17
6983ad85798bc4c9f27b9f69,data_ml,p_count,aiot,0,4 Feb 2026 20:35:17
6983afde798bc4c9f27b9f76,data_ml,p_count,aiot,0,4 Feb 2026 20:45:18
6983b10a798bc4c9f27b9f7d,data_ml,p_count,aiot,0,4 Feb 2026 20:50:18
6983b236798bc4c9f27b9f84,data_ml,p_count,aiot,0,4 Feb 2026 20:55:18
6983b362798bc4c9f27b9f8b,data_ml,p_count,aiot,0,4 Feb 2026 21:0:18
6983b48e798bc4c9f27b9f92,data_ml,p_count,aiot,0,4 Feb 2026 21:5:18
6983b5bc798bc4c9f27b9f99,data_ml,p_count,aiot,0,4 Feb 2026 21:10:20
6983b6e6798bc4c9f27b9fa0,data_ml,p_count,aiot,0,4 Feb 2026 21:15:18
6983b812798bc4c9f27b9fa7,data_ml,p_count,aiot,0,4 Feb 2026 21:20:18
6983b93e798bc4c9f27b9fae,data_ml,p_count,aiot,0,4 Feb 2026 21:25:18
6983ba6a798bc4c9f27b9fb5,data_ml,p_count,aiot,0,4 Feb 2026 21:30:18
6983bb96798bc4c9f27b9fbc,data_ml,p_count,aiot,0,4 Feb 2026 21:35:18
6983bcc2798bc4c9f27b9fc3,data_ml,p_count,aiot,0,4 Feb 2026 21:40:18
6983bdee798bc4c9f27b9fca,data_ml,p_count,aiot,0,4 Feb 2026 21:45:18
6983bf1a798bc4c9f27b9fd1,data_ml,p_count,aiot,0,4 Feb 2026 21:50:18
6983c046798bc4c9f27b9fd8,data_ml,p_count,aiot,0,4 Feb 2026 21:55:18
6983c172798bc4c9f27b9fdf,data_ml,p_count,aiot,0,4 Feb 2026 22:0:18
6983c29e798bc4c9f27b9fe6,data_ml,p_count,aiot,0,4 Feb 2026 22:5:18
6983c3ca798bc4c9f27b9fed,data_ml,p_count,aiot,0,4 Feb 2026 22:10:18
6983c4f6798bc4c9f27b9ff4,data_ml,p_count,aiot,0,4 Feb 2026 22:15:18
6983c622798bc4c9f27b9ffb,data_ml,p_count,aiot,0,4 Feb 2026 22:20:18
6983c74e798bc4c9f27ba002,data_ml,p_count,aiot,0,4 Feb 2026 22:25:18
6983c87a798bc4c9f27ba009,data_ml,p_count,aiot,0,4 Feb 2026 22:30:18
6983c9a6798bc4c9f27ba010,data_ml,p_count,aiot,0,4 Feb 2026 22:35:18
6983cad2798bc4c9f27ba017,data_ml,p_count,aiot,0,4 Feb 2026 22:40:18
6983cbfe798bc4c9f27ba01e,data_ml,p_count,aiot,0,4 Feb 2026 22:45:18
6983cd2a798bc4c9f27ba025,data_ml,p_count,aiot,0,4 Feb 2026 22:50:18
6983ce56798bc4c9f27ba02c,data_ml,p_count,aiot,0,4 Feb 2026 22:55:18
6983cf82798bc4c9f27ba033,data_ml,p_count,aiot,0,4 Feb 2026 23:0:18
6983d0ae798bc4c9f27ba03a,data_ml,p_count,aiot,0,4 Feb 2026 23:5:18
6983d306798bc4c9f27ba047,data_ml,p_count,aiot,0,4 Feb 2026 23:15:18
6983d433798bc4c9f27ba04e,data_ml,p_count,aiot,0,4 Feb 2026 23:20:19
6983d55e798bc4c9f27ba055,data_ml,p_count,aiot,0,4 Feb 2026 23:25:18
6983d68a798bc4c9f27ba05c,data_ml,p_count,aiot,0,4 Feb 2026 23:30:18
6983d7b7798bc4c9f27ba063,data_ml,p_count,aiot,0,4 Feb 2026 23:35:19
6983d8e2798bc4c9f27ba06a,data_ml,p_count,aiot,0,4 Feb 2026 23:40:18
6983da0e798bc4c9f27ba071,data_ml,p_count,aiot,0,4 Feb 2026 23:45:18
6983db3b798bc4c9f27ba078,data_ml,p_count,aiot,0,4 Feb 2026 23:50:19
6983dc67798bc4c9f27ba07f,data_ml,p_count,aiot,0,4 Feb 2026 23:55:19
6983dd93798bc4c9f27ba086,data_ml,p_count,aiot,0,5 Feb 2026 0:0:19
6983debf798bc4c9f27ba08d,data_ml,p_count,aiot,0,5 Feb 2026 0:5:19
6983dfeb798bc4c9f27ba094,data_ml,p_count,aiot,0,5 Feb 2026 0:10:19
6983e117798bc4c9f27ba09b,data_ml,p_count,aiot,0,5 Feb 2026 0:15:19
6983e243798bc4c9f27ba0a2,data_ml,p_count,aiot,0,5 Feb 2026 0:20:19
6983e36f798bc4c9f27ba0a9,data_ml,p_count,aiot,0,5 Feb 2026 0:25:19
6983e49b798bc4c9f27ba0b0,data_ml,p_count,aiot,0,5 Feb 2026 0:30:19
6983e5c7798bc4c9f27ba0b7,data_ml,p_count,aiot,0,5 Feb 2026 0:35:19
6983e6f3798bc4c9f27ba0be,data_ml,p_count,aiot,0,5 Feb 2026 0:40:19
6983e81f798bc4c9f27ba0c5,data_ml,p_count,aiot,0,5 Feb 2026 0:45:19
6983e94b798bc4c9f27ba0cc,data_ml,p_count,aiot,0,5 Feb 2026 0:50:19
6983ea77798bc4c9f27ba0d3,data_ml,p_count,aiot,0,5 Feb 2026 0:55:19
6983eba3798bc4c9f27ba0da,data_ml,p_count,aiot,0,5 Feb 2026 1:0:19
6983eccf798bc4c9f27ba0e1,data_ml,p_count,aiot,0,5 Feb 2026 1:5:19
6983edfb798bc4c9f27ba0e8,data_ml,p_count,aiot,0,5 Feb 2026 1:10:19
6983ef27798bc4c9f27ba0ef,data_ml,p_count,aiot,0,5 Feb 2026 1:15:19
6983f053798bc4c9f27ba0f6,data_ml,p_count,aiot,0,5 Feb 2026 1:20:19
6983f17f798bc4c9f27ba0fd,data_ml,p_count,aiot,0,5 Feb 2026 1:25:19
6983f2ab798bc4c9f27ba104,data_ml,p_count,aiot,0,5 Feb 2026 1:30:19
6983f3d7798bc4c9f27ba10b,data_ml,p_count,aiot,0,5 Feb 2026 1:35:19
6983f62f798bc4c9f27ba118,data_ml,p_count,aiot,0,5 Feb 2026 1:45:19
6983f75b798bc4c9f27ba11f,data_ml,p_count,aiot,0,5 Feb 2026 1:50:19
6983f887798bc4c9f27ba126,data_ml,p_count,aiot,0,5 Feb 2026 1:55:19
6983f9b3798bc4c9f27ba12d,data_ml,p_count,aiot,0,5 Feb 2026 2:0:19
6983fadf798bc4c9f27ba134,data_ml,p_count,aiot,0,5 Feb 2026 2:5:19
6983fc0b798bc4c9f27ba13b,data_ml,p_count,aiot,0,5 Feb 2026 2:10:19
6983fd37798bc4c9f27ba142,data_ml,p_count,aiot,0,5 Feb 2026 2:15:19
6983fe63798bc4c9f27ba149,data_ml,p_count,aiot,0,5 Feb 2026 2:20:19
6983ff8f798bc4c9f27ba150,data_ml,p_count,aiot,0,5 Feb 2026 2:25:19
698400bb798bc4c9f27ba157,data_ml,p_count,aiot,0,5 Feb 2026 2:30:19
698401e7798bc4c9f27ba15e,data_ml,p_count,aiot,0,5 Feb 2026 2:35:19
69840313798bc4c9f27ba165,data_ml,p_count,aiot,0,5 Feb 2026 2:40:19
6984043f798bc4c9f27ba16c,data_ml,p_count,aiot,0,5 Feb 2026 2:45:19
6984056b798bc4c9f27ba173,data_ml,p_count,aiot,0,5 Feb 2026 2:50:19
69840697798bc4c9f27ba17a,data_ml,p_count,aiot,0,5 Feb 2026 2:55:19
698407c3798bc4c9f27ba181,data_ml,p_count,aiot,0,5 Feb 2026 3:0:19
698408ef798bc4c9f27ba188,data_ml,p_count,aiot,0,5 Feb 2026 3:5:19
69840a1b798bc4c9f27ba18f,data_ml,p_count,aiot,0,5 Feb 2026 3:10:19
69840b47798bc4c9f27ba196,data_ml,p_count,aiot,0,5 Feb 2026 3:15:19
69840c73798bc4c9f27ba19d,data_ml,p_count,aiot,0,5 Feb 2026 3:20:19
69840d9f798bc4c9f27ba1a4,data_ml,p_count,aiot,0,5 Feb 2026 3:25:19
69840ecb798bc4c9f27ba1ab,data_ml,p_count,aiot,0,5 Feb 2026 3:30:19
69840ff7798bc4c9f27ba1b2,data_ml,p_count,aiot,0,5 Feb 2026 3:35:19
69841123798bc4c9f27ba1b9,data_ml,p_count,aiot,0,5 Feb 2026 3:40:19
6984124f798bc4c9f27ba1c0,data_ml,p_count,aiot,0,5 Feb 2026 3:45:19
6984137b798bc4c9f27ba1c7,data_ml,p_count,aiot,0,5 Feb 2026 3:50:19
698414a7798bc4c9f27ba1ce,data_ml,p_count,aiot,0,5 Feb 2026 3:55:19
698415d3798bc4c9f27ba1d5,data_ml,p_count,aiot,0,5 Feb 2026 4:0:19
698416ff798bc4c9f27ba1dc,data_ml,p_count,aiot,0,5 Feb 2026 4:5:19
69841958798bc4c9f27ba1e9,data_ml,p_count,aiot,0,5 Feb 2026 4:15:20
69841a84798bc4c9f27ba1f0,data_ml,p_count,aiot,0,5 Feb 2026 4:20:20
69841bb0798bc4c9f27ba1f7,data_ml,p_count,aiot,0,5 Feb 2026 4:25:20
69841cdc798bc4c9f27ba1fe,data_ml,p_count,aiot,0,5 Feb 2026 4:30:20
69841e08798bc4c9f27ba205,data_ml,p_count,aiot,0,5 Feb 2026 4:35:20
69841f34798bc4c9f27ba20c,data_ml,p_count,aiot,0,5 Feb 2026 4:40:20
69842060798bc4c9f27ba213,data_ml,p_count,aiot,0,5 Feb 2026 4:45:20
6984218c798bc4c9f27ba21a,data_ml,p_count,aiot,0,5 Feb 2026 4:50:20
698422b8798bc4c9f27ba221,data_ml,p_count,aiot,0,5 Feb 2026 4:55:20
698423e4798bc4c9f27ba228,data_ml,p_count,aiot,0,5 Feb 2026 5:0:20
69842510798bc4c9f27ba22f,data_ml,p_count,aiot,0,5 Feb 2026 5:5:20
6984263c798bc4c9f27ba236,data_ml,p_count,aiot,0,5 Feb 2026 5:10:20
69842768798bc4c9f27ba23d,data_ml,p_count,aiot,0,5 Feb 2026 5:15:20
69842894798bc4c9f27ba244,data_ml,p_count,aiot,0,5 Feb 2026 5:20:20
698429c0798bc4c9f27ba24b,data_ml,p_count,aiot,0,5 Feb 2026 5:25:20
69842aec798bc4c9f27ba252,data_ml,p_count,aiot,0,5 Feb 2026 5:30:20
69842c18798bc4c9f27ba259,data_ml,p_count,aiot,0,5 Feb 2026 5:35:20
69842d44798bc4c9f27ba260,data_ml,p_count,aiot,0,5 Feb 2026 5:40:20
69842e70798bc4c9f27ba267,data_ml,p_count,aiot,0,5 Feb 2026 5:45:20
69842f9c798bc4c9f27ba26e,data_ml,p_count,aiot,0,5 Feb 2026 5:50:20
698430c8798bc4c9f27ba275,data_ml,p_count,aiot,0,5 Feb 2026 5:55:20
698431f4798bc4c9f27ba27c,data_ml,p_count,aiot,0,5 Feb 2026 6:0:20
69843320798bc4c9f27ba283,data_ml,p_count,aiot,0,5 Feb 2026 6:5:20
6984344c798bc4c9f27ba28a,data_ml,p_count,aiot,0,5 Feb 2026 6:10:20
69843578798bc4c9f27ba291,data_ml,p_count,aiot,0,5 Feb 2026 6:15:20
698436a4798bc4c9f27ba298,data_ml,p_count,aiot,0,5 Feb 2026 6:20:20
698437d0798bc4c9f27ba29f,data_ml,p_count,aiot,0,5 Feb 2026 6:25:20
698438fc798bc4c9f27ba2a6,data_ml,p_count,aiot,0,5 Feb 2026 6:30:20
69843a28798bc4c9f27ba2ad,data_ml,p_count,aiot,0,5 Feb 2026 6:35:20
69843c80798bc4c9f27ba2ba,data_ml,p_count,aiot,2,5 Feb 2026 6:45:20
69843dac798bc4c9f27ba2c1,data_ml,p_count,aiot,0,5 Feb 2026 6:50:20
69843ed9798bc4c9f27ba2c8,data_ml,p_count,aiot,0,5 Feb 2026 6:55:21
69844004798bc4c9f27ba2cf,data_ml,p_count,aiot,0,5 Feb 2026 7:0:20
69844130798bc4c9f27ba2d6,data_ml,p_count,aiot,5,5 Feb 2026 7:5:20
6984425c798bc4c9f27ba2dd,data_ml,p_count,aiot,1,5 Feb 2026 7:10:20
69844388798bc4c9f27ba2e4,data_ml,p_count,aiot,3,5 Feb 2026 7:15:20
698444b4798bc4c9f27ba2eb,data_ml,p_count,aiot,3,5 Feb 2026 7:20:20
698445e1798bc4c9f27ba2f2,data_ml,p_count,aiot,0,5 Feb 2026 7:25:21
6984470d798bc4c9f27ba2f9,data_ml,p_count,aiot,1,5 Feb 2026 7:30:21
69844839798bc4c9f27ba300,data_ml,p_count,aiot,0,5 Feb 2026 7:35:21
69844965798bc4c9f27ba307,data_ml,p_count,aiot,0,5 Feb 2026 7:40:21
69844a91798bc4c9f27ba30e,data_ml,p_count,aiot,0,5 Feb 2026 7:45:21
69844bbd798bc4c9f27ba315,data_ml,p_count,aiot,0,5 Feb 2026 7:50:21
69844ce9798bc4c9f27ba31c,data_ml,p_count,aiot,0,5 Feb 2026 7:55:21
69844e15798bc4c9f27ba323,data_ml,p_count,aiot,0,5 Feb 2026 8:0:21
69844f41798bc4c9f27ba32a,data_ml,p_count,aiot,0,5 Feb 2026 8:5:21
6984506d798bc4c9f27ba331,data_ml,p_count,aiot,0,5 Feb 2026 8:10:21
69845199798bc4c9f27ba338,data_ml,p_count,aiot,0,5 Feb 2026 8:15:21
698452c5798bc4c9f27ba33f,data_ml,p_count,aiot,0,5 Feb 2026 8:20:21
698453f1798bc4c9f27ba346,data_ml,p_count,aiot,1,5 Feb 2026 8:25:21
6984551d798bc4c9f27ba34d,data_ml,p_count,aiot,2,5 Feb 2026 8:30:21
69845649798bc4c9f27ba354,data_ml,p_count,aiot,0,5 Feb 2026 8:35:21
69845775798bc4c9f27ba35b,data_ml,p_count,aiot,2,5 Feb 2026 8:40:21
698458a1798bc4c9f27ba362,data_ml,p_count,aiot,0,5 Feb 2026 8:45:21
698459cd798bc4c9f27ba369,data_ml,p_count,aiot,2,5 Feb 2026 8:50:21
69845af9798bc4c9f27ba370,data_ml,p_count,aiot,4,5 Feb 2026 8:55:21
69845c25798bc4c9f27ba377,data_ml,p_count,aiot,1,5 Feb 2026 9:0:21
69845d51798bc4c9f27ba37e,data_ml,p_count,aiot,0,5 Feb 2026 9:5:21
69845fa9798bc4c9f27ba38b,data_ml,p_count,aiot,0,5 Feb 2026 9:15:21
698460d5798bc4c9f27ba392,data_ml,p_count,aiot,0,5 Feb 2026 9:20:21
69846201798bc4c9f27ba399,data_ml,p_count,aiot,4,5 Feb 2026 9:25:21
6984632d798bc4c9f27ba3a0,data_ml,p_count,aiot,2,5 Feb 2026 9:30:21
69846459798bc4c9f27ba3a7,data_ml,p_count,aiot,0,5 Feb 2026 9:35:21
69846585798bc4c9f27ba3ae,data_ml,p_count,aiot,0,5 Feb 2026 9:40:21
698466b1798bc4c9f27ba3b5,data_ml,p_count,aiot,0,5 Feb 2026 9:45:21
698467dd798bc4c9f27ba3bc,data_ml,p_count,aiot,0,5 Feb 2026 9:50:21
69846909798bc4c9f27ba3c3,data_ml,p_count,aiot,3,5 Feb 2026 9:55:21
69846a35798bc4c9f27ba3ca,data_ml,p_count,aiot,0,5 Feb 2026 10:0:21
69846b61798bc4c9f27ba3d1,data_ml,p_count,aiot,0,5 Feb 2026 10:5:21
69846c8d798bc4c9f27ba3d8,data_ml,p_count,aiot,0,5 Feb 2026 10:10:21
69846db9798bc4c9f27ba3df,data_ml,p_count,aiot,0,5 Feb 2026 10:15:21
69846ee5798bc4c9f27ba3e6,data_ml,p_count,aiot,0,5 Feb 2026 10:20:21
69847011798bc4c9f27ba3ed,data_ml,p_count,aiot,0,5 Feb 2026 10:25:21
6984713d798bc4c9f27ba3f4,data_ml,p_count,aiot,0,5 Feb 2026 10:30:21
69847269798bc4c9f27ba3fb,data_ml,p_count,aiot,1,5 Feb 2026 10:35:21
69847395798bc4c9f27ba402,data_ml,p_count,aiot,0,5 Feb 2026 10:40:21
698474c1798bc4c9f27ba409,data_ml,p_count,aiot,3,5 Feb 2026 10:45:21
698475ed798bc4c9f27ba410,data_ml,p_count,aiot,3,5 Feb 2026 10:50:21
69847719798bc4c9f27ba417,data_ml,p_count,aiot,3,5 Feb 2026 10:55:21
69847845798bc4c9f27ba41e,data_ml,p_count,aiot,0,5 Feb 2026 11:0:21
69847971798bc4c9f27ba425,data_ml,p_count,aiot,0,5 Feb 2026 11:5:21
69847a9d798bc4c9f27ba42c,data_ml,p_count,aiot,0,5 Feb 2026 11:10:21
69847bc9798bc4c9f27ba433,data_ml,p_count,aiot,0,5 Feb 2026 11:15:21
69847cf5798bc4c9f27ba43a,data_ml,p_count,aiot,0,5 Feb 2026 11:20:21
69847e21798bc4c9f27ba441,data_ml,p_count,aiot,2,5 Feb 2026 11:25:21
69847f4d798bc4c9f27ba448,data_ml,p_count,aiot,3,5 Feb 2026 11:30:21
69848079798bc4c9f27ba44f,data_ml,p_count,aiot,0,5 Feb 2026 11:35:21
698482d2798bc4c9f27ba45c,data_ml,p_count,aiot,3,5 Feb 2026 11:45:22
698483fe798bc4c9f27ba463,data_ml,p_count,aiot,0,5 Feb 2026 11:50:22
6984852a798bc4c9f27ba46a,data_ml,p_count,aiot,0,5 Feb 2026 11:55:22
69848656798bc4c9f27ba471,data_ml,p_count,aiot,2,5 Feb 2026 12:0:22
69848782798bc4c9f27ba478,data_ml,p_count,aiot,1,5 Feb 2026 12:5:22
698488ae798bc4c9f27ba47f,data_ml,p_count,aiot,0,5 Feb 2026 12:10:22
698489da798bc4c9f27ba486,data_ml,p_count,aiot,0,5 Feb 2026 12:15:22
69848b06798bc4c9f27ba48c,data_ml,p_count,aiot,0,5 Feb 2026 12:20:22
69848c32798bc4c9f27ba493,data_ml,p_count,aiot,0,5 Feb 2026 12:25:22
69848d5e798bc4c9f27ba49a,data_ml,p_count,aiot,0,5 Feb 2026 12:30:22
69848e8a798bc4c9f27ba4a1,data_ml,p_count,aiot,1,5 Feb 2026 12:35:22
69848fb6798bc4c9f27ba4a8,data_ml,p_count,aiot,0,5 Feb 2026 12:40:22
698490e2798bc4c9f27ba4af,data_ml,p_count,aiot,0,5 Feb 2026 12:45:22
6984920e798bc4c9f27ba4b6,data_ml,p_count,aiot,0,5 Feb 2026 12:50:22
6984933a798bc4c9f27ba4bd,data_ml,p_count,aiot,1,5 Feb 2026 12:55:22
69849466798bc4c9f27ba4c4,data_ml,p_count,aiot,2,5 Feb 2026 13:0:22
69849592798bc4c9f27ba4cb,data_ml,p_count,aiot,0,5 Feb 2026 13:5:22
698496be798bc4c9f27ba4d2,data_ml,p_count,aiot,4,5 Feb 2026 13:10:22
698497ea798bc4c9f27ba4d9,data_ml,p_count,aiot,0,5 Feb 2026 13:15:22
69849916798bc4c9f27ba4e0,data_ml,p_count,aiot,3,5 Feb 2026 13:20:22
69849a42798bc4c9f27ba4e7,data_ml,p_count,aiot,0,5 Feb 2026 13:25:22
69849b6e798bc4c9f27ba4ee,data_ml,p_count,aiot,0,5 Feb 2026 13:30:22
69849c9a798bc4c9f27ba4f5,data_ml,p_count,aiot,0,5 Feb 2026 13:35:22
69849dc6798bc4c9f27ba4fc,data_ml,p_count,aiot,1,5 Feb 2026 13:40:22
69849ef2798bc4c9f27ba503,data_ml,p_count,aiot,1,5 Feb 2026 13:45:22
6984a01e798bc4c9f27ba50a,data_ml,p_count,aiot,0,5 Feb 2026 13:50:22
6984a14a798bc4c9f27ba511,data_ml,p_count,aiot,3,5 Feb 2026 13:55:22
6984a276798bc4c9f27ba518,data_ml,p_count,aiot,0,5 Feb 2026 14:0:22
6984a3a2798bc4c9f27ba51f,data_ml,p_count,aiot,0,5 Feb 2026 14:5:22
6984a5fb798bc4c9f27ba52c,data_ml,p_count,aiot,0,5 Feb 2026 14:15:23
6984a727798bc4c9f27ba533,data_ml,p_count,aiot,0,5 Feb 2026 14:20:23
6984a853798bc4c9f27ba53a,data_ml,p_count,aiot,0,5 Feb 2026 14:25:23
6984a97f798bc4c9f27ba541,data_ml,p_count,aiot,1,5 Feb 2026 14:30:23
6984aaab798bc4c9f27ba548,data_ml,p_count,aiot,0,5 Feb 2026 14:35:23
6984abd7798bc4c9f27ba54f,data_ml,p_count,aiot,0,5 Feb 2026 14:40:23
6984ad03798bc4c9f27ba556,data_ml,p_count,aiot,1,5 Feb 2026 14:45:23
6984ae2f798bc4c9f27ba55d,data_ml,p_count,aiot,0,5 Feb 2026 14:50:23
6984af5b798bc4c9f27ba564,data_ml,p_count,aiot,0,5 Feb 2026 14:55:23
6984b087798bc4c9f27ba56b,data_ml,p_count,aiot,0,5 Feb 2026 15:0:23
6984b1b3798bc4c9f27ba572,data_ml,p_count,aiot,0,5 Feb 2026 15:5:23
6984b2df798bc4c9f27ba579,data_ml,p_count,aiot,0,5 Feb 2026 15:10:23
6984b40b798bc4c9f27ba580,data_ml,p_count,aiot,0,5 Feb 2026 15:15:23
6984b537798bc4c9f27ba587,data_ml,p_count,aiot,0,5 Feb 2026 15:20:23
6985f5920954537897d8bc4d,data_ml,p_count,aiot,4,6 Feb 2026 14:7:14
6985f6be0954537897d8bc54,data_ml,p_count,aiot,0,6 Feb 2026 14:12:14
6985f7ea0954537897d8bc5b,data_ml,p_count,aiot,1,6 Feb 2026 14:17:14
6985f9160954537897d8bc62,data_ml,p_count,aiot,0,6 Feb 2026 14:22:14
6985fa420954537897d8bc69,data_ml,p_count,aiot,0,6 Feb 2026 14:27:14
6985fb6e0954537897d8bc70,data_ml,p_count,aiot,0,6 Feb 2026 14:32:14
6985fc9a0954537897d8bc77,data_ml,p_count,aiot,0,6 Feb 2026 14:37:14
6985fdc70954537897d8bc7e,data_ml,p_count,aiot,0,6 Feb 2026 14:42:15
6985fef30954537897d8bc85,data_ml,p_count,aiot,0,6 Feb 2026 14:47:15
6986001e0954537897d8bc8c,data_ml,p_count,aiot,0,6 Feb 2026 14:52:14
6986014b0954537897d8bc93,data_ml,p_count,aiot,2,6 Feb 2026 14:57:15
698602770954537897d8bc9a,data_ml,p_count,aiot,0,6 Feb 2026 15:2:15
698603a30954537897d8bca1,data_ml,p_count,aiot,0,6 Feb 2026 15:7:15
698604cf0954537897d8bca8,data_ml,p_count,aiot,0,6 Feb 2026 15:12:15
698605fb0954537897d8bcaf,data_ml,p_count,aiot,0,6 Feb 2026 15:17:15
698607270954537897d8bcb6,data_ml,p_count,aiot,0,6 Feb 2026 15:22:15
698608530954537897d8bcbd,data_ml,p_count,aiot,0,6 Feb 2026 15:27:15
6986097f0954537897d8bcc4,data_ml,p_count,aiot,0,6 Feb 2026 15:32:15
69860aab0954537897d8bccb,data_ml,p_count,aiot,0,6 Feb 2026 15:37:15
69860bd70954537897d8bcd2,data_ml,p_count,aiot,0,6 Feb 2026 15:42:15
69860d030954537897d8bcd9,data_ml,p_count,aiot,0,6 Feb 2026 15:47:15
69860e2f0954537897d8bce0,data_ml,p_count,aiot,0,6 Feb 2026 15:52:15
69860f5b0954537897d8bce7,data_ml,p_count,aiot,0,6 Feb 2026 15:57:15
698610870954537897d8bcee,data_ml,p_count,aiot,0,6 Feb 2026 16:2:15
698611b30954537897d8bcf5,data_ml,p_count,aiot,0,6 Feb 2026 16:7:15
698612df0954537897d8bcfc,data_ml,p_count,aiot,0,6 Feb 2026 16:12:15
6986140b0954537897d8bd03,data_ml,p_count,aiot,1,6 Feb 2026 16:17:15
698615370954537897d8bd0a,data_ml,p_count,aiot,0,6 Feb 2026 16:22:15
698616630954537897d8bd11,data_ml,p_count,aiot,0,6 Feb 2026 16:27:15
698618bb0954537897d8bd1e,data_ml,p_count,aiot,0,6 Feb 2026 16:37:15
698619e70954537897d8bd25,data_ml,p_count,aiot,0,6 Feb 2026 16:42:15
69861b130954537897d8bd2c,data_ml,p_count,aiot,0,6 Feb 2026 16:47:15
69861c3f0954537897d8bd33,data_ml,p_count,aiot,0,6 Feb 2026 16:52:15
69861d6b0954537897d8bd3a,data_ml,p_count,aiot,0,6 Feb 2026 16:57:15
69861e970954537897d8bd41,data_ml,p_count,aiot,0,6 Feb 2026 17:2:15
69861fc30954537897d8bd48,data_ml,p_count,aiot,0,6 Feb 2026 17:7:15
698620ef0954537897d8bd4f,data_ml,p_count,aiot,0,6 Feb 2026 17:12:15
6986221b0954537897d8bd56,data_ml,p_count,aiot,0,6 Feb 2026 17:17:15
698623470954537897d8bd5d,data_ml,p_count,aiot,0,6 Feb 2026 17:22:15
698624730954537897d8bd64,data_ml,p_count,aiot,0,6 Feb 2026 17:27:15
6986259f15f88a96f6f92771,data_ml,p_count,aiot,0,6 Feb 2026 17:32:15
698626cb15f88a96f6f92778,data_ml,p_count,aiot,0,6 Feb 2026 17:37:15
698627f715f88a96f6f9277f,data_ml,p_count,aiot,0,6 Feb 2026 17:42:15
6986292315f88a96f6f92786,data_ml,p_count,aiot,0,6 Feb 2026 17:47:15
69862a4f15f88a96f6f9278d,data_ml,p_count,aiot,0,6 Feb 2026 17:52:15
69862b7b15f88a96f6f92794,data_ml,p_count,aiot,1,6 Feb 2026 17:57:15
69862ca715f88a96f6f9279b,data_ml,p_count,aiot,0,6 Feb 2026 18:2:15
69862dd315f88a96f6f927a2,data_ml,p_count,aiot,0,6 Feb 2026 18:7:15
69862eff15f88a96f6f927a9,data_ml,p_count,aiot,0,6 Feb 2026 18:12:15
6986302b15f88a96f6f927b0,data_ml,p_count,aiot,0,6 Feb 2026 18:17:15
6986315715f88a96f6f927b7,data_ml,p_count,aiot,0,6 Feb 2026 18:22:15
6986328315f88a96f6f927be,data_ml,p_count,aiot,0,6 Feb 2026 18:27:15
698633af15f88a96f6f927c5,data_ml,p_count,aiot,0,6 Feb 2026 18:32:15
698634db15f88a96f6f927cc,data_ml,p_count,aiot,0,6 Feb 2026 18:37:15
6986360715f88a96f6f927d3,data_ml,p_count,aiot,0,6 Feb 2026 18:42:15
698637378be1165503096ddc,data_ml,p_count,aiot,0,6 Feb 2026 18:47:19
6986385f8be1165503096ded,data_ml,p_count,aiot,0,6 Feb 2026 18:52:15
6986398b8be1165503096dfe,data_ml,p_count,aiot,0,6 Feb 2026 18:57:15
69863be48be1165503096e1f,data_ml,p_count,aiot,0,6 Feb 2026 19:7:16
69863d108be1165503096e30,data_ml,p_count,aiot,0,6 Feb 2026 19:12:16
69863e3c8be1165503096e41,data_ml,p_count,aiot,0,6 Feb 2026 19:17:16
69863f688be1165503096e52,data_ml,p_count,aiot,0,6 Feb 2026 19:22:16
698640948be1165503096e63,data_ml,p_count,aiot,0,6 Feb 2026 19:27:16
698641c08be1165503096e74,data_ml,p_count,aiot,0,6 Feb 2026 19:32:16
698642ec8be1165503096e85,data_ml,p_count,aiot,0,6 Feb 2026 19:37:16
698644188be1165503096e96,data_ml,p_count,aiot,0,6 Feb 2026 19:42:16
698645448be1165503096ea7,data_ml,p_count,aiot,0,6 Feb 2026 19:47:16
698646708be1165503096eb8,data_ml,p_count,aiot,0,6 Feb 2026 19:52:16
6986479c8be1165503096ec9,data_ml,p_count,aiot,0,6 Feb 2026 19:57:16
698648c88be1165503096eda,data_ml,p_count,aiot,0,6 Feb 2026 20:2:16
698649f48be1165503096eeb,data_ml,p_count,aiot,0,6 Feb 2026 20:7:16
69864b208be1165503096efc,data_ml,p_count,aiot,0,6 Feb 2026 20:12:16
69864c4c8be1165503096f0d,data_ml,p_count,aiot,0,6 Feb 2026 20:17:16
69864d788be1165503096f1e,data_ml,p_count,aiot,0,6 Feb 2026 20:22:16
69864ea48be1165503096f2f,data_ml,p_count,aiot,0,6 Feb 2026 20:27:16
69864fd08be1165503096f40,data_ml,p_count,aiot,0,6 Feb 2026 20:32:16
698650fc8be1165503096f51,data_ml,p_count,aiot,0,6 Feb 2026 20:37:16
698652288be1165503096f62,data_ml,p_count,aiot,0,6 Feb 2026 20:42:16
698653548be1165503096f73,data_ml,p_count,aiot,0,6 Feb 2026 20:47:16
698654808be1165503096f84,data_ml,p_count,aiot,0,6 Feb 2026 20:52:16
698655ac8be1165503096f95,data_ml,p_count,aiot,0,6 Feb 2026 20:57:16
698656d88be1165503096fa6,data_ml,p_count,aiot,0,6 Feb 2026 21:2:16
698658048be1165503096fb7,data_ml,p_count,aiot,0,6 Feb 2026 21:7:16
698659308be1165503096fc8,data_ml,p_count,aiot,0,6 Feb 2026 21:12:16
69865a5c8be1165503096fd9,data_ml,p_count,aiot,0,6 Feb 2026 21:17:16
69865b888be1165503096fea,data_ml,p_count,aiot,0,6 Feb 2026 21:22:16
69865cb48be1165503096ffb,data_ml,p_count,aiot,0,6 Feb 2026 21:27:16
69865f0c8be116550309701c,data_ml,p_count,aiot,0,6 Feb 2026 21:37:16
698660388be116550309702d,data_ml,p_count,aiot,3,6 Feb 2026 21:42:16
698661648be116550309703e,data_ml,p_count,aiot,4,6 Feb 2026 21:47:16
698662908be116550309704f,data_ml,p_count,aiot,0,6 Feb 2026 21:52:16
698663bc8be1165503097060,data_ml,p_count,aiot,0,6 Feb 2026 21:57:16
698664e88be1165503097071,data_ml,p_count,aiot,0,6 Feb 2026 22:2:16
698666148be1165503097082,data_ml,p_count,aiot,0,6 Feb 2026 22:7:16
698667408be1165503097093,data_ml,p_count,aiot,0,6 Feb 2026 22:12:16
6986686c8be11655030970a4,data_ml,p_count,aiot,0,6 Feb 2026 22:17:16
698669988be11655030970b5,data_ml,p_count,aiot,0,6 Feb 2026 22:22:16
69866ac48be11655030970c6,data_ml,p_count,aiot,0,6 Feb 2026 22:27:16
69866bf08be11655030970d7,data_ml,p_count,aiot,0,6 Feb 2026 22:32:16
69866d1d8be11655030970e8,data_ml,p_count,aiot,0,6 Feb 2026 22:37:17
69866e488be11655030970f9,data_ml,p_count,aiot,0,6 Feb 2026 22:42:16
69866f748be116550309710a,data_ml,p_count,aiot,0,6 Feb 2026 22:47:16
698670a18be116550309711b,data_ml,p_count,aiot,0,6 Feb 2026 22:52:17
698671cc8be116550309712c,data_ml,p_count,aiot,0,6 Feb 2026 22:57:16
698672f98be116550309713d,data_ml,p_count,aiot,0,6 Feb 2026 23:2:17
698674258be116550309714e,data_ml,p_count,aiot,0,6 Feb 2026 23:7:17
698675518be116550309715f,data_ml,p_count,aiot,0,6 Feb 2026 23:12:17
6986767d8be1165503097170,data_ml,p_count,aiot,0,6 Feb 2026 23:17:17
698677a98be1165503097181,data_ml,p_count,aiot,0,6 Feb 2026 23:22:17
698678d58be1165503097192,data_ml,p_count,aiot,0,6 Feb 2026 23:27:17
69867a018be11655030971a3,data_ml,p_count,aiot,0,6 Feb 2026 23:32:17
69867b2d8be11655030971b4,data_ml,p_count,aiot,0,6 Feb 2026 23:37:17
69867c598be11655030971c5,data_ml,p_count,aiot,0,6 Feb 2026 23:42:17
69867d858be11655030971d6,data_ml,p_count,aiot,0,6 Feb 2026 23:47:17
69867eb18be11655030971e7,data_ml,p_count,aiot,0,6 Feb 2026 23:52:17
69867fdd8be11655030971f8,data_ml,p_count,aiot,0,6 Feb 2026 23:57:17
698682358be1165503097219,data_ml,p_count,aiot,0,7 Feb 2026 0:7:17
698683618be116550309722a,data_ml,p_count,aiot,0,7 Feb 2026 0:12:17
6986848d8be116550309723b,data_ml,p_count,aiot,0,7 Feb 2026 0:17:17
698685b98be116550309724c,data_ml,p_count,aiot,0,7 Feb 2026 0:22:17
698686e58be116550309725d,data_ml,p_count,aiot,0,7 Feb 2026 0:27:17
698688118be116550309726e,data_ml,p_count,aiot,0,7 Feb 2026 0:32:17
6986893d8be116550309727f,data_ml,p_count,aiot,0,7 Feb 2026 0:37:17
69868a698be1165503097290,data_ml,p_count,aiot,0,7 Feb 2026 0:42:17
69868b958be11655030972a1,data_ml,p_count,aiot,0,7 Feb 2026 0:47:17
69868cc18be11655030972b2,data_ml,p_count,aiot,0,7 Feb 2026 0:52:17
69868ded8be11655030972c3,data_ml,p_count,aiot,0,7 Feb 2026 0:57:17
69868f198be11655030972d4,data_ml,p_count,aiot,0,7 Feb 2026 1:2:17
698690458be11655030972e5,data_ml,p_count,aiot,0,7 Feb 2026 1:7:17
698691718be11655030972f6,data_ml,p_count,aiot,0,7 Feb 2026 1:12:17
6986929d8be1165503097307,data_ml,p_count,aiot,0,7 Feb 2026 1:17:17
698693c98be1165503097318,data_ml,p_count,aiot,0,7 Feb 2026 1:22:17
698694f58be1165503097329,data_ml,p_count,aiot,0,7 Feb 2026 1:27:17
698696218be116550309733a,data_ml,p_count,aiot,0,7 Feb 2026 1:32:17
6986974d8be116550309734b,data_ml,p_count,aiot,0,7 Feb 2026 1:37:17
698698798be116550309735c,data_ml,p_count,aiot,0,7 Feb 2026 1:42:17
698699a58be116550309736d,data_ml,p_count,aiot,0,7 Feb 2026 1:47:17
69869ad18be116550309737e,data_ml,p_count,aiot,0,7 Feb 2026 1:52:17
69869bfd8be116550309738f,data_ml,p_count,aiot,0,7 Feb 2026 1:57:17
69869d298be11655030973a0,data_ml,p_count,aiot,0,7 Feb 2026 2:2:17
69869e558be11655030973b1,data_ml,p_count,aiot,0,7 Feb 2026 2:7:17
69869f818be11655030973c2,data_ml,p_count,aiot,0,7 Feb 2026 2:12:17
6986a0ad8be11655030973d3,data_ml,p_count,aiot,0,7 Feb 2026 2:17:17
6986a1d98be11655030973e4,data_ml,p_count,aiot,0,7 Feb 2026 2:22:17
6986a3058be11655030973f5,data_ml,p_count,aiot,0,7 Feb 2026 2:27:17
6986a55e8be1165503097416,data_ml,p_count,aiot,0,7 Feb 2026 2:37:18
6986a68a8be1165503097427,data_ml,p_count,aiot,0,7 Feb 2026 2:42:18
6986a7b68be1165503097438,data_ml,p_count,aiot,0,7 Feb 2026 2:47:18
6986a8e28be1165503097449,data_ml,p_count,aiot,0,7 Feb 2026 2:52:18
6986aa0e8be116550309745a,data_ml,p_count,aiot,0,7 Feb 2026 2:57:18
6986ab3a8be116550309746b,data_ml,p_count,aiot,0,7 Feb 2026 3:2:18
6986ac668be116550309747c,data_ml,p_count,aiot,0,7 Feb 2026 3:7:18
6986ad928be116550309748d,data_ml,p_count,aiot,0,7 Feb 2026 3:12:18
6986aebe8be116550309749e,data_ml,p_count,aiot,0,7 Feb 2026 3:17:18
6986afea8be11655030974af,data_ml,p_count,aiot,0,7 Feb 2026 3:22:18
6986b1168be11655030974c0,data_ml,p_count,aiot,0,7 Feb 2026 3:27:18
6986b2428be11655030974d1,data_ml,p_count,aiot,0,7 Feb 2026 3:32:18
6986b36e8be11655030974e2,data_ml,p_count,aiot,0,7 Feb 2026 3:37:18
6986b49a8be11655030974f3,data_ml,p_count,aiot,0,7 Feb 2026 3:42:18
6986b5c68be1165503097504,data_ml,p_count,aiot,0,7 Feb 2026 3:47:18
6986b6f28be1165503097515,data_ml,p_count,aiot,0,7 Feb 2026 3:52:18
6986b81e8be1165503097526,data_ml,p_count,aiot,0,7 Feb 2026 3:57:18
6986b94a8be1165503097537,data_ml,p_count,aiot,0,7 Feb 2026 4:2:18
6986ba768be1165503097548,data_ml,p_count,aiot,0,7 Feb 2026 4:7:18
6986bba28be1165503097559,data_ml,p_count,aiot,0,7 Feb 2026 4:12:18
6986bcce8be116550309756a,data_ml,p_count,aiot,0,7 Feb 2026 4:17:18
6986bdfa8be116550309757b,data_ml,p_count,aiot,0,7 Feb 2026 4:22:18
6986bf268be116550309758c,data_ml,p_count,aiot,0,7 Feb 2026 4:27:18
6986c0528be116550309759d,data_ml,p_count,aiot,0,7 Feb 2026 4:32:18
6986c17e8be11655030975ae,data_ml,p_count,aiot,0,7 Feb 2026 4:37:18
6986c2aa8be11655030975bf,data_ml,p_count,aiot,0,7 Feb 2026 4:42:18
6986c3d68be11655030975d0,data_ml,p_count,aiot,0,7 Feb 2026 4:47:18
6986c5028be11655030975e1,data_ml,p_count,aiot,0,7 Feb 2026 4:52:18
6986c62e8be11655030975f2,data_ml,p_count,aiot,0,7 Feb 2026 4:57:18
6986c8878be1165503097613,data_ml,p_count,aiot,0,7 Feb 2026 5:7:19
6986c9b28be1165503097624,data_ml,p_count,aiot,0,7 Feb 2026 5:12:18
6986cade8be1165503097635,data_ml,p_count,aiot,0,7 Feb 2026 5:17:18
6986cc0b8be1165503097646,data_ml,p_count,aiot,0,7 Feb 2026 5:22:19
6986cd368be1165503097657,data_ml,p_count,aiot,0,7 Feb 2026 5:27:18
6986ce628be1165503097668,data_ml,p_count,aiot,0,7 Feb 2026 5:32:18
6986cf8f8be1165503097679,data_ml,p_count,aiot,0,7 Feb 2026 5:37:19
6986d0bb8be116550309768a,data_ml,p_count,aiot,0,7 Feb 2026 5:42:19
6986d1e68be116550309769b,data_ml,p_count,aiot,0,7 Feb 2026 5:47:18
6986d3138be11655030976ac,data_ml,p_count,aiot,0,7 Feb 2026 5:52:19
6986d43f8be11655030976bd,data_ml,p_count,aiot,0,7 Feb 2026 5:57:19
6986d56b8be11655030976ce,data_ml,p_count,aiot,0,7 Feb 2026 6:2:19
6986d6978be11655030976df,data_ml,p_count,aiot,0,7 Feb 2026 6:7:19
6986d7c38be11655030976f0,data_ml,p_count,aiot,0,7 Feb 2026 6:12:19
6986d8ef8be1165503097701,data_ml,p_count,aiot,0,7 Feb 2026 6:17:19
6986da1b8be1165503097712,data_ml,p_count,aiot,0,7 Feb 2026 6:22:19
6986db478be1165503097723,data_ml,p_count,aiot,0,7 Feb 2026 6:27:19
6986dc738be1165503097734,data_ml,p_count,aiot,0,7 Feb 2026 6:32:19
6986dd9f8be1165503097745,data_ml,p_count,aiot,0,7 Feb 2026 6:37:19
6986decb8be1165503097756,data_ml,p_count,aiot,0,7 Feb 2026 6:42:19
6986dff78be1165503097767,data_ml,p_count,aiot,0,7 Feb 2026 6:47:19
6986e1238be1165503097778,data_ml,p_count,aiot,0,7 Feb 2026 6:52:19
6986e24f8be1165503097789,data_ml,p_count,aiot,0,7 Feb 2026 6:57:19
6986e37b8be116550309779a,data_ml,p_count,aiot,0,7 Feb 2026 7:2:19
6986e4a78be11655030977ab,data_ml,p_count,aiot,0,7 Feb 2026 7:7:19
6986e5d38be11655030977bc,data_ml,p_count,aiot,0,7 Feb 2026 7:12:19
6986e6ff8be11655030977cd,data_ml,p_count,aiot,0,7 Feb 2026 7:17:19
6986e82b8be11655030977de,data_ml,p_count,aiot,0,7 Feb 2026 7:22:19
6986e9578be11655030977ef,data_ml,p_count,aiot,0,7 Feb 2026 7:27:19
6986ebaf8be1165503097810,data_ml,p_count,aiot,0,7 Feb 2026 7:37:19
6986ecdb8be1165503097821,data_ml,p_count,aiot,0,7 Feb 2026 7:42:19
6986ee078be1165503097832,data_ml,p_count,aiot,0,7 Feb 2026 7:47:19
6986ef338be1165503097843,data_ml,p_count,aiot,0,7 Feb 2026 7:52:19
6986f05f8be1165503097854,data_ml,p_count,aiot,0,7 Feb 2026 7:57:19
6986f18b8be1165503097865,data_ml,p_count,aiot,0,7 Feb 2026 8:2:19
6986f2b78be1165503097876,data_ml,p_count,aiot,0,7 Feb 2026 8:7:19
6986f3e38be1165503097887,data_ml,p_count,aiot,0,7 Feb 2026 8:12:19
6986f50f8be1165503097898,data_ml,p_count,aiot,0,7 Feb 2026 8:17:19
6986f63b8be11655030978a9,data_ml,p_count,aiot,0,7 Feb 2026 8:22:19
6986f7678be11655030978ba,data_ml,p_count,aiot,0,7 Feb 2026 8:27:19
6986f8938be11655030978cb,data_ml,p_count,aiot,0,7 Feb 2026 8:32:19
6986f9bf8be11655030978dc,data_ml,p_count,aiot,0,7 Feb 2026 8:37:19
6986faeb8be11655030978ed,data_ml,p_count,aiot,0,7 Feb 2026 8:42:19
6986fc178be11655030978fe,data_ml,p_count,aiot,0,7 Feb 2026 8:47:19
6986fd438be116550309790f,data_ml,p_count,aiot,0,7 Feb 2026 8:52:19
6986fe6f8be1165503097920,data_ml,p_count,aiot,0,7 Feb 2026 8:57:19
6986ff9b8be1165503097931,data_ml,p_count,aiot,0,7 Feb 2026 9:2:19
698700c78be1165503097942,data_ml,p_count,aiot,0,7 Feb 2026 9:7:19
698701f38be1165503097953,data_ml,p_count,aiot,0,7 Feb 2026 9:12:19
6987031f8be1165503097964,data_ml,p_count,aiot,0,7 Feb 2026 9:17:19
6987044b8be1165503097975,data_ml,p_count,aiot,0,7 Feb 2026 9:22:19
698705778be1165503097986,data_ml,p_count,aiot,0,7 Feb 2026 9:27:19
698706a38be1165503097997,data_ml,p_count,aiot,0,7 Feb 2026 9:32:19
698707cf8be11655030979a8,data_ml,p_count,aiot,0,7 Feb 2026 9:37:19
698708fb8be11655030979b9,data_ml,p_count,aiot,0,7 Feb 2026 9:42:19
69870a278be11655030979ca,data_ml,p_count,aiot,0,7 Feb 2026 9:47:19
69870b548be11655030979db,data_ml,p_count,aiot,0,7 Feb 2026 9:52:20
69870c7f8be11655030979ec,data_ml,p_count,aiot,0,7 Feb 2026 9:57:19
69870ed88be1165503097a0d,data_ml,p_count,aiot,0,7 Feb 2026 10:7:20
698710048be1165503097a1e,data_ml,p_count,aiot,0,7 Feb 2026 10:12:20
698711308be1165503097a2f,data_ml,p_count,aiot,0,7 Feb 2026 10:17:20
6987125c8be1165503097a40,data_ml,p_count,aiot,0,7 Feb 2026 10:22:20
698713888be1165503097a51,data_ml,p_count,aiot,0,7 Feb 2026 10:27:20
698714b48be1165503097a62,data_ml,p_count,aiot,0,7 Feb 2026 10:32:20
698715e08be1165503097a73,data_ml,p_count,aiot,0,7 Feb 2026 10:37:20
6987170c8be1165503097a84,data_ml,p_count,aiot,0,7 Feb 2026 10:42:20
698718388be1165503097a95,data_ml,p_count,aiot,0,7 Feb 2026 10:47:20
698719648be1165503097aa6,data_ml,p_count,aiot,0,7 Feb 2026 10:52:20
69871a908be1165503097ab7,data_ml,p_count,aiot,0,7 Feb 2026 10:57:20
69871bbc8be1165503097ac8,data_ml,p_count,aiot,0,7 Feb 2026 11:2:20
69871ce88be1165503097ad9,data_ml,p_count,aiot,0,7 Feb 2026 11:7:20
69871e148be1165503097aea,data_ml,p_count,aiot,0,7 Feb 2026 11:12:20
69871f408be1165503097afb,data_ml,p_count,aiot,0,7 Feb 2026 11:17:20
6987206c8be1165503097b0c,data_ml,p_count,aiot,0,7 Feb 2026 11:22:20
698721988be1165503097b1d,data_ml,p_count,aiot,0,7 Feb 2026 11:27:20
698722c48be1165503097b2e,data_ml,p_count,aiot,0,7 Feb 2026 11:32:20
698723f08be1165503097b3f,data_ml,p_count,aiot,0,7 Feb 2026 11:37:20
6987251c8be1165503097b50,data_ml,p_count,aiot,0,7 Feb 2026 11:42:20
698726488be1165503097b61,data_ml,p_count,aiot,0,7 Feb 2026 11:47:20
698727748be1165503097b72,data_ml,p_count,aiot,0,7 Feb 2026 11:52:20
698728a08be1165503097b83,data_ml,p_count,aiot,0,7 Feb 2026 11:57:20
698729cc8be1165503097b94,data_ml,p_count,aiot,0,7 Feb 2026 12:2:20
69872af88be1165503097ba5,data_ml,p_count,aiot,0,7 Feb 2026 12:7:20
69872c248be1165503097bb6,data_ml,p_count,aiot,0,7 Feb 2026 12:12:20
69872d508be1165503097bc7,data_ml,p_count,aiot,0,7 Feb 2026 12:17:20
69872e7c8be1165503097bd8,data_ml,p_count,aiot,0,7 Feb 2026 12:22:20
69872fa88be1165503097be9,data_ml,p_count,aiot,0,7 Feb 2026 12:27:20
698732018be1165503097c0a,data_ml,p_count,aiot,0,7 Feb 2026 12:37:21
6987332c8be1165503097c1b,data_ml,p_count,aiot,0,7 Feb 2026 12:42:20
698734598be1165503097c2c,data_ml,p_count,aiot,0,7 Feb 2026 12:47:21
698735858be1165503097c3d,data_ml,p_count,aiot,0,7 Feb 2026 12:52:21
698736b18be1165503097c4e,data_ml,p_count,aiot,0,7 Feb 2026 12:57:21
698737dd8be1165503097c5f,data_ml,p_count,aiot,0,7 Feb 2026 13:2:21
698739098be1165503097c70,data_ml,p_count,aiot,0,7 Feb 2026 13:7:21
69873a348be1165503097c81,data_ml,p_count,aiot,0,7 Feb 2026 13:12:20
69873b618be1165503097c92,data_ml,p_count,aiot,0,7 Feb 2026 13:17:21
69873c8d8be1165503097c9e,data_ml,p_count,aiot,0,7 Feb 2026 13:22:21
69873db98be1165503097ca5,data_ml,p_count,aiot,0,7 Feb 2026 13:27:21
69873ee58be1165503097cac,data_ml,p_count,aiot,0,7 Feb 2026 13:32:21
698740118be1165503097cb3,data_ml,p_count,aiot,0,7 Feb 2026 13:37:21
6987413d8be1165503097cba,data_ml,p_count,aiot,0,7 Feb 2026 13:42:21
698742698be1165503097cc1,data_ml,p_count,aiot,0,7 Feb 2026 13:47:21
698743958be1165503097cc8,data_ml,p_count,aiot,0,7 Feb 2026 13:52:21
698744c18be1165503097ccf,data_ml,p_count,aiot,0,7 Feb 2026 13:57:21
698745ed8be1165503097cd6,data_ml,p_count,aiot,0,7 Feb 2026 14:2:21
698747198be1165503097cdd,data_ml,p_count,aiot,0,7 Feb 2026 14:7:21
698748458be1165503097ce4,data_ml,p_count,aiot,0,7 Feb 2026 14:12:21
698749718be1165503097ceb,data_ml,p_count,aiot,0,7 Feb 2026 14:17:21
69874a9d8be1165503097cf2,data_ml,p_count,aiot,0,7 Feb 2026 14:22:21
69874bc98be1165503097cf9,data_ml,p_count,aiot,0,7 Feb 2026 14:27:21
69874cf58be1165503097d00,data_ml,p_count,aiot,0,7 Feb 2026 14:32:21
69874e218be1165503097d07,data_ml,p_count,aiot,0,7 Feb 2026 14:37:21
69874f4d8be1165503097d0e,data_ml,p_count,aiot,0,7 Feb 2026 14:42:21
698750798be1165503097d15,data_ml,p_count,aiot,0,7 Feb 2026 14:47:21
698751a58be1165503097d1c,data_ml,p_count,aiot,0,7 Feb 2026 14:52:21
698752d18be1165503097d23,data_ml,p_count,aiot,0,7 Feb 2026 14:57:21
698755298be1165503097d30,data_ml,p_count,aiot,0,7 Feb 2026 15:7:21
698756558be1165503097d37,data_ml,p_count,aiot,0,7 Feb 2026 15:12:21
698757818be1165503097d3e,data_ml,p_count,aiot,0,7 Feb 2026 15:17:21
698758ad8be1165503097d45,data_ml,p_count,aiot,0,7 Feb 2026 15:22:21
698759d98be1165503097d4c,data_ml,p_count,aiot,0,7 Feb 2026 15:27:21
69875b058be1165503097d53,data_ml,p_count,aiot,0,7 Feb 2026 15:32:21
69875c318be1165503097d5a,data_ml,p_count,aiot,0,7 Feb 2026 15:37:21
69875d5d8be1165503097d61,data_ml,p_count,aiot,0,7 Feb 2026 15:42:21
69875e898be1165503097d68,data_ml,p_count,aiot,0,7 Feb 2026 15:47:21
69875fb58be1165503097d6f,data_ml,p_count,aiot,0,7 Feb 2026 15:52:21
698760e18be1165503097d76,data_ml,p_count,aiot,0,7 Feb 2026 15:57:21
6987620d8be1165503097d7d,data_ml,p_count,aiot,0,7 Feb 2026 16:2:21
698763398be1165503097d84,data_ml,p_count,aiot,0,7 Feb 2026 16:7:21
698764668be1165503097d8b,data_ml,p_count,aiot,0,7 Feb 2026 16:12:22
698765918be1165503097d92,data_ml,p_count,aiot,0,7 Feb 2026 16:17:21
698766bd8be1165503097d99,data_ml,p_count,aiot,0,7 Feb 2026 16:22:21
698767e98be1165503097da0,data_ml,p_count,aiot,0,7 Feb 2026 16:27:21
698769158be1165503097da7,data_ml,p_count,aiot,0,7 Feb 2026 16:32:21
69876a418be1165503097dae,data_ml,p_count,aiot,0,7 Feb 2026 16:37:21
69876b6d8be1165503097db5,data_ml,p_count,aiot,0,7 Feb 2026 16:42:21
69876c998be1165503097dbc,data_ml,p_count,aiot,0,7 Feb 2026 16:47:21
69876dc58be1165503097dc3,data_ml,p_count,aiot,0,7 Feb 2026 16:52:21
69876ef18be1165503097dca,data_ml,p_count,aiot,0,7 Feb 2026 16:57:21
6987701d8be1165503097dd1,data_ml,p_count,aiot,0,7 Feb 2026 17:2:21
698771498be1165503097dd8,data_ml,p_count,aiot,0,7 Feb 2026 17:7:21
698772758be1165503097ddf,data_ml,p_count,aiot,0,7 Feb 2026 17:12:21
698773a18be1165503097de6,data_ml,p_count,aiot,0,7 Feb 2026 17:17:21
698774cd8be1165503097ded,data_ml,p_count,aiot,0,7 Feb 2026 17:22:21
698775f98be1165503097df4,data_ml,p_count,aiot,0,7 Feb 2026 17:27:21
698778528be1165503097e01,data_ml,p_count,aiot,0,7 Feb 2026 17:37:22
6987797e8be1165503097e08,data_ml,p_count,aiot,0,7 Feb 2026 17:42:22
69877aaa8be1165503097e0f,data_ml,p_count,aiot,0,7 Feb 2026 17:47:22
69877bd68be1165503097e16,data_ml,p_count,aiot,0,7 Feb 2026 17:52:22
69877d028be1165503097e1d,data_ml,p_count,aiot,0,7 Feb 2026 17:57:22
69877e2e8be1165503097e24,data_ml,p_count,aiot,0,7 Feb 2026 18:2:22
69877f5a8be1165503097e2b,data_ml,p_count,aiot,0,7 Feb 2026 18:7:22
698780868be1165503097e32,data_ml,p_count,aiot,0,7 Feb 2026 18:12:22
698781b28be1165503097e39,data_ml,p_count,aiot,0,7 Feb 2026 18:17:22
69878cf08be1165503097e73,data_ml,p_count,aiot,0,7 Feb 2026 19:5:20
69878e1ca3b1f59689c1c3bb,data_ml,p_count,aiot,0,7 Feb 2026 19:10:20
69878f48a3b1f59689c1c3c2,data_ml,p_count,aiot,0,7 Feb 2026 19:15:20
69879074a3b1f59689c1c3c9,data_ml,p_count,aiot,0,7 Feb 2026 19:20:20
698791a0a3b1f59689c1c3d0,data_ml,p_count,aiot,0,7 Feb 2026 19:25:20
698792cca3b1f59689c1c3d7,data_ml,p_count,aiot,0,7 Feb 2026 19:30:20
698793f8a3b1f59689c1c3de,data_ml,p_count,aiot,0,7 Feb 2026 19:35:20
69879524a3b1f59689c1c3e5,data_ml,p_count,aiot,0,7 Feb 2026 19:40:20
69879650a3b1f59689c1c3ec,data_ml,p_count,aiot,0,7 Feb 2026 19:45:20
6987977ca3b1f59689c1c3f3,data_ml,p_count,aiot,0,7 Feb 2026 19:50:20
698798a8a3b1f59689c1c3fa,data_ml,p_count,aiot,0,7 Feb 2026 19:55:20
698799d4a3b1f59689c1c401,data_ml,p_count,aiot,0,7 Feb 2026 20:0:20
69879b00a3b1f59689c1c408,data_ml,p_count,aiot,0,7 Feb 2026 20:5:20
69879c2ca3b1f59689c1c40f,data_ml,p_count,aiot,0,7 Feb 2026 20:10:20
69879d58a3b1f59689c1c416,data_ml,p_count,aiot,0,7 Feb 2026 20:15:20
69879e84a3b1f59689c1c41d,data_ml,p_count,aiot,0,7 Feb 2026 20:20:20
69879fb0a3b1f59689c1c424,data_ml,p_count,aiot,0,7 Feb 2026 20:25:20
6987a0dca3b1f59689c1c42b,data_ml,p_count,aiot,0,7 Feb 2026 20:30:20
6987a208a3b1f59689c1c432,data_ml,p_count,aiot,0,7 Feb 2026 20:35:20
6987a334a3b1f59689c1c439,data_ml,p_count,aiot,0,7 Feb 2026 20:40:20
6987a58ca3b1f59689c1c446,data_ml,p_count,aiot,0,7 Feb 2026 20:50:20
6987a6b8a3b1f59689c1c44d,data_ml,p_count,aiot,0,7 Feb 2026 20:55:20
6987a7e4a3b1f59689c1c454,data_ml,p_count,aiot,0,7 Feb 2026 21:0:20
6987a910a3b1f59689c1c45b,data_ml,p_count,aiot,0,7 Feb 2026 21:5:20
6987aa3ca3b1f59689c1c462,data_ml,p_count,aiot,0,7 Feb 2026 21:10:20
6987ab68a3b1f59689c1c469,data_ml,p_count,aiot,0,7 Feb 2026 21:15:20
6987ac94a3b1f59689c1c470,data_ml,p_count,aiot,0,7 Feb 2026 21:20:20
6987adc0a3b1f59689c1c477,data_ml,p_count,aiot,0,7 Feb 2026 21:25:20
6987aeeca3b1f59689c1c47e,data_ml,p_count,aiot,0,7 Feb 2026 21:30:20
6987b018a3b1f59689c1c485,data_ml,p_count,aiot,0,7 Feb 2026 21:35:20
6987b144a3b1f59689c1c48c,data_ml,p_count,aiot,0,7 Feb 2026 21:40:20
6987b270a3b1f59689c1c493,data_ml,p_count,aiot,0,7 Feb 2026 21:45:20
6987b39ca3b1f59689c1c49a,data_ml,p_count,aiot,0,7 Feb 2026 21:50:20
6987b4c8a3b1f59689c1c4a1,data_ml,p_count,aiot,0,7 Feb 2026 21:55:20
6987b5f4a3b1f59689c1c4a8,data_ml,p_count,aiot,0,7 Feb 2026 22:0:20
6987b720a3b1f59689c1c4af,data_ml,p_count,aiot,0,7 Feb 2026 22:5:20
6987b84ca3b1f59689c1c4b6,data_ml,p_count,aiot,0,7 Feb 2026 22:10:20
6987b978a3b1f59689c1c4bd,data_ml,p_count,aiot,0,7 Feb 2026 22:15:20
6987baa4a3b1f59689c1c4c4,data_ml,p_count,aiot,0,7 Feb 2026 22:20:20
6987bbd0a3b1f59689c1c4cb,data_ml,p_count,aiot,0,7 Feb 2026 22:25:20
6987bcfca3b1f59689c1c4d2,data_ml,p_count,aiot,0,7 Feb 2026 22:30:20
6987be29a3b1f59689c1c4d9,data_ml,p_count,aiot,0,7 Feb 2026 22:35:21
6987bf54a3b1f59689c1c4e0,data_ml,p_count,aiot,0,7 Feb 2026 22:40:20
6987c080a3b1f59689c1c4e7,data_ml,p_count,aiot,0,7 Feb 2026 22:45:20
6987c1aca3b1f59689c1c4ee,data_ml,p_count,aiot,0,7 Feb 2026 22:50:20
6987c2d9a3b1f59689c1c4f5,data_ml,p_count,aiot,0,7 Feb 2026 22:55:21
6987c404a3b1f59689c1c4fc,data_ml,p_count,aiot,0,7 Feb 2026 23:0:20
6987c530a3b1f59689c1c503,data_ml,p_count,aiot,0,7 Feb 2026 23:5:20
6987c65da3b1f59689c1c50a,data_ml,p_count,aiot,0,7 Feb 2026 23:10:21
6987c8b5a3b1f59689c1c517,data_ml,p_count,aiot,0,7 Feb 2026 23:20:21
6987c9e1a3b1f59689c1c51e,data_ml,p_count,aiot,0,7 Feb 2026 23:25:21
6987cb0da3b1f59689c1c525,data_ml,p_count,aiot,0,7 Feb 2026 23:30:21
6987cc39a3b1f59689c1c52c,data_ml,p_count,aiot,0,7 Feb 2026 23:35:21
6987cd65a3b1f59689c1c533,data_ml,p_count,aiot,0,7 Feb 2026 23:40:21
6987ce91a3b1f59689c1c53a,data_ml,p_count,aiot,0,7 Feb 2026 23:45:21
6987cfbda3b1f59689c1c541,data_ml,p_count,aiot,0,7 Feb 2026 23:50:21
6987d0e9a3b1f59689c1c548,data_ml,p_count,aiot,0,7 Feb 2026 23:55:21
6987d215a3b1f59689c1c54f,data_ml,p_count,aiot,0,8 Feb 2026 0:0:21
6987d341a3b1f59689c1c556,data_ml,p_count,aiot,0,8 Feb 2026 0:5:21
6987d46da3b1f59689c1c55d,data_ml,p_count,aiot,0,8 Feb 2026 0:10:21
6987d599a3b1f59689c1c564,data_ml,p_count,aiot,0,8 Feb 2026 0:15:21
6987d6c5a3b1f59689c1c56b,data_ml,p_count,aiot,0,8 Feb 2026 0:20:21
6987d7f1a3b1f59689c1c572,data_ml,p_count,aiot,0,8 Feb 2026 0:25:21
6987d91da3b1f59689c1c579,data_ml,p_count,aiot,0,8 Feb 2026 0:30:21
6987da49a3b1f59689c1c580,data_ml,p_count,aiot,0,8 Feb 2026 0:35:21
6987db75a3b1f59689c1c587,data_ml,p_count,aiot,0,8 Feb 2026 0:40:21
6987dca1a3b1f59689c1c58e,data_ml,p_count,aiot,0,8 Feb 2026 0:45:21
6987ddcda3b1f59689c1c595,data_ml,p_count,aiot,0,8 Feb 2026 0:50:21
6987def9a3b1f59689c1c59c,data_ml,p_count,aiot,0,8 Feb 2026 0:55:21
6987e025a3b1f59689c1c5a3,data_ml,p_count,aiot,0,8 Feb 2026 1:0:21
6987e151a3b1f59689c1c5aa,data_ml,p_count,aiot,0,8 Feb 2026 1:5:21
6987e27da3b1f59689c1c5b1,data_ml,p_count,aiot,0,8 Feb 2026 1:10:21
6987e3a9a3b1f59689c1c5b8,data_ml,p_count,aiot,0,8 Feb 2026 1:15:21
6987e4d5a3b1f59689c1c5bf,data_ml,p_count,aiot,0,8 Feb 2026 1:20:21
6987e601a3b1f59689c1c5c6,data_ml,p_count,aiot,0,8 Feb 2026 1:25:21
6987e72da3b1f59689c1c5cd,data_ml,p_count,aiot,0,8 Feb 2026 1:30:21
6987e859a3b1f59689c1c5d4,data_ml,p_count,aiot,0,8 Feb 2026 1:35:21
6987e985a3b1f59689c1c5db,data_ml,p_count,aiot,0,8 Feb 2026 1:40:21
6987ebdda3b1f59689c1c5e8,data_ml,p_count,aiot,0,8 Feb 2026 1:50:21
6987ed09a3b1f59689c1c5ef,data_ml,p_count,aiot,0,8 Feb 2026 1:55:21
6987ee36a3b1f59689c1c5f6,data_ml,p_count,aiot,0,8 Feb 2026 2:0:22
6987ef62a3b1f59689c1c5fd,data_ml,p_count,aiot,0,8 Feb 2026 2:5:22
6987f08ea3b1f59689c1c604,data_ml,p_count,aiot,0,8 Feb 2026 2:10:22
6987f1b9a3b1f59689c1c60b,data_ml,p_count,aiot,0,8 Feb 2026 2:15:21
6987f2e6a3b1f59689c1c612,data_ml,p_count,aiot,0,8 Feb 2026 2:20:22
6987f412a3b1f59689c1c619,data_ml,p_count,aiot,0,8 Feb 2026 2:25:22
6987f53ea3b1f59689c1c620,data_ml,p_count,aiot,0,8 Feb 2026 2:30:22
6987f66aa3b1f59689c1c627,data_ml,p_count,aiot,0,8 Feb 2026 2:35:22
6987f796a3b1f59689c1c62e,data_ml,p_count,aiot,0,8 Feb 2026 2:40:22
6987f8c2a3b1f59689c1c635,data_ml,p_count,aiot,0,8 Feb 2026 2:45:22
6987f9eea3b1f59689c1c63c,data_ml,p_count,aiot,0,8 Feb 2026 2:50:22
6987fb1aa3b1f59689c1c643,data_ml,p_count,aiot,0,8 Feb 2026 2:55:22
6987fc46a3b1f59689c1c64a,data_ml,p_count,aiot,0,8 Feb 2026 3:0:22
6987fd72a3b1f59689c1c651,data_ml,p_count,aiot,0,8 Feb 2026 3:5:22
6987fe9ea3b1f59689c1c658,data_ml,p_count,aiot,0,8 Feb 2026 3:10:22
6987ffcaa3b1f59689c1c65f,data_ml,p_count,aiot,0,8 Feb 2026 3:15:22
698800f6a3b1f59689c1c666,data_ml,p_count,aiot,0,8 Feb 2026 3:20:22
69880222a3b1f59689c1c66d,data_ml,p_count,aiot,0,8 Feb 2026 3:25:22
6988034ea3b1f59689c1c674,data_ml,p_count,aiot,0,8 Feb 2026 3:30:22
6988047aa3b1f59689c1c67b,data_ml,p_count,aiot,0,8 Feb 2026 3:35:22
698805a6a3b1f59689c1c682,data_ml,p_count,aiot,0,8 Feb 2026 3:40:22
698806d2a3b1f59689c1c689,data_ml,p_count,aiot,0,8 Feb 2026 3:45:22
698807fea3b1f59689c1c690,data_ml,p_count,aiot,0,8 Feb 2026 3:50:22
6988092aa3b1f59689c1c697,data_ml,p_count,aiot,0,8 Feb 2026 3:55:22
69880a56a3b1f59689c1c69e,data_ml,p_count,aiot,0,8 Feb 2026 4:0:22
69880b82a3b1f59689c1c6a5,data_ml,p_count,aiot,0,8 Feb 2026 4:5:22
69880caea3b1f59689c1c6ac,data_ml,p_count,aiot,0,8 Feb 2026 4:10:22
69880f06a3b1f59689c1c6b9,data_ml,p_count,aiot,0,8 Feb 2026 4:20:22
69881032a3b1f59689c1c6c0,data_ml,p_count,aiot,0,8 Feb 2026 4:25:22
6988115ea3b1f59689c1c6c7,data_ml,p_count,aiot,0,8 Feb 2026 4:30:22
6988128aa3b1f59689c1c6ce,data_ml,p_count,aiot,0,8 Feb 2026 4:35:22
698813b6a3b1f59689c1c6d5,data_ml,p_count,aiot,0,8 Feb 2026 4:40:22
698814e2a3b1f59689c1c6dc,data_ml,p_count,aiot,0,8 Feb 2026 4:45:22
6988160ea3b1f59689c1c6e3,data_ml,p_count,aiot,0,8 Feb 2026 4:50:22
6988173aa3b1f59689c1c6ea,data_ml,p_count,aiot,0,8 Feb 2026 4:55:22
69881866a3b1f59689c1c6f1,data_ml,p_count,aiot,0,8 Feb 2026 5:0:22
69881992a3b1f59689c1c6f8,data_ml,p_count,aiot,0,8 Feb 2026 5:5:22
69881abea3b1f59689c1c6ff,data_ml,p_count,aiot,0,8 Feb 2026 5:10:22
69881beaa3b1f59689c1c706,data_ml,p_count,aiot,0,8 Feb 2026 5:15:22
69881d16a3b1f59689c1c70d,data_ml,p_count,aiot,0,8 Feb 2026 5:20:22
69881e42a3b1f59689c1c714,data_ml,p_count,aiot,0,8 Feb 2026 5:25:22
69881f6ea3b1f59689c1c71b,data_ml,p_count,aiot,0,8 Feb 2026 5:30:22
6988209aa3b1f59689c1c722,data_ml,p_count,aiot,0,8 Feb 2026 5:35:22
698821c6a3b1f59689c1c729,data_ml,p_count,aiot,0,8 Feb 2026 5:40:22
698822f2a3b1f59689c1c730,data_ml,p_count,aiot,0,8 Feb 2026 5:45:22
6988241ea3b1f59689c1c737,data_ml,p_count,aiot,0,8 Feb 2026 5:50:22
6988254aa3b1f59689c1c73e,data_ml,p_count,aiot,0,8 Feb 2026 5:55:22
69882676a3b1f59689c1c745,data_ml,p_count,aiot,0,8 Feb 2026 6:0:22
698827a2a3b1f59689c1c74c,data_ml,p_count,aiot,0,8 Feb 2026 6:5:22
698828cea3b1f59689c1c753,data_ml,p_count,aiot,0,8 Feb 2026 6:10:22
698829faa3b1f59689c1c75a,data_ml,p_count,aiot,0,8 Feb 2026 6:15:22
69882b26a3b1f59689c1c761,data_ml,p_count,aiot,0,8 Feb 2026 6:20:22
69882c52a3b1f59689c1c768,data_ml,p_count,aiot,0,8 Feb 2026 6:25:22
69882d7fa3b1f59689c1c76f,data_ml,p_count,aiot,1,8 Feb 2026 6:30:23
69882eaaa3b1f59689c1c776,data_ml,p_count,aiot,0,8 Feb 2026 6:35:22
69882fd6a3b1f59689c1c77d,data_ml,p_count,aiot,0,8 Feb 2026 6:40:22
6988322fa3b1f59689c1c78a,data_ml,p_count,aiot,0,8 Feb 2026 6:50:23
6988335ba3b1f59689c1c791,data_ml,p_count,aiot,0,8 Feb 2026 6:55:23
69883487a3b1f59689c1c798,data_ml,p_count,aiot,0,8 Feb 2026 7:0:23
698835b3a3b1f59689c1c79f,data_ml,p_count,aiot,0,8 Feb 2026 7:5:23
698836dfa3b1f59689c1c7a6,data_ml,p_count,aiot,0,8 Feb 2026 7:10:23
6988380ba3b1f59689c1c7ad,data_ml,p_count,aiot,0,8 Feb 2026 7:15:23
69883937a3b1f59689c1c7b4,data_ml,p_count,aiot,0,8 Feb 2026 7:20:23
69883a63a3b1f59689c1c7bb,data_ml,p_count,aiot,0,8 Feb 2026 7:25:23
69883b8fa3b1f59689c1c7c2,data_ml,p_count,aiot,0,8 Feb 2026 7:30:23
69883cbba3b1f59689c1c7c9,data_ml,p_count,aiot,0,8 Feb 2026 7:35:23
69883de7a3b1f59689c1c7d0,data_ml,p_count,aiot,0,8 Feb 2026 7:40:23
69883f13a3b1f59689c1c7d7,data_ml,p_count,aiot,0,8 Feb 2026 7:45:23
6988403fa3b1f59689c1c7de,data_ml,p_count,aiot,0,8 Feb 2026 7:50:23
6988416ba3b1f59689c1c7e5,data_ml,p_count,aiot,0,8 Feb 2026 7:55:23
69884297a3b1f59689c1c7ec,data_ml,p_count,aiot,0,8 Feb 2026 8:0:23
698843c3a3b1f59689c1c7f3,data_ml,p_count,aiot,0,8 Feb 2026 8:5:23
698844efa3b1f59689c1c7fa,data_ml,p_count,aiot,0,8 Feb 2026 8:10:23
6988461ba3b1f59689c1c801,data_ml,p_count,aiot,0,8 Feb 2026 8:15:23
69884747a3b1f59689c1c808,data_ml,p_count,aiot,0,8 Feb 2026 8:20:23
69884873a3b1f59689c1c80f,data_ml,p_count,aiot,0,8 Feb 2026 8:25:23
6988499fa3b1f59689c1c816,data_ml,p_count,aiot,0,8 Feb 2026 8:30:23
69884acba3b1f59689c1c81d,data_ml,p_count,aiot,0,8 Feb 2026 8:35:23
69884bf7a3b1f59689c1c824,data_ml,p_count,aiot,0,8 Feb 2026 8:40:23
69884d23a3b1f59689c1c82b,data_ml,p_count,aiot,0,8 Feb 2026 8:45:23
69884e4fa3b1f59689c1c832,data_ml,p_count,aiot,0,8 Feb 2026 8:50:23
69884f7ba3b1f59689c1c839,data_ml,p_count,aiot,0,8 Feb 2026 8:55:23
698850a7a3b1f59689c1c840,data_ml,p_count,aiot,0,8 Feb 2026 9:0:23
698851d3a3b1f59689c1c847,data_ml,p_count,aiot,0,8 Feb 2026 9:5:23
698852ffa3b1f59689c1c84e,data_ml,p_count,aiot,0,8 Feb 2026 9:10:23
69885558a3b1f59689c1c85b,data_ml,p_count,aiot,0,8 Feb 2026 9:20:24
69885684a3b1f59689c1c862,data_ml,p_count,aiot,0,8 Feb 2026 9:25:24
698857b0a3b1f59689c1c869,data_ml,p_count,aiot,0,8 Feb 2026 9:30:24
698858dca3b1f59689c1c870,data_ml,p_count,aiot,0,8 Feb 2026 9:35:24
69885a08a3b1f59689c1c877,data_ml,p_count,aiot,0,8 Feb 2026 9:40:24
69885b34a3b1f59689c1c87e,data_ml,p_count,aiot,0,8 Feb 2026 9:45:24
69885c60a3b1f59689c1c885,data_ml,p_count,aiot,0,8 Feb 2026 9:50:24
69885d8ca3b1f59689c1c88c,data_ml,p_count,aiot,0,8 Feb 2026 9:55:24
69885eb8a3b1f59689c1c893,data_ml,p_count,aiot,0,8 Feb 2026 10:0:24
69885fe4a3b1f59689c1c89a,data_ml,p_count,aiot,0,8 Feb 2026 10:5:24
69886110a3b1f59689c1c8a1,data_ml,p_count,aiot,0,8 Feb 2026 10:10:24
6988623ca3b1f59689c1c8a8,data_ml,p_count,aiot,0,8 Feb 2026 10:15:24
69886368a3b1f59689c1c8af,data_ml,p_count,aiot,0,8 Feb 2026 10:20:24
69886494a3b1f59689c1c8b6,data_ml,p_count,aiot,0,8 Feb 2026 10:25:24
698865c0a3b1f59689c1c8bd,data_ml,p_count,aiot,0,8 Feb 2026 10:30:24
698866ec48b0e542621dff47,data_ml,p_count,aiot,0,8 Feb 2026 10:35:24
6988681848b0e542621dff4e,data_ml,p_count,aiot,0,8 Feb 2026 10:40:24
6988694448b0e542621dff55,data_ml,p_count,aiot,0,8 Feb 2026 10:45:24
69886a7048b0e542621dff5c,data_ml,p_count,aiot,0,8 Feb 2026 10:50:24
69886b9cb4926c1e3dcf965b,data_ml,p_count,aiot,0,8 Feb 2026 10:55:24
69886cc8b4926c1e3dcf9662,data_ml,p_count,aiot,0,8 Feb 2026 11:0:24
69886df4b4926c1e3dcf9669,data_ml,p_count,aiot,0,8 Feb 2026 11:5:24
69886f20b4926c1e3dcf9670,data_ml,p_count,aiot,0,8 Feb 2026 11:10:24
6988704cb4926c1e3dcf9677,data_ml,p_count,aiot,0,8 Feb 2026 11:15:24
69887178b4926c1e3dcf967e,data_ml,p_count,aiot,0,8 Feb 2026 11:20:24
698872a4b4926c1e3dcf9685,data_ml,p_count,aiot,0,8 Feb 2026 11:25:24
698873d0b4926c1e3dcf968c,data_ml,p_count,aiot,0,8 Feb 2026 11:30:24
698874fcb4926c1e3dcf9693,data_ml,p_count,aiot,0,8 Feb 2026 11:35:24
69887628b4926c1e3dcf969a,data_ml,p_count,aiot,0,8 Feb 2026 11:40:24
69887880b4926c1e3dcf96a7,data_ml,p_count,aiot,0,8 Feb 2026 11:50:24
698879acb4926c1e3dcf96ae,data_ml,p_count,aiot,0,8 Feb 2026 11:55:24
69887ad8b4926c1e3dcf96b5,data_ml,p_count,aiot,0,8 Feb 2026 12:0:24
69887c04b4926c1e3dcf96bc,data_ml,p_count,aiot,0,8 Feb 2026 12:5:24
69887d30b4926c1e3dcf96c3,data_ml,p_count,aiot,0,8 Feb 2026 12:10:24
69887e5cb4926c1e3dcf96ca,data_ml,p_count,aiot,0,8 Feb 2026 12:15:24
69887f88b4926c1e3dcf96d1,data_ml,p_count,aiot,0,8 Feb 2026 12:20:24
698880b4b4926c1e3dcf96d8,data_ml,p_count,aiot,0,8 Feb 2026 12:25:24
698881e0b4926c1e3dcf96df,data_ml,p_count,aiot,0,8 Feb 2026 12:30:24
6988830cb4926c1e3dcf96e6,data_ml,p_count,aiot,0,8 Feb 2026 12:35:24
69888438b4926c1e3dcf96ed,data_ml,p_count,aiot,0,8 Feb 2026 12:40:24
69888564b4926c1e3dcf96f4,data_ml,p_count,aiot,0,8 Feb 2026 12:45:24
69888690b4926c1e3dcf96fb,data_ml,p_count,aiot,0,8 Feb 2026 12:50:24
698887bdb4926c1e3dcf9702,data_ml,p_count,aiot,0,8 Feb 2026 12:55:25
698888e9b4926c1e3dcf9709,data_ml,p_count,aiot,0,8 Feb 2026 13:0:25
69888a14b4926c1e3dcf9710,data_ml,p_count,aiot,0,8 Feb 2026 13:5:24
69888b40b4926c1e3dcf9717,data_ml,p_count,aiot,0,8 Feb 2026 13:10:24
69888c6cb4926c1e3dcf971e,data_ml,p_count,aiot,0,8 Feb 2026 13:15:24
69888d98b4926c1e3dcf9725,data_ml,p_count,aiot,0,8 Feb 2026 13:20:24
69888ec4b4926c1e3dcf972c,data_ml,p_count,aiot,1,8 Feb 2026 13:25:24
69888ff1b4926c1e3dcf9733,data_ml,p_count,aiot,2,8 Feb 2026 13:30:25
6988911cb4926c1e3dcf973a,data_ml,p_count,aiot,0,8 Feb 2026 13:35:24
69889249b4926c1e3dcf9741,data_ml,p_count,aiot,0,8 Feb 2026 13:40:25
69889374b4926c1e3dcf9748,data_ml,p_count,aiot,0,8 Feb 2026 13:45:24
698894a1b4926c1e3dcf974f,data_ml,p_count,aiot,0,8 Feb 2026 13:50:25
698895cdb4926c1e3dcf9756,data_ml,p_count,aiot,0,8 Feb 2026 13:55:25
698896f9b4926c1e3dcf975d,data_ml,p_count,aiot,0,8 Feb 2026 14:0:25
69889825b4926c1e3dcf9764,data_ml,p_count,aiot,0,8 Feb 2026 14:5:25
69889951b4926c1e3dcf976b,data_ml,p_count,aiot,0,8 Feb 2026 14:10:25
69889ba9b4926c1e3dcf9778,data_ml,p_count,aiot,0,8 Feb 2026 14:20:25
69889cd5b4926c1e3dcf977e,data_ml,p_count,aiot,0,8 Feb 2026 14:25:25
69889e01b4926c1e3dcf9785,data_ml,p_count,aiot,0,8 Feb 2026 14:30:25
69889f2db4926c1e3dcf978c,data_ml,p_count,aiot,0,8 Feb 2026 14:35:25
6988a059b4926c1e3dcf9793,data_ml,p_count,aiot,0,8 Feb 2026 14:40:25
6988a185b4926c1e3dcf979a,data_ml,p_count,aiot,0,8 Feb 2026 14:45:25
6988a2b1b4926c1e3dcf97a1,data_ml,p_count,aiot,0,8 Feb 2026 14:50:25
6988a3ddb4926c1e3dcf97a8,data_ml,p_count,aiot,0,8 Feb 2026 14:55:25
6988a509b4926c1e3dcf97af,data_ml,p_count,aiot,0,8 Feb 2026 15:0:25
6988a635b4926c1e3dcf97b6,data_ml,p_count,aiot,0,8 Feb 2026 15:5:25
6988a761b4926c1e3dcf97bd,data_ml,p_count,aiot,0,8 Feb 2026 15:10:25
6988a88db4926c1e3dcf97c4,data_ml,p_count,aiot,0,8 Feb 2026 15:15:25
6988a9b9b4926c1e3dcf97cb,data_ml,p_count,aiot,0,8 Feb 2026 15:20:25
6988aae5b4926c1e3dcf97d2,data_ml,p_count,aiot,0,8 Feb 2026 15:25:25
6988ac11b4926c1e3dcf97d9,data_ml,p_count,aiot,0,8 Feb 2026 15:30:25
6988ad3db4926c1e3dcf97e0,data_ml,p_count,aiot,0,8 Feb 2026 15:35:25
6988ae69b4926c1e3dcf97e7,data_ml,p_count,aiot,0,8 Feb 2026 15:40:25
6988af95b4926c1e3dcf97ee,data_ml,p_count,aiot,0,8 Feb 2026 15:45:25
6988b0c1b4926c1e3dcf97f5,data_ml,p_count,aiot,0,8 Feb 2026 15:50:25
6988b1edb4926c1e3dcf97fc,data_ml,p_count,aiot,0,8 Feb 2026 15:55:25
6988b319b4926c1e3dcf9803,data_ml,p_count,aiot,0,8 Feb 2026 16:0:25
6988b445b4926c1e3dcf980a,data_ml,p_count,aiot,0,8 Feb 2026 16:5:25
6988b571b4926c1e3dcf9811,data_ml,p_count,aiot,0,8 Feb 2026 16:10:25
6988b69db4926c1e3dcf9818,data_ml,p_count,aiot,0,8 Feb 2026 16:15:25
6988b7c9b4926c1e3dcf981f,data_ml,p_count,aiot,0,8 Feb 2026 16:20:25
6988b8f5b4926c1e3dcf9826,data_ml,p_count,aiot,0,8 Feb 2026 16:25:25
6988ba21b4926c1e3dcf982d,data_ml,p_count,aiot,0,8 Feb 2026 16:30:25
6988bb4db4926c1e3dcf9834,data_ml,p_count,aiot,0,8 Feb 2026 16:35:25
6988bc79b4926c1e3dcf983b,data_ml,p_count,aiot,0,8 Feb 2026 16:40:25
6988bed2b4926c1e3dcf9848,data_ml,p_count,aiot,0,8 Feb 2026 16:50:26
6988bffeb4926c1e3dcf984f,data_ml,p_count,aiot,0,8 Feb 2026 16:55:26
6988c129b4926c1e3dcf9856,data_ml,p_count,aiot,0,8 Feb 2026 17:0:25
6988c256b4926c1e3dcf985d,data_ml,p_count,aiot,0,8 Feb 2026 17:5:26
6988c382b4926c1e3dcf9864,data_ml,p_count,aiot,0,8 Feb 2026 17:10:26
6988c4aeb4926c1e3dcf986b,data_ml,p_count,aiot,0,8 Feb 2026 17:15:26
6988c5dab4926c1e3dcf9872,data_ml,p_count,aiot,0,8 Feb 2026 17:20:26
6988c706b4926c1e3dcf9879,data_ml,p_count,aiot,0,8 Feb 2026 17:25:26
6988c832b4926c1e3dcf9880,data_ml,p_count,aiot,0,8 Feb 2026 17:30:26
6988c95eb4926c1e3dcf9887,data_ml,p_count,aiot,0,8 Feb 2026 17:35:26
6988ca8ab4926c1e3dcf988e,data_ml,p_count,aiot,0,8 Feb 2026 17:40:26
6988cbb6b4926c1e3dcf9895,data_ml,p_count,aiot,0,8 Feb 2026 17:45:26
6988cce2b4926c1e3dcf989c,data_ml,p_count,aiot,0,8 Feb 2026 17:50:26
6988ce0eb4926c1e3dcf98a3,data_ml,p_count,aiot,0,8 Feb 2026 17:55:26
6988cf3ab4926c1e3dcf98aa,data_ml,p_count,aiot,0,8 Feb 2026 18:0:26
6988d066b4926c1e3dcf98b1,data_ml,p_count,aiot,0,8 Feb 2026 18:5:26
6988d192b4926c1e3dcf98b8,data_ml,p_count,aiot,0,8 Feb 2026 18:10:26
6988d2beb4926c1e3dcf98bf,data_ml,p_count,aiot,0,8 Feb 2026 18:15:26
6988d3eab4926c1e3dcf98c6,data_ml,p_count,aiot,0,8 Feb 2026 18:20:26
6988d516b4926c1e3dcf98cd,data_ml,p_count,aiot,0,8 Feb 2026 18:25:26
6988d642b4926c1e3dcf98d4,data_ml,p_count,aiot,0,8 Feb 2026 18:30:26
6988d76eb4926c1e3dcf98db,data_ml,p_count,aiot,0,8 Feb 2026 18:35:26
6988d89ab4926c1e3dcf98e2,data_ml,p_count,aiot,0,8 Feb 2026 18:40:26
6988d9c6b4926c1e3dcf98e9,data_ml,p_count,aiot,0,8 Feb 2026 18:45:26
6988daf2b4926c1e3dcf98f0,data_ml,p_count,aiot,0,8 Feb 2026 18:50:26
6988dc1eb4926c1e3dcf98f7,data_ml,p_count,aiot,0,8 Feb 2026 18:55:26
6988dd4ab4926c1e3dcf98fe,data_ml,p_count,aiot,0,8 Feb 2026 19:0:26
6988de76b4926c1e3dcf9905,data_ml,p_count,aiot,0,8 Feb 2026 19:5:26
6988dfa2b4926c1e3dcf990c,data_ml,p_count,aiot,0,8 Feb 2026 19:10:26
6988e1fab4926c1e3dcf9919,data_ml,p_count,aiot,0,8 Feb 2026 19:20:26
6988e326b4926c1e3dcf9920,data_ml,p_count,aiot,0,8 Feb 2026 19:25:26
6988e452b4926c1e3dcf9927,data_ml,p_count,aiot,0,8 Feb 2026 19:30:26
6988e57eb4926c1e3dcf992e,data_ml,p_count,aiot,0,8 Feb 2026 19:35:26
6988e6aab4926c1e3dcf9935,data_ml,p_count,aiot,0,8 Feb 2026 19:40:26
6988e7d6b4926c1e3dcf993c,data_ml,p_count,aiot,0,8 Feb 2026 19:45:26
6988e902b4926c1e3dcf9943,data_ml,p_count,aiot,0,8 Feb 2026 19:50:26
6988ea2eb4926c1e3dcf994a,data_ml,p_count,aiot,0,8 Feb 2026 19:55:26
6988eb5ab4926c1e3dcf9951,data_ml,p_count,aiot,0,8 Feb 2026 20:0:26
6988ec86b4926c1e3dcf9958,data_ml,p_count,aiot,0,8 Feb 2026 20:5:26
6988edb2b4926c1e3dcf995f,data_ml,p_count,aiot,0,8 Feb 2026 20:10:26
6988eedeb4926c1e3dcf9966,data_ml,p_count,aiot,0,8 Feb 2026 20:15:26
6988f00ab4926c1e3dcf996d,data_ml,p_count,aiot,0,8 Feb 2026 20:20:26
6988f136b4926c1e3dcf9974,data_ml,p_count,aiot,0,8 Feb 2026 20:25:26
6988f262b4926c1e3dcf997b,data_ml,p_count,aiot,0,8 Feb 2026 20:30:26
6988f38fb4926c1e3dcf9982,data_ml,p_count,aiot,0,8 Feb 2026 20:35:27
6988f4bab4926c1e3dcf9989,data_ml,p_count,aiot,0,8 Feb 2026 20:40:26
6988f5e6b4926c1e3dcf9990,data_ml,p_count,aiot,0,8 Feb 2026 20:45:26
6988f713b4926c1e3dcf9997,data_ml,p_count,aiot,0,8 Feb 2026 20:50:27
6988f83eb4926c1e3dcf999e,data_ml,p_count,aiot,0,8 Feb 2026 20:55:26
6988f96ab4926c1e3dcf99a5,data_ml,p_count,aiot,0,8 Feb 2026 21:0:26
6988fa97b4926c1e3dcf99ac,data_ml,p_count,aiot,0,8 Feb 2026 21:5:27
6988fbc3b4926c1e3dcf99b3,data_ml,p_count,aiot,0,8 Feb 2026 21:10:27
6988fcefb4926c1e3dcf99ba,data_ml,p_count,aiot,0,8 Feb 2026 21:15:27
6988fe1bb4926c1e3dcf99c1,data_ml,p_count,aiot,0,8 Feb 2026 21:20:27
6988ff47b4926c1e3dcf99c8,data_ml,p_count,aiot,0,8 Feb 2026 21:25:27
69890073b4926c1e3dcf99cf,data_ml,p_count,aiot,0,8 Feb 2026 21:30:27
6989019fb4926c1e3dcf99d6,data_ml,p_count,aiot,0,8 Feb 2026 21:35:27
698902cbb4926c1e3dcf99dd,data_ml,p_count,aiot,0,8 Feb 2026 21:40:27
69890523b4926c1e3dcf99ea,data_ml,p_count,aiot,0,8 Feb 2026 21:50:27
6989064fb4926c1e3dcf99f1,data_ml,p_count,aiot,0,8 Feb 2026 21:55:27
6989077bb4926c1e3dcf99f8,data_ml,p_count,aiot,0,8 Feb 2026 22:0:27
698908a7b4926c1e3dcf99ff,data_ml,p_count,aiot,0,8 Feb 2026 22:5:27
698909d3b4926c1e3dcf9a06,data_ml,p_count,aiot,0,8 Feb 2026 22:10:27
69890affb4926c1e3dcf9a0d,data_ml,p_count,aiot,0,8 Feb 2026 22:15:27
69890c2bb4926c1e3dcf9a14,data_ml,p_count,aiot,0,8 Feb 2026 22:20:27
69890d57b4926c1e3dcf9a1b,data_ml,p_count,aiot,0,8 Feb 2026 22:25:27
69890e83b4926c1e3dcf9a22,data_ml,p_count,aiot,0,8 Feb 2026 22:30:27
69890fafb4926c1e3dcf9a29,data_ml,p_count,aiot,0,8 Feb 2026 22:35:27
698910dbb4926c1e3dcf9a30,data_ml,p_count,aiot,0,8 Feb 2026 22:40:27
69891207b4926c1e3dcf9a37,data_ml,p_count,aiot,0,8 Feb 2026 22:45:27
69891333b4926c1e3dcf9a3e,data_ml,p_count,aiot,0,8 Feb 2026 22:50:27
6989145fb4926c1e3dcf9a45,data_ml,p_count,aiot,0,8 Feb 2026 22:55:27
6989158bb4926c1e3dcf9a4c,data_ml,p_count,aiot,0,8 Feb 2026 23:0:27
698916b7b4926c1e3dcf9a53,data_ml,p_count,aiot,0,8 Feb 2026 23:5:27
698917e3b4926c1e3dcf9a5a,data_ml,p_count,aiot,0,8 Feb 2026 23:10:27
6989190fb4926c1e3dcf9a61,data_ml,p_count,aiot,0,8 Feb 2026 23:15:27
69891a3bb4926c1e3dcf9a68,data_ml,p_count,aiot,0,8 Feb 2026 23:20:27
69891b67b4926c1e3dcf9a6f,data_ml,p_count,aiot,0,8 Feb 2026 23:25:27
69891c93b4926c1e3dcf9a76,data_ml,p_count,aiot,0,8 Feb 2026 23:30:27
69891dbfb4926c1e3dcf9a7d,data_ml,p_count,aiot,0,8 Feb 2026 23:35:27
69891eebb4926c1e3dcf9a84,data_ml,p_count,aiot,0,8 Feb 2026 23:40:27
69892017b4926c1e3dcf9a8b,data_ml,p_count,aiot,0,8 Feb 2026 23:45:27
69892143b4926c1e3dcf9a92,data_ml,p_count,aiot,0,8 Feb 2026 23:50:27
6989226fb4926c1e3dcf9a99,data_ml,p_count,aiot,0,8 Feb 2026 23:55:27
6989239bb4926c1e3dcf9aa0,data_ml,p_count,aiot,0,9 Feb 2026 0:0:27
698924c7b4926c1e3dcf9aa7,data_ml,p_count,aiot,0,9 Feb 2026 0:5:27
698925f3b4926c1e3dcf9aae,data_ml,p_count,aiot,0,9 Feb 2026 0:10:27
6989284cb4926c1e3dcf9abb,data_ml,p_count,aiot,0,9 Feb 2026 0:20:28
69892978b4926c1e3dcf9ac2,data_ml,p_count,aiot,0,9 Feb 2026 0:25:28
69892aa4b4926c1e3dcf9ac9,data_ml,p_count,aiot,0,9 Feb 2026 0:30:28
69892bd0b4926c1e3dcf9ad0,data_ml,p_count,aiot,0,9 Feb 2026 0:35:28
69892cfcb4926c1e3dcf9ad7,data_ml,p_count,aiot,0,9 Feb 2026 0:40:28
69892e28b4926c1e3dcf9ade,data_ml,p_count,aiot,0,9 Feb 2026 0:45:28
69892f54b4926c1e3dcf9ae5,data_ml,p_count,aiot,0,9 Feb 2026 0:50:28
69893080b4926c1e3dcf9aec,data_ml,p_count,aiot,0,9 Feb 2026 0:55:28
698931acb4926c1e3dcf9af3,data_ml,p_count,aiot,0,9 Feb 2026 1:0:28
698932d8b4926c1e3dcf9afa,data_ml,p_count,aiot,0,9 Feb 2026 1:5:28
69893404b4926c1e3dcf9b01,data_ml,p_count,aiot,0,9 Feb 2026 1:10:28
69893530b4926c1e3dcf9b08,data_ml,p_count,aiot,0,9 Feb 2026 1:15:28
6989365cb4926c1e3dcf9b0f,data_ml,p_count,aiot,0,9 Feb 2026 1:20:28
69893788b4926c1e3dcf9b16,data_ml,p_count,aiot,0,9 Feb 2026 1:25:28
698938b4b4926c1e3dcf9b1d,data_ml,p_count,aiot,0,9 Feb 2026 1:30:28
698939e0b4926c1e3dcf9b24,data_ml,p_count,aiot,0,9 Feb 2026 1:35:28
69893b0cb4926c1e3dcf9b2b,data_ml,p_count,aiot,0,9 Feb 2026 1:40:28
69893c38b4926c1e3dcf9b32,data_ml,p_count,aiot,0,9 Feb 2026 1:45:28
69893d64b4926c1e3dcf9b39,data_ml,p_count,aiot,0,9 Feb 2026 1:50:28
69893e90b4926c1e3dcf9b40,data_ml,p_count,aiot,0,9 Feb 2026 1:55:28
69893fbcb4926c1e3dcf9b47,data_ml,p_count,aiot,0,9 Feb 2026 2:0:28
698940e8b4926c1e3dcf9b4e,data_ml,p_count,aiot,0,9 Feb 2026 2:5:28
69894214b4926c1e3dcf9b55,data_ml,p_count,aiot,0,9 Feb 2026 2:10:28
69894340b4926c1e3dcf9b5c,data_ml,p_count,aiot,0,9 Feb 2026 2:15:28
6989446cb4926c1e3dcf9b63,data_ml,p_count,aiot,0,9 Feb 2026 2:20:28
69894598b4926c1e3dcf9b6a,data_ml,p_count,aiot,0,9 Feb 2026 2:25:28
698946c4b4926c1e3dcf9b71,data_ml,p_count,aiot,0,9 Feb 2026 2:30:28
698947f0b4926c1e3dcf9b78,data_ml,p_count,aiot,0,9 Feb 2026 2:35:28
6989491cb4926c1e3dcf9b7f,data_ml,p_count,aiot,0,9 Feb 2026 2:40:28
69894b74b4926c1e3dcf9b8c,data_ml,p_count,aiot,0,9 Feb 2026 2:50:28
69894ca0b4926c1e3dcf9b93,data_ml,p_count,aiot,0,9 Feb 2026 2:55:28
69894dccb4926c1e3dcf9b9a,data_ml,p_count,aiot,0,9 Feb 2026 3:0:28
69894ef8b4926c1e3dcf9ba1,data_ml,p_count,aiot,0,9 Feb 2026 3:5:28
69895024b4926c1e3dcf9ba8,data_ml,p_count,aiot,0,9 Feb 2026 3:10:28
69895150b4926c1e3dcf9baf,data_ml,p_count,aiot,0,9 Feb 2026 3:15:28
6989527cb4926c1e3dcf9bb6,data_ml,p_count,aiot,0,9 Feb 2026 3:20:28
698953a8b4926c1e3dcf9bbd,data_ml,p_count,aiot,0,9 Feb 2026 3:25:28
698954d4b4926c1e3dcf9bc4,data_ml,p_count,aiot,0,9 Feb 2026 3:30:28
69895600b4926c1e3dcf9bcb,data_ml,p_count,aiot,0,9 Feb 2026 3:35:28
6989572cb4926c1e3dcf9bd2,data_ml,p_count,aiot,0,9 Feb 2026 3:40:28
69895858b4926c1e3dcf9bd9,data_ml,p_count,aiot,0,9 Feb 2026 3:45:28
69895984b4926c1e3dcf9be0,data_ml,p_count,aiot,0,9 Feb 2026 3:50:28
69895ab0b4926c1e3dcf9be7,data_ml,p_count,aiot,0,9 Feb 2026 3:55:28
69895bdcb4926c1e3dcf9bee,data_ml,p_count,aiot,0,9 Feb 2026 4:0:28
69895d08b4926c1e3dcf9bf5,data_ml,p_count,aiot,0,9 Feb 2026 4:5:28
69895e34b4926c1e3dcf9bfc,data_ml,p_count,aiot,0,9 Feb 2026 4:10:28
69895f60b4926c1e3dcf9c03,data_ml,p_count,aiot,0,9 Feb 2026 4:15:28
6989608cb4926c1e3dcf9c0a,data_ml,p_count,aiot,0,9 Feb 2026 4:20:28
698961b8b4926c1e3dcf9c11,data_ml,p_count,aiot,0,9 Feb 2026 4:25:28
698962e4b4926c1e3dcf9c18,data_ml,p_count,aiot,0,9 Feb 2026 4:30:28
69896410b4926c1e3dcf9c1f,data_ml,p_count,aiot,0,9 Feb 2026 4:35:28
6989653cb4926c1e3dcf9c26,data_ml,p_count,aiot,0,9 Feb 2026 4:40:28
69896669b4926c1e3dcf9c2d,data_ml,p_count,aiot,0,9 Feb 2026 4:45:29
69896794b4926c1e3dcf9c34,data_ml,p_count,aiot,0,9 Feb 2026 4:50:28
698968c0b4926c1e3dcf9c3b,data_ml,p_count,aiot,0,9 Feb 2026 4:55:28
698969ecb4926c1e3dcf9c42,data_ml,p_count,aiot,0,9 Feb 2026 5:0:28
69896b18b4926c1e3dcf9c49,data_ml,p_count,aiot,0,9 Feb 2026 5:5:28
69896c44b4926c1e3dcf9c50,data_ml,p_count,aiot,0,9 Feb 2026 5:10:28
69896e9db4926c1e3dcf9c5d,data_ml,p_count,aiot,0,9 Feb 2026 5:20:29
69896fc9b4926c1e3dcf9c64,data_ml,p_count,aiot,1,9 Feb 2026 5:25:29
698970f5b4926c1e3dcf9c6b,data_ml,p_count,aiot,0,9 Feb 2026 5:30:29
69897221b4926c1e3dcf9c72,data_ml,p_count,aiot,0,9 Feb 2026 5:35:29
6989734db4926c1e3dcf9c79,data_ml,p_count,aiot,0,9 Feb 2026 5:40:29
69897479b4926c1e3dcf9c80,data_ml,p_count,aiot,0,9 Feb 2026 5:45:29
698975a5b4926c1e3dcf9c87,data_ml,p_count,aiot,0,9 Feb 2026 5:50:29
698976d1b4926c1e3dcf9c8e,data_ml,p_count,aiot,0,9 Feb 2026 5:55:29
698977fdb4926c1e3dcf9c95,data_ml,p_count,aiot,0,9 Feb 2026 6:0:29
69897929b4926c1e3dcf9c9c,data_ml,p_count,aiot,0,9 Feb 2026 6:5:29
69897a55b4926c1e3dcf9ca3,data_ml,p_count,aiot,0,9 Feb 2026 6:10:29
69897b81b4926c1e3dcf9caa,data_ml,p_count,aiot,0,9 Feb 2026 6:15:29
69897cadb4926c1e3dcf9cb1,data_ml,p_count,aiot,1,9 Feb 2026 6:20:29
69897dd9b4926c1e3dcf9cb8,data_ml,p_count,aiot,1,9 Feb 2026 6:25:29
69897f05b4926c1e3dcf9cbf,data_ml,p_count,aiot,0,9 Feb 2026 6:30:29
69898031b4926c1e3dcf9cc6,data_ml,p_count,aiot,0,9 Feb 2026 6:35:29
6989815db4926c1e3dcf9ccd,data_ml,p_count,aiot,0,9 Feb 2026 6:40:29
69898289b4926c1e3dcf9cd4,data_ml,p_count,aiot,0,9 Feb 2026 6:45:29
698983b5b4926c1e3dcf9cdb,data_ml,p_count,aiot,3,9 Feb 2026 6:50:29
698984e1b4926c1e3dcf9ce2,data_ml,p_count,aiot,1,9 Feb 2026 6:55:29
6989860db4926c1e3dcf9ce9,data_ml,p_count,aiot,1,9 Feb 2026 7:0:29
69898739b4926c1e3dcf9cf0,data_ml,p_count,aiot,0,9 Feb 2026 7:5:29
69898865b4926c1e3dcf9cf7,data_ml,p_count,aiot,1,9 Feb 2026 7:10:29
69898991b4926c1e3dcf9cfe,data_ml,p_count,aiot,1,9 Feb 2026 7:15:29
69898abdb4926c1e3dcf9d05,data_ml,p_count,aiot,2,9 Feb 2026 7:20:29
69898be9b4926c1e3dcf9d0c,data_ml,p_count,aiot,3,9 Feb 2026 7:25:29
69898d15b4926c1e3dcf9d13,data_ml,p_count,aiot,2,9 Feb 2026 7:30:29
69898e41b4926c1e3dcf9d1a,data_ml,p_count,aiot,0,9 Feb 2026 7:35:29
69898f6db4926c1e3dcf9d21,data_ml,p_count,aiot,1,9 Feb 2026 7:40:29
698991c6b4926c1e3dcf9d2e,data_ml,p_count,aiot,1,9 Feb 2026 7:50:30
698992f1b4926c1e3dcf9d35,data_ml,p_count,aiot,1,9 Feb 2026 7:55:29
6989943ab4926c1e3dcf9d3c,data_ml,p_count,aiot,1,9 Feb 2026 8:0:58
69899567b4926c1e3dcf9d43,data_ml,p_count,aiot,3,9 Feb 2026 8:5:59
69899692b4926c1e3dcf9d4a,data_ml,p_count,aiot,0,9 Feb 2026 8:10:58
698997bfb4926c1e3dcf9d51,data_ml,p_count,aiot,0,9 Feb 2026 8:15:59
698998ebb4926c1e3dcf9d58,data_ml,p_count,aiot,0,9 Feb 2026 8:20:59
69899a17b4926c1e3dcf9d5f,data_ml,p_count,aiot,4,9 Feb 2026 8:25:59
69899b43b4926c1e3dcf9d66,data_ml,p_count,aiot,0,9 Feb 2026 8:30:59
69899c6fb4926c1e3dcf9d6d,data_ml,p_count,aiot,4,9 Feb 2026 8:35:59
69899d9bb4926c1e3dcf9d74,data_ml,p_count,aiot,0,9 Feb 2026 8:40:59
69899ec7b4926c1e3dcf9d7b,data_ml,p_count,aiot,0,9 Feb 2026 8:45:59
69899ff3b4926c1e3dcf9d82,data_ml,p_count,aiot,1,9 Feb 2026 8:50:59
6989a11fb4926c1e3dcf9d89,data_ml,p_count,aiot,4,9 Feb 2026 8:55:59
6989a24bb4926c1e3dcf9d90,data_ml,p_count,aiot,0,9 Feb 2026 9:0:59
6989a377b4926c1e3dcf9d97,data_ml,p_count,aiot,1,9 Feb 2026 9:5:59
6989a4a3b4926c1e3dcf9d9e,data_ml,p_count,aiot,1,9 Feb 2026 9:10:59
6989a5cfb4926c1e3dcf9da5,data_ml,p_count,aiot,3,9 Feb 2026 9:15:59
6989a6fbb4926c1e3dcf9dac,data_ml,p_count,aiot,1,9 Feb 2026 9:20:59
6989a827b4926c1e3dcf9db3,data_ml,p_count,aiot,1,9 Feb 2026 9:25:59
6989a953b4926c1e3dcf9dba,data_ml,p_count,aiot,2,9 Feb 2026 9:30:59
6989aa7fb4926c1e3dcf9dc1,data_ml,p_count,aiot,0,9 Feb 2026 9:35:59
6989ababb4926c1e3dcf9dc8,data_ml,p_count,aiot,0,9 Feb 2026 9:40:59
6989acd7b4926c1e3dcf9dcf,data_ml,p_count,aiot,0,9 Feb 2026 9:45:59
6989ae03b4926c1e3dcf9dd6,data_ml,p_count,aiot,0,9 Feb 2026 9:50:59
6989af30b4926c1e3dcf9ddd,data_ml,p_count,aiot,0,9 Feb 2026 9:56:0
6989b05bb4926c1e3dcf9de4,data_ml,p_count,aiot,2,9 Feb 2026 10:0:59
6989b187b4926c1e3dcf9deb,data_ml,p_count,aiot,1,9 Feb 2026 10:5:59
6989b2b3b4926c1e3dcf9df2,data_ml,p_count,aiot,1,9 Feb 2026 10:10:59
6989b50bb4926c1e3dcf9dff,data_ml,p_count,aiot,1,9 Feb 2026 10:20:59
6989b637b4926c1e3dcf9e06,data_ml,p_count,aiot,0,9 Feb 2026 10:25:59
6989b763b4926c1e3dcf9e0d,data_ml,p_count,aiot,1,9 Feb 2026 10:30:59
6989b88fb4926c1e3dcf9e14,data_ml,p_count,aiot,5,9 Feb 2026 10:35:59
6989b9bbb4926c1e3dcf9e1b,data_ml,p_count,aiot,1,9 Feb 2026 10:40:59
6989bae7b4926c1e3dcf9e22,data_ml,p_count,aiot,1,9 Feb 2026 10:45:59
6989bc13b4926c1e3dcf9e29,data_ml,p_count,aiot,1,9 Feb 2026 10:50:59
6989bd3fb4926c1e3dcf9e30,data_ml,p_count,aiot,3,9 Feb 2026 10:55:59
6989be6bb4926c1e3dcf9e37,data_ml,p_count,aiot,0,9 Feb 2026 11:0:59
6989bf97b4926c1e3dcf9e3d,data_ml,p_count,aiot,1,9 Feb 2026 11:5:59
6989c0c3b4926c1e3dcf9e44,data_ml,p_count,aiot,1,9 Feb 2026 11:10:59
6989c1efb4926c1e3dcf9e4b,data_ml,p_count,aiot,2,9 Feb 2026 11:15:59
6989c31beb2f31cd49fd7083,data_ml,p_count,aiot,0,9 Feb 2026 11:20:59
6989c447eb2f31cd49fd708a,data_ml,p_count,aiot,1,9 Feb 2026 11:25:59
6989c573eb2f31cd49fd7091,data_ml,p_count,aiot,1,9 Feb 2026 11:30:59
6989c69feb2f31cd49fd7098,data_ml,p_count,aiot,2,9 Feb 2026 11:35:59
6989c7cbeb2f31cd49fd709f,data_ml,p_count,aiot,0,9 Feb 2026 11:40:59
6989c921eb2f31cd49fd70a8,data_ml,p_count,aiot,0,9 Feb 2026 11:46:41
6989ca85eb2f31cd49fd70b0,data_ml,p_count,aiot,0,9 Feb 2026 11:52:37
6989ce35eb2f31cd49fd70c4,data_ml,p_count,aiot,0,9 Feb 2026 12:8:21
6989cfa2eb2f31cd49fd70cc,data_ml,p_count,aiot,2,9 Feb 2026 12:14:26
6989d0f6eb2f31cd49fd70d3,data_ml,p_count,aiot,1,9 Feb 2026 12:20:6
6989d222eb2f31cd49fd70da,data_ml,p_count,aiot,0,9 Feb 2026 12:25:6
6989d34eeb2f31cd49fd70e1,data_ml,p_count,aiot,2,9 Feb 2026 12:30:6
6989d47aeb2f31cd49fd70e8,data_ml,p_count,aiot,1,9 Feb 2026 12:35:6
6989d5a6eb2f31cd49fd70ef,data_ml,p_count,aiot,1,9 Feb 2026 12:40:6
6989d6d2eb2f31cd49fd70f6,data_ml,p_count,aiot,1,9 Feb 2026 12:45:6
6989d7feeb2f31cd49fd70fd,data_ml,p_count,aiot,1,9 Feb 2026 12:50:6
6989d92aeb2f31cd49fd7104,data_ml,p_count,aiot,0,9 Feb 2026 12:55:6
6989db83eb2f31cd49fd7111,data_ml,p_count,aiot,0,9 Feb 2026 13:5:7
6989dcafeb2f31cd49fd7118,data_ml,p_count,aiot,3,9 Feb 2026 13:10:7
6989dddbeb2f31cd49fd711f,data_ml,p_count,aiot,0,9 Feb 2026 13:15:7
6989df07eb2f31cd49fd7126,data_ml,p_count,aiot,1,9 Feb 2026 13:20:7
6989e033eb2f31cd49fd712d,data_ml,p_count,aiot,2,9 Feb 2026 13:25:7
6989e15feb2f31cd49fd7134,data_ml,p_count,aiot,0,9 Feb 2026 13:30:7
6989e28beb2f31cd49fd713b,data_ml,p_count,aiot,0,9 Feb 2026 13:35:7
6989e3b7eb2f31cd49fd7142,data_ml,p_count,aiot,0,9 Feb 2026 13:40:7
6989e4e3eb2f31cd49fd7149,data_ml,p_count,aiot,0,9 Feb 2026 13:45:7
6989e60feb2f31cd49fd7150,data_ml,p_count,aiot,1,9 Feb 2026 13:50:7
6989e73beb2f31cd49fd7157,data_ml,p_count,aiot,1,9 Feb 2026 13:55:7
6989e867eb2f31cd49fd715e,data_ml,p_count,aiot,0,9 Feb 2026 14:0:7
6989e993eb2f31cd49fd7165,data_ml,p_count,aiot,0,9 Feb 2026 14:5:7
6989eabfeb2f31cd49fd716c,data_ml,p_count,aiot,0,9 Feb 2026 14:10:7
6989ebebeb2f31cd49fd7173,data_ml,p_count,aiot,0,9 Feb 2026 14:15:7
6989ed17eb2f31cd49fd717a,data_ml,p_count,aiot,1,9 Feb 2026 14:20:7
6989ee43eb2f31cd49fd7181,data_ml,p_count,aiot,2,9 Feb 2026 14:25:7
6989ef6feb2f31cd49fd7188,data_ml,p_count,aiot,0,9 Feb 2026 14:30:7
6989f09beb2f31cd49fd718f,data_ml,p_count,aiot,0,9 Feb 2026 14:35:7
6989f1c7eb2f31cd49fd7196,data_ml,p_count,aiot,0,9 Feb 2026 14:40:7
6989f2f3eb2f31cd49fd719d,data_ml,p_count,aiot,0,9 Feb 2026 14:45:7
6989f41feb2f31cd49fd71a4,data_ml,p_count,aiot,0,9 Feb 2026 14:50:7
6989f54beb2f31cd49fd71ab,data_ml,p_count,aiot,0,9 Feb 2026 14:55:7
6989f677eb2f31cd49fd71b2,data_ml,p_count,aiot,0,9 Feb 2026 15:0:7
6989f7a3eb2f31cd49fd71b9,data_ml,p_count,aiot,1,9 Feb 2026 15:5:7
6989f8cfeb2f31cd49fd71c0,data_ml,p_count,aiot,0,9 Feb 2026 15:10:7
6989f9fbeb2f31cd49fd71c7,data_ml,p_count,aiot,1,9 Feb 2026 15:15:7
6989fb27eb2f31cd49fd71ce,data_ml,p_count,aiot,5,9 Feb 2026 15:20:7
6989fc53eb2f31cd49fd71d5,data_ml,p_count,aiot,0,9 Feb 2026 15:25:7
6989feaceb2f31cd49fd71e2,data_ml,p_count,aiot,0,9 Feb 2026 15:35:8
6989ffd7eb2f31cd49fd71e9,data_ml,p_count,aiot,0,9 Feb 2026 15:40:7
698a0103eb2f31cd49fd71f0,data_ml,p_count,aiot,0,9 Feb 2026 15:45:7
698a022feb2f31cd49fd71f7,data_ml,p_count,aiot,0,9 Feb 2026 15:50:7
698a035beb2f31cd49fd71fe,data_ml,p_count,aiot,0,9 Feb 2026 15:55:7
698a0487eb2f31cd49fd7205,data_ml,p_count,aiot,16,9 Feb 2026 16:0:7
698a05b4eb2f31cd49fd720c,data_ml,p_count,aiot,0,9 Feb 2026 16:5:8
698a06e0eb2f31cd49fd7213,data_ml,p_count,aiot,0,9 Feb 2026 16:10:8
698a080ceb2f31cd49fd721a,data_ml,p_count,aiot,0,9 Feb 2026 16:15:8
698a0937eb2f31cd49fd7221,data_ml,p_count,aiot,0,9 Feb 2026 16:20:7
698a0a64eb2f31cd49fd7228,data_ml,p_count,aiot,0,9 Feb 2026 16:25:8
698a0b90eb2f31cd49fd722f,data_ml,p_count,aiot,0,9 Feb 2026 16:30:8
698a0cbceb2f31cd49fd7236,data_ml,p_count,aiot,0,9 Feb 2026 16:35:8
698a0de80c9e0ef6be47db5b,data_ml,p_count,aiot,0,9 Feb 2026 16:40:8
698a0f140c9e0ef6be47db62,data_ml,p_count,aiot,0,9 Feb 2026 16:45:8
698a10400c9e0ef6be47db69,data_ml,p_count,aiot,0,9 Feb 2026 16:50:8
698a116c0c9e0ef6be47db70,data_ml,p_count,aiot,0,9 Feb 2026 16:55:8
698a12980c9e0ef6be47db77,data_ml,p_count,aiot,0,9 Feb 2026 17:0:8
698a13c40c9e0ef6be47db7e,data_ml,p_count,aiot,0,9 Feb 2026 17:5:8
698a14f00c9e0ef6be47db85,data_ml,p_count,aiot,0,9 Feb 2026 17:10:8
698a161c0c9e0ef6be47db8c,data_ml,p_count,aiot,0,9 Feb 2026 17:15:8
698a17480c9e0ef6be47db93,data_ml,p_count,aiot,0,9 Feb 2026 17:20:8
698a18740c9e0ef6be47db9a,data_ml,p_count,aiot,0,9 Feb 2026 17:25:8
698a19a00c9e0ef6be47dba1,data_ml,p_count,aiot,0,9 Feb 2026 17:30:8
698a1acc0c9e0ef6be47dba8,data_ml,p_count,aiot,0,9 Feb 2026 17:35:8
698a1bf80c9e0ef6be47dbaf,data_ml,p_count,aiot,0,9 Feb 2026 17:40:8
698a1d240c9e0ef6be47dbb6,data_ml,p_count,aiot,0,9 Feb 2026 17:45:8
698a1e500c9e0ef6be47dbbd,data_ml,p_count,aiot,0,9 Feb 2026 17:50:8
698a1f7c0c9e0ef6be47dbc4,data_ml,p_count,aiot,0,9 Feb 2026 17:55:8
698a21d40c9e0ef6be47dbd1,data_ml,p_count,aiot,0,9 Feb 2026 18:5:8
698a23000c9e0ef6be47dbd8,data_ml,p_count,aiot,0,9 Feb 2026 18:10:8
698a242c0c9e0ef6be47dbdf,data_ml,p_count,aiot,2,9 Feb 2026 18:15:8
698a25580c9e0ef6be47dbe6,data_ml,p_count,aiot,0,9 Feb 2026 18:20:8
698a26840c9e0ef6be47dbed,data_ml,p_count,aiot,0,9 Feb 2026 18:25:8
698a27b00c9e0ef6be47dbf4,data_ml,p_count,aiot,0,9 Feb 2026 18:30:8
698a28dc0c9e0ef6be47dbfb,data_ml,p_count,aiot,0,9 Feb 2026 18:35:8
698a2a080c9e0ef6be47dc02,data_ml,p_count,aiot,0,9 Feb 2026 18:40:8
698a2b340c9e0ef6be47dc09,data_ml,p_count,aiot,0,9 Feb 2026 18:45:8
698a2c600c9e0ef6be47dc10,data_ml,p_count,aiot,0,9 Feb 2026 18:50:8
698a2d8c0c9e0ef6be47dc17,data_ml,p_count,aiot,0,9 Feb 2026 18:55:8
698a2eb80c9e0ef6be47dc1e,data_ml,p_count,aiot,0,9 Feb 2026 19:0:8
698a2fe40c9e0ef6be47dc25,data_ml,p_count,aiot,0,9 Feb 2026 19:5:8
698a31100c9e0ef6be47dc2c,data_ml,p_count,aiot,0,9 Feb 2026 19:10:8
698a323c0c9e0ef6be47dc33,data_ml,p_count,aiot,0,9 Feb 2026 19:15:8
698a33680c9e0ef6be47dc3a,data_ml,p_count,aiot,0,9 Feb 2026 19:20:8
698a34940c9e0ef6be47dc41,data_ml,p_count,aiot,0,9 Feb 2026 19:25:8
698a35c00c9e0ef6be47dc48,data_ml,p_count,aiot,0,9 Feb 2026 19:30:8
698a36ec0c9e0ef6be47dc4f,data_ml,p_count,aiot,0,9 Feb 2026 19:35:8
698a38180c9e0ef6be47dc56,data_ml,p_count,aiot,0,9 Feb 2026 19:40:8
698a39440c9e0ef6be47dc5d,data_ml,p_count,aiot,0,9 Feb 2026 19:45:8
698a3a700c9e0ef6be47dc64,data_ml,p_count,aiot,0,9 Feb 2026 19:50:8
698a3b9c0c9e0ef6be47dc6b,data_ml,p_count,aiot,0,9 Feb 2026 19:55:8
698a3cc80c9e0ef6be47dc72,data_ml,p_count,aiot,0,9 Feb 2026 20:0:8
698a3df40c9e0ef6be47dc79,data_ml,p_count,aiot,0,9 Feb 2026 20:5:8
698a3f200c9e0ef6be47dc80,data_ml,p_count,aiot,0,9 Feb 2026 20:10:8
698a404c0c9e0ef6be47dc87,data_ml,p_count,aiot,0,9 Feb 2026 20:15:8
698a41780c9e0ef6be47dc8e,data_ml,p_count,aiot,0,9 Feb 2026 20:20:8
698a42a40c9e0ef6be47dc95,data_ml,p_count,aiot,0,9 Feb 2026 20:25:8
698a44fd0c9e0ef6be47dca2,data_ml,p_count,aiot,0,9 Feb 2026 20:35:9
698a46290c9e0ef6be47dca9,data_ml,p_count,aiot,0,9 Feb 2026 20:40:9
698a47550c9e0ef6be47dcb0,data_ml,p_count,aiot,0,9 Feb 2026 20:45:9
698a48810c9e0ef6be47dcb7,data_ml,p_count,aiot,0,9 Feb 2026 20:50:9
698a49ad0c9e0ef6be47dcbe,data_ml,p_count,aiot,0,9 Feb 2026 20:55:9
698a4ad90c9e0ef6be47dcc5,data_ml,p_count,aiot,0,9 Feb 2026 21:0:9
698a4c050c9e0ef6be47dccc,data_ml,p_count,aiot,0,9 Feb 2026 21:5:9
698a4d310c9e0ef6be47dcd3,data_ml,p_count,aiot,0,9 Feb 2026 21:10:9
698a4e5d0c9e0ef6be47dcda,data_ml,p_count,aiot,0,9 Feb 2026 21:15:9
698a4f890c9e0ef6be47dce1,data_ml,p_count,aiot,0,9 Feb 2026 21:20:9
698a50b50c9e0ef6be47dce8,data_ml,p_count,aiot,0,9 Feb 2026 21:25:9
698a51e10c9e0ef6be47dcef,data_ml,p_count,aiot,0,9 Feb 2026 21:30:9
698a530d0c9e0ef6be47dcf6,data_ml,p_count,aiot,0,9 Feb 2026 21:35:9
698a54390c9e0ef6be47dcfd,data_ml,p_count,aiot,0,9 Feb 2026 21:40:9
698a55650c9e0ef6be47dd04,data_ml,p_count,aiot,0,9 Feb 2026 21:45:9
698a56910c9e0ef6be47dd0b,data_ml,p_count,aiot,0,9 Feb 2026 21:50:9
698a57bd0c9e0ef6be47dd12,data_ml,p_count,aiot,0,9 Feb 2026 21:55:9
698a58e90c9e0ef6be47dd19,data_ml,p_count,aiot,0,9 Feb 2026 22:0:9
698a5a150c9e0ef6be47dd20,data_ml,p_count,aiot,0,9 Feb 2026 22:5:9
698a5b410c9e0ef6be47dd27,data_ml,p_count,aiot,0,9 Feb 2026 22:10:9
698a5c6d0c9e0ef6be47dd2e,data_ml,p_count,aiot,0,9 Feb 2026 22:15:9
698a5d990c9e0ef6be47dd35,data_ml,p_count,aiot,0,9 Feb 2026 22:20:9
698a5ec50c9e0ef6be47dd3c,data_ml,p_count,aiot,0,9 Feb 2026 22:25:9
698a5ff10c9e0ef6be47dd43,data_ml,p_count,aiot,0,9 Feb 2026 22:30:9
698a611d0c9e0ef6be47dd4a,data_ml,p_count,aiot,0,9 Feb 2026 22:35:9
698a62490c9e0ef6be47dd51,data_ml,p_count,aiot,0,9 Feb 2026 22:40:9
698a63750c9e0ef6be47dd58,data_ml,p_count,aiot,0,9 Feb 2026 22:45:9
698a64a10c9e0ef6be47dd5f,data_ml,p_count,aiot,0,9 Feb 2026 22:50:9
698a65cd0c9e0ef6be47dd66,data_ml,p_count,aiot,0,9 Feb 2026 22:55:9
698a68250c9e0ef6be47dd73,data_ml,p_count,aiot,0,9 Feb 2026 23:5:9
698a69510c9e0ef6be47dd7a,data_ml,p_count,aiot,0,9 Feb 2026 23:10:9
698a6a7d0c9e0ef6be47dd81,data_ml,p_count,aiot,0,9 Feb 2026 23:15:9
698a6baa0c9e0ef6be47dd88,data_ml,p_count,aiot,0,9 Feb 2026 23:20:10
698a6cd60c9e0ef6be47dd8f,data_ml,p_count,aiot,0,9 Feb 2026 23:25:10
698a6e020c9e0ef6be47dd96,data_ml,p_count,aiot,0,9 Feb 2026 23:30:10
698a6f2d0c9e0ef6be47dd9d,data_ml,p_count,aiot,0,9 Feb 2026 23:35:9
698a705a0c9e0ef6be47dda4,data_ml,p_count,aiot,0,9 Feb 2026 23:40:10
698a71860c9e0ef6be47ddab,data_ml,p_count,aiot,0,9 Feb 2026 23:45:10
698a72b20c9e0ef6be47ddb2,data_ml,p_count,aiot,0,9 Feb 2026 23:50:10
698a73de0c9e0ef6be47ddb9,data_ml,p_count,aiot,0,9 Feb 2026 23:55:10
698a750a0c9e0ef6be47ddc0,data_ml,p_count,aiot,0,10 Feb 2026 0:0:10
698a76360c9e0ef6be47ddc7,data_ml,p_count,aiot,0,10 Feb 2026 0:5:10
698a77620c9e0ef6be47ddce,data_ml,p_count,aiot,0,10 Feb 2026 0:10:10
698a788e0c9e0ef6be47ddd5,data_ml,p_count,aiot,0,10 Feb 2026 0:15:10
698a79ba0c9e0ef6be47dddc,data_ml,p_count,aiot,0,10 Feb 2026 0:20:10
698a7ae60c9e0ef6be47dde3,data_ml,p_count,aiot,0,10 Feb 2026 0:25:10
698a7c120c9e0ef6be47ddea,data_ml,p_count,aiot,0,10 Feb 2026 0:30:10
698a7d3e0c9e0ef6be47ddf1,data_ml,p_count,aiot,0,10 Feb 2026 0:35:10
698a7e6a0c9e0ef6be47ddf8,data_ml,p_count,aiot,0,10 Feb 2026 0:40:10
698a7f960c9e0ef6be47ddff,data_ml,p_count,aiot,0,10 Feb 2026 0:45:10
698a80c20c9e0ef6be47de06,data_ml,p_count,aiot,0,10 Feb 2026 0:50:10
698a81ee0c9e0ef6be47de0d,data_ml,p_count,aiot,0,10 Feb 2026 0:55:10
698a831a0c9e0ef6be47de14,data_ml,p_count,aiot,0,10 Feb 2026 1:0:10
698a84460c9e0ef6be47de1b,data_ml,p_count,aiot,0,10 Feb 2026 1:5:10
698a85720c9e0ef6be47de22,data_ml,p_count,aiot,0,10 Feb 2026 1:10:10
698a869e0c9e0ef6be47de29,data_ml,p_count,aiot,0,10 Feb 2026 1:15:10
698a87ca0c9e0ef6be47de30,data_ml,p_count,aiot,0,10 Feb 2026 1:20:10
698a88f60c9e0ef6be47de37,data_ml,p_count,aiot,0,10 Feb 2026 1:25:10
698a8b4e0c9e0ef6be47de44,data_ml,p_count,aiot,0,10 Feb 2026 1:35:10
698a8c7a0c9e0ef6be47de4b,data_ml,p_count,aiot,0,10 Feb 2026 1:40:10
698a8da60c9e0ef6be47de52,data_ml,p_count,aiot,0,10 Feb 2026 1:45:10
698a8ed20c9e0ef6be47de59,data_ml,p_count,aiot,0,10 Feb 2026 1:50:10
698a8ffe0c9e0ef6be47de60,data_ml,p_count,aiot,0,10 Feb 2026 1:55:10
698a912a0c9e0ef6be47de67,data_ml,p_count,aiot,0,10 Feb 2026 2:0:10
698a92560c9e0ef6be47de6e,data_ml,p_count,aiot,0,10 Feb 2026 2:5:10
698a93820c9e0ef6be47de75,data_ml,p_count,aiot,0,10 Feb 2026 2:10:10
698a94ae0c9e0ef6be47de7c,data_ml,p_count,aiot,0,10 Feb 2026 2:15:10
698a95da0c9e0ef6be47de83,data_ml,p_count,aiot,0,10 Feb 2026 2:20:10
698a97060c9e0ef6be47de8a,data_ml,p_count,aiot,0,10 Feb 2026 2:25:10
698a98320c9e0ef6be47de91,data_ml,p_count,aiot,0,10 Feb 2026 2:30:10
698a995e0c9e0ef6be47de98,data_ml,p_count,aiot,0,10 Feb 2026 2:35:10
698a9a8a0c9e0ef6be47de9f,data_ml,p_count,aiot,0,10 Feb 2026 2:40:10
698a9bb60c9e0ef6be47dea6,data_ml,p_count,aiot,0,10 Feb 2026 2:45:10
698a9ce20c9e0ef6be47dead,data_ml,p_count,aiot,0,10 Feb 2026 2:50:10
698a9e0e0c9e0ef6be47deb4,data_ml,p_count,aiot,0,10 Feb 2026 2:55:10
698a9f3a0c9e0ef6be47debb,data_ml,p_count,aiot,0,10 Feb 2026 3:0:10
698aa0660c9e0ef6be47dec2,data_ml,p_count,aiot,0,10 Feb 2026 3:5:10
698aa1920c9e0ef6be47dec9,data_ml,p_count,aiot,0,10 Feb 2026 3:10:10
698aa2be0c9e0ef6be47ded0,data_ml,p_count,aiot,0,10 Feb 2026 3:15:10
698aa3ea0c9e0ef6be47ded7,data_ml,p_count,aiot,0,10 Feb 2026 3:20:10
698aa5160c9e0ef6be47dede,data_ml,p_count,aiot,0,10 Feb 2026 3:25:10
698aa6420c9e0ef6be47dee5,data_ml,p_count,aiot,0,10 Feb 2026 3:30:10
698aa76e0c9e0ef6be47deec,data_ml,p_count,aiot,0,10 Feb 2026 3:35:10
698aa89a0c9e0ef6be47def3,data_ml,p_count,aiot,0,10 Feb 2026 3:40:10
698aa9c60c9e0ef6be47defa,data_ml,p_count,aiot,0,10 Feb 2026 3:45:10
698aaaf20c9e0ef6be47df01,data_ml,p_count,aiot,0,10 Feb 2026 3:50:10
698aac1e0c9e0ef6be47df08,data_ml,p_count,aiot,0,10 Feb 2026 3:55:10
698aae770c9e0ef6be47df15,data_ml,p_count,aiot,0,10 Feb 2026 4:5:11
698aafa30c9e0ef6be47df1c,data_ml,p_count,aiot,0,10 Feb 2026 4:10:11
698ab0cf0c9e0ef6be47df23,data_ml,p_count,aiot,0,10 Feb 2026 4:15:11
698ab1fb0c9e0ef6be47df2a,data_ml,p_count,aiot,0,10 Feb 2026 4:20:11
698ab3270c9e0ef6be47df31,data_ml,p_count,aiot,0,10 Feb 2026 4:25:11
698ab4530c9e0ef6be47df38,data_ml,p_count,aiot,0,10 Feb 2026 4:30:11
698ab57f0c9e0ef6be47df3f,data_ml,p_count,aiot,0,10 Feb 2026 4:35:11
698ab6ab0c9e0ef6be47df46,data_ml,p_count,aiot,0,10 Feb 2026 4:40:11
698ab7d70c9e0ef6be47df4d,data_ml,p_count,aiot,0,10 Feb 2026 4:45:11
698ab9030c9e0ef6be47df54,data_ml,p_count,aiot,0,10 Feb 2026 4:50:11
698aba2f0c9e0ef6be47df5b,data_ml,p_count,aiot,0,10 Feb 2026 4:55:11
698abb5b0c9e0ef6be47df62,data_ml,p_count,aiot,0,10 Feb 2026 5:0:11
698abc870c9e0ef6be47df69,data_ml,p_count,aiot,0,10 Feb 2026 5:5:11
698abdb30c9e0ef6be47df70,data_ml,p_count,aiot,0,10 Feb 2026 5:10:11
698abedf0c9e0ef6be47df77,data_ml,p_count,aiot,0,10 Feb 2026 5:15:11
698ac00b0c9e0ef6be47df7e,data_ml,p_count,aiot,0,10 Feb 2026 5:20:11
698ac1370c9e0ef6be47df85,data_ml,p_count,aiot,0,10 Feb 2026 5:25:11
698ac2630c9e0ef6be47df8c,data_ml,p_count,aiot,0,10 Feb 2026 5:30:11
698ac38f0c9e0ef6be47df93,data_ml,p_count,aiot,0,10 Feb 2026 5:35:11
698ac4bb0c9e0ef6be47df9a,data_ml,p_count,aiot,0,10 Feb 2026 5:40:11
698ac5e70c9e0ef6be47dfa1,data_ml,p_count,aiot,0,10 Feb 2026 5:45:11
698ac7130c9e0ef6be47dfa8,data_ml,p_count,aiot,0,10 Feb 2026 5:50:11
698ac83f0c9e0ef6be47dfaf,data_ml,p_count,aiot,0,10 Feb 2026 5:55:11
698ac96b0c9e0ef6be47dfb6,data_ml,p_count,aiot,0,10 Feb 2026 6:0:11
698aca970c9e0ef6be47dfbd,data_ml,p_count,aiot,0,10 Feb 2026 6:5:11
698acbc30c9e0ef6be47dfc4,data_ml,p_count,aiot,0,10 Feb 2026 6:10:11
698accef0c9e0ef6be47dfcb,data_ml,p_count,aiot,0,10 Feb 2026 6:15:11
698ace1b0c9e0ef6be47dfd2,data_ml,p_count,aiot,0,10 Feb 2026 6:20:11
698acf470c9e0ef6be47dfd9,data_ml,p_count,aiot,0,10 Feb 2026 6:25:11
698ad19f0c9e0ef6be47dfe6,data_ml,p_count,aiot,0,10 Feb 2026 6:35:11
698ad2cb0c9e0ef6be47dfed,data_ml,p_count,aiot,0,10 Feb 2026 6:40:11
698ad3f70c9e0ef6be47dff4,data_ml,p_count,aiot,0,10 Feb 2026 6:45:11
698ad523d585b77318a5b2f9,data_ml,p_count,aiot,2,10 Feb 2026 6:50:11
698ad64fd585b77318a5b300,data_ml,p_count,aiot,2,10 Feb 2026 6:55:11
698ad77bd585b77318a5b307,data_ml,p_count,aiot,1,10 Feb 2026 7:0:11
698ad8a7d585b77318a5b30e,data_ml,p_count,aiot,1,10 Feb 2026 7:5:11
698ad9d3d585b77318a5b315,data_ml,p_count,aiot,0,10 Feb 2026 7:10:11
698adaffd585b77318a5b31c,data_ml,p_count,aiot,0,10 Feb 2026 7:15:11
698adc2cd585b77318a5b323,data_ml,p_count,aiot,0,10 Feb 2026 7:20:12
698add57d585b77318a5b32a,data_ml,p_count,aiot,0,10 Feb 2026 7:25:11
698ade84d585b77318a5b331,data_ml,p_count,aiot,0,10 Feb 2026 7:30:12
698adfb0d585b77318a5b338,data_ml,p_count,aiot,0,10 Feb 2026 7:35:12
698ae0dbd585b77318a5b33f,data_ml,p_count,aiot,0,10 Feb 2026 7:40:11
698ae208d585b77318a5b346,data_ml,p_count,aiot,3,10 Feb 2026 7:45:12
698ae334d585b77318a5b34d,data_ml,p_count,aiot,0,10 Feb 2026 7:50:12
698ae460d585b77318a5b354,data_ml,p_count,aiot,0,10 Feb 2026 7:55:12
698ae58cd585b77318a5b35b,data_ml,p_count,aiot,3,10 Feb 2026 8:0:12
698ae6b8d585b77318a5b362,data_ml,p_count,aiot,0,10 Feb 2026 8:5:12
698ae7e4d585b77318a5b369,data_ml,p_count,aiot,6,10 Feb 2026 8:10:12
698ae910d585b77318a5b370,data_ml,p_count,aiot,0,10 Feb 2026 8:15:12
698aea3cd585b77318a5b377,data_ml,p_count,aiot,0,10 Feb 2026 8:20:12
698aeb68d585b77318a5b37e,data_ml,p_count,aiot,1,10 Feb 2026 8:25:12
698aec94d585b77318a5b385,data_ml,p_count,aiot,0,10 Feb 2026 8:30:12
698aedc0d585b77318a5b38c,data_ml,p_count,aiot,1,10 Feb 2026 8:35:12
698aeeecd585b77318a5b393,data_ml,p_count,aiot,1,10 Feb 2026 8:40:12
698af018d585b77318a5b39a,data_ml,p_count,aiot,0,10 Feb 2026 8:45:12
698af144d585b77318a5b3a1,data_ml,p_count,aiot,0,10 Feb 2026 8:50:12
698af270d585b77318a5b3a8,data_ml,p_count,aiot,0,10 Feb 2026 8:55:12
698af4c8d585b77318a5b3b5,data_ml,p_count,aiot,0,10 Feb 2026 9:5:12
698af5f4d585b77318a5b3bc,data_ml,p_count,aiot,0,10 Feb 2026 9:10:12
698af720d585b77318a5b3c3,data_ml,p_count,aiot,8,10 Feb 2026 9:15:12
698af84cd585b77318a5b3ca,data_ml,p_count,aiot,1,10 Feb 2026 9:20:12
698af978d585b77318a5b3d1,data_ml,p_count,aiot,4,10 Feb 2026 9:25:12
698afaa4d585b77318a5b3d8,data_ml,p_count,aiot,0,10 Feb 2026 9:30:12
698afbd0d585b77318a5b3df,data_ml,p_count,aiot,0,10 Feb 2026 9:35:12
698afd00d585b77318a5b3e6,data_ml,p_count,aiot,2,10 Feb 2026 9:40:16
698afe28d585b77318a5b3ed,data_ml,p_count,aiot,0,10 Feb 2026 9:45:12
698aff54d585b77318a5b3f4,data_ml,p_count,aiot,4,10 Feb 2026 9:50:12
698b0080d585b77318a5b3fb,data_ml,p_count,aiot,0,10 Feb 2026 9:55:12
698b01acd585b77318a5b402,data_ml,p_count,aiot,0,10 Feb 2026 10:0:12
698b02d8d585b77318a5b409,data_ml,p_count,aiot,0,10 Feb 2026 10:5:12
698b0404d585b77318a5b410,data_ml,p_count,aiot,3,10 Feb 2026 10:10:12
698b0530d585b77318a5b417,data_ml,p_count,aiot,0,10 Feb 2026 10:15:12
698b065cd585b77318a5b41e,data_ml,p_count,aiot,0,10 Feb 2026 10:20:12
698b0788d585b77318a5b425,data_ml,p_count,aiot,0,10 Feb 2026 10:25:12
698b08b4d585b77318a5b42c,data_ml,p_count,aiot,0,10 Feb 2026 10:30:12
698b09e0d585b77318a5b433,data_ml,p_count,aiot,0,10 Feb 2026 10:35:12
698b0b0cd585b77318a5b43a,data_ml,p_count,aiot,0,10 Feb 2026 10:40:12
698b0c38d585b77318a5b441,data_ml,p_count,aiot,1,10 Feb 2026 10:45:12
698b0d64d585b77318a5b448,data_ml,p_count,aiot,4,10 Feb 2026 10:50:12
698b0e90d585b77318a5b44f,data_ml,p_count,aiot,0,10 Feb 2026 10:55:12
698b0fbcd585b77318a5b456,data_ml,p_count,aiot,1,10 Feb 2026 11:0:12
698b10e8d585b77318a5b45d,data_ml,p_count,aiot,0,10 Feb 2026 11:5:12
698b1214d585b77318a5b464,data_ml,p_count,aiot,1,10 Feb 2026 11:10:12
698b1340d585b77318a5b46b,data_ml,p_count,aiot,2,10 Feb 2026 11:15:12
698b146cd585b77318a5b472,data_ml,p_count,aiot,2,10 Feb 2026 11:20:12
698b1598d585b77318a5b479,data_ml,p_count,aiot,0,10 Feb 2026 11:25:12
698b17f1d585b77318a5b486,data_ml,p_count,aiot,6,10 Feb 2026 11:35:13
698b191dd585b77318a5b48d,data_ml,p_count,aiot,0,10 Feb 2026 11:40:13
698b1a49d585b77318a5b494,data_ml,p_count,aiot,5,10 Feb 2026 11:45:13
698b1b75d585b77318a5b49b,data_ml,p_count,aiot,1,10 Feb 2026 11:50:13
698b1ca1d585b77318a5b4a2,data_ml,p_count,aiot,1,10 Feb 2026 11:55:13
698b1dcdd585b77318a5b4a9,data_ml,p_count,aiot,0,10 Feb 2026 12:0:13
698b1ef9d585b77318a5b4b0,data_ml,p_count,aiot,2,10 Feb 2026 12:5:13
698b2025d585b77318a5b4b7,data_ml,p_count,aiot,1,10 Feb 2026 12:10:13
698b2151d585b77318a5b4be,data_ml,p_count,aiot,0,10 Feb 2026 12:15:13
698b227dd585b77318a5b4c5,data_ml,p_count,aiot,2,10 Feb 2026 12:20:13
698b23a9d585b77318a5b4cc,data_ml,p_count,aiot,2,10 Feb 2026 12:25:13
698b24d5d585b77318a5b4d3,data_ml,p_count,aiot,2,10 Feb 2026 12:30:13
698b2601d585b77318a5b4da,data_ml,p_count,aiot,0,10 Feb 2026 12:35:13
698b272ed585b77318a5b4e1,data_ml,p_count,aiot,0,10 Feb 2026 12:40:14
698b285ad585b77318a5b4e8,data_ml,p_count,aiot,0,10 Feb 2026 12:45:14
698b2988d585b77318a5b4ef,data_ml,p_count,aiot,0,10 Feb 2026 12:50:16
698b2ab2d585b77318a5b4f6,data_ml,p_count,aiot,0,10 Feb 2026 12:55:14
698b2bded585b77318a5b4fd,data_ml,p_count,aiot,0,10 Feb 2026 13:0:14
698b2d0ad585b77318a5b504,data_ml,p_count,aiot,1,10 Feb 2026 13:5:14
698b2e36d585b77318a5b50b,data_ml,p_count,aiot,1,10 Feb 2026 13:10:14
698b2f62d585b77318a5b512,data_ml,p_count,aiot,1,10 Feb 2026 13:15:14
698b308dd585b77318a5b519,data_ml,p_count,aiot,1,10 Feb 2026 13:20:13
698b31bad585b77318a5b520,data_ml,p_count,aiot,0,10 Feb 2026 13:25:14
698b32e6d585b77318a5b527,data_ml,p_count,aiot,1,10 Feb 2026 13:30:14
698b3412d585b77318a5b52e,data_ml,p_count,aiot,0,10 Feb 2026 13:35:14
698b353ed585b77318a5b535,data_ml,p_count,aiot,1,10 Feb 2026 13:40:14
698b366ad585b77318a5b53c,data_ml,p_count,aiot,0,10 Feb 2026 13:45:14
698b3796d585b77318a5b543,data_ml,p_count,aiot,2,10 Feb 2026 13:50:14
698b38c2d585b77318a5b54a,data_ml,p_count,aiot,4,10 Feb 2026 13:55:14
698b3b1ad585b77318a5b557,data_ml,p_count,aiot,0,10 Feb 2026 14:5:14
698b3c46d585b77318a5b55e,data_ml,p_count,aiot,1,10 Feb 2026 14:10:14
698b3d72d585b77318a5b565,data_ml,p_count,aiot,0,10 Feb 2026 14:15:14
698b3e9ed585b77318a5b56c,data_ml,p_count,aiot,0,10 Feb 2026 14:20:14
698b3fcad585b77318a5b573,data_ml,p_count,aiot,0,10 Feb 2026 14:25:14
698b40f6d585b77318a5b57a,data_ml,p_count,aiot,0,10 Feb 2026 14:30:14
698b4222d585b77318a5b581,data_ml,p_count,aiot,0,10 Feb 2026 14:35:14
698b434ed585b77318a5b588,data_ml,p_count,aiot,3,10 Feb 2026 14:40:14
698b447ad585b77318a5b58f,data_ml,p_count,aiot,0,10 Feb 2026 14:45:14
698b45a6d585b77318a5b596,data_ml,p_count,aiot,0,10 Feb 2026 14:50:14
698b46d2d585b77318a5b59d,data_ml,p_count,aiot,0,10 Feb 2026 14:55:14
698b47fed585b77318a5b5a3,data_ml,p_count,aiot,0,10 Feb 2026 15:0:14
698b492ad585b77318a5b5aa,data_ml,p_count,aiot,0,10 Feb 2026 15:5:14
698b4a56d585b77318a5b5b1,data_ml,p_count,aiot,0,10 Feb 2026 15:10:14
698b4b82d585b77318a5b5b8,data_ml,p_count,aiot,0,10 Feb 2026 15:15:14
698b4caed585b77318a5b5bf,data_ml,p_count,aiot,0,10 Feb 2026 15:20:14
698b4ddad585b77318a5b5c6,data_ml,p_count,aiot,0,10 Feb 2026 15:25:14
698b4f06d585b77318a5b5cd,data_ml,p_count,aiot,0,10 Feb 2026 15:30:14
698b5032d585b77318a5b5d4,data_ml,p_count,aiot,0,10 Feb 2026 15:35:14
698b515fd585b77318a5b5db,data_ml,p_count,aiot,0,10 Feb 2026 15:40:15
698b528bd585b77318a5b5e2,data_ml,p_count,aiot,1,10 Feb 2026 15:45:15
698b53b7d585b77318a5b5e9,data_ml,p_count,aiot,0,10 Feb 2026 15:50:15
698b54e2d585b77318a5b5f0,data_ml,p_count,aiot,1,10 Feb 2026 15:55:14
698b560fd585b77318a5b5f7,data_ml,p_count,aiot,0,10 Feb 2026 16:0:15
698b573ad585b77318a5b5fe,data_ml,p_count,aiot,0,10 Feb 2026 16:5:14
698b5866d585b77318a5b605,data_ml,p_count,aiot,1,10 Feb 2026 16:10:14
698b5992d585b77318a5b60c,data_ml,p_count,aiot,2,10 Feb 2026 16:15:14
698b5abed585b77318a5b613,data_ml,p_count,aiot,0,10 Feb 2026 16:20:14
698b5bead585b77318a5b61a,data_ml,p_count,aiot,0,10 Feb 2026 16:25:14
698b5e43d585b77318a5b627,data_ml,p_count,aiot,0,10 Feb 2026 16:35:15
698b5f6fd585b77318a5b62e,data_ml,p_count,aiot,0,10 Feb 2026 16:40:15
698b609bd585b77318a5b635,data_ml,p_count,aiot,1,10 Feb 2026 16:45:15
698b61c7d585b77318a5b63c,data_ml,p_count,aiot,15,10 Feb 2026 16:50:15
698b62f3d585b77318a5b643,data_ml,p_count,aiot,0,10 Feb 2026 16:55:15
698b641fd585b77318a5b64a,data_ml,p_count,aiot,0,10 Feb 2026 17:0:15
698b654bd585b77318a5b651,data_ml,p_count,aiot,0,10 Feb 2026 17:5:15
698b66774ef1b963ec0e6dec,data_ml,p_count,aiot,0,10 Feb 2026 17:10:15
698b6c53f08b7a577e33e387,data_ml,p_count,aiot,0,10 Feb 2026 17:35:15
698b735bf8da9ff8a14241eb,data_ml,p_count,aiot,0,10 Feb 2026 18:5:15
698b7487f8da9ff8a14241f2,data_ml,p_count,aiot,0,10 Feb 2026 18:10:15
698b75b3f8da9ff8a14241f9,data_ml,p_count,aiot,0,10 Feb 2026 18:15:15
698b76dff8da9ff8a1424200,data_ml,p_count,aiot,0,10 Feb 2026 18:20:15
698b780bf8da9ff8a1424207,data_ml,p_count,aiot,0,10 Feb 2026 18:25:15
698b7937f8da9ff8a142420e,data_ml,p_count,aiot,0,10 Feb 2026 18:30:15
698b7a63f8da9ff8a1424215,data_ml,p_count,aiot,0,10 Feb 2026 18:35:15
698b7b8ff8da9ff8a142421c,data_ml,p_count,aiot,0,10 Feb 2026 18:40:15
698b7cbbf8da9ff8a1424223,data_ml,p_count,aiot,0,10 Feb 2026 18:45:15
698b7de7f8da9ff8a142422a,data_ml,p_count,aiot,0,10 Feb 2026 18:50:15
698b7f13f8da9ff8a1424231,data_ml,p_count,aiot,0,10 Feb 2026 18:55:15
698b816bf8da9ff8a142423e,data_ml,p_count,aiot,0,10 Feb 2026 19:5:15
698b8297f8da9ff8a1424245,data_ml,p_count,aiot,0,10 Feb 2026 19:10:15
698b83c3f8da9ff8a142424c,data_ml,p_count,aiot,0,10 Feb 2026 19:15:15
698b84eff8da9ff8a1424253,data_ml,p_count,aiot,0,10 Feb 2026 19:20:15
698b861bf8da9ff8a142425a,data_ml,p_count,aiot,0,10 Feb 2026 19:25:15
698b8747f8da9ff8a1424261,data_ml,p_count,aiot,0,10 Feb 2026 19:30:15
698b8873f8da9ff8a1424268,data_ml,p_count,aiot,0,10 Feb 2026 19:35:15
698b899ff8da9ff8a142426f,data_ml,p_count,aiot,0,10 Feb 2026 19:40:15
698b8acbf8da9ff8a1424276,data_ml,p_count,aiot,0,10 Feb 2026 19:45:15
698b8bf7f8da9ff8a142427d,data_ml,p_count,aiot,0,10 Feb 2026 19:50:15
698b8d23f8da9ff8a1424284,data_ml,p_count,aiot,0,10 Feb 2026 19:55:15
698b8e4ff8da9ff8a142428b,data_ml,p_count,aiot,0,10 Feb 2026 20:0:15
698b8f7bf8da9ff8a1424292,data_ml,p_count,aiot,0,10 Feb 2026 20:5:15
698b90a7f8da9ff8a1424299,data_ml,p_count,aiot,0,10 Feb 2026 20:10:15
698b91d3f8da9ff8a14242a0,data_ml,p_count,aiot,0,10 Feb 2026 20:15:15
698b92fff8da9ff8a14242a7,data_ml,p_count,aiot,0,10 Feb 2026 20:20:15
698b942cf8da9ff8a14242ae,data_ml,p_count,aiot,0,10 Feb 2026 20:25:16
698b9558f8da9ff8a14242b5,data_ml,p_count,aiot,0,10 Feb 2026 20:30:16
698b9683f8da9ff8a14242bc,data_ml,p_count,aiot,0,10 Feb 2026 20:35:15
698b97aff8da9ff8a14242c3,data_ml,p_count,aiot,0,10 Feb 2026 20:40:15
698b98dcf8da9ff8a14242ca,data_ml,p_count,aiot,0,10 Feb 2026 20:45:16
698b9a08f8da9ff8a14242d1,data_ml,p_count,aiot,0,10 Feb 2026 20:50:16
698b9b34f8da9ff8a14242d8,data_ml,p_count,aiot,0,10 Feb 2026 20:55:16
698b9c60f8da9ff8a14242df,data_ml,p_count,aiot,0,10 Feb 2026 21:0:16
698b9d8cf8da9ff8a14242e6,data_ml,p_count,aiot,0,10 Feb 2026 21:5:16
698b9eb8f8da9ff8a14242ed,data_ml,p_count,aiot,0,10 Feb 2026 21:10:16
698b9fe4f8da9ff8a14242f4,data_ml,p_count,aiot,0,10 Feb 2026 21:15:16
698ba110f8da9ff8a14242fb,data_ml,p_count,aiot,0,10 Feb 2026 21:20:16
698ba23cf8da9ff8a1424302,data_ml,p_count,aiot,0,10 Feb 2026 21:25:16
698ba494f8da9ff8a142430f,data_ml,p_count,aiot,0,10 Feb 2026 21:35:16
698ba5c0f8da9ff8a1424316,data_ml,p_count,aiot,0,10 Feb 2026 21:40:16
698ba6ecf8da9ff8a142431d,data_ml,p_count,aiot,0,10 Feb 2026 21:45:16
698ba818f8da9ff8a1424324,data_ml,p_count,aiot,0,10 Feb 2026 21:50:16
698ba944f8da9ff8a142432b,data_ml,p_count,aiot,0,10 Feb 2026 21:55:16
698baa70f8da9ff8a1424332,data_ml,p_count,aiot,0,10 Feb 2026 22:0:16
698bab9cf8da9ff8a1424339,data_ml,p_count,aiot,0,10 Feb 2026 22:5:16
698bacc8f8da9ff8a1424340,data_ml,p_count,aiot,0,10 Feb 2026 22:10:16
698badf4f8da9ff8a1424347,data_ml,p_count,aiot,0,10 Feb 2026 22:15:16
698baf20f8da9ff8a142434e,data_ml,p_count,aiot,0,10 Feb 2026 22:20:16
698bb04cf8da9ff8a1424355,data_ml,p_count,aiot,0,10 Feb 2026 22:25:16
698bb178f8da9ff8a142435c,data_ml,p_count,aiot,0,10 Feb 2026 22:30:16
698bb2a4f8da9ff8a1424363,data_ml,p_count,aiot,0,10 Feb 2026 22:35:16
698bb3d0f8da9ff8a142436a,data_ml,p_count,aiot,0,10 Feb 2026 22:40:16
698bb4fcf8da9ff8a1424371,data_ml,p_count,aiot,0,10 Feb 2026 22:45:16
698bb628f8da9ff8a1424377,data_ml,p_count,aiot,0,10 Feb 2026 22:50:16
698bb754f8da9ff8a142437e,data_ml,p_count,aiot,0,10 Feb 2026 22:55:16
698bb880f8da9ff8a1424385,data_ml,p_count,aiot,0,10 Feb 2026 23:0:16
698bb9acf8da9ff8a142438c,data_ml,p_count,aiot,0,10 Feb 2026 23:5:16
698bbad8f8da9ff8a1424393,data_ml,p_count,aiot,0,10 Feb 2026 23:10:16
698bbc04f8da9ff8a142439a,data_ml,p_count,aiot,0,10 Feb 2026 23:15:16
698bbd30f8da9ff8a14243a1,data_ml,p_count,aiot,0,10 Feb 2026 23:20:16
698bbe5cf8da9ff8a14243a8,data_ml,p_count,aiot,0,10 Feb 2026 23:25:16
698bbf88f8da9ff8a14243af,data_ml,p_count,aiot,0,10 Feb 2026 23:30:16
698bc0b4f8da9ff8a14243b6,data_ml,p_count,aiot,0,10 Feb 2026 23:35:16
698bc1e0f8da9ff8a14243bd,data_ml,p_count,aiot,0,10 Feb 2026 23:40:16
698bc30cf8da9ff8a14243c4,data_ml,p_count,aiot,0,10 Feb 2026 23:45:16
698bc438f8da9ff8a14243cb,data_ml,p_count,aiot,0,10 Feb 2026 23:50:16
698bc564f8da9ff8a14243d2,data_ml,p_count,aiot,0,10 Feb 2026 23:55:16
698bc7bdf8da9ff8a14243df,data_ml,p_count,aiot,0,11 Feb 2026 0:5:17
698bc8e9f8da9ff8a14243e6,data_ml,p_count,aiot,0,11 Feb 2026 0:10:17
698bca15f8da9ff8a14243ed,data_ml,p_count,aiot,0,11 Feb 2026 0:15:17
698bcb41f8da9ff8a14243f4,data_ml,p_count,aiot,0,11 Feb 2026 0:20:17
698bcc6df8da9ff8a14243fb,data_ml,p_count,aiot,0,11 Feb 2026 0:25:17
698bcd99f8da9ff8a1424402,data_ml,p_count,aiot,0,11 Feb 2026 0:30:17
698bcec5f8da9ff8a1424409,data_ml,p_count,aiot,0,11 Feb 2026 0:35:17
698bcff1f8da9ff8a1424410,data_ml,p_count,aiot,0,11 Feb 2026 0:40:17
698bd11df8da9ff8a1424417,data_ml,p_count,aiot,0,11 Feb 2026 0:45:17
698bd249f8da9ff8a142441e,data_ml,p_count,aiot,0,11 Feb 2026 0:50:17
698bd375f8da9ff8a1424425,data_ml,p_count,aiot,0,11 Feb 2026 0:55:17
698bd4a1f8da9ff8a142442c,data_ml,p_count,aiot,0,11 Feb 2026 1:0:17
698bd5cdf8da9ff8a1424433,data_ml,p_count,aiot,0,11 Feb 2026 1:5:17
698bd6f9f8da9ff8a142443a,data_ml,p_count,aiot,0,11 Feb 2026 1:10:17
698bd825f8da9ff8a1424441,data_ml,p_count,aiot,0,11 Feb 2026 1:15:17
698bd951f8da9ff8a1424448,data_ml,p_count,aiot,0,11 Feb 2026 1:20:17
698bda7df8da9ff8a142444f,data_ml,p_count,aiot,0,11 Feb 2026 1:25:17
698bdba9f8da9ff8a1424456,data_ml,p_count,aiot,0,11 Feb 2026 1:30:17
698bdcd5f8da9ff8a142445d,data_ml,p_count,aiot,0,11 Feb 2026 1:35:17
698bde01f8da9ff8a1424464,data_ml,p_count,aiot,0,11 Feb 2026 1:40:17
698bdf2df8da9ff8a142446b,data_ml,p_count,aiot,0,11 Feb 2026 1:45:17
698be059f8da9ff8a1424472,data_ml,p_count,aiot,0,11 Feb 2026 1:50:17
698be185f8da9ff8a1424479,data_ml,p_count,aiot,0,11 Feb 2026 1:55:17
698be2b1f8da9ff8a1424480,data_ml,p_count,aiot,0,11 Feb 2026 2:0:17
698be3ddf8da9ff8a1424487,data_ml,p_count,aiot,0,11 Feb 2026 2:5:17
698be509f8da9ff8a142448e,data_ml,p_count,aiot,0,11 Feb 2026 2:10:17
698be635f8da9ff8a1424495,data_ml,p_count,aiot,0,11 Feb 2026 2:15:17
698be761f8da9ff8a142449c,data_ml,p_count,aiot,0,11 Feb 2026 2:20:17
698be88df8da9ff8a14244a3,data_ml,p_count,aiot,0,11 Feb 2026 2:25:17
698beae6f8da9ff8a14244b0,data_ml,p_count,aiot,0,11 Feb 2026 2:35:18
698bec11f8da9ff8a14244b7,data_ml,p_count,aiot,0,11 Feb 2026 2:40:17
698bed3df8da9ff8a14244be,data_ml,p_count,aiot,0,11 Feb 2026 2:45:17
698bee69f8da9ff8a14244c5,data_ml,p_count,aiot,0,11 Feb 2026 2:50:17
698bef95f8da9ff8a14244cc,data_ml,p_count,aiot,0,11 Feb 2026 2:55:17
698bf0c1f8da9ff8a14244d3,data_ml,p_count,aiot,0,11 Feb 2026 3:0:17
698bf1edf8da9ff8a14244da,data_ml,p_count,aiot,0,11 Feb 2026 3:5:17
698bf319f8da9ff8a14244e1,data_ml,p_count,aiot,0,11 Feb 2026 3:10:17
698bf446f8da9ff8a14244e8,data_ml,p_count,aiot,0,11 Feb 2026 3:15:18
698bf572f8da9ff8a14244ef,data_ml,p_count,aiot,0,11 Feb 2026 3:20:18
698bf69df8da9ff8a14244f6,data_ml,p_count,aiot,0,11 Feb 2026 3:25:17
698bf7caf8da9ff8a14244fd,data_ml,p_count,aiot,0,11 Feb 2026 3:30:18
698bf8f6f8da9ff8a1424504,data_ml,p_count,aiot,0,11 Feb 2026 3:35:18
698bfa21f8da9ff8a142450b,data_ml,p_count,aiot,0,11 Feb 2026 3:40:17
698bfb4ef8da9ff8a1424512,data_ml,p_count,aiot,0,11 Feb 2026 3:45:18
698bfc7af8da9ff8a1424519,data_ml,p_count,aiot,0,11 Feb 2026 3:50:18
698bfda5f8da9ff8a1424520,data_ml,p_count,aiot,0,11 Feb 2026 3:55:17
698bfed2f8da9ff8a1424527,data_ml,p_count,aiot,0,11 Feb 2026 4:0:18
698bfffef8da9ff8a142452e,data_ml,p_count,aiot,0,11 Feb 2026 4:5:18
698c012af8da9ff8a1424535,data_ml,p_count,aiot,0,11 Feb 2026 4:10:18
698c0256f8da9ff8a142453c,data_ml,p_count,aiot,0,11 Feb 2026 4:15:18
698c0382f8da9ff8a1424543,data_ml,p_count,aiot,0,11 Feb 2026 4:20:18
698c04aef8da9ff8a142454a,data_ml,p_count,aiot,0,11 Feb 2026 4:25:18
698c05daf8da9ff8a1424551,data_ml,p_count,aiot,0,11 Feb 2026 4:30:18
698c0706f8da9ff8a1424558,data_ml,p_count,aiot,0,11 Feb 2026 4:35:18
698c0831f8da9ff8a142455f,data_ml,p_count,aiot,0,11 Feb 2026 4:40:17
698c095ef8da9ff8a1424566,data_ml,p_count,aiot,0,11 Feb 2026 4:45:18
698c0a8af8da9ff8a142456d,data_ml,p_count,aiot,0,11 Feb 2026 4:50:18
698c0bb6f8da9ff8a1424574,data_ml,p_count,aiot,0,11 Feb 2026 4:55:18
698c0e0ef8da9ff8a1424581,data_ml,p_count,aiot,0,11 Feb 2026 5:5:18
698c0f3af8da9ff8a1424588,data_ml,p_count,aiot,0,11 Feb 2026 5:10:18
698c1066f8da9ff8a142458f,data_ml,p_count,aiot,0,11 Feb 2026 5:15:18
698c1192f8da9ff8a1424596,data_ml,p_count,aiot,0,11 Feb 2026 5:20:18
698c12bef8da9ff8a142459d,data_ml,p_count,aiot,0,11 Feb 2026 5:25:18
698c13eaf8da9ff8a14245a4,data_ml,p_count,aiot,0,11 Feb 2026 5:30:18
698c1516f8da9ff8a14245ab,data_ml,p_count,aiot,0,11 Feb 2026 5:35:18
698c1642f8da9ff8a14245b2,data_ml,p_count,aiot,0,11 Feb 2026 5:40:18
698c176ef8da9ff8a14245b9,data_ml,p_count,aiot,0,11 Feb 2026 5:45:18
698c189af8da9ff8a14245c0,data_ml,p_count,aiot,0,11 Feb 2026 5:50:18
698c19c6f8da9ff8a14245c7,data_ml,p_count,aiot,0,11 Feb 2026 5:55:18
698c1af2f8da9ff8a14245ce,data_ml,p_count,aiot,0,11 Feb 2026 6:0:18
698c1c1ef8da9ff8a14245d5,data_ml,p_count,aiot,0,11 Feb 2026 6:5:18
698c1d4af8da9ff8a14245dc,data_ml,p_count,aiot,0,11 Feb 2026 6:10:18
698c1e76f8da9ff8a14245e3,data_ml,p_count,aiot,0,11 Feb 2026 6:15:18
698c1fa2f8da9ff8a14245ea,data_ml,p_count,aiot,0,11 Feb 2026 6:20:18
698c20cef8da9ff8a14245f1,data_ml,p_count,aiot,0,11 Feb 2026 6:25:18
698c21faf8da9ff8a14245f8,data_ml,p_count,aiot,0,11 Feb 2026 6:30:18
698c2326f8da9ff8a14245ff,data_ml,p_count,aiot,0,11 Feb 2026 6:35:18
698c2452f8da9ff8a1424606,data_ml,p_count,aiot,0,11 Feb 2026 6:40:18
698c257ef8da9ff8a142460d,data_ml,p_count,aiot,0,11 Feb 2026 6:45:18
698c26aaf8da9ff8a1424614,data_ml,p_count,aiot,1,11 Feb 2026 6:50:18
698c27d6f8da9ff8a142461b,data_ml,p_count,aiot,0,11 Feb 2026 6:55:18
698c2902f8da9ff8a1424622,data_ml,p_count,aiot,0,11 Feb 2026 7:0:18
698c2a2ef8da9ff8a1424629,data_ml,p_count,aiot,0,11 Feb 2026 7:5:18
698c2b5af8da9ff8a1424630,data_ml,p_count,aiot,0,11 Feb 2026 7:10:18
698c2c86f8da9ff8a1424637,data_ml,p_count,aiot,0,11 Feb 2026 7:15:18
698c2db2f8da9ff8a142463e,data_ml,p_count,aiot,0,11 Feb 2026 7:20:18
698c2edef8da9ff8a1424645,data_ml,p_count,aiot,0,11 Feb 2026 7:25:18
698c3137f8da9ff8a1424652,data_ml,p_count,aiot,0,11 Feb 2026 7:35:19
698c3263f8da9ff8a1424659,data_ml,p_count,aiot,2,11 Feb 2026 7:40:19
698c338ff8da9ff8a1424660,data_ml,p_count,aiot,0,11 Feb 2026 7:45:19
698c34bbf8da9ff8a1424667,data_ml,p_count,aiot,1,11 Feb 2026 7:50:19
698c35e9f8da9ff8a142466e,data_ml,p_count,aiot,3,11 Feb 2026 7:55:21
698c3714f8da9ff8a1424675,data_ml,p_count,aiot,0,11 Feb 2026 8:0:20
698c383ff8da9ff8a142467c,data_ml,p_count,aiot,0,11 Feb 2026 8:5:19
698c396bf8da9ff8a1424683,data_ml,p_count,aiot,0,11 Feb 2026 8:10:19
698c3a97f8da9ff8a142468a,data_ml,p_count,aiot,0,11 Feb 2026 8:15:19
698c3bc4f8da9ff8a1424691,data_ml,p_count,aiot,0,11 Feb 2026 8:20:20
698c3cf0f8da9ff8a1424698,data_ml,p_count,aiot,0,11 Feb 2026 8:25:20
698c3e1df8da9ff8a142469f,data_ml,p_count,aiot,0,11 Feb 2026 8:30:21
698c3f47f8da9ff8a14246a6,data_ml,p_count,aiot,0,11 Feb 2026 8:35:19
698c4073f8da9ff8a14246ad,data_ml,p_count,aiot,0,11 Feb 2026 8:40:19
698c419ff8da9ff8a14246b4,data_ml,p_count,aiot,0,11 Feb 2026 8:45:19
698c42d2f8da9ff8a14246bb,data_ml,p_count,aiot,0,11 Feb 2026 8:50:26
698c43fef8da9ff8a14246c2,data_ml,p_count,aiot,2,11 Feb 2026 8:55:26
698c452af8da9ff8a14246c9,data_ml,p_count,aiot,2,11 Feb 2026 9:0:26
698c4656f8da9ff8a14246d0,data_ml,p_count,aiot,0,11 Feb 2026 9:5:26
698c4782f8da9ff8a14246d7,data_ml,p_count,aiot,1,11 Feb 2026 9:10:26
698c48aff8da9ff8a14246de,data_ml,p_count,aiot,0,11 Feb 2026 9:15:27
698c49daf8da9ff8a14246e5,data_ml,p_count,aiot,0,11 Feb 2026 9:20:26
698c4b07f8da9ff8a14246ec,data_ml,p_count,aiot,1,11 Feb 2026 9:25:27
698c4c33f8da9ff8a14246f3,data_ml,p_count,aiot,0,11 Feb 2026 9:30:27
698c4d5ef8da9ff8a14246fa,data_ml,p_count,aiot,0,11 Feb 2026 9:35:26
698c4e8af8da9ff8a1424701,data_ml,p_count,aiot,0,11 Feb 2026 9:40:26
698c4fb7f8da9ff8a1424708,data_ml,p_count,aiot,1,11 Feb 2026 9:45:27
698c50e3f8da9ff8a142470f,data_ml,p_count,aiot,1,11 Feb 2026 9:50:27
698c520ff8da9ff8a1424716,data_ml,p_count,aiot,3,11 Feb 2026 9:55:27
698c5467f8da9ff8a1424723,data_ml,p_count,aiot,1,11 Feb 2026 10:5:27
698c5593f8da9ff8a142472a,data_ml,p_count,aiot,1,11 Feb 2026 10:10:27
698c56bff8da9ff8a1424731,data_ml,p_count,aiot,0,11 Feb 2026 10:15:27
698c57ebf8da9ff8a1424738,data_ml,p_count,aiot,0,11 Feb 2026 10:20:27
698c5917f8da9ff8a142473f,data_ml,p_count,aiot,2,11 Feb 2026 10:25:27
698c5a43f8da9ff8a1424746,data_ml,p_count,aiot,0,11 Feb 2026 10:30:27
698c5b6ff8da9ff8a142474d,data_ml,p_count,aiot,1,11 Feb 2026 10:35:27
698c5c9bf8da9ff8a1424754,data_ml,p_count,aiot,4,11 Feb 2026 10:40:27
698c5dc7f8da9ff8a142475b,data_ml,p_count,aiot,2,11 Feb 2026 10:45:27
698c5ef3f8da9ff8a1424762,data_ml,p_count,aiot,0,11 Feb 2026 10:50:27
698c601f42bc8d03a1a6b18a,data_ml,p_count,aiot,0,11 Feb 2026 10:55:27
698c614c42bc8d03a1a6b191,data_ml,p_count,aiot,1,11 Feb 2026 11:0:28
698c63a3ea6e634af2c566c0,data_ml,p_count,aiot,2,11 Feb 2026 11:10:27
698c64cfea6e634af2c566c7,data_ml,p_count,aiot,0,11 Feb 2026 11:15:27
698c65fb2bfa26027a018d90,data_ml,p_count,aiot,1,11 Feb 2026 11:20:27
698c6853af770108d085c7f5,data_ml,p_count,aiot,2,11 Feb 2026 11:30:27
698c6aab3505a4310db2ff0d,data_ml,p_count,aiot,0,11 Feb 2026 11:40:27
698c6bd73505a4310db2ff14,data_ml,p_count,aiot,5,11 Feb 2026 11:45:27
698c6d033505a4310db2ff1b,data_ml,p_count,aiot,0,11 Feb 2026 11:50:27
698c6e2f3505a4310db2ff22,data_ml,p_count,aiot,1,11 Feb 2026 11:55:27
698c6f5b3505a4310db2ff29,data_ml,p_count,aiot,2,11 Feb 2026 12:0:27
698c70873505a4310db2ff30,data_ml,p_count,aiot,0,11 Feb 2026 12:5:27
698c71b33505a4310db2ff37,data_ml,p_count,aiot,4,11 Feb 2026 12:10:27
698c72df3505a4310db2ff3e,data_ml,p_count,aiot,2,11 Feb 2026 12:15:27
698c740b3505a4310db2ff45,data_ml,p_count,aiot,2,11 Feb 2026 12:20:27
698c75373505a4310db2ff4c,data_ml,p_count,aiot,0,11 Feb 2026 12:25:27
698c77903505a4310db2ff59,data_ml,p_count,aiot,2,11 Feb 2026 12:35:28
698c78bc3505a4310db2ff60,data_ml,p_count,aiot,0,11 Feb 2026 12:40:28
698c79e83505a4310db2ff67,data_ml,p_count,aiot,1,11 Feb 2026 12:45:28
698c7b143505a4310db2ff6e,data_ml,p_count,aiot,5,11 Feb 2026 12:50:28
698c7c403505a4310db2ff75,data_ml,p_count,aiot,1,11 Feb 2026 12:55:28
698c7d6c3505a4310db2ff7c,data_ml,p_count,aiot,0,11 Feb 2026 13:0:28
698c7e983505a4310db2ff83,data_ml,p_count,aiot,0,11 Feb 2026 13:5:28
698c7fc43505a4310db2ff8a,data_ml,p_count,aiot,0,11 Feb 2026 13:10:28
698c80f03505a4310db2ff91,data_ml,p_count,aiot,1,11 Feb 2026 13:15:28
698c821c3505a4310db2ff98,data_ml,p_count,aiot,1,11 Feb 2026 13:20:28
698c83483505a4310db2ff9f,data_ml,p_count,aiot,0,11 Feb 2026 13:25:28
698c84743505a4310db2ffa6,data_ml,p_count,aiot,3,11 Feb 2026 13:30:28
698c85a03505a4310db2ffad,data_ml,p_count,aiot,3,11 Feb 2026 13:35:28
698c86cc3505a4310db2ffb4,data_ml,p_count,aiot,3,11 Feb 2026 13:40:28
698c87f83505a4310db2ffbb,data_ml,p_count,aiot,3,11 Feb 2026 13:45:28
698c89243505a4310db2ffc2,data_ml,p_count,aiot,0,11 Feb 2026 13:50:28
698c8a503505a4310db2ffc9,data_ml,p_count,aiot,0,11 Feb 2026 13:55:28
698c8b7c3505a4310db2ffd0,data_ml,p_count,aiot,1,11 Feb 2026 14:0:28
698c8ca83505a4310db2ffd7,data_ml,p_count,aiot,0,11 Feb 2026 14:5:28
698c8dd43505a4310db2ffde,data_ml,p_count,aiot,0,11 Feb 2026 14:10:28
698c8f003505a4310db2ffe5,data_ml,p_count,aiot,1,11 Feb 2026 14:15:28
698c902c3505a4310db2ffec,data_ml,p_count,aiot,1,11 Feb 2026 14:20:28
698c91583505a4310db2fff3,data_ml,p_count,aiot,6,11 Feb 2026 14:25:28
698c92843505a4310db2fffa,data_ml,p_count,aiot,0,11 Feb 2026 14:30:28
698c93b03505a4310db30001,data_ml,p_count,aiot,1,11 Feb 2026 14:35:28
698c94dc3505a4310db30008,data_ml,p_count,aiot,0,11 Feb 2026 14:40:28
698c96083505a4310db3000f,data_ml,p_count,aiot,0,11 Feb 2026 14:45:28
698c97343505a4310db30016,data_ml,p_count,aiot,0,11 Feb 2026 14:50:28
698c98603505a4310db3001d,data_ml,p_count,aiot,0,11 Feb 2026 14:55:28
698c9ab83505a4310db3002a,data_ml,p_count,aiot,0,11 Feb 2026 15:5:28
698c9be43505a4310db30031,data_ml,p_count,aiot,0,11 Feb 2026 15:10:28
698c9d10799b2e59faef6146,data_ml,p_count,aiot,0,11 Feb 2026 15:15:28
698c9e3c799b2e59faef614d,data_ml,p_count,aiot,0,11 Feb 2026 15:20:28
698c9f68799b2e59faef6153,data_ml,p_count,aiot,0,11 Feb 2026 15:25:28
698ca094799b2e59faef615a,data_ml,p_count,aiot,0,11 Feb 2026 15:30:28
698ca1c031d0b93f991ae870,data_ml,p_count,aiot,0,11 Feb 2026 15:35:28
698ca2ec31d0b93f991ae877,data_ml,p_count,aiot,0,11 Feb 2026 15:40:28
698ca41831d0b93f991ae87e,data_ml,p_count,aiot,0,11 Feb 2026 15:45:28
698ca54531d0b93f991ae885,data_ml,p_count,aiot,0,11 Feb 2026 15:50:29
698ca67131d0b93f991ae88c,data_ml,p_count,aiot,0,11 Feb 2026 15:55:29
698ca79d31d0b93f991ae893,data_ml,p_count,aiot,0,11 Feb 2026 16:0:29
698ca8c831d0b93f991ae89a,data_ml,p_count,aiot,0,11 Feb 2026 16:5:28
698ca9f431d0b93f991ae8a1,data_ml,p_count,aiot,0,11 Feb 2026 16:10:28
698cab2131d0b93f991ae8a8,data_ml,p_count,aiot,0,11 Feb 2026 16:15:29
698cac4c31d0b93f991ae8af,data_ml,p_count,aiot,0,11 Feb 2026 16:20:28
698cad7931d0b93f991ae8b6,data_ml,p_count,aiot,0,11 Feb 2026 16:25:29
698caea531d0b93f991ae8bd,data_ml,p_count,aiot,0,11 Feb 2026 16:30:29
698cafd131d0b93f991ae8c4,data_ml,p_count,aiot,0,11 Feb 2026 16:35:29
698cb0fd31d0b93f991ae8cb,data_ml,p_count,aiot,0,11 Feb 2026 16:40:29
698cb22931d0b93f991ae8d2,data_ml,p_count,aiot,0,11 Feb 2026 16:45:29
698cb35531d0b93f991ae8d9,data_ml,p_count,aiot,0,11 Feb 2026 16:50:29
698cb48131d0b93f991ae8e0,data_ml,p_count,aiot,0,11 Feb 2026 16:55:29
698cb5ad31d0b93f991ae8e7,data_ml,p_count,aiot,0,11 Feb 2026 17:0:29
698cb6d931d0b93f991ae8ee,data_ml,p_count,aiot,0,11 Feb 2026 17:5:29
698cb80531d0b93f991ae8f5,data_ml,p_count,aiot,0,11 Feb 2026 17:10:29
698cb93131d0b93f991ae8fc,data_ml,p_count,aiot,0,11 Feb 2026 17:15:29
698cba5d31d0b93f991ae903,data_ml,p_count,aiot,0,11 Feb 2026 17:20:29
698cbb8931d0b93f991ae90a,data_ml,p_count,aiot,0,11 Feb 2026 17:25:29
698cbde131d0b93f991ae917,data_ml,p_count,aiot,0,11 Feb 2026 17:35:29
698cbf0d31d0b93f991ae91e,data_ml,p_count,aiot,0,11 Feb 2026 17:40:29
698cc03931d0b93f991ae925,data_ml,p_count,aiot,0,11 Feb 2026 17:45:29
698cc16531d0b93f991ae92c,data_ml,p_count,aiot,0,11 Feb 2026 17:50:29
698cc29131d0b93f991ae933,data_ml,p_count,aiot,0,11 Feb 2026 17:55:29
698cc3bd31d0b93f991ae93a,data_ml,p_count,aiot,0,11 Feb 2026 18:0:29
698cc4e931d0b93f991ae941,data_ml,p_count,aiot,0,11 Feb 2026 18:5:29
698cc61531d0b93f991ae948,data_ml,p_count,aiot,0,11 Feb 2026 18:10:29
698cc74131d0b93f991ae94f,data_ml,p_count,aiot,0,11 Feb 2026 18:15:29
698cc86d31d0b93f991ae956,data_ml,p_count,aiot,0,11 Feb 2026 18:20:29
698cc99931d0b93f991ae95d,data_ml,p_count,aiot,0,11 Feb 2026 18:25:29
698ccac531d0b93f991ae964,data_ml,p_count,aiot,0,11 Feb 2026 18:30:29
698ccbf131d0b93f991ae96b,data_ml,p_count,aiot,0,11 Feb 2026 18:35:29
698ccd1d31d0b93f991ae972,data_ml,p_count,aiot,0,11 Feb 2026 18:40:29
698cce4931d0b93f991ae979,data_ml,p_count,aiot,0,11 Feb 2026 18:45:29
698ccf7531d0b93f991ae980,data_ml,p_count,aiot,0,11 Feb 2026 18:50:29
698cd0a131d0b93f991ae987,data_ml,p_count,aiot,0,11 Feb 2026 18:55:29
698cd1cd31d0b93f991ae98e,data_ml,p_count,aiot,0,11 Feb 2026 19:0:29
698cd2f931d0b93f991ae995,data_ml,p_count,aiot,0,11 Feb 2026 19:5:29
698cd42531d0b93f991ae99c,data_ml,p_count,aiot,0,11 Feb 2026 19:10:29
698cd55131d0b93f991ae9a3,data_ml,p_count,aiot,0,11 Feb 2026 19:15:29
698cd67d31d0b93f991ae9aa,data_ml,p_count,aiot,0,11 Feb 2026 19:20:29
698cd7a931d0b93f991ae9b1,data_ml,p_count,aiot,0,11 Feb 2026 19:25:29
698cd8d531d0b93f991ae9b8,data_ml,p_count,aiot,0,11 Feb 2026 19:30:29
698cda0131d0b93f991ae9bf,data_ml,p_count,aiot,0,11 Feb 2026 19:35:29
698cdb2d31d0b93f991ae9c6,data_ml,p_count,aiot,0,11 Feb 2026 19:40:29
698cdc5931d0b93f991ae9cd,data_ml,p_count,aiot,0,11 Feb 2026 19:45:29
698cdd8531d0b93f991ae9d4,data_ml,p_count,aiot,0,11 Feb 2026 19:50:29
698cdeb131d0b93f991ae9db,data_ml,p_count,aiot,0,11 Feb 2026 19:55:29
698ce10a31d0b93f991ae9e8,data_ml,p_count,aiot,0,11 Feb 2026 20:5:30
698ce23631d0b93f991ae9ef,data_ml,p_count,aiot,0,11 Feb 2026 20:10:30
698ce36231d0b93f991ae9f6,data_ml,p_count,aiot,0,11 Feb 2026 20:15:30
698ce48e31d0b93f991ae9fd,data_ml,p_count,aiot,0,11 Feb 2026 20:20:30
698ce5ba31d0b93f991aea04,data_ml,p_count,aiot,0,11 Feb 2026 20:25:30
698ce6e631d0b93f991aea0b,data_ml,p_count,aiot,0,11 Feb 2026 20:30:30
698ce81231d0b93f991aea12,data_ml,p_count,aiot,0,11 Feb 2026 20:35:30
698ce93e31d0b93f991aea19,data_ml,p_count,aiot,0,11 Feb 2026 20:40:30
698cea6a31d0b93f991aea20,data_ml,p_count,aiot,0,11 Feb 2026 20:45:30
698ceb9631d0b93f991aea27,data_ml,p_count,aiot,0,11 Feb 2026 20:50:30
698cecc231d0b93f991aea2e,data_ml,p_count,aiot,0,11 Feb 2026 20:55:30
698cedee31d0b93f991aea35,data_ml,p_count,aiot,0,11 Feb 2026 21:0:30
698cef1a31d0b93f991aea3c,data_ml,p_count,aiot,0,11 Feb 2026 21:5:30
698cf04631d0b93f991aea43,data_ml,p_count,aiot,0,11 Feb 2026 21:10:30
698cf17231d0b93f991aea4a,data_ml,p_count,aiot,0,11 Feb 2026 21:15:30
698cf29e31d0b93f991aea51,data_ml,p_count,aiot,0,11 Feb 2026 21:20:30
698cf3ca31d0b93f991aea58,data_ml,p_count,aiot,0,11 Feb 2026 21:25:30
698cf4f631d0b93f991aea5f,data_ml,p_count,aiot,0,11 Feb 2026 21:30:30
698cf62231d0b93f991aea66,data_ml,p_count,aiot,0,11 Feb 2026 21:35:30
698cf74e31d0b93f991aea6d,data_ml,p_count,aiot,0,11 Feb 2026 21:40:30
698cf87a31d0b93f991aea74,data_ml,p_count,aiot,0,11 Feb 2026 21:45:30
698cf9a631d0b93f991aea7b,data_ml,p_count,aiot,0,11 Feb 2026 21:50:30
698cfad231d0b93f991aea82,data_ml,p_count,aiot,0,11 Feb 2026 21:55:30
698cfbfe31d0b93f991aea89,data_ml,p_count,aiot,0,11 Feb 2026 22:0:30
698cfd2a31d0b93f991aea90,data_ml,p_count,aiot,0,11 Feb 2026 22:5:30
698cfe5631d0b93f991aea97,data_ml,p_count,aiot,0,11 Feb 2026 22:10:30
698cff8231d0b93f991aea9e,data_ml,p_count,aiot,0,11 Feb 2026 22:15:30
698d00ae31d0b93f991aeaa5,data_ml,p_count,aiot,0,11 Feb 2026 22:20:30
698d01da31d0b93f991aeaac,data_ml,p_count,aiot,0,11 Feb 2026 22:25:30
698d043231d0b93f991aeab9,data_ml,p_count,aiot,0,11 Feb 2026 22:35:30
698d055f31d0b93f991aeac0,data_ml,p_count,aiot,0,11 Feb 2026 22:40:31
698d068b31d0b93f991aeac7,data_ml,p_count,aiot,0,11 Feb 2026 22:45:31
698d07b731d0b93f991aeace,data_ml,p_count,aiot,0,11 Feb 2026 22:50:31
698d08e331d0b93f991aead5,data_ml,p_count,aiot,0,11 Feb 2026 22:55:31
698d0a0f31d0b93f991aeadc,data_ml,p_count,aiot,0,11 Feb 2026 23:0:31
698d0b3b31d0b93f991aeae3,data_ml,p_count,aiot,0,11 Feb 2026 23:5:31
698d0c6731d0b93f991aeaea,data_ml,p_count,aiot,0,11 Feb 2026 23:10:31
698d0d9331d0b93f991aeaf1,data_ml,p_count,aiot,0,11 Feb 2026 23:15:31
698d0ebf31d0b93f991aeaf8,data_ml,p_count,aiot,0,11 Feb 2026 23:20:31
698d0feb31d0b93f991aeaff,data_ml,p_count,aiot,0,11 Feb 2026 23:25:31
698d111731d0b93f991aeb06,data_ml,p_count,aiot,0,11 Feb 2026 23:30:31
698d124331d0b93f991aeb0d,data_ml,p_count,aiot,0,11 Feb 2026 23:35:31
698d136f31d0b93f991aeb14,data_ml,p_count,aiot,0,11 Feb 2026 23:40:31
698d149b31d0b93f991aeb1b,data_ml,p_count,aiot,0,11 Feb 2026 23:45:31
698d15c731d0b93f991aeb22,data_ml,p_count,aiot,0,11 Feb 2026 23:50:31
698d16f331d0b93f991aeb29,data_ml,p_count,aiot,0,11 Feb 2026 23:55:31
698d181f31d0b93f991aeb30,data_ml,p_count,aiot,0,12 Feb 2026 0:0:31
698d194b31d0b93f991aeb37,data_ml,p_count,aiot,0,12 Feb 2026 0:5:31
698d1a7731d0b93f991aeb3e,data_ml,p_count,aiot,0,12 Feb 2026 0:10:31
698d1ba331d0b93f991aeb45,data_ml,p_count,aiot,0,12 Feb 2026 0:15:31
698d1ccf31d0b93f991aeb4c,data_ml,p_count,aiot,0,12 Feb 2026 0:20:31
698d1dfb31d0b93f991aeb53,data_ml,p_count,aiot,0,12 Feb 2026 0:25:31
698d1f2731d0b93f991aeb5a,data_ml,p_count,aiot,0,12 Feb 2026 0:30:31
698d205331d0b93f991aeb61,data_ml,p_count,aiot,0,12 Feb 2026 0:35:31
698d217f31d0b93f991aeb68,data_ml,p_count,aiot,0,12 Feb 2026 0:40:31
698d22ab31d0b93f991aeb6f,data_ml,p_count,aiot,0,12 Feb 2026 0:45:31
698d23d731d0b93f991aeb76,data_ml,p_count,aiot,0,12 Feb 2026 0:50:31
698d250331d0b93f991aeb7d,data_ml,p_count,aiot,0,12 Feb 2026 0:55:31
698d275b31d0b93f991aeb8a,data_ml,p_count,aiot,0,12 Feb 2026 1:5:31
698d288731d0b93f991aeb91,data_ml,p_count,aiot,0,12 Feb 2026 1:10:31
698d29b331d0b93f991aeb98,data_ml,p_count,aiot,0,12 Feb 2026 1:15:31
698d2adf31d0b93f991aeb9f,data_ml,p_count,aiot,0,12 Feb 2026 1:20:31
698d2c0b31d0b93f991aeba6,data_ml,p_count,aiot,0,12 Feb 2026 1:25:31
698d2d3731d0b93f991aebad,data_ml,p_count,aiot,0,12 Feb 2026 1:30:31
698d2e6331d0b93f991aebb4,data_ml,p_count,aiot,0,12 Feb 2026 1:35:31
698d2f8f31d0b93f991aebbb,data_ml,p_count,aiot,0,12 Feb 2026 1:40:31
698d30bb31d0b93f991aebc2,data_ml,p_count,aiot,0,12 Feb 2026 1:45:31
698d31e731d0b93f991aebc9,data_ml,p_count,aiot,0,12 Feb 2026 1:50:31
698d331331d0b93f991aebd0,data_ml,p_count,aiot,0,12 Feb 2026 1:55:31
698d343f31d0b93f991aebd7,data_ml,p_count,aiot,0,12 Feb 2026 2:0:31
698d356b31d0b93f991aebde,data_ml,p_count,aiot,0,12 Feb 2026 2:5:31
698d369731d0b93f991aebe5,data_ml,p_count,aiot,0,12 Feb 2026 2:10:31
698d37c331d0b93f991aebec,data_ml,p_count,aiot,0,12 Feb 2026 2:15:31
698d38f031d0b93f991aebf3,data_ml,p_count,aiot,0,12 Feb 2026 2:20:32
698d3a1b31d0b93f991aebfa,data_ml,p_count,aiot,0,12 Feb 2026 2:25:31
698d3b4831d0b93f991aec01,data_ml,p_count,aiot,0,12 Feb 2026 2:30:32
698d3c7331d0b93f991aec08,data_ml,p_count,aiot,0,12 Feb 2026 2:35:31
698d3d9f31d0b93f991aec0f,data_ml,p_count,aiot,0,12 Feb 2026 2:40:31
698d3ecc31d0b93f991aec16,data_ml,p_count,aiot,0,12 Feb 2026 2:45:32
698d3ff831d0b93f991aec1d,data_ml,p_count,aiot,0,12 Feb 2026 2:50:32
698d412431d0b93f991aec24,data_ml,p_count,aiot,0,12 Feb 2026 2:55:32
698d425031d0b93f991aec2b,data_ml,p_count,aiot,0,12 Feb 2026 3:0:32
698d437c31d0b93f991aec32,data_ml,p_count,aiot,0,12 Feb 2026 3:5:32
698d44a831d0b93f991aec39,data_ml,p_count,aiot,0,12 Feb 2026 3:10:32
698d45d431d0b93f991aec40,data_ml,p_count,aiot,0,12 Feb 2026 3:15:32
698d470031d0b93f991aec47,data_ml,p_count,aiot,0,12 Feb 2026 3:20:32
698d482c31d0b93f991aec4e,data_ml,p_count,aiot,0,12 Feb 2026 3:25:32
698d4a8431d0b93f991aec5b,data_ml,p_count,aiot,0,12 Feb 2026 3:35:32
698d4bb031d0b93f991aec62,data_ml,p_count,aiot,0,12 Feb 2026 3:40:32
698d4cdc31d0b93f991aec69,data_ml,p_count,aiot,0,12 Feb 2026 3:45:32
698d4e0831d0b93f991aec70,data_ml,p_count,aiot,0,12 Feb 2026 3:50:32
698d4f3431d0b93f991aec77,data_ml,p_count,aiot,0,12 Feb 2026 3:55:32
698d506031d0b93f991aec7e,data_ml,p_count,aiot,0,12 Feb 2026 4:0:32
698d518c31d0b93f991aec85,data_ml,p_count,aiot,0,12 Feb 2026 4:5:32
698d52b831d0b93f991aec8c,data_ml,p_count,aiot,0,12 Feb 2026 4:10:32
698d53e431d0b93f991aec93,data_ml,p_count,aiot,0,12 Feb 2026 4:15:32
698d551031d0b93f991aec9a,data_ml,p_count,aiot,0,12 Feb 2026 4:20:32
698d563c31d0b93f991aeca1,data_ml,p_count,aiot,0,12 Feb 2026 4:25:32
698d576831d0b93f991aeca8,data_ml,p_count,aiot,0,12 Feb 2026 4:30:32
698d589431d0b93f991aecaf,data_ml,p_count,aiot,0,12 Feb 2026 4:35:32
698d59c031d0b93f991aecb6,data_ml,p_count,aiot,0,12 Feb 2026 4:40:32
698d5aec31d0b93f991aecbd,data_ml,p_count,aiot,0,12 Feb 2026 4:45:32
698d5c1831d0b93f991aecc4,data_ml,p_count,aiot,0,12 Feb 2026 4:50:32
698d5d4431d0b93f991aeccb,data_ml,p_count,aiot,0,12 Feb 2026 4:55:32
698d5e7031d0b93f991aecd2,data_ml,p_count,aiot,0,12 Feb 2026 5:0:32
698d5f9c31d0b93f991aecd9,data_ml,p_count,aiot,0,12 Feb 2026 5:5:32
698d60c831d0b93f991aece0,data_ml,p_count,aiot,0,12 Feb 2026 5:10:32
698d61f431d0b93f991aece7,data_ml,p_count,aiot,0,12 Feb 2026 5:15:32
698d632031d0b93f991aecee,data_ml,p_count,aiot,0,12 Feb 2026 5:20:32
698d644c31d0b93f991aecf5,data_ml,p_count,aiot,0,12 Feb 2026 5:25:32
698d657831d0b93f991aecfc,data_ml,p_count,aiot,0,12 Feb 2026 5:30:32
698d66a431d0b93f991aed03,data_ml,p_count,aiot,0,12 Feb 2026 5:35:32
698d67d031d0b93f991aed0a,data_ml,p_count,aiot,0,12 Feb 2026 5:40:32
698d68fc31d0b93f991aed11,data_ml,p_count,aiot,0,12 Feb 2026 5:45:32
698d6a2831d0b93f991aed18,data_ml,p_count,aiot,0,12 Feb 2026 5:50:32
698d6b5431d0b93f991aed1f,data_ml,p_count,aiot,0,12 Feb 2026 5:55:32
698d6dad31d0b93f991aed2c,data_ml,p_count,aiot,0,12 Feb 2026 6:5:33
698d6ed931d0b93f991aed33,data_ml,p_count,aiot,0,12 Feb 2026 6:10:33
698d700531d0b93f991aed3a,data_ml,p_count,aiot,0,12 Feb 2026 6:15:33
698d713131d0b93f991aed41,data_ml,p_count,aiot,0,12 Feb 2026 6:20:33
698d725d31d0b93f991aed48,data_ml,p_count,aiot,0,12 Feb 2026 6:25:33
698d738931d0b93f991aed4f,data_ml,p_count,aiot,0,12 Feb 2026 6:30:33
698d74b531d0b93f991aed56,data_ml,p_count,aiot,1,12 Feb 2026 6:35:33
698d75e131d0b93f991aed5d,data_ml,p_count,aiot,0,12 Feb 2026 6:40:33
698d770d31d0b93f991aed64,data_ml,p_count,aiot,0,12 Feb 2026 6:45:33
698d783931d0b93f991aed6b,data_ml,p_count,aiot,0,12 Feb 2026 6:50:33
698d796531d0b93f991aed72,data_ml,p_count,aiot,0,12 Feb 2026 6:55:33
698d7a9131d0b93f991aed79,data_ml,p_count,aiot,2,12 Feb 2026 7:0:33
698d7bbd31d0b93f991aed80,data_ml,p_count,aiot,0,12 Feb 2026 7:5:33
698d7ce931d0b93f991aed87,data_ml,p_count,aiot,0,12 Feb 2026 7:10:33
698d7e1531d0b93f991aed8e,data_ml,p_count,aiot,0,12 Feb 2026 7:15:33
698d7f4131d0b93f991aed95,data_ml,p_count,aiot,0,12 Feb 2026 7:20:33
698d806d31d0b93f991aed9c,data_ml,p_count,aiot,0,12 Feb 2026 7:25:33
698d819931d0b93f991aeda3,data_ml,p_count,aiot,0,12 Feb 2026 7:30:33
698d82c531d0b93f991aedaa,data_ml,p_count,aiot,0,12 Feb 2026 7:35:33
698d83f131d0b93f991aedb1,data_ml,p_count,aiot,0,12 Feb 2026 7:40:33
698d851d31d0b93f991aedb8,data_ml,p_count,aiot,0,12 Feb 2026 7:45:33
698d864931d0b93f991aedbf,data_ml,p_count,aiot,0,12 Feb 2026 7:50:33
698d877531d0b93f991aedc6,data_ml,p_count,aiot,0,12 Feb 2026 7:55:33
698d88a131d0b93f991aedcd,data_ml,p_count,aiot,2,12 Feb 2026 8:0:33
698d89cd31d0b93f991aedd4,data_ml,p_count,aiot,2,12 Feb 2026 8:5:33
698d8af931d0b93f991aeddb,data_ml,p_count,aiot,1,12 Feb 2026 8:10:33
698d8c2531d0b93f991aede2,data_ml,p_count,aiot,1,12 Feb 2026 8:15:33
698d8d5131d0b93f991aede9,data_ml,p_count,aiot,2,12 Feb 2026 8:20:33
698d8e7d31d0b93f991aedf0,data_ml,p_count,aiot,1,12 Feb 2026 8:25:33
698d90d531d0b93f991aedfd,data_ml,p_count,aiot,1,12 Feb 2026 8:35:33
698d920131d0b93f991aee04,data_ml,p_count,aiot,0,12 Feb 2026 8:40:33
698d932d31d0b93f991aee0b,data_ml,p_count,aiot,1,12 Feb 2026 8:45:33
698d945931d0b93f991aee12,data_ml,p_count,aiot,3,12 Feb 2026 8:50:33
698d958531d0b93f991aee19,data_ml,p_count,aiot,0,12 Feb 2026 8:55:33
698d96b131d0b93f991aee20,data_ml,p_count,aiot,2,12 Feb 2026 9:0:33
698d97ed31d0b93f991aee27,data_ml,p_count,aiot,6,12 Feb 2026 9:5:49
698d991931d0b93f991aee2e,data_ml,p_count,aiot,0,12 Feb 2026 9:10:49
698d9a4531d0b93f991aee35,data_ml,p_count,aiot,0,12 Feb 2026 9:15:49
698d9b7131d0b93f991aee3c,data_ml,p_count,aiot,2,12 Feb 2026 9:20:49
698d9c9d31d0b93f991aee43,data_ml,p_count,aiot,0,12 Feb 2026 9:25:49
698d9dc931d0b93f991aee4a,data_ml,p_count,aiot,0,12 Feb 2026 9:30:49
698d9ef531d0b93f991aee51,data_ml,p_count,aiot,0,12 Feb 2026 9:35:49
698da02331d0b93f991aee58,data_ml,p_count,aiot,3,12 Feb 2026 9:40:51
698da14d31d0b93f991aee5f,data_ml,p_count,aiot,0,12 Feb 2026 9:45:49
698da27931d0b93f991aee66,data_ml,p_count,aiot,3,12 Feb 2026 9:50:49
698da3a531d0b93f991aee6d,data_ml,p_count,aiot,4,12 Feb 2026 9:55:49
698da4d131d0b93f991aee74,data_ml,p_count,aiot,6,12 Feb 2026 10:0:49
698da5fd31d0b93f991aee7b,data_ml,p_count,aiot,1,12 Feb 2026 10:5:49
698da72931d0b93f991aee82,data_ml,p_count,aiot,1,12 Feb 2026 10:10:49
698da85531d0b93f991aee89,data_ml,p_count,aiot,0,12 Feb 2026 10:15:49
698da98131d0b93f991aee90,data_ml,p_count,aiot,0,12 Feb 2026 10:20:49
698daaad31d0b93f991aee97,data_ml,p_count,aiot,0,12 Feb 2026 10:25:49
698dabd931d0b93f991aee9e,data_ml,p_count,aiot,1,12 Feb 2026 10:30:49
698dad0531d0b93f991aeea5,data_ml,p_count,aiot,1,12 Feb 2026 10:35:49
698dae3131d0b93f991aeeac,data_ml,p_count,aiot,4,12 Feb 2026 10:40:49
698daf5d31d0b93f991aeeb3,data_ml,p_count,aiot,2,12 Feb 2026 10:45:49
698db08931d0b93f991aeeba,data_ml,p_count,aiot,0,12 Feb 2026 10:50:49
698db1b531d0b93f991aeec1,data_ml,p_count,aiot,0,12 Feb 2026 10:55:49
698db40e31d0b93f991aeece,data_ml,p_count,aiot,2,12 Feb 2026 11:5:50
698db53a31d0b93f991aeed5,data_ml,p_count,aiot,4,12 Feb 2026 11:10:50
698db66631d0b93f991aeedc,data_ml,p_count,aiot,1,12 Feb 2026 11:15:50
698db79231d0b93f991aeee3,data_ml,p_count,aiot,2,12 Feb 2026 11:20:50
698db8be31d0b93f991aeeea,data_ml,p_count,aiot,1,12 Feb 2026 11:25:50
698db9ea31d0b93f991aeef1,data_ml,p_count,aiot,0,12 Feb 2026 11:30:50
698dbb1631d0b93f991aeef8,data_ml,p_count,aiot,0,12 Feb 2026 11:35:50
698dbc4231d0b93f991aeeff,data_ml,p_count,aiot,1,12 Feb 2026 11:40:50
698dbd6e31d0b93f991aef06,data_ml,p_count,aiot,4,12 Feb 2026 11:45:50
698dbe9a31d0b93f991aef0d,data_ml,p_count,aiot,0,12 Feb 2026 11:50:50
698dbfc631d0b93f991aef14,data_ml,p_count,aiot,0,12 Feb 2026 11:55:50
698dc0f231d0b93f991aef1b,data_ml,p_count,aiot,2,12 Feb 2026 12:0:50
698dc21e31d0b93f991aef22,data_ml,p_count,aiot,0,12 Feb 2026 12:5:50
698dc34a31d0b93f991aef29,data_ml,p_count,aiot,2,12 Feb 2026 12:10:50
698dc47631d0b93f991aef30,data_ml,p_count,aiot,1,12 Feb 2026 12:15:50
698dc5a231d0b93f991aef37,data_ml,p_count,aiot,2,12 Feb 2026 12:20:50
698dc6ce31d0b93f991aef3e,data_ml,p_count,aiot,0,12 Feb 2026 12:25:50
698dc7fa31d0b93f991aef45,data_ml,p_count,aiot,3,12 Feb 2026 12:30:50
698dc92631d0b93f991aef4c,data_ml,p_count,aiot,0,12 Feb 2026 12:35:50
698dca5231d0b93f991aef53,data_ml,p_count,aiot,2,12 Feb 2026 12:40:50
698dcb7e31d0b93f991aef5a,data_ml,p_count,aiot,0,12 Feb 2026 12:45:50
698dccaa31d0b93f991aef61,data_ml,p_count,aiot,0,12 Feb 2026 12:50:50
698dcdd631d0b93f991aef68,data_ml,p_count,aiot,3,12 Feb 2026 12:55:50
698dcf0231d0b93f991aef6f,data_ml,p_count,aiot,2,12 Feb 2026 13:0:50
698dd02e31d0b93f991aef76,data_ml,p_count,aiot,1,12 Feb 2026 13:5:50
698dd15a31d0b93f991aef7d,data_ml,p_count,aiot,1,12 Feb 2026 13:10:50
698dd28631d0b93f991aef84,data_ml,p_count,aiot,0,12 Feb 2026 13:15:50
698dd3b231d0b93f991aef8b,data_ml,p_count,aiot,0,12 Feb 2026 13:20:50
698dd4de31d0b93f991aef92,data_ml,p_count,aiot,0,12 Feb 2026 13:25:50
698dd73631d0b93f991aef9f,data_ml,p_count,aiot,3,12 Feb 2026 13:35:50
698dd86331d0b93f991aefa6,data_ml,p_count,aiot,1,12 Feb 2026 13:40:51
698dd98e31d0b93f991aefad,data_ml,p_count,aiot,0,12 Feb 2026 13:45:50
698ddaba31d0b93f991aefb4,data_ml,p_count,aiot,0,12 Feb 2026 13:50:50
698ddbe731d0b93f991aefbb,data_ml,p_count,aiot,4,12 Feb 2026 13:55:51
698ddd1231d0b93f991aefc2,data_ml,p_count,aiot,2,12 Feb 2026 14:0:50
698dde3e31d0b93f991aefc9,data_ml,p_count,aiot,3,12 Feb 2026 14:5:50
698ddf6a31d0b93f991aefd0,data_ml,p_count,aiot,0,12 Feb 2026 14:10:50
698de09631d0b93f991aefd7,data_ml,p_count,aiot,0,12 Feb 2026 14:15:50
698de1c231d0b93f991aefde,data_ml,p_count,aiot,0,12 Feb 2026 14:20:50
698de2ef31d0b93f991aefe5,data_ml,p_count,aiot,0,12 Feb 2026 14:25:51
698de41b31d0b93f991aefec,data_ml,p_count,aiot,2,12 Feb 2026 14:30:51
698de54731d0b93f991aeff3,data_ml,p_count,aiot,1,12 Feb 2026 14:35:51
698de67331d0b93f991aeffa,data_ml,p_count,aiot,0,12 Feb 2026 14:40:51
698de79f31d0b93f991af001,data_ml,p_count,aiot,0,12 Feb 2026 14:45:51
698de8cb31d0b93f991af008,data_ml,p_count,aiot,0,12 Feb 2026 14:50:51
698de9f731d0b93f991af00f,data_ml,p_count,aiot,1,12 Feb 2026 14:55:51
698deb2331d0b93f991af016,data_ml,p_count,aiot,2,12 Feb 2026 15:0:51
698dec4f31d0b93f991af01d,data_ml,p_count,aiot,2,12 Feb 2026 15:5:51
698ded7b31d0b93f991af024,data_ml,p_count,aiot,2,12 Feb 2026 15:10:51
698deea731d0b93f991af02b,data_ml,p_count,aiot,0,12 Feb 2026 15:15:51
698defd331d0b93f991af032,data_ml,p_count,aiot,0,12 Feb 2026 15:20:51
698df0ff31d0b93f991af039,data_ml,p_count,aiot,3,12 Feb 2026 15:25:51
698df22b31d0b93f991af040,data_ml,p_count,aiot,1,12 Feb 2026 15:30:51
698df35731d0b93f991af047,data_ml,p_count,aiot,0,12 Feb 2026 15:35:51
698df48331d0b93f991af04e,data_ml,p_count,aiot,0,12 Feb 2026 15:40:51
698df5af0655f6fee6244a8b,data_ml,p_count,aiot,0,12 Feb 2026 15:45:51
698df6db0655f6fee6244a92,data_ml,p_count,aiot,0,12 Feb 2026 15:50:51
698df8070655f6fee6244a99,data_ml,p_count,aiot,0,12 Feb 2026 15:55:51
698dfa5f0655f6fee6244aa6,data_ml,p_count,aiot,0,12 Feb 2026 16:5:51
698dfb8b0655f6fee6244aad,data_ml,p_count,aiot,2,12 Feb 2026 16:10:51
698dfcb70655f6fee6244ab4,data_ml,p_count,aiot,2,12 Feb 2026 16:15:51
698dfde30655f6fee6244abb,data_ml,p_count,aiot,0,12 Feb 2026 16:20:51
698dff0f0655f6fee6244ac2,data_ml,p_count,aiot,0,12 Feb 2026 16:25:51
698e003b0655f6fee6244ac9,data_ml,p_count,aiot,1,12 Feb 2026 16:30:51
698e01670655f6fee6244ad0,data_ml,p_count,aiot,1,12 Feb 2026 16:35:51
698e02930655f6fee6244ad7,data_ml,p_count,aiot,0,12 Feb 2026 16:40:51
698e03bf0655f6fee6244ade,data_ml,p_count,aiot,1,12 Feb 2026 16:45:51
698e04eb0655f6fee6244ae5,data_ml,p_count,aiot,1,12 Feb 2026 16:50:51
698e06170655f6fee6244aec,data_ml,p_count,aiot,0,12 Feb 2026 16:55:51
698e07430655f6fee6244af3,data_ml,p_count,aiot,0,12 Feb 2026 17:0:51
698e086f0655f6fee6244afa,data_ml,p_count,aiot,0,12 Feb 2026 17:5:51
698e099b0655f6fee6244b01,data_ml,p_count,aiot,0,12 Feb 2026 17:10:51
698e0ac70655f6fee6244b08,data_ml,p_count,aiot,0,12 Feb 2026 17:15:51
698e0bf30655f6fee6244b0f,data_ml,p_count,aiot,0,12 Feb 2026 17:20:51
698e0d1f0655f6fee6244b16,data_ml,p_count,aiot,0,12 Feb 2026 17:25:51
698e0e4b0655f6fee6244b1d,data_ml,p_count,aiot,0,12 Feb 2026 17:30:51
698e0f770655f6fee6244b24,data_ml,p_count,aiot,0,12 Feb 2026 17:35:51
698e10a30655f6fee6244b2b,data_ml,p_count,aiot,0,12 Feb 2026 17:40:51
698e11cf0655f6fee6244b32,data_ml,p_count,aiot,0,12 Feb 2026 17:45:51
698e12fb0655f6fee6244b39,data_ml,p_count,aiot,0,12 Feb 2026 17:50:51
698e14270655f6fee6244b40,data_ml,p_count,aiot,0,12 Feb 2026 17:55:51
698e15530655f6fee6244b47,data_ml,p_count,aiot,0,12 Feb 2026 18:0:51
698e167f0655f6fee6244b4e,data_ml,p_count,aiot,0,12 Feb 2026 18:5:51
698e17ac0655f6fee6244b55,data_ml,p_count,aiot,0,12 Feb 2026 18:10:52
698e18d70655f6fee6244b5c,data_ml,p_count,aiot,0,12 Feb 2026 18:15:51
698e1a030655f6fee6244b63,data_ml,p_count,aiot,0,12 Feb 2026 18:20:51
698e1b2f0655f6fee6244b6a,data_ml,p_count,aiot,0,12 Feb 2026 18:25:51
698e1d880655f6fee6244b77,data_ml,p_count,aiot,0,12 Feb 2026 18:35:52
698e1eb40655f6fee6244b7e,data_ml,p_count,aiot,0,12 Feb 2026 18:40:52
698e1fe00655f6fee6244b85,data_ml,p_count,aiot,2,12 Feb 2026 18:45:52
698e210c0655f6fee6244b8c,data_ml,p_count,aiot,0,12 Feb 2026 18:50:52
698e22380655f6fee6244b93,data_ml,p_count,aiot,0,12 Feb 2026 18:55:52
698e23640655f6fee6244b9a,data_ml,p_count,aiot,0,12 Feb 2026 19:0:52
698e24900655f6fee6244ba1,data_ml,p_count,aiot,0,12 Feb 2026 19:5:52
698e25bc0655f6fee6244ba8,data_ml,p_count,aiot,0,12 Feb 2026 19:10:52
698e26e80655f6fee6244baf,data_ml,p_count,aiot,0,12 Feb 2026 19:15:52
698e28140655f6fee6244bb6,data_ml,p_count,aiot,0,12 Feb 2026 19:20:52
698e29400655f6fee6244bbd,data_ml,p_count,aiot,0,12 Feb 2026 19:25:52
698e2a6c0655f6fee6244bc4,data_ml,p_count,aiot,0,12 Feb 2026 19:30:52
698e2b980655f6fee6244bcb,data_ml,p_count,aiot,0,12 Feb 2026 19:35:52
698e2cc40655f6fee6244bd2,data_ml,p_count,aiot,0,12 Feb 2026 19:40:52
698e2df00655f6fee6244bd9,data_ml,p_count,aiot,0,12 Feb 2026 19:45:52
698e2f1c0655f6fee6244be0,data_ml,p_count,aiot,0,12 Feb 2026 19:50:52
698e30480655f6fee6244be7,data_ml,p_count,aiot,0,12 Feb 2026 19:55:52
698e31740655f6fee6244bee,data_ml,p_count,aiot,0,12 Feb 2026 20:0:52
698e32a00655f6fee6244bf5,data_ml,p_count,aiot,0,12 Feb 2026 20:5:52
698e33cc0655f6fee6244bfc,data_ml,p_count,aiot,0,12 Feb 2026 20:10:52
698e34f80655f6fee6244c03,data_ml,p_count,aiot,0,12 Feb 2026 20:15:52
698e36240655f6fee6244c0a,data_ml,p_count,aiot,0,12 Feb 2026 20:20:52
698e37500655f6fee6244c11,data_ml,p_count,aiot,0,12 Feb 2026 20:25:52
698e387c0655f6fee6244c18,data_ml,p_count,aiot,0,12 Feb 2026 20:30:52
698e39a80655f6fee6244c1f,data_ml,p_count,aiot,0,12 Feb 2026 20:35:52
698e3ad40655f6fee6244c26,data_ml,p_count,aiot,0,12 Feb 2026 20:40:52
698e3c000655f6fee6244c2d,data_ml,p_count,aiot,0,12 Feb 2026 20:45:52
698e3d2c0655f6fee6244c34,data_ml,p_count,aiot,0,12 Feb 2026 20:50:52
698e3e580655f6fee6244c3b,data_ml,p_count,aiot,0,12 Feb 2026 20:55:52
698e40b00655f6fee6244c48,data_ml,p_count,aiot,0,12 Feb 2026 21:5:52
698e41dd0655f6fee6244c4f,data_ml,p_count,aiot,0,12 Feb 2026 21:10:53
698e43080655f6fee6244c56,data_ml,p_count,aiot,0,12 Feb 2026 21:15:52
698e44340655f6fee6244c5d,data_ml,p_count,aiot,0,12 Feb 2026 21:20:52
698e45610655f6fee6244c64,data_ml,p_count,aiot,0,12 Feb 2026 21:25:53
698e468d0655f6fee6244c6b,data_ml,p_count,aiot,0,12 Feb 2026 21:30:53
698e47b80655f6fee6244c72,data_ml,p_count,aiot,0,12 Feb 2026 21:35:52
698e48e40655f6fee6244c79,data_ml,p_count,aiot,0,12 Feb 2026 21:40:52
698e4a110655f6fee6244c80,data_ml,p_count,aiot,0,12 Feb 2026 21:45:53
698e4b3c0655f6fee6244c86,data_ml,p_count,aiot,0,12 Feb 2026 21:50:52
698e4c680655f6fee6244c8d,data_ml,p_count,aiot,0,12 Feb 2026 21:55:52
698e4d950655f6fee6244c94,data_ml,p_count,aiot,0,12 Feb 2026 22:0:53
698e4ec00655f6fee6244c9b,data_ml,p_count,aiot,0,12 Feb 2026 22:5:52
698e4fed0655f6fee6244ca2,data_ml,p_count,aiot,0,12 Feb 2026 22:10:53
698e51190655f6fee6244ca9,data_ml,p_count,aiot,0,12 Feb 2026 22:15:53
698e52450655f6fee6244cb0,data_ml,p_count,aiot,0,12 Feb 2026 22:20:53
698e53710655f6fee6244cb7,data_ml,p_count,aiot,0,12 Feb 2026 22:25:53
698e549d0655f6fee6244cbe,data_ml,p_count,aiot,0,12 Feb 2026 22:30:53
698e55c90655f6fee6244cc5,data_ml,p_count,aiot,0,12 Feb 2026 22:35:53
698e56f50655f6fee6244ccc,data_ml,p_count,aiot,0,12 Feb 2026 22:40:53
698e58210655f6fee6244cd3,data_ml,p_count,aiot,0,12 Feb 2026 22:45:53
698e594d0655f6fee6244cda,data_ml,p_count,aiot,0,12 Feb 2026 22:50:53
698e5a790655f6fee6244ce1,data_ml,p_count,aiot,0,12 Feb 2026 22:55:53
698e5ba50655f6fee6244ce8,data_ml,p_count,aiot,0,12 Feb 2026 23:0:53
698e5cd10655f6fee6244cef,data_ml,p_count,aiot,0,12 Feb 2026 23:5:53
698e5dfd0655f6fee6244cf6,data_ml,p_count,aiot,0,12 Feb 2026 23:10:53
698e5f290655f6fee6244cfd,data_ml,p_count,aiot,0,12 Feb 2026 23:15:53
698e60550655f6fee6244d04,data_ml,p_count,aiot,0,12 Feb 2026 23:20:53
698e61810655f6fee6244d0b,data_ml,p_count,aiot,0,12 Feb 2026 23:25:53
698e63d90655f6fee6244d18,data_ml,p_count,aiot,0,12 Feb 2026 23:35:53
698e65050655f6fee6244d1f,data_ml,p_count,aiot,0,12 Feb 2026 23:40:53
698e66310655f6fee6244d26,data_ml,p_count,aiot,0,12 Feb 2026 23:45:53
698e675d0655f6fee6244d2d,data_ml,p_count,aiot,0,12 Feb 2026 23:50:53
698e68890655f6fee6244d34,data_ml,p_count,aiot,0,12 Feb 2026 23:55:53
698e69b50655f6fee6244d3b,data_ml,p_count,aiot,0,13 Feb 2026 0:0:53
698e6ae10655f6fee6244d42,data_ml,p_count,aiot,0,13 Feb 2026 0:5:53
698e6c0d0655f6fee6244d49,data_ml,p_count,aiot,0,13 Feb 2026 0:10:53
698e6d390655f6fee6244d50,data_ml,p_count,aiot,0,13 Feb 2026 0:15:53
698e6e650655f6fee6244d57,data_ml,p_count,aiot,0,13 Feb 2026 0:20:53
698e6f910655f6fee6244d5e,data_ml,p_count,aiot,0,13 Feb 2026 0:25:53
698e70bd0655f6fee6244d65,data_ml,p_count,aiot,0,13 Feb 2026 0:30:53
698e71e90655f6fee6244d6c,data_ml,p_count,aiot,0,13 Feb 2026 0:35:53
698e73150655f6fee6244d73,data_ml,p_count,aiot,0,13 Feb 2026 0:40:53
698e74410655f6fee6244d7a,data_ml,p_count,aiot,0,13 Feb 2026 0:45:53
698e756d0655f6fee6244d81,data_ml,p_count,aiot,0,13 Feb 2026 0:50:53
698e76990655f6fee6244d88,data_ml,p_count,aiot,0,13 Feb 2026 0:55:53
698e77c50655f6fee6244d8f,data_ml,p_count,aiot,0,13 Feb 2026 1:0:53
698e78f10655f6fee6244d96,data_ml,p_count,aiot,0,13 Feb 2026 1:5:53
698e7a1d0655f6fee6244d9d,data_ml,p_count,aiot,0,13 Feb 2026 1:10:53
698e7b490655f6fee6244da4,data_ml,p_count,aiot,0,13 Feb 2026 1:15:53
698e7c750655f6fee6244dab,data_ml,p_count,aiot,0,13 Feb 2026 1:20:53
698e7da10655f6fee6244db2,data_ml,p_count,aiot,0,13 Feb 2026 1:25:53
698e7ecd0655f6fee6244db9,data_ml,p_count,aiot,0,13 Feb 2026 1:30:53
698e7ff90655f6fee6244dc0,data_ml,p_count,aiot,0,13 Feb 2026 1:35:53
698e81250655f6fee6244dc7,data_ml,p_count,aiot,0,13 Feb 2026 1:40:53
698e82510655f6fee6244dce,data_ml,p_count,aiot,0,13 Feb 2026 1:45:53
698e837d0655f6fee6244dd5,data_ml,p_count,aiot,0,13 Feb 2026 1:50:53
698e84a90655f6fee6244ddc,data_ml,p_count,aiot,0,13 Feb 2026 1:55:53
698e87020655f6fee6244de9,data_ml,p_count,aiot,0,13 Feb 2026 2:5:54
698e882e0655f6fee6244df0,data_ml,p_count,aiot,0,13 Feb 2026 2:10:54
698e895a0655f6fee6244df7,data_ml,p_count,aiot,0,13 Feb 2026 2:15:54
698e8a860655f6fee6244dfe,data_ml,p_count,aiot,0,13 Feb 2026 2:20:54
698e8bb20655f6fee6244e05,data_ml,p_count,aiot,0,13 Feb 2026 2:25:54
698e8cde0655f6fee6244e0c,data_ml,p_count,aiot,0,13 Feb 2026 2:30:54
698e8e0a0655f6fee6244e13,data_ml,p_count,aiot,0,13 Feb 2026 2:35:54
698e8f360655f6fee6244e1a,data_ml,p_count,aiot,0,13 Feb 2026 2:40:54
698e90620655f6fee6244e21,data_ml,p_count,aiot,0,13 Feb 2026 2:45:54
698e918e0655f6fee6244e28,data_ml,p_count,aiot,0,13 Feb 2026 2:50:54
698e92ba0655f6fee6244e2f,data_ml,p_count,aiot,0,13 Feb 2026 2:55:54
698e93e60655f6fee6244e36,data_ml,p_count,aiot,0,13 Feb 2026 3:0:54
698e95120655f6fee6244e3d,data_ml,p_count,aiot,0,13 Feb 2026 3:5:54
698e963e0655f6fee6244e44,data_ml,p_count,aiot,0,13 Feb 2026 3:10:54
698e976a0655f6fee6244e4b,data_ml,p_count,aiot,0,13 Feb 2026 3:15:54
698e98960655f6fee6244e52,data_ml,p_count,aiot,0,13 Feb 2026 3:20:54
698e99c20655f6fee6244e59,data_ml,p_count,aiot,0,13 Feb 2026 3:25:54
698e9aee0655f6fee6244e60,data_ml,p_count,aiot,0,13 Feb 2026 3:30:54
698e9c1a0655f6fee6244e67,data_ml,p_count,aiot,0,13 Feb 2026 3:35:54
698e9d460655f6fee6244e6e,data_ml,p_count,aiot,0,13 Feb 2026 3:40:54
698e9e720655f6fee6244e75,data_ml,p_count,aiot,0,13 Feb 2026 3:45:54
698e9f9e0655f6fee6244e7c,data_ml,p_count,aiot,0,13 Feb 2026 3:50:54
698ea0ca0655f6fee6244e83,data_ml,p_count,aiot,0,13 Feb 2026 3:55:54
698ea1f60655f6fee6244e8a,data_ml,p_count,aiot,0,13 Feb 2026 4:0:54
698ea3220655f6fee6244e91,data_ml,p_count,aiot,0,13 Feb 2026 4:5:54
698ea44e0655f6fee6244e98,data_ml,p_count,aiot,0,13 Feb 2026 4:10:54
698ea57a0655f6fee6244e9f,data_ml,p_count,aiot,0,13 Feb 2026 4:15:54
698ea6a60655f6fee6244ea6,data_ml,p_count,aiot,0,13 Feb 2026 4:20:54
698ea7d20655f6fee6244ead,data_ml,p_count,aiot,0,13 Feb 2026 4:25:54
698eaa2a0655f6fee6244eba,data_ml,p_count,aiot,0,13 Feb 2026 4:35:54
698eab560655f6fee6244ec1,data_ml,p_count,aiot,0,13 Feb 2026 4:40:54
698eac820655f6fee6244ec8,data_ml,p_count,aiot,0,13 Feb 2026 4:45:54
698eadaf0655f6fee6244ecf,data_ml,p_count,aiot,0,13 Feb 2026 4:50:55
698eaedb0655f6fee6244ed6,data_ml,p_count,aiot,0,13 Feb 2026 4:55:55
698eb0060655f6fee6244edd,data_ml,p_count,aiot,0,13 Feb 2026 5:0:54
698eb1330655f6fee6244ee4,data_ml,p_count,aiot,0,13 Feb 2026 5:5:55
698eb25f0655f6fee6244eeb,data_ml,p_count,aiot,0,13 Feb 2026 5:10:55
698eb38b0655f6fee6244ef2,data_ml,p_count,aiot,2,13 Feb 2026 5:15:55
698eb4b70655f6fee6244ef9,data_ml,p_count,aiot,0,13 Feb 2026 5:20:55
698eb5e30655f6fee6244f00,data_ml,p_count,aiot,1,13 Feb 2026 5:25:55
698eb70f0655f6fee6244f07,data_ml,p_count,aiot,0,13 Feb 2026 5:30:55
698eb83b0655f6fee6244f0e,data_ml,p_count,aiot,0,13 Feb 2026 5:35:55
698eb9670655f6fee6244f15,data_ml,p_count,aiot,0,13 Feb 2026 5:40:55
698eba930655f6fee6244f1c,data_ml,p_count,aiot,0,13 Feb 2026 5:45:55
698ebbbf82740b84d9bfa151,data_ml,p_count,aiot,0,13 Feb 2026 5:50:55
698ebceb82740b84d9bfa158,data_ml,p_count,aiot,0,13 Feb 2026 5:55:55
698ebe1782740b84d9bfa15f,data_ml,p_count,aiot,0,13 Feb 2026 6:0:55
698ebf4382740b84d9bfa166,data_ml,p_count,aiot,0,13 Feb 2026 6:5:55
698ec06f82740b84d9bfa16d,data_ml,p_count,aiot,0,13 Feb 2026 6:10:55
698ec19b82740b84d9bfa174,data_ml,p_count,aiot,0,13 Feb 2026 6:15:55
698ec2c782740b84d9bfa17b,data_ml,p_count,aiot,0,13 Feb 2026 6:20:55
698ec3f382740b84d9bfa182,data_ml,p_count,aiot,0,13 Feb 2026 6:25:55
698ec51f82740b84d9bfa189,data_ml,p_count,aiot,0,13 Feb 2026 6:30:55
698ec64b82740b84d9bfa190,data_ml,p_count,aiot,0,13 Feb 2026 6:35:55
698ec77782740b84d9bfa197,data_ml,p_count,aiot,0,13 Feb 2026 6:40:55
698ec8a382740b84d9bfa19e,data_ml,p_count,aiot,1,13 Feb 2026 6:45:55
698ec9cf82740b84d9bfa1a5,data_ml,p_count,aiot,0,13 Feb 2026 6:50:55
698ecafb4fa8226786de4f21,data_ml,p_count,aiot,0,13 Feb 2026 6:55:55
698ecd534fa8226786de4f2e,data_ml,p_count,aiot,0,13 Feb 2026 7:5:55
698ece7f4fa8226786de4f35,data_ml,p_count,aiot,0,13 Feb 2026 7:10:55
698ecfab4fa8226786de4f3c,data_ml,p_count,aiot,0,13 Feb 2026 7:15:55
698ed0d74fa8226786de4f43,data_ml,p_count,aiot,0,13 Feb 2026 7:20:55
698ed2034fa8226786de4f4a,data_ml,p_count,aiot,0,13 Feb 2026 7:25:55
698ed32f4fa8226786de4f51,data_ml,p_count,aiot,0,13 Feb 2026 7:30:55
698ed45b4fa8226786de4f58,data_ml,p_count,aiot,1,13 Feb 2026 7:35:55
698ed5874fa8226786de4f5f,data_ml,p_count,aiot,0,13 Feb 2026 7:40:55
698ed6b34fa8226786de4f66,data_ml,p_count,aiot,0,13 Feb 2026 7:45:55
698ed7df4fa8226786de4f6d,data_ml,p_count,aiot,0,13 Feb 2026 7:50:55
698ed90b4fa8226786de4f74,data_ml,p_count,aiot,0,13 Feb 2026 7:55:55
698eda374fa8226786de4f7b,data_ml,p_count,aiot,0,13 Feb 2026 8:0:55
698edb634fa8226786de4f82,data_ml,p_count,aiot,1,13 Feb 2026 8:5:55
698edc8f4fa8226786de4f89,data_ml,p_count,aiot,0,13 Feb 2026 8:10:55
698eddbb4fa8226786de4f90,data_ml,p_count,aiot,0,13 Feb 2026 8:15:55
698edee74fa8226786de4f97,data_ml,p_count,aiot,1,13 Feb 2026 8:20:55
698ee0134fa8226786de4f9e,data_ml,p_count,aiot,0,13 Feb 2026 8:25:55
698ee13f4fa8226786de4fa5,data_ml,p_count,aiot,0,13 Feb 2026 8:30:55
698ee26b4fa8226786de4fac,data_ml,p_count,aiot,0,13 Feb 2026 8:35:55
698ee3974fa8226786de4fb3,data_ml,p_count,aiot,1,13 Feb 2026 8:40:55
698ee4c34fa8226786de4fba,data_ml,p_count,aiot,0,13 Feb 2026 8:45:55
698ee5ef4fa8226786de4fc1,data_ml,p_count,aiot,0,13 Feb 2026 8:50:55
698ee71b4fa8226786de4fc8,data_ml,p_count,aiot,0,13 Feb 2026 8:55:55
698ee8474fa8226786de4fcf,data_ml,p_count,aiot,0,13 Feb 2026 9:0:55
698ee9734fa8226786de4fd6,data_ml,p_count,aiot,0,13 Feb 2026 9:5:55
698eea9f4fa8226786de4fdd,data_ml,p_count,aiot,1,13 Feb 2026 9:10:55
698eebcb4fa8226786de4fe4,data_ml,p_count,aiot,1,13 Feb 2026 9:15:55
698eecf74fa8226786de4feb,data_ml,p_count,aiot,0,13 Feb 2026 9:20:55
698eee234fa8226786de4ff2,data_ml,p_count,aiot,3,13 Feb 2026 9:25:55
698ef07c4fa8226786de4fff,data_ml,p_count,aiot,0,13 Feb 2026 9:35:56
698ef1a84fa8226786de5006,data_ml,p_count,aiot,1,13 Feb 2026 9:40:56
698ef2d44fa8226786de500d,data_ml,p_count,aiot,0,13 Feb 2026 9:45:56
698ef4004fa8226786de5014,data_ml,p_count,aiot,2,13 Feb 2026 9:50:56
698ef52c4fa8226786de501b,data_ml,p_count,aiot,2,13 Feb 2026 9:55:56
698ef6584fa8226786de5022,data_ml,p_count,aiot,1,13 Feb 2026 10:0:56
698ef7844fa8226786de5029,data_ml,p_count,aiot,3,13 Feb 2026 10:5:56
698ef8b04fa8226786de5030,data_ml,p_count,aiot,0,13 Feb 2026 10:10:56
698ef9dc4fa8226786de5037,data_ml,p_count,aiot,2,13 Feb 2026 10:15:56
698efb084fa8226786de503e,data_ml,p_count,aiot,0,13 Feb 2026 10:20:56
698efc344fa8226786de5045,data_ml,p_count,aiot,0,13 Feb 2026 10:25:56
698efd604fa8226786de504c,data_ml,p_count,aiot,0,13 Feb 2026 10:30:56
698efe8c4fa8226786de5053,data_ml,p_count,aiot,0,13 Feb 2026 10:35:56
698effb84fa8226786de505a,data_ml,p_count,aiot,0,13 Feb 2026 10:40:56
698f00e44fa8226786de5061,data_ml,p_count,aiot,2,13 Feb 2026 10:45:56
698f02104fa8226786de5068,data_ml,p_count,aiot,0,13 Feb 2026 10:50:56
698f033c4fa8226786de506f,data_ml,p_count,aiot,0,13 Feb 2026 10:55:56
698f04684fa8226786de5076,data_ml,p_count,aiot,0,13 Feb 2026 11:0:56
698f05944fa8226786de507d,data_ml,p_count,aiot,2,13 Feb 2026 11:5:56
698f06c04fa8226786de5084,data_ml,p_count,aiot,0,13 Feb 2026 11:10:56
698f07ec4fa8226786de508b,data_ml,p_count,aiot,0,13 Feb 2026 11:15:56
698f09184fa8226786de5092,data_ml,p_count,aiot,0,13 Feb 2026 11:20:56
698f0a444fa8226786de5099,data_ml,p_count,aiot,0,13 Feb 2026 11:25:56
698f0b704fa8226786de50a0,data_ml,p_count,aiot,2,13 Feb 2026 11:30:56
698f0c9c4fa8226786de50a7,data_ml,p_count,aiot,3,13 Feb 2026 11:35:56
698f0dc84fa8226786de50ae,data_ml,p_count,aiot,0,13 Feb 2026 11:40:56
698f0ef44fa8226786de50b5,data_ml,p_count,aiot,2,13 Feb 2026 11:45:56
698f10204fa8226786de50bc,data_ml,p_count,aiot,0,13 Feb 2026 11:50:56
698f114c4fa8226786de50c3,data_ml,p_count,aiot,1,13 Feb 2026 11:55:56
698f13a54fa8226786de50d0,data_ml,p_count,aiot,0,13 Feb 2026 12:5:57
698f14d14fa8226786de50d7,data_ml,p_count,aiot,0,13 Feb 2026 12:10:57
698f15fd4fa8226786de50de,data_ml,p_count,aiot,3,13 Feb 2026 12:15:57
698f17294fa8226786de50e5,data_ml,p_count,aiot,0,13 Feb 2026 12:20:57
698f18554fa8226786de50ec,data_ml,p_count,aiot,0,13 Feb 2026 12:25:57
698f19814fa8226786de50f3,data_ml,p_count,aiot,0,13 Feb 2026 12:30:57
698f1aad4fa8226786de50fa,data_ml,p_count,aiot,0,13 Feb 2026 12:35:57
698f1bd94fa8226786de5101,data_ml,p_count,aiot,0,13 Feb 2026 12:40:57
698f1d054fa8226786de5108,data_ml,p_count,aiot,5,13 Feb 2026 12:45:57
698f1e314fa8226786de510f,data_ml,p_count,aiot,0,13 Feb 2026 12:50:57
698f1f5d4fa8226786de5116,data_ml,p_count,aiot,0,13 Feb 2026 12:55:57
698f20894fa8226786de511d,data_ml,p_count,aiot,0,13 Feb 2026 13:0:57
698f21b54fa8226786de5124,data_ml,p_count,aiot,5,13 Feb 2026 13:5:57
698f22e14fa8226786de512b,data_ml,p_count,aiot,2,13 Feb 2026 13:10:57
698f240d4fa8226786de5132,data_ml,p_count,aiot,0,13 Feb 2026 13:15:57
698f25394fa8226786de5139,data_ml,p_count,aiot,0,13 Feb 2026 13:20:57
698f26654fa8226786de5140,data_ml,p_count,aiot,0,13 Feb 2026 13:25:57
698f27914fa8226786de5147,data_ml,p_count,aiot,0,13 Feb 2026 13:30:57
698f28bd4fa8226786de514e,data_ml,p_count,aiot,4,13 Feb 2026 13:35:57
698f29e94fa8226786de5155,data_ml,p_count,aiot,1,13 Feb 2026 13:40:57
698f2b154fa8226786de515c,data_ml,p_count,aiot,4,13 Feb 2026 13:45:57
698f2c414fa8226786de5163,data_ml,p_count,aiot,0,13 Feb 2026 13:50:57
698f2d6d4fa8226786de516a,data_ml,p_count,aiot,0,13 Feb 2026 13:55:57
698f2e994fa8226786de5171,data_ml,p_count,aiot,0,13 Feb 2026 14:0:57
698f2fc54fa8226786de5178,data_ml,p_count,aiot,0,13 Feb 2026 14:5:57
698f30f14fa8226786de517f,data_ml,p_count,aiot,1,13 Feb 2026 14:10:57
698f321d4fa8226786de5186,data_ml,p_count,aiot,4,13 Feb 2026 14:15:57
698f33494fa8226786de518d,data_ml,p_count,aiot,0,13 Feb 2026 14:20:57
698f34754fa8226786de5194,data_ml,p_count,aiot,0,13 Feb 2026 14:25:57
698f36cd4fa8226786de51a1,data_ml,p_count,aiot,0,13 Feb 2026 14:35:57
698f37fa4fa8226786de51a8,data_ml,p_count,aiot,0,13 Feb 2026 14:40:58
698f39254fa8226786de51af,data_ml,p_count,aiot,0,13 Feb 2026 14:45:57
698f3a514fa8226786de51b6,data_ml,p_count,aiot,0,13 Feb 2026 14:50:57
698f3b7e4fa8226786de51bd,data_ml,p_count,aiot,0,13 Feb 2026 14:55:58
698f3ca94fa8226786de51c4,data_ml,p_count,aiot,0,13 Feb 2026 15:0:57
698f3dd61eb103e21e461bec,data_ml,p_count,aiot,0,13 Feb 2026 15:5:58
698f3f021eb103e21e461bf3,data_ml,p_count,aiot,2,13 Feb 2026 15:10:58
698f402e1eb103e21e461bfa,data_ml,p_count,aiot,0,13 Feb 2026 15:15:58
698f41591eb103e21e461c01,data_ml,p_count,aiot,0,13 Feb 2026 15:20:57
698f42851eb103e21e461c08,data_ml,p_count,aiot,0,13 Feb 2026 15:25:57
698f43b21eb103e21e461c0f,data_ml,p_count,aiot,0,13 Feb 2026 15:30:58
698f44de1eb103e21e461c16,data_ml,p_count,aiot,2,13 Feb 2026 15:35:58
698f46091eb103e21e461c1d,data_ml,p_count,aiot,0,13 Feb 2026 15:40:57
698f47351eb103e21e461c24,data_ml,p_count,aiot,0,13 Feb 2026 15:45:57
698f4861d34324875bd7f945,data_ml,p_count,aiot,0,13 Feb 2026 15:50:57
698f498ed34324875bd7f94c,data_ml,p_count,aiot,0,13 Feb 2026 15:55:58
698f4ab9d34324875bd7f953,data_ml,p_count,aiot,0,13 Feb 2026 16:0:57
698f4be6d34324875bd7f95a,data_ml,p_count,aiot,0,13 Feb 2026 16:5:58
698f4d12d34324875bd7f961,data_ml,p_count,aiot,0,13 Feb 2026 16:10:58
698f4e3ed34324875bd7f968,data_ml,p_count,aiot,0,13 Feb 2026 16:15:58
698f4f6ad34324875bd7f96f,data_ml,p_count,aiot,0,13 Feb 2026 16:20:58
698f5096d34324875bd7f976,data_ml,p_count,aiot,0,13 Feb 2026 16:25:58
698f51c2d34324875bd7f97d,data_ml,p_count,aiot,0,13 Feb 2026 16:30:58
698f52eed34324875bd7f983,data_ml,p_count,aiot,0,13 Feb 2026 16:35:58
698f541ad34324875bd7f98a,data_ml,p_count,aiot,0,13 Feb 2026 16:40:58
698f5546d34324875bd7f991,data_ml,p_count,aiot,0,13 Feb 2026 16:45:58
698f5672d34324875bd7f998,data_ml,p_count,aiot,1,13 Feb 2026 16:50:58
698f579ed34324875bd7f99f,data_ml,p_count,aiot,1,13 Feb 2026 16:55:58
698f59f6d34324875bd7f9ac,data_ml,p_count,aiot,0,13 Feb 2026 17:5:58
698f5b22d34324875bd7f9b3,data_ml,p_count,aiot,0,13 Feb 2026 17:10:58
698f5c4ed34324875bd7f9ba,data_ml,p_count,aiot,0,13 Feb 2026 17:15:58
698f5d7ad34324875bd7f9c1,data_ml,p_count,aiot,0,13 Feb 2026 17:20:58
698f5ea6d34324875bd7f9c8,data_ml,p_count,aiot,0,13 Feb 2026 17:25:58
698f5fd2d34324875bd7f9cf,data_ml,p_count,aiot,0,13 Feb 2026 17:30:58
698f60fed34324875bd7f9d6,data_ml,p_count,aiot,0,13 Feb 2026 17:35:58
698f622ad34324875bd7f9dd,data_ml,p_count,aiot,0,13 Feb 2026 17:40:58
698f6356d34324875bd7f9e4,data_ml,p_count,aiot,0,13 Feb 2026 17:45:58
698f6482d34324875bd7f9eb,data_ml,p_count,aiot,0,13 Feb 2026 17:50:58
698f65aed34324875bd7f9f2,data_ml,p_count,aiot,0,13 Feb 2026 17:55:58
698f66dad34324875bd7f9f9,data_ml,p_count,aiot,0,13 Feb 2026 18:0:58
698f6806d34324875bd7fa00,data_ml,p_count,aiot,0,13 Feb 2026 18:5:58
698f6932d34324875bd7fa07,data_ml,p_count,aiot,0,13 Feb 2026 18:10:58
698f6a5ed34324875bd7fa0e,data_ml,p_count,aiot,0,13 Feb 2026 18:15:58
698f6b8ad34324875bd7fa15,data_ml,p_count,aiot,0,13 Feb 2026 18:20:58
698f6cb6d34324875bd7fa1c,data_ml,p_count,aiot,0,13 Feb 2026 18:25:58
698f6de2d34324875bd7fa23,data_ml,p_count,aiot,0,13 Feb 2026 18:30:58
698f6f0ed34324875bd7fa2a,data_ml,p_count,aiot,0,13 Feb 2026 18:35:58
698f703ad34324875bd7fa31,data_ml,p_count,aiot,0,13 Feb 2026 18:40:58
698f7166d34324875bd7fa38,data_ml,p_count,aiot,0,13 Feb 2026 18:45:58
698f7292d34324875bd7fa3f,data_ml,p_count,aiot,0,13 Feb 2026 18:50:58
698f73bed34324875bd7fa46,data_ml,p_count,aiot,0,13 Feb 2026 18:55:58
698f74ead34324875bd7fa4d,data_ml,p_count,aiot,0,13 Feb 2026 19:0:58
698f7616d34324875bd7fa54,data_ml,p_count,aiot,0,13 Feb 2026 19:5:58
698f7742d34324875bd7fa5b,data_ml,p_count,aiot,0,13 Feb 2026 19:10:58
698f786ed34324875bd7fa62,data_ml,p_count,aiot,0,13 Feb 2026 19:15:58
698f799ad34324875bd7fa69,data_ml,p_count,aiot,0,13 Feb 2026 19:20:58
698f7ac6d34324875bd7fa70,data_ml,p_count,aiot,0,13 Feb 2026 19:25:58
698f7d1fd34324875bd7fa7d,data_ml,p_count,aiot,0,13 Feb 2026 19:35:59
698f7e4bd34324875bd7fa84,data_ml,p_count,aiot,0,13 Feb 2026 19:40:59
698f7f77d34324875bd7fa8b,data_ml,p_count,aiot,0,13 Feb 2026 19:45:59
698f80a3d34324875bd7fa92,data_ml,p_count,aiot,0,13 Feb 2026 19:50:59
698f81cfd34324875bd7fa99,data_ml,p_count,aiot,0,13 Feb 2026 19:55:59
698f82fbd34324875bd7faa0,data_ml,p_count,aiot,0,13 Feb 2026 20:0:59
698f8427d34324875bd7faa7,data_ml,p_count,aiot,0,13 Feb 2026 20:5:59
698f8553d34324875bd7faae,data_ml,p_count,aiot,0,13 Feb 2026 20:10:59
698f867fd34324875bd7fab5,data_ml,p_count,aiot,0,13 Feb 2026 20:15:59
698f87abd34324875bd7fabc,data_ml,p_count,aiot,0,13 Feb 2026 20:20:59
698f88d7d34324875bd7fac3,data_ml,p_count,aiot,0,13 Feb 2026 20:25:59
698f8a03d34324875bd7faca,data_ml,p_count,aiot,0,13 Feb 2026 20:30:59
698f8b2fd34324875bd7fad1,data_ml,p_count,aiot,0,13 Feb 2026 20:35:59
698f8c5bd34324875bd7fad8,data_ml,p_count,aiot,0,13 Feb 2026 20:40:59
698f8d87d34324875bd7fadf,data_ml,p_count,aiot,0,13 Feb 2026 20:45:59
698f8eb3d34324875bd7fae6,data_ml,p_count,aiot,0,13 Feb 2026 20:50:59
698f8fdfd34324875bd7faed,data_ml,p_count,aiot,0,13 Feb 2026 20:55:59
698f910bd34324875bd7faf4,data_ml,p_count,aiot,0,13 Feb 2026 21:0:59
698f9237d34324875bd7fafb,data_ml,p_count,aiot,0,13 Feb 2026 21:5:59
698f9363d34324875bd7fb02,data_ml,p_count,aiot,0,13 Feb 2026 21:10:59
698f948fd34324875bd7fb09,data_ml,p_count,aiot,0,13 Feb 2026 21:15:59
698f95bbd34324875bd7fb10,data_ml,p_count,aiot,0,13 Feb 2026 21:20:59
698f96e7d34324875bd7fb17,data_ml,p_count,aiot,0,13 Feb 2026 21:25:59
698f9813d34324875bd7fb1e,data_ml,p_count,aiot,0,13 Feb 2026 21:30:59
698f993fd34324875bd7fb25,data_ml,p_count,aiot,0,13 Feb 2026 21:35:59
698f9a6bd34324875bd7fb2c,data_ml,p_count,aiot,0,13 Feb 2026 21:40:59
698f9b97d34324875bd7fb33,data_ml,p_count,aiot,0,13 Feb 2026 21:45:59
698f9cc3d34324875bd7fb3a,data_ml,p_count,aiot,0,13 Feb 2026 21:50:59
698f9defd34324875bd7fb41,data_ml,p_count,aiot,0,13 Feb 2026 21:55:59
698fa047d34324875bd7fb4e,data_ml,p_count,aiot,0,13 Feb 2026 22:5:59
698fa173d34324875bd7fb55,data_ml,p_count,aiot,0,13 Feb 2026 22:10:59
698fa2a0d34324875bd7fb5c,data_ml,p_count,aiot,0,13 Feb 2026 22:16:0
698fa3cbd34324875bd7fb63,data_ml,p_count,aiot,0,13 Feb 2026 22:20:59
698fa4f7d34324875bd7fb6a,data_ml,p_count,aiot,0,13 Feb 2026 22:25:59
698fa623d34324875bd7fb71,data_ml,p_count,aiot,0,13 Feb 2026 22:30:59
698fa74fd34324875bd7fb78,data_ml,p_count,aiot,0,13 Feb 2026 22:35:59
698fa87bd34324875bd7fb7f,data_ml,p_count,aiot,0,13 Feb 2026 22:40:59
698fa9a7d34324875bd7fb86,data_ml,p_count,aiot,0,13 Feb 2026 22:45:59
698faad3d34324875bd7fb8d,data_ml,p_count,aiot,0,13 Feb 2026 22:50:59
698fac00d34324875bd7fb94,data_ml,p_count,aiot,0,13 Feb 2026 22:56:0
698fad2bd34324875bd7fb9b,data_ml,p_count,aiot,0,13 Feb 2026 23:0:59
698fae57d34324875bd7fba2,data_ml,p_count,aiot,0,13 Feb 2026 23:5:59
698faf83d34324875bd7fba9,data_ml,p_count,aiot,0,13 Feb 2026 23:10:59
698fb0b0d34324875bd7fbb0,data_ml,p_count,aiot,0,13 Feb 2026 23:16:0
698fb1dbd34324875bd7fbb7,data_ml,p_count,aiot,0,13 Feb 2026 23:20:59
698fb308d34324875bd7fbbe,data_ml,p_count,aiot,0,13 Feb 2026 23:26:0
698fb433d34324875bd7fbc5,data_ml,p_count,aiot,0,13 Feb 2026 23:30:59
698fb55fd34324875bd7fbcc,data_ml,p_count,aiot,0,13 Feb 2026 23:35:59
698fb68cd34324875bd7fbd3,data_ml,p_count,aiot,0,13 Feb 2026 23:41:0
698fb7b8d34324875bd7fbda,data_ml,p_count,aiot,0,13 Feb 2026 23:46:0
698fb8e4d34324875bd7fbe1,data_ml,p_count,aiot,0,13 Feb 2026 23:51:0
698fba10d34324875bd7fbe8,data_ml,p_count,aiot,0,13 Feb 2026 23:56:0
698fbb3cd34324875bd7fbef,data_ml,p_count,aiot,0,14 Feb 2026 0:1:0
698fbc68d34324875bd7fbf6,data_ml,p_count,aiot,0,14 Feb 2026 0:6:0
698fbd94d34324875bd7fbfd,data_ml,p_count,aiot,0,14 Feb 2026 0:11:0
698fbec0d34324875bd7fc04,data_ml,p_count,aiot,0,14 Feb 2026 0:16:0
698fbfecd34324875bd7fc0b,data_ml,p_count,aiot,0,14 Feb 2026 0:21:0
698fc118d34324875bd7fc12,data_ml,p_count,aiot,0,14 Feb 2026 0:26:0
698fc370d34324875bd7fc1f,data_ml,p_count,aiot,0,14 Feb 2026 0:36:0
698fc49cd34324875bd7fc26,data_ml,p_count,aiot,0,14 Feb 2026 0:41:0
698fc5c8d34324875bd7fc2d,data_ml,p_count,aiot,0,14 Feb 2026 0:46:0
698fc6f4d34324875bd7fc34,data_ml,p_count,aiot,0,14 Feb 2026 0:51:0
698fc820d34324875bd7fc3b,data_ml,p_count,aiot,0,14 Feb 2026 0:56:0
698fc94cd34324875bd7fc42,data_ml,p_count,aiot,0,14 Feb 2026 1:1:0
698fca78d34324875bd7fc49,data_ml,p_count,aiot,0,14 Feb 2026 1:6:0
698fcba4d34324875bd7fc50,data_ml,p_count,aiot,0,14 Feb 2026 1:11:0
698fccd0d34324875bd7fc57,data_ml,p_count,aiot,0,14 Feb 2026 1:16:0
698fcdfcd34324875bd7fc5e,data_ml,p_count,aiot,0,14 Feb 2026 1:21:0
698fcf28d34324875bd7fc65,data_ml,p_count,aiot,0,14 Feb 2026 1:26:0
698fd054d34324875bd7fc6c,data_ml,p_count,aiot,0,14 Feb 2026 1:31:0
698fd180d34324875bd7fc73,data_ml,p_count,aiot,0,14 Feb 2026 1:36:0
698fd2acd34324875bd7fc7a,data_ml,p_count,aiot,0,14 Feb 2026 1:41:0
698fd3d8d34324875bd7fc81,data_ml,p_count,aiot,0,14 Feb 2026 1:46:0
698fd504d34324875bd7fc88,data_ml,p_count,aiot,0,14 Feb 2026 1:51:0
698fd630d34324875bd7fc8f,data_ml,p_count,aiot,0,14 Feb 2026 1:56:0
698fd75cd34324875bd7fc96,data_ml,p_count,aiot,0,14 Feb 2026 2:1:0
698fd888d34324875bd7fc9d,data_ml,p_count,aiot,0,14 Feb 2026 2:6:0
698fd9b4d34324875bd7fca4,data_ml,p_count,aiot,0,14 Feb 2026 2:11:0
698fdae0d34324875bd7fcab,data_ml,p_count,aiot,0,14 Feb 2026 2:16:0
698fdc0cd34324875bd7fcb2,data_ml,p_count,aiot,0,14 Feb 2026 2:21:0
698fdd38d34324875bd7fcb9,data_ml,p_count,aiot,0,14 Feb 2026 2:26:0
698fde64d34324875bd7fcc0,data_ml,p_count,aiot,0,14 Feb 2026 2:31:0
698fdf90d34324875bd7fcc7,data_ml,p_count,aiot,0,14 Feb 2026 2:36:0
698fe0bcd34324875bd7fcce,data_ml,p_count,aiot,0,14 Feb 2026 2:41:0
698fe1e8d34324875bd7fcd5,data_ml,p_count,aiot,0,14 Feb 2026 2:46:0
698fe314d34324875bd7fcdc,data_ml,p_count,aiot,0,14 Feb 2026 2:51:0
698fe440d34324875bd7fce3,data_ml,p_count,aiot,0,14 Feb 2026 2:56:0
698fe698d34324875bd7fcf0,data_ml,p_count,aiot,0,14 Feb 2026 3:6:0
698fe7c4d34324875bd7fcf7,data_ml,p_count,aiot,0,14 Feb 2026 3:11:0
698fe8f1d34324875bd7fcfe,data_ml,p_count,aiot,0,14 Feb 2026 3:16:1
698fea1dd34324875bd7fd05,data_ml,p_count,aiot,0,14 Feb 2026 3:21:1
698feb49d34324875bd7fd0c,data_ml,p_count,aiot,0,14 Feb 2026 3:26:1
698fec74d34324875bd7fd13,data_ml,p_count,aiot,0,14 Feb 2026 3:31:0
698feda1d34324875bd7fd1a,data_ml,p_count,aiot,0,14 Feb 2026 3:36:1
698feecdd34324875bd7fd21,data_ml,p_count,aiot,0,14 Feb 2026 3:41:1
698feff9d34324875bd7fd28,data_ml,p_count,aiot,0,14 Feb 2026 3:46:1
698ff125d34324875bd7fd2f,data_ml,p_count,aiot,0,14 Feb 2026 3:51:1
698ff251d34324875bd7fd36,data_ml,p_count,aiot,0,14 Feb 2026 3:56:1
698ff37dd34324875bd7fd3d,data_ml,p_count,aiot,0,14 Feb 2026 4:1:1
698ff4a9d34324875bd7fd44,data_ml,p_count,aiot,0,14 Feb 2026 4:6:1
698ff5d5d34324875bd7fd4b,data_ml,p_count,aiot,0,14 Feb 2026 4:11:1
698ff701d34324875bd7fd52,data_ml,p_count,aiot,0,14 Feb 2026 4:16:1
698ff82dd34324875bd7fd59,data_ml,p_count,aiot,0,14 Feb 2026 4:21:1
698ff959d34324875bd7fd60,data_ml,p_count,aiot,0,14 Feb 2026 4:26:1
698ffa85d34324875bd7fd67,data_ml,p_count,aiot,0,14 Feb 2026 4:31:1
698ffbb1d34324875bd7fd6e,data_ml,p_count,aiot,0,14 Feb 2026 4:36:1
698ffcddd34324875bd7fd75,data_ml,p_count,aiot,0,14 Feb 2026 4:41:1
698ffe09d34324875bd7fd7c,data_ml,p_count,aiot,0,14 Feb 2026 4:46:1
698fff35d34324875bd7fd83,data_ml,p_count,aiot,0,14 Feb 2026 4:51:1
69900061d34324875bd7fd8a,data_ml,p_count,aiot,0,14 Feb 2026 4:56:1
6990018dd34324875bd7fd91,data_ml,p_count,aiot,0,14 Feb 2026 5:1:1
699002b9d34324875bd7fd98,data_ml,p_count,aiot,0,14 Feb 2026 5:6:1
699003e5d34324875bd7fd9f,data_ml,p_count,aiot,0,14 Feb 2026 5:11:1
69900511d34324875bd7fda6,data_ml,p_count,aiot,0,14 Feb 2026 5:16:1
6990063dd34324875bd7fdad,data_ml,p_count,aiot,0,14 Feb 2026 5:21:1
69900769d34324875bd7fdb4,data_ml,p_count,aiot,0,14 Feb 2026 5:26:1
699009c1d34324875bd7fdc1,data_ml,p_count,aiot,0,14 Feb 2026 5:36:1
69900aedd34324875bd7fdc8,data_ml,p_count,aiot,0,14 Feb 2026 5:41:1
69900c19d34324875bd7fdcf,data_ml,p_count,aiot,0,14 Feb 2026 5:46:1
69900d45d34324875bd7fdd6,data_ml,p_count,aiot,0,14 Feb 2026 5:51:1
69900e71d34324875bd7fddd,data_ml,p_count,aiot,0,14 Feb 2026 5:56:1
69900f9dd34324875bd7fde4,data_ml,p_count,aiot,0,14 Feb 2026 6:1:1
699010c9d34324875bd7fdeb,data_ml,p_count,aiot,0,14 Feb 2026 6:6:1
699011f5d34324875bd7fdf2,data_ml,p_count,aiot,0,14 Feb 2026 6:11:1
69901321d34324875bd7fdf9,data_ml,p_count,aiot,0,14 Feb 2026 6:16:1
6990144dd34324875bd7fe00,data_ml,p_count,aiot,0,14 Feb 2026 6:21:1
69901579d34324875bd7fe07,data_ml,p_count,aiot,0,14 Feb 2026 6:26:1
699016a5d34324875bd7fe0e,data_ml,p_count,aiot,0,14 Feb 2026 6:31:1
699017d1d34324875bd7fe15,data_ml,p_count,aiot,0,14 Feb 2026 6:36:1
699018fdd34324875bd7fe1c,data_ml,p_count,aiot,0,14 Feb 2026 6:41:1
69901a29d34324875bd7fe23,data_ml,p_count,aiot,0,14 Feb 2026 6:46:1
69901b55d34324875bd7fe2a,data_ml,p_count,aiot,0,14 Feb 2026 6:51:1
69901c81d34324875bd7fe34,data_ml,p_count,aiot,0,14 Feb 2026 6:56:1
69901dadd34324875bd7fe40,data_ml,p_count,aiot,0,14 Feb 2026 7:1:1
69901ed9d34324875bd7fe51,data_ml,p_count,aiot,0,14 Feb 2026 7:6:1
69902005d34324875bd7fe62,data_ml,p_count,aiot,0,14 Feb 2026 7:11:1
69902131d34324875bd7fe73,data_ml,p_count,aiot,0,14 Feb 2026 7:16:1
6990225dd34324875bd7fe84,data_ml,p_count,aiot,0,14 Feb 2026 7:21:1
69902389d34324875bd7fe95,data_ml,p_count,aiot,0,14 Feb 2026 7:26:1
699024b5d34324875bd7fea6,data_ml,p_count,aiot,0,14 Feb 2026 7:31:1
699025e1d34324875bd7feb7,data_ml,p_count,aiot,0,14 Feb 2026 7:36:1
6990270dd34324875bd7fec8,data_ml,p_count,aiot,0,14 Feb 2026 7:41:1
69902839d34324875bd7fed9,data_ml,p_count,aiot,0,14 Feb 2026 7:46:1
69902965d34324875bd7feea,data_ml,p_count,aiot,0,14 Feb 2026 7:51:1
69902a91d34324875bd7fefb,data_ml,p_count,aiot,0,14 Feb 2026 7:56:1
69902cead34324875bd7ff1c,data_ml,p_count,aiot,0,14 Feb 2026 8:6:2
69902e16d34324875bd7ff2d,data_ml,p_count,aiot,0,14 Feb 2026 8:11:2
69902f42d34324875bd7ff3e,data_ml,p_count,aiot,0,14 Feb 2026 8:16:2
6990306ed34324875bd7ff4f,data_ml,p_count,aiot,0,14 Feb 2026 8:21:2
6990319ad34324875bd7ff60,data_ml,p_count,aiot,0,14 Feb 2026 8:26:2
699032c6d34324875bd7ff71,data_ml,p_count,aiot,0,14 Feb 2026 8:31:2
699033f2d34324875bd7ff82,data_ml,p_count,aiot,0,14 Feb 2026 8:36:2
6990351ed34324875bd7ff93,data_ml,p_count,aiot,0,14 Feb 2026 8:41:2
6990364ad34324875bd7ffa4,data_ml,p_count,aiot,0,14 Feb 2026 8:46:2
69903776d34324875bd7ffb5,data_ml,p_count,aiot,0,14 Feb 2026 8:51:2
699038a2d34324875bd7ffc6,data_ml,p_count,aiot,0,14 Feb 2026 8:56:2
699039ced34324875bd7ffd7,data_ml,p_count,aiot,0,14 Feb 2026 9:1:2
69903afad34324875bd7ffe8,data_ml,p_count,aiot,0,14 Feb 2026 9:6:2
69903c26d34324875bd7fff9,data_ml,p_count,aiot,0,14 Feb 2026 9:11:2
69903d52d34324875bd8000a,data_ml,p_count,aiot,0,14 Feb 2026 9:16:2
69903e7ed34324875bd8001b,data_ml,p_count,aiot,0,14 Feb 2026 9:21:2
69903faad34324875bd8002c,data_ml,p_count,aiot,0,14 Feb 2026 9:26:2
699040d6d34324875bd8003d,data_ml,p_count,aiot,0,14 Feb 2026 9:31:2
69904202d34324875bd8004e,data_ml,p_count,aiot,0,14 Feb 2026 9:36:2
6990432ed34324875bd8005f,data_ml,p_count,aiot,0,14 Feb 2026 9:41:2
6990445ad34324875bd80070,data_ml,p_count,aiot,0,14 Feb 2026 9:46:2
69904586d34324875bd80081,data_ml,p_count,aiot,0,14 Feb 2026 9:51:2
699046b2d34324875bd80092,data_ml,p_count,aiot,0,14 Feb 2026 9:56:2
699047ded34324875bd800a3,data_ml,p_count,aiot,0,14 Feb 2026 10:1:2
6990490ad34324875bd800b4,data_ml,p_count,aiot,0,14 Feb 2026 10:6:2
69904a36d34324875bd800c5,data_ml,p_count,aiot,0,14 Feb 2026 10:11:2
69904b62d34324875bd800d6,data_ml,p_count,aiot,0,14 Feb 2026 10:16:2
69904c8ed34324875bd800e7,data_ml,p_count,aiot,0,14 Feb 2026 10:21:2
69904dbad34324875bd800f8,data_ml,p_count,aiot,0,14 Feb 2026 10:26:2
69905012d34324875bd80119,data_ml,p_count,aiot,0,14 Feb 2026 10:36:2
6990513ed34324875bd8012a,data_ml,p_count,aiot,0,14 Feb 2026 10:41:2
6990526bd34324875bd8013b,data_ml,p_count,aiot,0,14 Feb 2026 10:46:3
69905397d34324875bd8014c,data_ml,p_count,aiot,0,14 Feb 2026 10:51:3
699054c3d34324875bd8015d,data_ml,p_count,aiot,0,14 Feb 2026 10:56:3
699055eed34324875bd8016e,data_ml,p_count,aiot,0,14 Feb 2026 11:1:2
6990571bd34324875bd8017f,data_ml,p_count,aiot,0,14 Feb 2026 11:6:3
69905847d34324875bd80190,data_ml,p_count,aiot,0,14 Feb 2026 11:11:3
69905973d34324875bd801a1,data_ml,p_count,aiot,0,14 Feb 2026 11:16:3
69905a9fd34324875bd801b2,data_ml,p_count,aiot,0,14 Feb 2026 11:21:3
69905bcbd34324875bd801c3,data_ml,p_count,aiot,0,14 Feb 2026 11:26:3
69905cf7d34324875bd801d4,data_ml,p_count,aiot,0,14 Feb 2026 11:31:3
69905e23d34324875bd801e5,data_ml,p_count,aiot,0,14 Feb 2026 11:36:3
69905f4fd34324875bd801f6,data_ml,p_count,aiot,0,14 Feb 2026 11:41:3
6990607bd34324875bd80207,data_ml,p_count,aiot,0,14 Feb 2026 11:46:3
699061a7d34324875bd80218,data_ml,p_count,aiot,0,14 Feb 2026 11:51:3
699062d3d34324875bd80229,data_ml,p_count,aiot,0,14 Feb 2026 11:56:3
699063ffd34324875bd8023a,data_ml,p_count,aiot,0,14 Feb 2026 12:1:3
6990652bd34324875bd8024b,data_ml,p_count,aiot,0,14 Feb 2026 12:6:3
69906657d34324875bd8025c,data_ml,p_count,aiot,0,14 Feb 2026 12:11:3
69906783d34324875bd8026d,data_ml,p_count,aiot,0,14 Feb 2026 12:16:3
699068afd34324875bd8027e,data_ml,p_count,aiot,0,14 Feb 2026 12:21:3
699069dbd34324875bd8028f,data_ml,p_count,aiot,0,14 Feb 2026 12:26:3
69906b07d34324875bd802a0,data_ml,p_count,aiot,0,14 Feb 2026 12:31:3
69906c33d34324875bd802b1,data_ml,p_count,aiot,0,14 Feb 2026 12:36:3
69906d5fd34324875bd802c2,data_ml,p_count,aiot,0,14 Feb 2026 12:41:3
69906e8bd34324875bd802d3,data_ml,p_count,aiot,0,14 Feb 2026 12:46:3
69906fb7d34324875bd802e4,data_ml,p_count,aiot,0,14 Feb 2026 12:51:3
699070e3d34324875bd802f5,data_ml,p_count,aiot,0,14 Feb 2026 12:56:3
6990733bd34324875bd80316,data_ml,p_count,aiot,0,14 Feb 2026 13:6:3
69907467d34324875bd80327,data_ml,p_count,aiot,0,14 Feb 2026 13:11:3
69907593d34324875bd80338,data_ml,p_count,aiot,0,14 Feb 2026 13:16:3
699076bfd34324875bd80349,data_ml,p_count,aiot,0,14 Feb 2026 13:21:3
699077ebd34324875bd8035a,data_ml,p_count,aiot,0,14 Feb 2026 13:26:3
69907917d34324875bd8036b,data_ml,p_count,aiot,0,14 Feb 2026 13:31:3
69907a43d34324875bd8037c,data_ml,p_count,aiot,0,14 Feb 2026 13:36:3
69907b6fd34324875bd8038d,data_ml,p_count,aiot,0,14 Feb 2026 13:41:3
69907c9bd34324875bd8039e,data_ml,p_count,aiot,0,14 Feb 2026 13:46:3
69907dc7d34324875bd803af,data_ml,p_count,aiot,0,14 Feb 2026 13:51:3
69907ef3d34324875bd803c0,data_ml,p_count,aiot,0,14 Feb 2026 13:56:3
6990801fd34324875bd803d1,data_ml,p_count,aiot,0,14 Feb 2026 14:1:3
6990814bd34324875bd803e2,data_ml,p_count,aiot,0,14 Feb 2026 14:6:3
69908277d34324875bd803f3,data_ml,p_count,aiot,0,14 Feb 2026 14:11:3
699083a3d34324875bd80404,data_ml,p_count,aiot,0,14 Feb 2026 14:16:3
699084cfd34324875bd80415,data_ml,p_count,aiot,0,14 Feb 2026 14:21:3
699085fbd34324875bd80426,data_ml,p_count,aiot,0,14 Feb 2026 14:26:3
69908727d34324875bd80437,data_ml,p_count,aiot,0,14 Feb 2026 14:31:3
69908853d34324875bd80448,data_ml,p_count,aiot,0,14 Feb 2026 14:36:3
6990897fd34324875bd80459,data_ml,p_count,aiot,0,14 Feb 2026 14:41:3
69908aabd34324875bd8046a,data_ml,p_count,aiot,0,14 Feb 2026 14:46:3
69908bd7d34324875bd8047b,data_ml,p_count,aiot,0,14 Feb 2026 14:51:3
69908d03d34324875bd8048c,data_ml,p_count,aiot,0,14 Feb 2026 14:56:3
69908e2fd34324875bd8049d,data_ml,p_count,aiot,0,14 Feb 2026 15:1:3
69908f5bd34324875bd804ae,data_ml,p_count,aiot,0,14 Feb 2026 15:6:3
69909087d34324875bd804bf,data_ml,p_count,aiot,0,14 Feb 2026 15:11:3
699091b4d34324875bd804d0,data_ml,p_count,aiot,0,14 Feb 2026 15:16:4
699092dfd34324875bd804e1,data_ml,p_count,aiot,0,14 Feb 2026 15:21:3
6990940bd34324875bd804f2,data_ml,p_count,aiot,0,14 Feb 2026 15:26:3
69909664d34324875bd80513,data_ml,p_count,aiot,0,14 Feb 2026 15:36:4
69909790d34324875bd80524,data_ml,p_count,aiot,0,14 Feb 2026 15:41:4
699098bcd34324875bd80535,data_ml,p_count,aiot,0,14 Feb 2026 15:46:4
699099e8d34324875bd80546,data_ml,p_count,aiot,0,14 Feb 2026 15:51:4
69909b14d34324875bd80557,data_ml,p_count,aiot,0,14 Feb 2026 15:56:4
69909c40d34324875bd80568,data_ml,p_count,aiot,0,14 Feb 2026 16:1:4
69909d6cd34324875bd80579,data_ml,p_count,aiot,0,14 Feb 2026 16:6:4
69909e98d34324875bd8058a,data_ml,p_count,aiot,0,14 Feb 2026 16:11:4
69909fc4d34324875bd8059b,data_ml,p_count,aiot,0,14 Feb 2026 16:16:4
6990a0f0556a07b4959b6142,data_ml,p_count,aiot,0,14 Feb 2026 16:21:4
6990a21c556a07b4959b6153,data_ml,p_count,aiot,0,14 Feb 2026 16:26:4
6990a348556a07b4959b6164,data_ml,p_count,aiot,0,14 Feb 2026 16:31:4
6990a474556a07b4959b6175,data_ml,p_count,aiot,0,14 Feb 2026 16:36:4
6990a5a0556a07b4959b6185,data_ml,p_count,aiot,0,14 Feb 2026 16:41:4
6990a6cc556a07b4959b6196,data_ml,p_count,aiot,0,14 Feb 2026 16:46:4
6990a7f8556a07b4959b61a7,data_ml,p_count,aiot,0,14 Feb 2026 16:51:4
6990a924556a07b4959b61b8,data_ml,p_count,aiot,0,14 Feb 2026 16:56:4
6990aa50556a07b4959b61c9,data_ml,p_count,aiot,0,14 Feb 2026 17:1:4
6990ab7c556a07b4959b61da,data_ml,p_count,aiot,0,14 Feb 2026 17:6:4
6990aca8556a07b4959b61eb,data_ml,p_count,aiot,0,14 Feb 2026 17:11:4
6990add4556a07b4959b61fc,data_ml,p_count,aiot,0,14 Feb 2026 17:16:4
6990af00556a07b4959b6209,data_ml,p_count,aiot,0,14 Feb 2026 17:21:4
6990b02c556a07b4959b6210,data_ml,p_count,aiot,0,14 Feb 2026 17:26:4
6990b158556a07b4959b6217,data_ml,p_count,aiot,0,14 Feb 2026 17:31:4
6990b284556a07b4959b621e,data_ml,p_count,aiot,0,14 Feb 2026 17:36:4
6990b3b0556a07b4959b6225,data_ml,p_count,aiot,0,14 Feb 2026 17:41:4
6990b4dc556a07b4959b622c,data_ml,p_count,aiot,0,14 Feb 2026 17:46:4
6990b608556a07b4959b6233,data_ml,p_count,aiot,0,14 Feb 2026 17:51:4
6990b734556a07b4959b623a,data_ml,p_count,aiot,0,14 Feb 2026 17:56:4
6990b98d556a07b4959b6247,data_ml,p_count,aiot,0,14 Feb 2026 18:6:5
6990bab9556a07b4959b624e,data_ml,p_count,aiot,0,14 Feb 2026 18:11:5
6990bbe4556a07b4959b6255,data_ml,p_count,aiot,0,14 Feb 2026 18:16:4
6990bd10556a07b4959b625c,data_ml,p_count,aiot,0,14 Feb 2026 18:21:4
6990be3d556a07b4959b6263,data_ml,p_count,aiot,0,14 Feb 2026 18:26:5
6990bf68556a07b4959b626a,data_ml,p_count,aiot,0,14 Feb 2026 18:31:4
6990c095556a07b4959b6271,data_ml,p_count,aiot,0,14 Feb 2026 18:36:5
6990c1c1556a07b4959b6278,data_ml,p_count,aiot,0,14 Feb 2026 18:41:5
6990c2ed556a07b4959b627f,data_ml,p_count,aiot,0,14 Feb 2026 18:46:5
6990c419556a07b4959b6286,data_ml,p_count,aiot,0,14 Feb 2026 18:51:5
6990c545556a07b4959b628d,data_ml,p_count,aiot,0,14 Feb 2026 18:56:5
6990c671556a07b4959b6294,data_ml,p_count,aiot,0,14 Feb 2026 19:1:5
6990c79d556a07b4959b629b,data_ml,p_count,aiot,0,14 Feb 2026 19:6:5
6990c8c9556a07b4959b62a2,data_ml,p_count,aiot,0,14 Feb 2026 19:11:5
6990c9f5556a07b4959b62a9,data_ml,p_count,aiot,0,14 Feb 2026 19:16:5
6990cb21556a07b4959b62b0,data_ml,p_count,aiot,0,14 Feb 2026 19:21:5
6990cc4d556a07b4959b62b7,data_ml,p_count,aiot,0,14 Feb 2026 19:26:5
6990cd79556a07b4959b62be,data_ml,p_count,aiot,0,14 Feb 2026 19:31:5
6990cea5556a07b4959b62c5,data_ml,p_count,aiot,0,14 Feb 2026 19:36:5
6990cfd1556a07b4959b62cc,data_ml,p_count,aiot,0,14 Feb 2026 19:41:5
6990d0fd556a07b4959b62d3,data_ml,p_count,aiot,0,14 Feb 2026 19:46:5
6990d229556a07b4959b62da,data_ml,p_count,aiot,0,14 Feb 2026 19:51:5
6990d355556a07b4959b62e1,data_ml,p_count,aiot,0,14 Feb 2026 19:56:5
6990d481556a07b4959b62e8,data_ml,p_count,aiot,0,14 Feb 2026 20:1:5
6990d5ad556a07b4959b62ef,data_ml,p_count,aiot,0,14 Feb 2026 20:6:5
6990d6d9556a07b4959b62f6,data_ml,p_count,aiot,0,14 Feb 2026 20:11:5
6990d805556a07b4959b62fd,data_ml,p_count,aiot,0,14 Feb 2026 20:16:5
6990d931556a07b4959b6304,data_ml,p_count,aiot,0,14 Feb 2026 20:21:5
6990da5d556a07b4959b630b,data_ml,p_count,aiot,0,14 Feb 2026 20:26:5
6990dcb5556a07b4959b6318,data_ml,p_count,aiot,0,14 Feb 2026 20:36:5
6990dde1556a07b4959b631f,data_ml,p_count,aiot,0,14 Feb 2026 20:41:5
6990df0d556a07b4959b6326,data_ml,p_count,aiot,0,14 Feb 2026 20:46:5
6990e039556a07b4959b632d,data_ml,p_count,aiot,0,14 Feb 2026 20:51:5
6990e165556a07b4959b6334,data_ml,p_count,aiot,0,14 Feb 2026 20:56:5
6990e291556a07b4959b633b,data_ml,p_count,aiot,0,14 Feb 2026 21:1:5
6990e3bd556a07b4959b6342,data_ml,p_count,aiot,0,14 Feb 2026 21:6:5
6990e4e9556a07b4959b6349,data_ml,p_count,aiot,0,14 Feb 2026 21:11:5
6990e615556a07b4959b6350,data_ml,p_count,aiot,0,14 Feb 2026 21:16:5
6990e741556a07b4959b6357,data_ml,p_count,aiot,0,14 Feb 2026 21:21:5
6990e86d556a07b4959b635e,data_ml,p_count,aiot,0,14 Feb 2026 21:26:5
6990e999556a07b4959b6365,data_ml,p_count,aiot,0,14 Feb 2026 21:31:5
6990eac5556a07b4959b636c,data_ml,p_count,aiot,0,14 Feb 2026 21:36:5
6990ebf1556a07b4959b6373,data_ml,p_count,aiot,0,14 Feb 2026 21:41:5
6990ed1d556a07b4959b637a,data_ml,p_count,aiot,0,14 Feb 2026 21:46:5
6990ee49556a07b4959b6381,data_ml,p_count,aiot,0,14 Feb 2026 21:51:5
6990ef75556a07b4959b6388,data_ml,p_count,aiot,0,14 Feb 2026 21:56:5
6990f0a1556a07b4959b638f,data_ml,p_count,aiot,0,14 Feb 2026 22:1:5
6990f1cd556a07b4959b6396,data_ml,p_count,aiot,0,14 Feb 2026 22:6:5
6990f2f9556a07b4959b639d,data_ml,p_count,aiot,0,14 Feb 2026 22:11:5
6990f425556a07b4959b63a4,data_ml,p_count,aiot,0,14 Feb 2026 22:16:5
6990f551556a07b4959b63ab,data_ml,p_count,aiot,0,14 Feb 2026 22:21:5
6990f67d556a07b4959b63b2,data_ml,p_count,aiot,0,14 Feb 2026 22:26:5
6990f7a9556a07b4959b63b9,data_ml,p_count,aiot,0,14 Feb 2026 22:31:5
6990f8d5556a07b4959b63c0,data_ml,p_count,aiot,0,14 Feb 2026 22:36:5
6990fa02556a07b4959b63c7,data_ml,p_count,aiot,0,14 Feb 2026 22:41:6
6990fb2d556a07b4959b63ce,data_ml,p_count,aiot,0,14 Feb 2026 22:46:5
6990fc59556a07b4959b63d5,data_ml,p_count,aiot,0,14 Feb 2026 22:51:5
6990fd85556a07b4959b63dc,data_ml,p_count,aiot,0,14 Feb 2026 22:56:5
6990ffde556a07b4959b63e9,data_ml,p_count,aiot,0,14 Feb 2026 23:6:6
6991010a556a07b4959b63f0,data_ml,p_count,aiot,0,14 Feb 2026 23:11:6
69910236556a07b4959b63f7,data_ml,p_count,aiot,0,14 Feb 2026 23:16:6
69910362556a07b4959b63fe,data_ml,p_count,aiot,0,14 Feb 2026 23:21:6
6991048e556a07b4959b6405,data_ml,p_count,aiot,0,14 Feb 2026 23:26:6
699105ba556a07b4959b640c,data_ml,p_count,aiot,0,14 Feb 2026 23:31:6
699106e6556a07b4959b6413,data_ml,p_count,aiot,0,14 Feb 2026 23:36:6
69910812556a07b4959b641a,data_ml,p_count,aiot,0,14 Feb 2026 23:41:6
6991093e556a07b4959b6421,data_ml,p_count,aiot,0,14 Feb 2026 23:46:6
69910a6a556a07b4959b6428,data_ml,p_count,aiot,0,14 Feb 2026 23:51:6
69910b96556a07b4959b642f,data_ml,p_count,aiot,0,14 Feb 2026 23:56:6
69910cc2556a07b4959b6436,data_ml,p_count,aiot,0,15 Feb 2026 0:1:6
69910dee556a07b4959b643d,data_ml,p_count,aiot,0,15 Feb 2026 0:6:6
69910f1a556a07b4959b6444,data_ml,p_count,aiot,0,15 Feb 2026 0:11:6
69911046556a07b4959b644b,data_ml,p_count,aiot,0,15 Feb 2026 0:16:6
69911172556a07b4959b6452,data_ml,p_count,aiot,0,15 Feb 2026 0:21:6
6991129e556a07b4959b6459,data_ml,p_count,aiot,0,15 Feb 2026 0:26:6
699113ca556a07b4959b6460,data_ml,p_count,aiot,0,15 Feb 2026 0:31:6
699114f6556a07b4959b6467,data_ml,p_count,aiot,0,15 Feb 2026 0:36:6
69911622556a07b4959b646e,data_ml,p_count,aiot,0,15 Feb 2026 0:41:6
6991174e556a07b4959b6475,data_ml,p_count,aiot,0,15 Feb 2026 0:46:6
6991187a556a07b4959b647c,data_ml,p_count,aiot,0,15 Feb 2026 0:51:6
699119a6556a07b4959b6483,data_ml,p_count,aiot,0,15 Feb 2026 0:56:6
69911ad2556a07b4959b648a,data_ml,p_count,aiot,0,15 Feb 2026 1:1:6
69911bfe556a07b4959b6491,data_ml,p_count,aiot,0,15 Feb 2026 1:6:6
69911d2a556a07b4959b6498,data_ml,p_count,aiot,0,15 Feb 2026 1:11:6
69911e56556a07b4959b649f,data_ml,p_count,aiot,0,15 Feb 2026 1:16:6
69911f82556a07b4959b64a6,data_ml,p_count,aiot,0,15 Feb 2026 1:21:6
699120ae556a07b4959b64ad,data_ml,p_count,aiot,0,15 Feb 2026 1:26:6
69912306556a07b4959b64ba,data_ml,p_count,aiot,0,15 Feb 2026 1:36:6
69912432556a07b4959b64c1,data_ml,p_count,aiot,0,15 Feb 2026 1:41:6
6991255e556a07b4959b64c8,data_ml,p_count,aiot,0,15 Feb 2026 1:46:6
6991268a556a07b4959b64cf,data_ml,p_count,aiot,0,15 Feb 2026 1:51:6
699127b6556a07b4959b64d6,data_ml,p_count,aiot,0,15 Feb 2026 1:56:6
699128e3556a07b4959b64dd,data_ml,p_count,aiot,0,15 Feb 2026 2:1:7
69912a0e556a07b4959b64e4,data_ml,p_count,aiot,0,15 Feb 2026 2:6:6
69912b3a556a07b4959b64eb,data_ml,p_count,aiot,0,15 Feb 2026 2:11:6
69912c67556a07b4959b64f2,data_ml,p_count,aiot,0,15 Feb 2026 2:16:7
69912d92556a07b4959b64f9,data_ml,p_count,aiot,0,15 Feb 2026 2:21:6
69912ebe556a07b4959b6500,data_ml,p_count,aiot,0,15 Feb 2026 2:26:6
69912feb556a07b4959b6507,data_ml,p_count,aiot,0,15 Feb 2026 2:31:7
69913117556a07b4959b650e,data_ml,p_count,aiot,0,15 Feb 2026 2:36:7
69913243556a07b4959b6515,data_ml,p_count,aiot,0,15 Feb 2026 2:41:7
6991336f556a07b4959b651c,data_ml,p_count,aiot,0,15 Feb 2026 2:46:7
6991349b556a07b4959b6523,data_ml,p_count,aiot,0,15 Feb 2026 2:51:7
699135c7556a07b4959b652a,data_ml,p_count,aiot,0,15 Feb 2026 2:56:7
699136f3556a07b4959b6531,data_ml,p_count,aiot,0,15 Feb 2026 3:1:7
6991381f556a07b4959b6538,data_ml,p_count,aiot,0,15 Feb 2026 3:6:7
6991394b556a07b4959b653f,data_ml,p_count,aiot,0,15 Feb 2026 3:11:7
69913a77556a07b4959b6546,data_ml,p_count,aiot,0,15 Feb 2026 3:16:7
69913ba3556a07b4959b654d,data_ml,p_count,aiot,0,15 Feb 2026 3:21:7
69913ccf556a07b4959b6554,data_ml,p_count,aiot,0,15 Feb 2026 3:26:7
69913dfb556a07b4959b655b,data_ml,p_count,aiot,0,15 Feb 2026 3:31:7
69913f27556a07b4959b6562,data_ml,p_count,aiot,0,15 Feb 2026 3:36:7
69914053556a07b4959b6569,data_ml,p_count,aiot,0,15 Feb 2026 3:41:7
6991417f556a07b4959b6570,data_ml,p_count,aiot,0,15 Feb 2026 3:46:7
699142ab556a07b4959b6577,data_ml,p_count,aiot,0,15 Feb 2026 3:51:7
699143d7556a07b4959b657e,data_ml,p_count,aiot,0,15 Feb 2026 3:56:7
6991462f556a07b4959b658b,data_ml,p_count,aiot,0,15 Feb 2026 4:6:7
6991475b556a07b4959b6592,data_ml,p_count,aiot,0,15 Feb 2026 4:11:7
69914887556a07b4959b6599,data_ml,p_count,aiot,0,15 Feb 2026 4:16:7
699149b3556a07b4959b65a0,data_ml,p_count,aiot,0,15 Feb 2026 4:21:7
69914adf556a07b4959b65a7,data_ml,p_count,aiot,0,15 Feb 2026 4:26:7
69914c0b556a07b4959b65ae,data_ml,p_count,aiot,0,15 Feb 2026 4:31:7
69914d37556a07b4959b65b5,data_ml,p_count,aiot,0,15 Feb 2026 4:36:7
69914e63556a07b4959b65bc,data_ml,p_count,aiot,0,15 Feb 2026 4:41:7
69914f8f556a07b4959b65c3,data_ml,p_count,aiot,0,15 Feb 2026 4:46:7
699150bb556a07b4959b65ca,data_ml,p_count,aiot,0,15 Feb 2026 4:51:7
699151e7556a07b4959b65d1,data_ml,p_count,aiot,0,15 Feb 2026 4:56:7
69915313556a07b4959b65d8,data_ml,p_count,aiot,0,15 Feb 2026 5:1:7
6991543f556a07b4959b65df,data_ml,p_count,aiot,0,15 Feb 2026 5:6:7
6991556b556a07b4959b65e6,data_ml,p_count,aiot,0,15 Feb 2026 5:11:7
69915697556a07b4959b65ed,data_ml,p_count,aiot,0,15 Feb 2026 5:16:7
699157c3556a07b4959b65f4,data_ml,p_count,aiot,0,15 Feb 2026 5:21:7
699158ef556a07b4959b65fb,data_ml,p_count,aiot,0,15 Feb 2026 5:26:7
69915a1b556a07b4959b6602,data_ml,p_count,aiot,0,15 Feb 2026 5:31:7
69915b47556a07b4959b6609,data_ml,p_count,aiot,0,15 Feb 2026 5:36:7
69915c73556a07b4959b6610,data_ml,p_count,aiot,0,15 Feb 2026 5:41:7
69915d9f556a07b4959b6617,data_ml,p_count,aiot,0,15 Feb 2026 5:46:7
69915ecb556a07b4959b661e,data_ml,p_count,aiot,0,15 Feb 2026 5:51:7
69915ff7556a07b4959b6625,data_ml,p_count,aiot,0,15 Feb 2026 5:56:7
69916123556a07b4959b662c,data_ml,p_count,aiot,0,15 Feb 2026 6:1:7
6991624f556a07b4959b6633,data_ml,p_count,aiot,0,15 Feb 2026 6:6:7
6991637b556a07b4959b663a,data_ml,p_count,aiot,0,15 Feb 2026 6:11:7
699164a7556a07b4959b6641,data_ml,p_count,aiot,0,15 Feb 2026 6:16:7
699165d3556a07b4959b6648,data_ml,p_count,aiot,0,15 Feb 2026 6:21:7
699166ff556a07b4959b664f,data_ml,p_count,aiot,0,15 Feb 2026 6:26:7
69916958556a07b4959b665c,data_ml,p_count,aiot,0,15 Feb 2026 6:36:8
69916a84556a07b4959b6663,data_ml,p_count,aiot,0,15 Feb 2026 6:41:8
69916bb0556a07b4959b666a,data_ml,p_count,aiot,0,15 Feb 2026 6:46:8
69916cdc556a07b4959b6671,data_ml,p_count,aiot,0,15 Feb 2026 6:51:8
69916e08556a07b4959b6678,data_ml,p_count,aiot,0,15 Feb 2026 6:56:8
69916f34556a07b4959b667f,data_ml,p_count,aiot,0,15 Feb 2026 7:1:8
69917060556a07b4959b6686,data_ml,p_count,aiot,0,15 Feb 2026 7:6:8
6991718c556a07b4959b668d,data_ml,p_count,aiot,0,15 Feb 2026 7:11:8
699172b8556a07b4959b6694,data_ml,p_count,aiot,0,15 Feb 2026 7:16:8
699173e4556a07b4959b669b,data_ml,p_count,aiot,0,15 Feb 2026 7:21:8
69917510556a07b4959b66a2,data_ml,p_count,aiot,0,15 Feb 2026 7:26:8
6991763c556a07b4959b66a9,data_ml,p_count,aiot,0,15 Feb 2026 7:31:8
69917768556a07b4959b66b0,data_ml,p_count,aiot,0,15 Feb 2026 7:36:8
69917894556a07b4959b66b7,data_ml,p_count,aiot,0,15 Feb 2026 7:41:8
699179c0556a07b4959b66be,data_ml,p_count,aiot,0,15 Feb 2026 7:46:8
69917aec556a07b4959b66c5,data_ml,p_count,aiot,0,15 Feb 2026 7:51:8
69917c18556a07b4959b66cc,data_ml,p_count,aiot,0,15 Feb 2026 7:56:8
69917d44556a07b4959b66d3,data_ml,p_count,aiot,0,15 Feb 2026 8:1:8
69917e70556a07b4959b66da,data_ml,p_count,aiot,0,15 Feb 2026 8:6:8
69917f9c556a07b4959b66e1,data_ml,p_count,aiot,0,15 Feb 2026 8:11:8
699180c8556a07b4959b66e8,data_ml,p_count,aiot,0,15 Feb 2026 8:16:8
699181f4556a07b4959b66ef,data_ml,p_count,aiot,0,15 Feb 2026 8:21:8
69918320556a07b4959b66f6,data_ml,p_count,aiot,0,15 Feb 2026 8:26:8
6991844c556a07b4959b66fd,data_ml,p_count,aiot,0,15 Feb 2026 8:31:8
69918578556a07b4959b6704,data_ml,p_count,aiot,0,15 Feb 2026 8:36:8
699186a4556a07b4959b670b,data_ml,p_count,aiot,0,15 Feb 2026 8:41:8
699187d0556a07b4959b6712,data_ml,p_count,aiot,0,15 Feb 2026 8:46:8
699188fc556a07b4959b6719,data_ml,p_count,aiot,0,15 Feb 2026 8:51:8
69918a28556a07b4959b6720,data_ml,p_count,aiot,0,15 Feb 2026 8:56:8
69918c80556a07b4959b672d,data_ml,p_count,aiot,0,15 Feb 2026 9:6:8
69918dac556a07b4959b6734,data_ml,p_count,aiot,0,15 Feb 2026 9:11:8
69918ed8556a07b4959b673b,data_ml,p_count,aiot,0,15 Feb 2026 9:16:8
69919004556a07b4959b6742,data_ml,p_count,aiot,0,15 Feb 2026 9:21:8
69919130556a07b4959b6749,data_ml,p_count,aiot,0,15 Feb 2026 9:26:8
6991925c556a07b4959b6750,data_ml,p_count,aiot,0,15 Feb 2026 9:31:8
69919389556a07b4959b6757,data_ml,p_count,aiot,0,15 Feb 2026 9:36:9
699194b4556a07b4959b675e,data_ml,p_count,aiot,0,15 Feb 2026 9:41:8
699195e0556a07b4959b6765,data_ml,p_count,aiot,0,15 Feb 2026 9:46:8
6991970c556a07b4959b676c,data_ml,p_count,aiot,0,15 Feb 2026 9:51:8
69919838556a07b4959b6773,data_ml,p_count,aiot,0,15 Feb 2026 9:56:8
69919964556a07b4959b677a,data_ml,p_count,aiot,0,15 Feb 2026 10:1:8
69919a90556a07b4959b6781,data_ml,p_count,aiot,0,15 Feb 2026 10:6:8
69919bbd556a07b4959b6788,data_ml,p_count,aiot,0,15 Feb 2026 10:11:9
69919ce9556a07b4959b678f,data_ml,p_count,aiot,0,15 Feb 2026 10:16:9
69919e14556a07b4959b6796,data_ml,p_count,aiot,0,15 Feb 2026 10:21:8
69919f41556a07b4959b679d,data_ml,p_count,aiot,0,15 Feb 2026 10:26:9
6991a06d556a07b4959b67a4,data_ml,p_count,aiot,0,15 Feb 2026 10:31:9
6991a199556a07b4959b67ab,data_ml,p_count,aiot,0,15 Feb 2026 10:36:9
6991a2c5556a07b4959b67b2,data_ml,p_count,aiot,0,15 Feb 2026 10:41:9
6991a3f1556a07b4959b67b9,data_ml,p_count,aiot,0,15 Feb 2026 10:46:9
6991a51d556a07b4959b67c0,data_ml,p_count,aiot,0,15 Feb 2026 10:51:9
6991a649556a07b4959b67c7,data_ml,p_count,aiot,0,15 Feb 2026 10:56:9
6991a775556a07b4959b67ce,data_ml,p_count,aiot,0,15 Feb 2026 11:1:9
6991a8a1556a07b4959b67d5,data_ml,p_count,aiot,0,15 Feb 2026 11:6:9
6991a9cd556a07b4959b67dc,data_ml,p_count,aiot,0,15 Feb 2026 11:11:9
6991aaf9556a07b4959b67e3,data_ml,p_count,aiot,0,15 Feb 2026 11:16:9
6991ac25556a07b4959b67ea,data_ml,p_count,aiot,0,15 Feb 2026 11:21:9
6991ad51556a07b4959b67f1,data_ml,p_count,aiot,0,15 Feb 2026 11:26:9
6991afa9556a07b4959b67fe,data_ml,p_count,aiot,0,15 Feb 2026 11:36:9
6991b0d5556a07b4959b6805,data_ml,p_count,aiot,0,15 Feb 2026 11:41:9
6991b201556a07b4959b680c,data_ml,p_count,aiot,0,15 Feb 2026 11:46:9
6991b32d556a07b4959b6813,data_ml,p_count,aiot,0,15 Feb 2026 11:51:9
6991b459556a07b4959b681a,data_ml,p_count,aiot,0,15 Feb 2026 11:56:9
6991b585556a07b4959b6821,data_ml,p_count,aiot,0,15 Feb 2026 12:1:9
6991b6b1556a07b4959b6828,data_ml,p_count,aiot,0,15 Feb 2026 12:6:9
6991b7dd556a07b4959b682f,data_ml,p_count,aiot,0,15 Feb 2026 12:11:9
6991b909556a07b4959b6836,data_ml,p_count,aiot,0,15 Feb 2026 12:16:9
6991ba35556a07b4959b683d,data_ml,p_count,aiot,0,15 Feb 2026 12:21:9
6991bb61556a07b4959b6844,data_ml,p_count,aiot,0,15 Feb 2026 12:26:9
6991bc8d556a07b4959b684b,data_ml,p_count,aiot,0,15 Feb 2026 12:31:9
6991bdb9556a07b4959b6852,data_ml,p_count,aiot,0,15 Feb 2026 12:36:9
6991bee5556a07b4959b6859,data_ml,p_count,aiot,0,15 Feb 2026 12:41:9
6991c011556a07b4959b6860,data_ml,p_count,aiot,0,15 Feb 2026 12:46:9
6991c13d556a07b4959b6867,data_ml,p_count,aiot,0,15 Feb 2026 12:51:9
6991c269556a07b4959b686e,data_ml,p_count,aiot,0,15 Feb 2026 12:56:9
6991c395556a07b4959b6875,data_ml,p_count,aiot,0,15 Feb 2026 13:1:9
6991c4c1556a07b4959b687c,data_ml,p_count,aiot,0,15 Feb 2026 13:6:9
6991c5ed556a07b4959b6883,data_ml,p_count,aiot,0,15 Feb 2026 13:11:9
6991c719556a07b4959b688a,data_ml,p_count,aiot,0,15 Feb 2026 13:16:9
6991c845556a07b4959b6891,data_ml,p_count,aiot,0,15 Feb 2026 13:21:9
6991c971556a07b4959b6898,data_ml,p_count,aiot,0,15 Feb 2026 13:26:9
6991ca9d556a07b4959b689f,data_ml,p_count,aiot,0,15 Feb 2026 13:31:9
6991cbc9556a07b4959b68a6,data_ml,p_count,aiot,0,15 Feb 2026 13:36:9
6991ccf5556a07b4959b68ad,data_ml,p_count,aiot,0,15 Feb 2026 13:41:9
6991ce21556a07b4959b68b4,data_ml,p_count,aiot,0,15 Feb 2026 13:46:9
6991cf4d556a07b4959b68bb,data_ml,p_count,aiot,0,15 Feb 2026 13:51:9
6991d079556a07b4959b68c2,data_ml,p_count,aiot,0,15 Feb 2026 13:56:9
6991d2d2556a07b4959b68cf,data_ml,p_count,aiot,0,15 Feb 2026 14:6:10
6991d3fe556a07b4959b68d6,data_ml,p_count,aiot,0,15 Feb 2026 14:11:10
6991d52a556a07b4959b68dd,data_ml,p_count,aiot,0,15 Feb 2026 14:16:10
6991d656556a07b4959b68e4,data_ml,p_count,aiot,0,15 Feb 2026 14:21:10
6991d782556a07b4959b68eb,data_ml,p_count,aiot,0,15 Feb 2026 14:26:10
6991d8ae556a07b4959b68f2,data_ml,p_count,aiot,0,15 Feb 2026 14:31:10
6991d9da556a07b4959b68f9,data_ml,p_count,aiot,0,15 Feb 2026 14:36:10
6991db06556a07b4959b6900,data_ml,p_count,aiot,0,15 Feb 2026 14:41:10
6991dc32556a07b4959b6907,data_ml,p_count,aiot,0,15 Feb 2026 14:46:10
6991dd5e556a07b4959b690e,data_ml,p_count,aiot,0,15 Feb 2026 14:51:10
6991de8a556a07b4959b6915,data_ml,p_count,aiot,0,15 Feb 2026 14:56:10
6991dfb6556a07b4959b691c,data_ml,p_count,aiot,0,15 Feb 2026 15:1:10
6991e0e2556a07b4959b6923,data_ml,p_count,aiot,0,15 Feb 2026 15:6:10
6991e20e556a07b4959b692a,data_ml,p_count,aiot,0,15 Feb 2026 15:11:10
6991e33a556a07b4959b6931,data_ml,p_count,aiot,0,15 Feb 2026 15:16:10
6991e466556a07b4959b6938,data_ml,p_count,aiot,0,15 Feb 2026 15:21:10
6991e592556a07b4959b693f,data_ml,p_count,aiot,0,15 Feb 2026 15:26:10
6991e6be556a07b4959b6946,data_ml,p_count,aiot,0,15 Feb 2026 15:31:10
6991e7ea556a07b4959b694d,data_ml,p_count,aiot,0,15 Feb 2026 15:36:10
6991e916556a07b4959b6954,data_ml,p_count,aiot,0,15 Feb 2026 15:41:10
6991ea42556a07b4959b695b,data_ml,p_count,aiot,0,15 Feb 2026 15:46:10
6991eb6e556a07b4959b6962,data_ml,p_count,aiot,0,15 Feb 2026 15:51:10
6991ec9a556a07b4959b6969,data_ml,p_count,aiot,0,15 Feb 2026 15:56:10
6991edc7556a07b4959b6970,data_ml,p_count,aiot,0,15 Feb 2026 16:1:11
6991eef3556a07b4959b6977,data_ml,p_count,aiot,0,15 Feb 2026 16:6:11
6991f01f556a07b4959b697e,data_ml,p_count,aiot,0,15 Feb 2026 16:11:11
6991f14b556a07b4959b6985,data_ml,p_count,aiot,0,15 Feb 2026 16:16:11
6991f277556a07b4959b698c,data_ml,p_count,aiot,0,15 Feb 2026 16:21:11
6991f3a3556a07b4959b6993,data_ml,p_count,aiot,0,15 Feb 2026 16:26:11
6991f5fc556a07b4959b69a0,data_ml,p_count,aiot,0,15 Feb 2026 16:36:12
6991f72851a052ad9bf70c80,data_ml,p_count,aiot,0,15 Feb 2026 16:41:12
6991f85451a052ad9bf70c87,data_ml,p_count,aiot,0,15 Feb 2026 16:46:12
6991f98051a052ad9bf70c8e,data_ml,p_count,aiot,0,15 Feb 2026 16:51:12
6991faac51a052ad9bf70c95,data_ml,p_count,aiot,0,15 Feb 2026 16:56:12
6991fbd851a052ad9bf70c9c,data_ml,p_count,aiot,0,15 Feb 2026 17:1:12
6991fd0451a052ad9bf70ca3,data_ml,p_count,aiot,0,15 Feb 2026 17:6:12
6991fe3051a052ad9bf70caa,data_ml,p_count,aiot,0,15 Feb 2026 17:11:12
6991ff5c51a052ad9bf70cb1,data_ml,p_count,aiot,0,15 Feb 2026 17:16:12
6992008851a052ad9bf70cb8,data_ml,p_count,aiot,0,15 Feb 2026 17:21:12
699201b451a052ad9bf70cbf,data_ml,p_count,aiot,0,15 Feb 2026 17:26:12
699202e051a052ad9bf70cc6,data_ml,p_count,aiot,0,15 Feb 2026 17:31:12
6992040c51a052ad9bf70ccd,data_ml,p_count,aiot,0,15 Feb 2026 17:36:12
6992053851a052ad9bf70cd4,data_ml,p_count,aiot,0,15 Feb 2026 17:41:12
6992066451a052ad9bf70cdb,data_ml,p_count,aiot,0,15 Feb 2026 17:46:12
6992079051a052ad9bf70ce2,data_ml,p_count,aiot,0,15 Feb 2026 17:51:12
699208bc51a052ad9bf70ce8,data_ml,p_count,aiot,0,15 Feb 2026 17:56:12
699209e851a052ad9bf70cef,data_ml,p_count,aiot,0,15 Feb 2026 18:1:12
69920b1451a052ad9bf70cf6,data_ml,p_count,aiot,0,15 Feb 2026 18:6:12
69920c4051a052ad9bf70cfd,data_ml,p_count,aiot,0,15 Feb 2026 18:11:12
69920d6c51a052ad9bf70d04,data_ml,p_count,aiot,0,15 Feb 2026 18:16:12
69920e9851a052ad9bf70d0b,data_ml,p_count,aiot,0,15 Feb 2026 18:21:12
69920fc451a052ad9bf70d12,data_ml,p_count,aiot,0,15 Feb 2026 18:26:12
699210f051a052ad9bf70d19,data_ml,p_count,aiot,0,15 Feb 2026 18:31:12
6992121c51a052ad9bf70d20,data_ml,p_count,aiot,0,15 Feb 2026 18:36:12
6992134851a052ad9bf70d27,data_ml,p_count,aiot,0,15 Feb 2026 18:41:12
6992147451a052ad9bf70d2e,data_ml,p_count,aiot,0,15 Feb 2026 18:46:12
699215a051a052ad9bf70d35,data_ml,p_count,aiot,0,15 Feb 2026 18:51:12
699216cc51a052ad9bf70d3c,data_ml,p_count,aiot,0,15 Feb 2026 18:56:12
6992192551a052ad9bf70d49,data_ml,p_count,aiot,0,15 Feb 2026 19:6:13
69921a5151a052ad9bf70d50,data_ml,p_count,aiot,0,15 Feb 2026 19:11:13
69921b7d51a052ad9bf70d57,data_ml,p_count,aiot,0,15 Feb 2026 19:16:13
69921ca951a052ad9bf70d5e,data_ml,p_count,aiot,0,15 Feb 2026 19:21:13
69921dd551a052ad9bf70d65,data_ml,p_count,aiot,0,15 Feb 2026 19:26:13
69921f0151a052ad9bf70d6c,data_ml,p_count,aiot,0,15 Feb 2026 19:31:13
6992202d51a052ad9bf70d73,data_ml,p_count,aiot,0,15 Feb 2026 19:36:13
6992215951a052ad9bf70d7a,data_ml,p_count,aiot,0,15 Feb 2026 19:41:13
6992228551a052ad9bf70d81,data_ml,p_count,aiot,0,15 Feb 2026 19:46:13
699223b151a052ad9bf70d88,data_ml,p_count,aiot,0,15 Feb 2026 19:51:13
699224e32c8ac4c51d1d73b3,data_ml,p_count,aiot,0,15 Feb 2026 21:56:19
699224dd51a052ad9bf70d8f,data_ml,p_count,aiot,0,15 Feb 2026 19:56:13
6992260951a052ad9bf70d96,data_ml,p_count,aiot,0,15 Feb 2026 20:1:13
6992273551a052ad9bf70d9d,data_ml,p_count,aiot,0,15 Feb 2026 20:6:13
6992286151a052ad9bf70da4,data_ml,p_count,aiot,0,15 Feb 2026 20:11:13
6992298d51a052ad9bf70dab,data_ml,p_count,aiot,0,15 Feb 2026 20:16:13
69922ab951a052ad9bf70db2,data_ml,p_count,aiot,0,15 Feb 2026 20:21:13
69922be551a052ad9bf70db9,data_ml,p_count,aiot,0,15 Feb 2026 20:26:13
69922d1151a052ad9bf70dc0,data_ml,p_count,aiot,0,15 Feb 2026 20:31:13
69922e3d51a052ad9bf70dc7,data_ml,p_count,aiot,0,15 Feb 2026 20:36:13
69922f6951a052ad9bf70dce,data_ml,p_count,aiot,0,15 Feb 2026 20:41:13
6992309551a052ad9bf70dd5,data_ml,p_count,aiot,0,15 Feb 2026 20:46:13
699231c151a052ad9bf70ddc,data_ml,p_count,aiot,0,15 Feb 2026 20:51:13
699232ed51a052ad9bf70de3,data_ml,p_count,aiot,0,15 Feb 2026 20:56:13
6992341951a052ad9bf70dea,data_ml,p_count,aiot,0,15 Feb 2026 21:1:13
6992354551a052ad9bf70df1,data_ml,p_count,aiot,0,15 Feb 2026 21:6:13
6992367151a052ad9bf70df8,data_ml,p_count,aiot,0,15 Feb 2026 21:11:13
6992379d51a052ad9bf70dff,data_ml,p_count,aiot,0,15 Feb 2026 21:16:13
699238c951a052ad9bf70e06,data_ml,p_count,aiot,0,15 Feb 2026 21:21:13
699239f551a052ad9bf70e0d,data_ml,p_count,aiot,0,15 Feb 2026 21:26:13
69923c4d51a052ad9bf70e1a,data_ml,p_count,aiot,0,15 Feb 2026 21:36:13
69923d7951a052ad9bf70e21,data_ml,p_count,aiot,0,15 Feb 2026 21:41:13
69923ea551a052ad9bf70e28,data_ml,p_count,aiot,0,15 Feb 2026 21:46:13
69923fd151a052ad9bf70e2f,data_ml,p_count,aiot,0,15 Feb 2026 21:51:13
699240fd51a052ad9bf70e36,data_ml,p_count,aiot,0,15 Feb 2026 21:56:13
6992422951a052ad9bf70e3d,data_ml,p_count,aiot,0,15 Feb 2026 22:1:13
6992435551a052ad9bf70e44,data_ml,p_count,aiot,0,15 Feb 2026 22:6:13
6992448151a052ad9bf70e4b,data_ml,p_count,aiot,0,15 Feb 2026 22:11:13
699245ad51a052ad9bf70e52,data_ml,p_count,aiot,0,15 Feb 2026 22:16:13
699246d951a052ad9bf70e59,data_ml,p_count,aiot,0,15 Feb 2026 22:21:13
6992480551a052ad9bf70e60,data_ml,p_count,aiot,0,15 Feb 2026 22:26:13
6992493151a052ad9bf70e67,data_ml,p_count,aiot,0,15 Feb 2026 22:31:13
69924a5d51a052ad9bf70e6e,data_ml,p_count,aiot,0,15 Feb 2026 22:36:13
69924b8951a052ad9bf70e75,data_ml,p_count,aiot,0,15 Feb 2026 22:41:13
69924cb551a052ad9bf70e7c,data_ml,p_count,aiot,0,15 Feb 2026 22:46:13
69924de151a052ad9bf70e83,data_ml,p_count,aiot,0,15 Feb 2026 22:51:13
69924f0d51a052ad9bf70e8a,data_ml,p_count,aiot,0,15 Feb 2026 22:56:13
6992503951a052ad9bf70e91,data_ml,p_count,aiot,0,15 Feb 2026 23:1:13
6992516551a052ad9bf70e98,data_ml,p_count,aiot,0,15 Feb 2026 23:6:13
6992529151a052ad9bf70e9f,data_ml,p_count,aiot,0,15 Feb 2026 23:11:13
699253bd51a052ad9bf70ea6,data_ml,p_count,aiot,0,15 Feb 2026 23:16:13
699254e951a052ad9bf70ead,data_ml,p_count,aiot,0,15 Feb 2026 23:21:13
6992561551a052ad9bf70eb4,data_ml,p_count,aiot,0,15 Feb 2026 23:26:13
6992574151a052ad9bf70ebb,data_ml,p_count,aiot,0,15 Feb 2026 23:31:13
6992586d51a052ad9bf70ec2,data_ml,p_count,aiot,0,15 Feb 2026 23:36:13
6992599951a052ad9bf70ec9,data_ml,p_count,aiot,0,15 Feb 2026 23:41:13
69925ac551a052ad9bf70ed0,data_ml,p_count,aiot,0,15 Feb 2026 23:46:13
69925bf151a052ad9bf70ed7,data_ml,p_count,aiot,0,15 Feb 2026 23:51:13
69925d1d51a052ad9bf70ede,data_ml,p_count,aiot,0,15 Feb 2026 23:56:13
69925f7651a052ad9bf70eeb,data_ml,p_count,aiot,0,16 Feb 2026 0:6:14
699260a251a052ad9bf70ef2,data_ml,p_count,aiot,0,16 Feb 2026 0:11:14
699261ce51a052ad9bf70ef9,data_ml,p_count,aiot,0,16 Feb 2026 0:16:14
699262fa51a052ad9bf70f00,data_ml,p_count,aiot,0,16 Feb 2026 0:21:14
6992642651a052ad9bf70f07,data_ml,p_count,aiot,0,16 Feb 2026 0:26:14
6992655251a052ad9bf70f0e,data_ml,p_count,aiot,0,16 Feb 2026 0:31:14
6992667e51a052ad9bf70f15,data_ml,p_count,aiot,0,16 Feb 2026 0:36:14
699267aa51a052ad9bf70f1c,data_ml,p_count,aiot,0,16 Feb 2026 0:41:14
699268d651a052ad9bf70f23,data_ml,p_count,aiot,0,16 Feb 2026 0:46:14
69926a0251a052ad9bf70f2a,data_ml,p_count,aiot,0,16 Feb 2026 0:51:14
69926b2e51a052ad9bf70f31,data_ml,p_count,aiot,0,16 Feb 2026 0:56:14
69926c5a51a052ad9bf70f38,data_ml,p_count,aiot,0,16 Feb 2026 1:1:14
69926d8651a052ad9bf70f3f,data_ml,p_count,aiot,0,16 Feb 2026 1:6:14
69926eb251a052ad9bf70f46,data_ml,p_count,aiot,0,16 Feb 2026 1:11:14
69926fde51a052ad9bf70f4d,data_ml,p_count,aiot,0,16 Feb 2026 1:16:14
6992710a51a052ad9bf70f54,data_ml,p_count,aiot,0,16 Feb 2026 1:21:14
6992723651a052ad9bf70f5b,data_ml,p_count,aiot,0,16 Feb 2026 1:26:14
6992736251a052ad9bf70f62,data_ml,p_count,aiot,0,16 Feb 2026 1:31:14
6992748e51a052ad9bf70f69,data_ml,p_count,aiot,0,16 Feb 2026 1:36:14
699275ba51a052ad9bf70f70,data_ml,p_count,aiot,0,16 Feb 2026 1:41:14
699276e651a052ad9bf70f77,data_ml,p_count,aiot,0,16 Feb 2026 1:46:14
6992781251a052ad9bf70f7e,data_ml,p_count,aiot,0,16 Feb 2026 1:51:14
6992793e51a052ad9bf70f85,data_ml,p_count,aiot,0,16 Feb 2026 1:56:14
69927a6a51a052ad9bf70f8c,data_ml,p_count,aiot,0,16 Feb 2026 2:1:14
69927b9651a052ad9bf70f93,data_ml,p_count,aiot,0,16 Feb 2026 2:6:14
69927cc251a052ad9bf70f9a,data_ml,p_count,aiot,0,16 Feb 2026 2:11:14
69927dee51a052ad9bf70fa1,data_ml,p_count,aiot,0,16 Feb 2026 2:16:14
69927f1a51a052ad9bf70fa8,data_ml,p_count,aiot,0,16 Feb 2026 2:21:14
6992804651a052ad9bf70faf,data_ml,p_count,aiot,0,16 Feb 2026 2:26:14
6992829e51a052ad9bf70fbc,data_ml,p_count,aiot,0,16 Feb 2026 2:36:14
699283ca51a052ad9bf70fc3,data_ml,p_count,aiot,0,16 Feb 2026 2:41:14
699284f651a052ad9bf70fca,data_ml,p_count,aiot,0,16 Feb 2026 2:46:14
6992862251a052ad9bf70fd1,data_ml,p_count,aiot,0,16 Feb 2026 2:51:14
6992874e51a052ad9bf70fd8,data_ml,p_count,aiot,0,16 Feb 2026 2:56:14
6992887a51a052ad9bf70fdf,data_ml,p_count,aiot,0,16 Feb 2026 3:1:14
699289a751a052ad9bf70fe6,data_ml,p_count,aiot,0,16 Feb 2026 3:6:15
69928ad251a052ad9bf70fed,data_ml,p_count,aiot,0,16 Feb 2026 3:11:14
69928bfe51a052ad9bf70ff4,data_ml,p_count,aiot,0,16 Feb 2026 3:16:14
69928d2a51a052ad9bf70ffb,data_ml,p_count,aiot,0,16 Feb 2026 3:21:14
69928e5751a052ad9bf71002,data_ml,p_count,aiot,0,16 Feb 2026 3:26:15
69928f8251a052ad9bf71009,data_ml,p_count,aiot,0,16 Feb 2026 3:31:14
699290af51a052ad9bf71010,data_ml,p_count,aiot,0,16 Feb 2026 3:36:15
699291db51a052ad9bf71017,data_ml,p_count,aiot,0,16 Feb 2026 3:41:15
6992930751a052ad9bf7101e,data_ml,p_count,aiot,0,16 Feb 2026 3:46:15
6992943351a052ad9bf71025,data_ml,p_count,aiot,0,16 Feb 2026 3:51:15
6992955f51a052ad9bf7102c,data_ml,p_count,aiot,0,16 Feb 2026 3:56:15
6992968b51a052ad9bf71033,data_ml,p_count,aiot,0,16 Feb 2026 4:1:15
699297b751a052ad9bf7103a,data_ml,p_count,aiot,0,16 Feb 2026 4:6:15
699298e351a052ad9bf71041,data_ml,p_count,aiot,0,16 Feb 2026 4:11:15
69929a0f51a052ad9bf71048,data_ml,p_count,aiot,0,16 Feb 2026 4:16:15
69929b3b51a052ad9bf7104f,data_ml,p_count,aiot,0,16 Feb 2026 4:21:15
69929c6751a052ad9bf71056,data_ml,p_count,aiot,0,16 Feb 2026 4:26:15
69929d9351a052ad9bf7105d,data_ml,p_count,aiot,0,16 Feb 2026 4:31:15
69929ebf51a052ad9bf71064,data_ml,p_count,aiot,0,16 Feb 2026 4:36:15
69929feb51a052ad9bf7106b,data_ml,p_count,aiot,0,16 Feb 2026 4:41:15
6992a11751a052ad9bf71072,data_ml,p_count,aiot,0,16 Feb 2026 4:46:15
6992a24351a052ad9bf71079,data_ml,p_count,aiot,0,16 Feb 2026 4:51:15
6992a36f51a052ad9bf71080,data_ml,p_count,aiot,0,16 Feb 2026 4:56:15
6992a5c751a052ad9bf7108d,data_ml,p_count,aiot,0,16 Feb 2026 5:6:15
6992a6f351a052ad9bf71094,data_ml,p_count,aiot,0,16 Feb 2026 5:11:15
6992a81f51a052ad9bf7109b,data_ml,p_count,aiot,0,16 Feb 2026 5:16:15
6992a94b51a052ad9bf710a2,data_ml,p_count,aiot,0,16 Feb 2026 5:21:15
6992aa7751a052ad9bf710a9,data_ml,p_count,aiot,0,16 Feb 2026 5:26:15
6992aba351a052ad9bf710b0,data_ml,p_count,aiot,0,16 Feb 2026 5:31:15
6992accf51a052ad9bf710b7,data_ml,p_count,aiot,0,16 Feb 2026 5:36:15
6992adfb51a052ad9bf710be,data_ml,p_count,aiot,0,16 Feb 2026 5:41:15
6992af2751a052ad9bf710c5,data_ml,p_count,aiot,0,16 Feb 2026 5:46:15
6992b05351a052ad9bf710cc,data_ml,p_count,aiot,0,16 Feb 2026 5:51:15
6992b17f51a052ad9bf710d3,data_ml,p_count,aiot,0,16 Feb 2026 5:56:15
6992b2ab51a052ad9bf710da,data_ml,p_count,aiot,0,16 Feb 2026 6:1:15
6992b3d751a052ad9bf710e1,data_ml,p_count,aiot,0,16 Feb 2026 6:6:15
6992b50351a052ad9bf710e8,data_ml,p_count,aiot,0,16 Feb 2026 6:11:15
6992b62f51a052ad9bf710ef,data_ml,p_count,aiot,0,16 Feb 2026 6:16:15
6992b75b51a052ad9bf710f6,data_ml,p_count,aiot,0,16 Feb 2026 6:21:15
6992b88751a052ad9bf710fd,data_ml,p_count,aiot,0,16 Feb 2026 6:26:15
6992b9b351a052ad9bf71104,data_ml,p_count,aiot,0,16 Feb 2026 6:31:15
6992badf51a052ad9bf7110b,data_ml,p_count,aiot,2,16 Feb 2026 6:36:15
6992bc0b51a052ad9bf71112,data_ml,p_count,aiot,0,16 Feb 2026 6:41:15
6992bd3751a052ad9bf71119,data_ml,p_count,aiot,1,16 Feb 2026 6:46:15
6992be6351a052ad9bf71120,data_ml,p_count,aiot,0,16 Feb 2026 6:51:15
6992bf8f51a052ad9bf71127,data_ml,p_count,aiot,2,16 Feb 2026 6:56:15
6992c0bb51a052ad9bf7112e,data_ml,p_count,aiot,0,16 Feb 2026 7:1:15
6992c1e751a052ad9bf71135,data_ml,p_count,aiot,2,16 Feb 2026 7:6:15
6992c31351a052ad9bf7113c,data_ml,p_count,aiot,0,16 Feb 2026 7:11:15
6992c43f51a052ad9bf71143,data_ml,p_count,aiot,0,16 Feb 2026 7:16:15
6992c56b51a052ad9bf7114a,data_ml,p_count,aiot,0,16 Feb 2026 7:21:15
6992c69751a052ad9bf71151,data_ml,p_count,aiot,0,16 Feb 2026 7:26:15
6992c8f051a052ad9bf7115e,data_ml,p_count,aiot,0,16 Feb 2026 7:36:16
6992ca1c51a052ad9bf71165,data_ml,p_count,aiot,0,16 Feb 2026 7:41:16
6992cb4851a052ad9bf7116c,data_ml,p_count,aiot,0,16 Feb 2026 7:46:16
6992cc7451a052ad9bf71173,data_ml,p_count,aiot,0,16 Feb 2026 7:51:16
6992cda051a052ad9bf7117a,data_ml,p_count,aiot,0,16 Feb 2026 7:56:16
6992cecc51a052ad9bf71181,data_ml,p_count,aiot,0,16 Feb 2026 8:1:16
6992cff851a052ad9bf71188,data_ml,p_count,aiot,3,16 Feb 2026 8:6:16
6992d12451a052ad9bf7118f,data_ml,p_count,aiot,2,16 Feb 2026 8:11:16
6992d25051a052ad9bf71196,data_ml,p_count,aiot,2,16 Feb 2026 8:16:16
6992d37c51a052ad9bf7119d,data_ml,p_count,aiot,2,16 Feb 2026 8:21:16
6992d4a851a052ad9bf711a4,data_ml,p_count,aiot,1,16 Feb 2026 8:26:16
6992d5d451a052ad9bf711ab,data_ml,p_count,aiot,0,16 Feb 2026 8:31:16
6992d70051a052ad9bf711b2,data_ml,p_count,aiot,1,16 Feb 2026 8:36:16
6992d82c51a052ad9bf711b9,data_ml,p_count,aiot,7,16 Feb 2026 8:41:16
6992d95851a052ad9bf711c0,data_ml,p_count,aiot,2,16 Feb 2026 8:46:16
6992da8451a052ad9bf711c7,data_ml,p_count,aiot,1,16 Feb 2026 8:51:16
6992dbb051a052ad9bf711ce,data_ml,p_count,aiot,1,16 Feb 2026 8:56:16
6992dcdc51a052ad9bf711d5,data_ml,p_count,aiot,1,16 Feb 2026 9:1:16
6992de0851a052ad9bf711dc,data_ml,p_count,aiot,3,16 Feb 2026 9:6:16
6992df3451a052ad9bf711e3,data_ml,p_count,aiot,2,16 Feb 2026 9:11:16
6992e06051a052ad9bf711ea,data_ml,p_count,aiot,0,16 Feb 2026 9:16:16
6992e18c51a052ad9bf711f1,data_ml,p_count,aiot,2,16 Feb 2026 9:21:16
6992e2b851a052ad9bf711f8,data_ml,p_count,aiot,1,16 Feb 2026 9:26:16
6992e3e451a052ad9bf711ff,data_ml,p_count,aiot,0,16 Feb 2026 9:31:16
6992e51051a052ad9bf71206,data_ml,p_count,aiot,4,16 Feb 2026 9:36:16
6992e63c51a052ad9bf7120d,data_ml,p_count,aiot,2,16 Feb 2026 9:41:16
6992e76851a052ad9bf71214,data_ml,p_count,aiot,1,16 Feb 2026 9:46:16
6992e89451a052ad9bf7121b,data_ml,p_count,aiot,2,16 Feb 2026 9:51:16
6992e9c051a052ad9bf71222,data_ml,p_count,aiot,4,16 Feb 2026 9:56:16
6992ec1951a052ad9bf7122f,data_ml,p_count,aiot,4,16 Feb 2026 10:6:17
6992ed4451a052ad9bf71236,data_ml,p_count,aiot,5,16 Feb 2026 10:11:16
6992ee7051a052ad9bf7123d,data_ml,p_count,aiot,0,16 Feb 2026 10:16:16
6992ef9d51a052ad9bf71244,data_ml,p_count,aiot,3,16 Feb 2026 10:21:17
6992f0c951a052ad9bf7124b,data_ml,p_count,aiot,1,16 Feb 2026 10:26:17
6992f1f551a052ad9bf71252,data_ml,p_count,aiot,3,16 Feb 2026 10:31:17
6992f32151a052ad9bf71259,data_ml,p_count,aiot,5,16 Feb 2026 10:36:17
6992f44d51a052ad9bf71260,data_ml,p_count,aiot,0,16 Feb 2026 10:41:17
6992f57951a052ad9bf71267,data_ml,p_count,aiot,0,16 Feb 2026 10:46:17
6992f6a551a052ad9bf7126e,data_ml,p_count,aiot,2,16 Feb 2026 10:51:17
6992f7d151a052ad9bf71275,data_ml,p_count,aiot,0,16 Feb 2026 10:56:17
6992f8fd51a052ad9bf7127c,data_ml,p_count,aiot,5,16 Feb 2026 11:1:17
6992fa2951a052ad9bf71283,data_ml,p_count,aiot,0,16 Feb 2026 11:6:17
6992fb5551a052ad9bf7128a,data_ml,p_count,aiot,0,16 Feb 2026 11:11:17
6992fc8151a052ad9bf71291,data_ml,p_count,aiot,0,16 Feb 2026 11:16:17
6992fdad51a052ad9bf71298,data_ml,p_count,aiot,4,16 Feb 2026 11:21:17
6992fed951a052ad9bf7129f,data_ml,p_count,aiot,6,16 Feb 2026 11:26:17
6993000551a052ad9bf712a6,data_ml,p_count,aiot,0,16 Feb 2026 11:31:17
6993013151a052ad9bf712ad,data_ml,p_count,aiot,0,16 Feb 2026 11:36:17
6993025d51a052ad9bf712b4,data_ml,p_count,aiot,0,16 Feb 2026 11:41:17
6993038951a052ad9bf712bb,data_ml,p_count,aiot,0,16 Feb 2026 11:46:17
699304b551a052ad9bf712c2,data_ml,p_count,aiot,1,16 Feb 2026 11:51:17
699305e151a052ad9bf712c9,data_ml,p_count,aiot,1,16 Feb 2026 11:56:17
6993070d51a052ad9bf712d0,data_ml,p_count,aiot,0,16 Feb 2026 12:1:17
6993083951a052ad9bf712d7,data_ml,p_count,aiot,4,16 Feb 2026 12:6:17
6993096551a052ad9bf712de,data_ml,p_count,aiot,2,16 Feb 2026 12:11:17
69930a9151a052ad9bf712e5,data_ml,p_count,aiot,1,16 Feb 2026 12:16:17
69930bbd51a052ad9bf712ec,data_ml,p_count,aiot,2,16 Feb 2026 12:21:17
69930ce951a052ad9bf712f3,data_ml,p_count,aiot,1,16 Feb 2026 12:26:17
69930f4151a052ad9bf71300,data_ml,p_count,aiot,1,16 Feb 2026 12:36:17
6993106d51a052ad9bf71307,data_ml,p_count,aiot,1,16 Feb 2026 12:41:17
6993119951a052ad9bf7130e,data_ml,p_count,aiot,0,16 Feb 2026 12:46:17
699312c551a052ad9bf71315,data_ml,p_count,aiot,3,16 Feb 2026 12:51:17
699313f151a052ad9bf7131c,data_ml,p_count,aiot,3,16 Feb 2026 12:56:17
6993151d51a052ad9bf71323,data_ml,p_count,aiot,2,16 Feb 2026 13:1:17
6993164951a052ad9bf7132a,data_ml,p_count,aiot,7,16 Feb 2026 13:6:17
6993177551a052ad9bf71331,data_ml,p_count,aiot,5,16 Feb 2026 13:11:17
699318a151a052ad9bf71337,data_ml,p_count,aiot,0,16 Feb 2026 13:16:17
699319cd51a052ad9bf7133e,data_ml,p_count,aiot,0,16 Feb 2026 13:21:17
69931af951a052ad9bf71345,data_ml,p_count,aiot,2,16 Feb 2026 13:26:17
69931c2551a052ad9bf7134c,data_ml,p_count,aiot,1,16 Feb 2026 13:31:17
69931d5151a052ad9bf71353,data_ml,p_count,aiot,0,16 Feb 2026 13:36:17
69931e7d51a052ad9bf7135a,data_ml,p_count,aiot,0,16 Feb 2026 13:41:17
69931fa951a052ad9bf71361,data_ml,p_count,aiot,0,16 Feb 2026 13:46:17
699320d551a052ad9bf71368,data_ml,p_count,aiot,1,16 Feb 2026 13:51:17
6993220151a052ad9bf7136f,data_ml,p_count,aiot,0,16 Feb 2026 13:56:17
6993232d51a052ad9bf71376,data_ml,p_count,aiot,6,16 Feb 2026 14:1:17
6993245951a052ad9bf7137d,data_ml,p_count,aiot,1,16 Feb 2026 14:6:17
6993260951a052ad9bf71387,data_ml,p_count,aiot,3,16 Feb 2026 14:13:29
6993273551a052ad9bf7138e,data_ml,p_count,aiot,1,16 Feb 2026 14:18:29
6993286151a052ad9bf71395,data_ml,p_count,aiot,3,16 Feb 2026 14:23:29
6993298d51a052ad9bf7139c,data_ml,p_count,aiot,3,16 Feb 2026 14:28:29
69932ab951a052ad9bf713a3,data_ml,p_count,aiot,0,16 Feb 2026 14:33:29
69932be551a052ad9bf713aa,data_ml,p_count,aiot,0,16 Feb 2026 14:38:29
69932d1151a052ad9bf713b1,data_ml,p_count,aiot,0,16 Feb 2026 14:43:29
69932e3d51a052ad9bf713b8,data_ml,p_count,aiot,2,16 Feb 2026 14:48:29
69932f6951a052ad9bf713bf,data_ml,p_count,aiot,0,16 Feb 2026 14:53:29
6993309551a052ad9bf713c6,data_ml,p_count,aiot,2,16 Feb 2026 14:58:29
699331c151a052ad9bf713cd,data_ml,p_count,aiot,0,16 Feb 2026 15:3:29
699332ed51a052ad9bf713d4,data_ml,p_count,aiot,0,16 Feb 2026 15:8:29
6993341951a052ad9bf713db,data_ml,p_count,aiot,1,16 Feb 2026 15:13:29
6993354551a052ad9bf713e2,data_ml,p_count,aiot,0,16 Feb 2026 15:18:29
6993367151a052ad9bf713e9,data_ml,p_count,aiot,1,16 Feb 2026 15:23:29
6993379d51a052ad9bf713f0,data_ml,p_count,aiot,0,16 Feb 2026 15:28:29
699338c951a052ad9bf713f7,data_ml,p_count,aiot,0,16 Feb 2026 15:33:29
699339f551a052ad9bf713fe,data_ml,p_count,aiot,1,16 Feb 2026 15:38:29
69933b2151a052ad9bf71405,data_ml,p_count,aiot,0,16 Feb 2026 15:43:29
69933c4d51a052ad9bf7140c,data_ml,p_count,aiot,0,16 Feb 2026 15:48:29
69933d7951a052ad9bf71413,data_ml,p_count,aiot,2,16 Feb 2026 15:53:29
69933ea551a052ad9bf7141a,data_ml,p_count,aiot,0,16 Feb 2026 15:58:29
69933fd151a052ad9bf71421,data_ml,p_count,aiot,0,16 Feb 2026 16:3:29
699340fd51a052ad9bf71428,data_ml,p_count,aiot,2,16 Feb 2026 16:8:29
6993422951a052ad9bf7142f,data_ml,p_count,aiot,0,16 Feb 2026 16:13:29
6993435551a052ad9bf71436,data_ml,p_count,aiot,0,16 Feb 2026 16:18:29
6993448151a052ad9bf7143d,data_ml,p_count,aiot,0,16 Feb 2026 16:23:29
699345ad51a052ad9bf71444,data_ml,p_count,aiot,0,16 Feb 2026 16:28:29
699346d951a052ad9bf7144b,data_ml,p_count,aiot,0,16 Feb 2026 16:33:29
6993493251a052ad9bf71458,data_ml,p_count,aiot,0,16 Feb 2026 16:43:30
69934a5e51a052ad9bf7145f,data_ml,p_count,aiot,0,16 Feb 2026 16:48:30
69934b8a51a052ad9bf71466,data_ml,p_count,aiot,0,16 Feb 2026 16:53:30
69934cb651a052ad9bf7146d,data_ml,p_count,aiot,0,16 Feb 2026 16:58:30
69934de251a052ad9bf71474,data_ml,p_count,aiot,0,16 Feb 2026 17:3:30
69934f0e51a052ad9bf7147b,data_ml,p_count,aiot,0,16 Feb 2026 17:8:30
6993503a51a052ad9bf71482,data_ml,p_count,aiot,0,16 Feb 2026 17:13:30
6993516651a052ad9bf71489,data_ml,p_count,aiot,7,16 Feb 2026 17:18:30
69935292a403c9ca694fbd22,data_ml,p_count,aiot,0,16 Feb 2026 17:23:30
699353bea403c9ca694fbd29,data_ml,p_count,aiot,2,16 Feb 2026 17:28:30
699354eaa403c9ca694fbd30,data_ml,p_count,aiot,1,16 Feb 2026 17:33:30
69935616a403c9ca694fbd37,data_ml,p_count,aiot,0,16 Feb 2026 17:38:30
69935742a403c9ca694fbd3e,data_ml,p_count,aiot,0,16 Feb 2026 17:43:30
6993586ea403c9ca694fbd45,data_ml,p_count,aiot,2,16 Feb 2026 17:48:30
6993599aa403c9ca694fbd4c,data_ml,p_count,aiot,0,16 Feb 2026 17:53:30
69935ac6a403c9ca694fbd53,data_ml,p_count,aiot,0,16 Feb 2026 17:58:30
69935bf2a403c9ca694fbd5a,data_ml,p_count,aiot,0,16 Feb 2026 18:3:30
69935d1ea403c9ca694fbd61,data_ml,p_count,aiot,2,16 Feb 2026 18:8:30
69935e4aa403c9ca694fbd67,data_ml,p_count,aiot,0,16 Feb 2026 18:13:30
69935f76a403c9ca694fbd6e,data_ml,p_count,aiot,0,16 Feb 2026 18:18:30
699360a2a403c9ca694fbd75,data_ml,p_count,aiot,0,16 Feb 2026 18:23:30
699361cea403c9ca694fbd7c,data_ml,p_count,aiot,0,16 Feb 2026 18:28:30
699362faa403c9ca694fbd83,data_ml,p_count,aiot,0,16 Feb 2026 18:33:30
69936426a403c9ca694fbd8a,data_ml,p_count,aiot,0,16 Feb 2026 18:38:30
69936552a403c9ca694fbd91,data_ml,p_count,aiot,0,16 Feb 2026 18:43:30
6993667ea403c9ca694fbd98,data_ml,p_count,aiot,0,16 Feb 2026 18:48:30
699367aaa403c9ca694fbd9f,data_ml,p_count,aiot,0,16 Feb 2026 18:53:30
699368d6a403c9ca694fbda6,data_ml,p_count,aiot,0,16 Feb 2026 18:58:30
69936a02a403c9ca694fbdad,data_ml,p_count,aiot,0,16 Feb 2026 19:3:30
69936c5aa403c9ca694fbdba,data_ml,p_count,aiot,0,16 Feb 2026 19:13:30
69936d86a403c9ca694fbdc1,data_ml,p_count,aiot,0,16 Feb 2026 19:18:30
69936eb2a403c9ca694fbdc8,data_ml,p_count,aiot,0,16 Feb 2026 19:23:30
69936fdfa403c9ca694fbdcf,data_ml,p_count,aiot,0,16 Feb 2026 19:28:31
6993710ba403c9ca694fbdd6,data_ml,p_count,aiot,0,16 Feb 2026 19:33:31
69937237a403c9ca694fbddd,data_ml,p_count,aiot,0,16 Feb 2026 19:38:31
69937363a403c9ca694fbde4,data_ml,p_count,aiot,0,16 Feb 2026 19:43:31
6993748fa403c9ca694fbdeb,data_ml,p_count,aiot,0,16 Feb 2026 19:48:31
699375bba403c9ca694fbdf2,data_ml,p_count,aiot,0,16 Feb 2026 19:53:31
699376e7a403c9ca694fbdf9,data_ml,p_count,aiot,0,16 Feb 2026 19:58:31
69937813a403c9ca694fbe00,data_ml,p_count,aiot,0,16 Feb 2026 20:3:31
6993793fa403c9ca694fbe07,data_ml,p_count,aiot,0,16 Feb 2026 20:8:31
69937a6ba403c9ca694fbe0e,data_ml,p_count,aiot,0,16 Feb 2026 20:13:31
69937b97a403c9ca694fbe15,data_ml,p_count,aiot,0,16 Feb 2026 20:18:31
69937cc3a403c9ca694fbe1c,data_ml,p_count,aiot,0,16 Feb 2026 20:23:31
69937defa403c9ca694fbe23,data_ml,p_count,aiot,0,16 Feb 2026 20:28:31
69937f1ba403c9ca694fbe2a,data_ml,p_count,aiot,0,16 Feb 2026 20:33:31
69938047a403c9ca694fbe31,data_ml,p_count,aiot,0,16 Feb 2026 20:38:31
69938173a403c9ca694fbe38,data_ml,p_count,aiot,0,16 Feb 2026 20:43:31
6993829fa403c9ca694fbe3f,data_ml,p_count,aiot,0,16 Feb 2026 20:48:31
699383cba403c9ca694fbe46,data_ml,p_count,aiot,0,16 Feb 2026 20:53:31
699384f7a403c9ca694fbe4d,data_ml,p_count,aiot,0,16 Feb 2026 20:58:31
69938623a403c9ca694fbe54,data_ml,p_count,aiot,0,16 Feb 2026 21:3:31
6993874fa403c9ca694fbe5b,data_ml,p_count,aiot,0,16 Feb 2026 21:8:31
6993887ba403c9ca694fbe62,data_ml,p_count,aiot,0,16 Feb 2026 21:13:31
699389a7a403c9ca694fbe69,data_ml,p_count,aiot,0,16 Feb 2026 21:18:31
69938ad3a403c9ca694fbe70,data_ml,p_count,aiot,0,16 Feb 2026 21:23:31
69938bffa403c9ca694fbe77,data_ml,p_count,aiot,0,16 Feb 2026 21:28:31
69938d2ba403c9ca694fbe7e,data_ml,p_count,aiot,0,16 Feb 2026 21:33:31
69938f83a403c9ca694fbe8b,data_ml,p_count,aiot,0,16 Feb 2026 21:43:31
699390afa403c9ca694fbe92,data_ml,p_count,aiot,0,16 Feb 2026 21:48:31
699391dba403c9ca694fbe99,data_ml,p_count,aiot,0,16 Feb 2026 21:53:31
69939307a403c9ca694fbea0,data_ml,p_count,aiot,0,16 Feb 2026 21:58:31
69939433a403c9ca694fbea7,data_ml,p_count,aiot,0,16 Feb 2026 22:3:31
6993955fa403c9ca694fbeae,data_ml,p_count,aiot,0,16 Feb 2026 22:8:31
6993968ba403c9ca694fbeb5,data_ml,p_count,aiot,0,16 Feb 2026 22:13:31
699397b7a403c9ca694fbebc,data_ml,p_count,aiot,0,16 Feb 2026 22:18:31
699398e3a403c9ca694fbec3,data_ml,p_count,aiot,0,16 Feb 2026 22:23:31
69939a0fa403c9ca694fbeca,data_ml,p_count,aiot,0,16 Feb 2026 22:28:31
69939b3ba403c9ca694fbed1,data_ml,p_count,aiot,0,16 Feb 2026 22:33:31
69939c67a403c9ca694fbed8,data_ml,p_count,aiot,0,16 Feb 2026 22:38:31
69939d93a403c9ca694fbedf,data_ml,p_count,aiot,0,16 Feb 2026 22:43:31
69939ebfa403c9ca694fbee6,data_ml,p_count,aiot,0,16 Feb 2026 22:48:31
69939feba403c9ca694fbeed,data_ml,p_count,aiot,0,16 Feb 2026 22:53:31
6993a117a403c9ca694fbef4,data_ml,p_count,aiot,0,16 Feb 2026 22:58:31
6993a243a403c9ca694fbefb,data_ml,p_count,aiot,0,16 Feb 2026 23:3:31
6993a36fa403c9ca694fbf02,data_ml,p_count,aiot,0,16 Feb 2026 23:8:31
6993a49ba403c9ca694fbf09,data_ml,p_count,aiot,0,16 Feb 2026 23:13:31
6993a5c7a403c9ca694fbf10,data_ml,p_count,aiot,0,16 Feb 2026 23:18:31
6993a6f3a403c9ca694fbf17,data_ml,p_count,aiot,0,16 Feb 2026 23:23:31
6993a81fa403c9ca694fbf1e,data_ml,p_count,aiot,0,16 Feb 2026 23:28:31
6993a94ba403c9ca694fbf25,data_ml,p_count,aiot,0,16 Feb 2026 23:33:31
6993aa77a403c9ca694fbf2c,data_ml,p_count,aiot,0,16 Feb 2026 23:38:31
6993aba3a403c9ca694fbf33,data_ml,p_count,aiot,0,16 Feb 2026 23:43:31
6993accfa403c9ca694fbf3a,data_ml,p_count,aiot,0,16 Feb 2026 23:48:31
6993adfba403c9ca694fbf41,data_ml,p_count,aiot,0,16 Feb 2026 23:53:31
6993af27a403c9ca694fbf48,data_ml,p_count,aiot,0,16 Feb 2026 23:58:31
6993b053a403c9ca694fbf4f,data_ml,p_count,aiot,0,17 Feb 2026 0:3:31
6993b2aca403c9ca694fbf5c,data_ml,p_count,aiot,0,17 Feb 2026 0:13:32
6993b3d8a403c9ca694fbf63,data_ml,p_count,aiot,0,17 Feb 2026 0:18:32
6993b504a403c9ca694fbf6a,data_ml,p_count,aiot,0,17 Feb 2026 0:23:32
6993b630a403c9ca694fbf71,data_ml,p_count,aiot,0,17 Feb 2026 0:28:32
6993b75ca403c9ca694fbf78,data_ml,p_count,aiot,0,17 Feb 2026 0:33:32
6993b888a403c9ca694fbf7f,data_ml,p_count,aiot,0,17 Feb 2026 0:38:32
6993b9b4a403c9ca694fbf86,data_ml,p_count,aiot,0,17 Feb 2026 0:43:32
6993bae0a403c9ca694fbf8d,data_ml,p_count,aiot,0,17 Feb 2026 0:48:32
6993bc0ca403c9ca694fbf94,data_ml,p_count,aiot,0,17 Feb 2026 0:53:32
6993bd38a403c9ca694fbf9b,data_ml,p_count,aiot,0,17 Feb 2026 0:58:32
6993be64a403c9ca694fbfa2,data_ml,p_count,aiot,0,17 Feb 2026 1:3:32
6993bf90a403c9ca694fbfa9,data_ml,p_count,aiot,0,17 Feb 2026 1:8:32
6993c0bca403c9ca694fbfb0,data_ml,p_count,aiot,0,17 Feb 2026 1:13:32
6993c1e8a403c9ca694fbfb7,data_ml,p_count,aiot,0,17 Feb 2026 1:18:32
6993c314a403c9ca694fbfbe,data_ml,p_count,aiot,0,17 Feb 2026 1:23:32
6993c440a403c9ca694fbfc5,data_ml,p_count,aiot,0,17 Feb 2026 1:28:32
6993c56ca403c9ca694fbfcc,data_ml,p_count,aiot,0,17 Feb 2026 1:33:32
6993c698a403c9ca694fbfd3,data_ml,p_count,aiot,0,17 Feb 2026 1:38:32
6993c7c4a403c9ca694fbfda,data_ml,p_count,aiot,0,17 Feb 2026 1:43:32
6993c8f0a403c9ca694fbfe1,data_ml,p_count,aiot,0,17 Feb 2026 1:48:32
6993ca1ca403c9ca694fbfe8,data_ml,p_count,aiot,0,17 Feb 2026 1:53:32
6993cb48a403c9ca694fbfef,data_ml,p_count,aiot,0,17 Feb 2026 1:58:32
6993cc74a403c9ca694fbff6,data_ml,p_count,aiot,0,17 Feb 2026 2:3:32
6993cda0a403c9ca694fbffd,data_ml,p_count,aiot,0,17 Feb 2026 2:8:32
6993cecca403c9ca694fc004,data_ml,p_count,aiot,0,17 Feb 2026 2:13:32
6993cff8a403c9ca694fc00b,data_ml,p_count,aiot,0,17 Feb 2026 2:18:32
6993d124a403c9ca694fc012,data_ml,p_count,aiot,0,17 Feb 2026 2:23:32
6993d250a403c9ca694fc019,data_ml,p_count,aiot,0,17 Feb 2026 2:28:32
6993d37ca403c9ca694fc020,data_ml,p_count,aiot,0,17 Feb 2026 2:33:32
6993d5d5a403c9ca694fc02d,data_ml,p_count,aiot,0,17 Feb 2026 2:43:33
6993d700a403c9ca694fc034,data_ml,p_count,aiot,0,17 Feb 2026 2:48:32
6993d82da403c9ca694fc03b,data_ml,p_count,aiot,0,17 Feb 2026 2:53:33
6993d958a403c9ca694fc042,data_ml,p_count,aiot,0,17 Feb 2026 2:58:32
6993da85a403c9ca694fc049,data_ml,p_count,aiot,0,17 Feb 2026 3:3:33
6993dbb1a403c9ca694fc050,data_ml,p_count,aiot,0,17 Feb 2026 3:8:33
6993dcdda403c9ca694fc057,data_ml,p_count,aiot,0,17 Feb 2026 3:13:33
6993de09a403c9ca694fc05e,data_ml,p_count,aiot,0,17 Feb 2026 3:18:33
6993df35a403c9ca694fc065,data_ml,p_count,aiot,0,17 Feb 2026 3:23:33
6993e061a403c9ca694fc06c,data_ml,p_count,aiot,0,17 Feb 2026 3:28:33
6993e18da403c9ca694fc073,data_ml,p_count,aiot,0,17 Feb 2026 3:33:33
6993e2b9a403c9ca694fc07a,data_ml,p_count,aiot,0,17 Feb 2026 3:38:33
6993e3e5a403c9ca694fc081,data_ml,p_count,aiot,0,17 Feb 2026 3:43:33
6993e511a403c9ca694fc088,data_ml,p_count,aiot,0,17 Feb 2026 3:48:33
6993e63da403c9ca694fc08f,data_ml,p_count,aiot,0,17 Feb 2026 3:53:33
6993e769a403c9ca694fc096,data_ml,p_count,aiot,0,17 Feb 2026 3:58:33
6993e895a403c9ca694fc09d,data_ml,p_count,aiot,0,17 Feb 2026 4:3:33
6993e9c1a403c9ca694fc0a4,data_ml,p_count,aiot,0,17 Feb 2026 4:8:33
6993eaeda403c9ca694fc0ab,data_ml,p_count,aiot,0,17 Feb 2026 4:13:33
6993ec19a403c9ca694fc0b2,data_ml,p_count,aiot,0,17 Feb 2026 4:18:33
6993ed45a403c9ca694fc0b9,data_ml,p_count,aiot,0,17 Feb 2026 4:23:33
6993ee71a403c9ca694fc0c0,data_ml,p_count,aiot,0,17 Feb 2026 4:28:33
6993ef9da403c9ca694fc0c7,data_ml,p_count,aiot,0,17 Feb 2026 4:33:33
6993f0c9a403c9ca694fc0ce,data_ml,p_count,aiot,0,17 Feb 2026 4:38:33
6993f1f5a403c9ca694fc0d5,data_ml,p_count,aiot,0,17 Feb 2026 4:43:33
6993f321a403c9ca694fc0dc,data_ml,p_count,aiot,0,17 Feb 2026 4:48:33
6993f44da403c9ca694fc0e3,data_ml,p_count,aiot,0,17 Feb 2026 4:53:33
6993f579a403c9ca694fc0ea,data_ml,p_count,aiot,0,17 Feb 2026 4:58:33
6993f6a5a403c9ca694fc0f1,data_ml,p_count,aiot,0,17 Feb 2026 5:3:33
6993f8fda403c9ca694fc0fe,data_ml,p_count,aiot,0,17 Feb 2026 5:13:33
6993fa29a403c9ca694fc105,data_ml,p_count,aiot,0,17 Feb 2026 5:18:33
6993fb55a403c9ca694fc10c,data_ml,p_count,aiot,0,17 Feb 2026 5:23:33
6993fc81a403c9ca694fc113,data_ml,p_count,aiot,0,17 Feb 2026 5:28:33
6993fdada403c9ca694fc11a,data_ml,p_count,aiot,0,17 Feb 2026 5:33:33
6993fed9a403c9ca694fc121,data_ml,p_count,aiot,0,17 Feb 2026 5:38:33
69940005a403c9ca694fc128,data_ml,p_count,aiot,0,17 Feb 2026 5:43:33
69940131a403c9ca694fc12f,data_ml,p_count,aiot,0,17 Feb 2026 5:48:33
6994025da403c9ca694fc136,data_ml,p_count,aiot,0,17 Feb 2026 5:53:33
69940389a403c9ca694fc13d,data_ml,p_count,aiot,0,17 Feb 2026 5:58:33
699404b5a403c9ca694fc144,data_ml,p_count,aiot,0,17 Feb 2026 6:3:33
699405e1a403c9ca694fc14b,data_ml,p_count,aiot,0,17 Feb 2026 6:8:33
6994070da403c9ca694fc152,data_ml,p_count,aiot,0,17 Feb 2026 6:13:33
69940839a403c9ca694fc159,data_ml,p_count,aiot,0,17 Feb 2026 6:18:33
69940965a403c9ca694fc160,data_ml,p_count,aiot,0,17 Feb 2026 6:23:33
69940a91a403c9ca694fc167,data_ml,p_count,aiot,0,17 Feb 2026 6:28:33
69940bbda403c9ca694fc16e,data_ml,p_count,aiot,0,17 Feb 2026 6:33:33
69940ce9a403c9ca694fc175,data_ml,p_count,aiot,0,17 Feb 2026 6:38:33
69940e15a403c9ca694fc17c,data_ml,p_count,aiot,0,17 Feb 2026 6:43:33
69940f41a403c9ca694fc183,data_ml,p_count,aiot,2,17 Feb 2026 6:48:33
6994106da403c9ca694fc18a,data_ml,p_count,aiot,1,17 Feb 2026 6:53:33
69941199a403c9ca694fc191,data_ml,p_count,aiot,0,17 Feb 2026 6:58:33
699412c5a403c9ca694fc198,data_ml,p_count,aiot,0,17 Feb 2026 7:3:33
699413f1a403c9ca694fc19f,data_ml,p_count,aiot,0,17 Feb 2026 7:8:33
6994151da403c9ca694fc1a6,data_ml,p_count,aiot,0,17 Feb 2026 7:13:33
69941649a403c9ca694fc1ad,data_ml,p_count,aiot,0,17 Feb 2026 7:18:33
69941775a403c9ca694fc1b4,data_ml,p_count,aiot,2,17 Feb 2026 7:23:33
699418a1a403c9ca694fc1bb,data_ml,p_count,aiot,4,17 Feb 2026 7:28:33
699419cda403c9ca694fc1c2,data_ml,p_count,aiot,3,17 Feb 2026 7:33:33
69941c26a403c9ca694fc1cf,data_ml,p_count,aiot,1,17 Feb 2026 7:43:34
69941d52a403c9ca694fc1d6,data_ml,p_count,aiot,1,17 Feb 2026 7:48:34
69941e7ea403c9ca694fc1dd,data_ml,p_count,aiot,0,17 Feb 2026 7:53:34
69941faaa403c9ca694fc1e4,data_ml,p_count,aiot,0,17 Feb 2026 7:58:34
699420d6a403c9ca694fc1eb,data_ml,p_count,aiot,0,17 Feb 2026 8:3:34
69942202a403c9ca694fc1f2,data_ml,p_count,aiot,0,17 Feb 2026 8:8:34
6994232ea403c9ca694fc1f8,data_ml,p_count,aiot,0,17 Feb 2026 8:13:34
6994245aa403c9ca694fc1ff,data_ml,p_count,aiot,0,17 Feb 2026 8:18:34
69942586a403c9ca694fc206,data_ml,p_count,aiot,0,17 Feb 2026 8:23:34
699426b2a403c9ca694fc20d,data_ml,p_count,aiot,1,17 Feb 2026 8:28:34
699427dea403c9ca694fc214,data_ml,p_count,aiot,0,17 Feb 2026 8:33:34
6994290aa403c9ca694fc21b,data_ml,p_count,aiot,1,17 Feb 2026 8:38:34
69942a36a403c9ca694fc222,data_ml,p_count,aiot,0,17 Feb 2026 8:43:34
69942b62a403c9ca694fc229,data_ml,p_count,aiot,0,17 Feb 2026 8:48:34
69942c8ea403c9ca694fc230,data_ml,p_count,aiot,0,17 Feb 2026 8:53:34
69942dbaa403c9ca694fc237,data_ml,p_count,aiot,0,17 Feb 2026 8:58:34
69942ee6a403c9ca694fc23e,data_ml,p_count,aiot,0,17 Feb 2026 9:3:34
69943012a403c9ca694fc245,data_ml,p_count,aiot,0,17 Feb 2026 9:8:34
6994313ea403c9ca694fc24c,data_ml,p_count,aiot,0,17 Feb 2026 9:13:34
6994326aa403c9ca694fc253,data_ml,p_count,aiot,2,17 Feb 2026 9:18:34
69943396a403c9ca694fc25a,data_ml,p_count,aiot,0,17 Feb 2026 9:23:34
699434c2a403c9ca694fc261,data_ml,p_count,aiot,0,17 Feb 2026 9:28:34
699435eea403c9ca694fc268,data_ml,p_count,aiot,0,17 Feb 2026 9:33:34
6994371aa403c9ca694fc26f,data_ml,p_count,aiot,1,17 Feb 2026 9:38:34
69943846a403c9ca694fc276,data_ml,p_count,aiot,0,17 Feb 2026 9:43:34
69943972a403c9ca694fc27d,data_ml,p_count,aiot,1,17 Feb 2026 9:48:34
69943a9ea403c9ca694fc284,data_ml,p_count,aiot,0,17 Feb 2026 9:53:34
69943bcaa403c9ca694fc28b,data_ml,p_count,aiot,2,17 Feb 2026 9:58:34
69943cf6a403c9ca694fc292,data_ml,p_count,aiot,0,17 Feb 2026 10:3:34
69943f4ea403c9ca694fc29f,data_ml,p_count,aiot,0,17 Feb 2026 10:13:34
6994407ba403c9ca694fc2a6,data_ml,p_count,aiot,0,17 Feb 2026 10:18:35
699441a6a403c9ca694fc2ad,data_ml,p_count,aiot,1,17 Feb 2026 10:23:34
699442d3a403c9ca694fc2b4,data_ml,p_count,aiot,3,17 Feb 2026 10:28:35
699443fea403c9ca694fc2bb,data_ml,p_count,aiot,2,17 Feb 2026 10:33:34
6994452aa403c9ca694fc2c2,data_ml,p_count,aiot,5,17 Feb 2026 10:38:34
69944656a403c9ca694fc2c9,data_ml,p_count,aiot,1,17 Feb 2026 10:43:34
69944782a403c9ca694fc2d0,data_ml,p_count,aiot,2,17 Feb 2026 10:48:34
699448afa403c9ca694fc2d7,data_ml,p_count,aiot,1,17 Feb 2026 10:53:35
699449daa403c9ca694fc2de,data_ml,p_count,aiot,0,17 Feb 2026 10:58:34
69944b06a403c9ca694fc2e5,data_ml,p_count,aiot,0,17 Feb 2026 11:3:34
69944c33a403c9ca694fc2ec,data_ml,p_count,aiot,1,17 Feb 2026 11:8:35
69944d5fa403c9ca694fc2f3,data_ml,p_count,aiot,1,17 Feb 2026 11:13:35
69944e8ba403c9ca694fc2fa,data_ml,p_count,aiot,1,17 Feb 2026 11:18:35
69944fb7a403c9ca694fc301,data_ml,p_count,aiot,1,17 Feb 2026 11:23:35
699450e3a403c9ca694fc308,data_ml,p_count,aiot,0,17 Feb 2026 11:28:35
6994520fa403c9ca694fc30f,data_ml,p_count,aiot,0,17 Feb 2026 11:33:35
6994533ba403c9ca694fc316,data_ml,p_count,aiot,0,17 Feb 2026 11:38:35
69945467a403c9ca694fc31d,data_ml,p_count,aiot,1,17 Feb 2026 11:43:35
69945593a403c9ca694fc324,data_ml,p_count,aiot,0,17 Feb 2026 11:48:35
699456bfa403c9ca694fc32b,data_ml,p_count,aiot,3,17 Feb 2026 11:53:35
699457eba403c9ca694fc332,data_ml,p_count,aiot,2,17 Feb 2026 11:58:35
69945917a403c9ca694fc339,data_ml,p_count,aiot,0,17 Feb 2026 12:3:35
69945a43a403c9ca694fc340,data_ml,p_count,aiot,0,17 Feb 2026 12:8:35
69945b6fa403c9ca694fc347,data_ml,p_count,aiot,0,17 Feb 2026 12:13:35
69945c9ba403c9ca694fc34e,data_ml,p_count,aiot,0,17 Feb 2026 12:18:35
69945dc7a403c9ca694fc355,data_ml,p_count,aiot,3,17 Feb 2026 12:23:35
69945ef3a403c9ca694fc35c,data_ml,p_count,aiot,0,17 Feb 2026 12:28:35
6994601fa403c9ca694fc363,data_ml,p_count,aiot,1,17 Feb 2026 12:33:35
69946277a403c9ca694fc370,data_ml,p_count,aiot,2,17 Feb 2026 12:43:35
699463a3a403c9ca694fc377,data_ml,p_count,aiot,0,17 Feb 2026 12:48:35
699464cfa403c9ca694fc37e,data_ml,p_count,aiot,0,17 Feb 2026 12:53:35
699465fba403c9ca694fc385,data_ml,p_count,aiot,1,17 Feb 2026 12:58:35
69946727a403c9ca694fc38c,data_ml,p_count,aiot,1,17 Feb 2026 13:3:35
69946853a403c9ca694fc393,data_ml,p_count,aiot,0,17 Feb 2026 13:8:35
6994697fa403c9ca694fc39a,data_ml,p_count,aiot,1,17 Feb 2026 13:13:35
69946aaba403c9ca694fc3a1,data_ml,p_count,aiot,1,17 Feb 2026 13:18:35
69946bd7a403c9ca694fc3a8,data_ml,p_count,aiot,0,17 Feb 2026 13:23:35
69946d03a403c9ca694fc3af,data_ml,p_count,aiot,0,17 Feb 2026 13:28:35
69946e2fa403c9ca694fc3b6,data_ml,p_count,aiot,0,17 Feb 2026 13:33:35
69946f5ba403c9ca694fc3bd,data_ml,p_count,aiot,0,17 Feb 2026 13:38:35
69947087a403c9ca694fc3c4,data_ml,p_count,aiot,0,17 Feb 2026 13:43:35
699471b3a403c9ca694fc3cb,data_ml,p_count,aiot,2,17 Feb 2026 13:48:35
699472dfa403c9ca694fc3d2,data_ml,p_count,aiot,1,17 Feb 2026 13:53:35
6994740ba403c9ca694fc3d9,data_ml,p_count,aiot,0,17 Feb 2026 13:58:35
69947537a403c9ca694fc3e0,data_ml,p_count,aiot,0,17 Feb 2026 14:3:35
69947663a403c9ca694fc3e7,data_ml,p_count,aiot,0,17 Feb 2026 14:8:35
6994778fa403c9ca694fc3ee,data_ml,p_count,aiot,0,17 Feb 2026 14:13:35
699478bba403c9ca694fc3f5,data_ml,p_count,aiot,0,17 Feb 2026 14:18:35
699479e7a403c9ca694fc3fc,data_ml,p_count,aiot,0,17 Feb 2026 14:23:35
69947b13a403c9ca694fc403,data_ml,p_count,aiot,0,17 Feb 2026 14:28:35
69947c3fa403c9ca694fc40a,data_ml,p_count,aiot,0,17 Feb 2026 14:33:35
69947d6ba403c9ca694fc411,data_ml,p_count,aiot,0,17 Feb 2026 14:38:35
69947e97a403c9ca694fc418,data_ml,p_count,aiot,0,17 Feb 2026 14:43:35
69947fc3a403c9ca694fc41f,data_ml,p_count,aiot,0,17 Feb 2026 14:48:35
699480efa403c9ca694fc426,data_ml,p_count,aiot,0,17 Feb 2026 14:53:35
6994821ba403c9ca694fc42d,data_ml,p_count,aiot,2,17 Feb 2026 14:58:35
69948347a403c9ca694fc434,data_ml,p_count,aiot,0,17 Feb 2026 15:3:35
699485a0a403c9ca694fc441,data_ml,p_count,aiot,1,17 Feb 2026 15:13:36
699486cca403c9ca694fc448,data_ml,p_count,aiot,2,17 Feb 2026 15:18:36
699487f8a403c9ca694fc44f,data_ml,p_count,aiot,0,17 Feb 2026 15:23:36
69948924a403c9ca694fc456,data_ml,p_count,aiot,2,17 Feb 2026 15:28:36
69948a50a403c9ca694fc45d,data_ml,p_count,aiot,0,17 Feb 2026 15:33:36
69948b7ca403c9ca694fc464,data_ml,p_count,aiot,0,17 Feb 2026 15:38:36
69948ca8a403c9ca694fc46b,data_ml,p_count,aiot,0,17 Feb 2026 15:43:36
69948dd4a403c9ca694fc472,data_ml,p_count,aiot,0,17 Feb 2026 15:48:36
69948f00a403c9ca694fc479,data_ml,p_count,aiot,0,17 Feb 2026 15:53:36
6994902ca403c9ca694fc480,data_ml,p_count,aiot,0,17 Feb 2026 15:58:36
69949158a403c9ca694fc487,data_ml,p_count,aiot,0,17 Feb 2026 16:3:36
69949284a403c9ca694fc48e,data_ml,p_count,aiot,0,17 Feb 2026 16:8:36
699493b0a403c9ca694fc495,data_ml,p_count,aiot,0,17 Feb 2026 16:13:36
699494dca403c9ca694fc49c,data_ml,p_count,aiot,3,17 Feb 2026 16:18:36
69949608a403c9ca694fc4a3,data_ml,p_count,aiot,0,17 Feb 2026 16:23:36
69949734a403c9ca694fc4aa,data_ml,p_count,aiot,0,17 Feb 2026 16:28:36
69949860a403c9ca694fc4b1,data_ml,p_count,aiot,0,17 Feb 2026 16:33:36
6994998ca403c9ca694fc4b8,data_ml,p_count,aiot,0,17 Feb 2026 16:38:36
69949ab8a403c9ca694fc4bf,data_ml,p_count,aiot,0,17 Feb 2026 16:43:36
69949be4a403c9ca694fc4c6,data_ml,p_count,aiot,0,17 Feb 2026 16:48:36
69949d10a403c9ca694fc4cd,data_ml,p_count,aiot,0,17 Feb 2026 16:53:36
69949e3ca403c9ca694fc4d4,data_ml,p_count,aiot,2,17 Feb 2026 16:58:36
69949f68a403c9ca694fc4db,data_ml,p_count,aiot,0,17 Feb 2026 17:3:36
6994a094a403c9ca694fc4e2,data_ml,p_count,aiot,0,17 Feb 2026 17:8:36
6994a1c0a403c9ca694fc4e9,data_ml,p_count,aiot,0,17 Feb 2026 17:13:36
6994a2eca403c9ca694fc4f0,data_ml,p_count,aiot,0,17 Feb 2026 17:18:36
6994a418a403c9ca694fc4f7,data_ml,p_count,aiot,0,17 Feb 2026 17:23:36
6994a544a403c9ca694fc4fe,data_ml,p_count,aiot,0,17 Feb 2026 17:28:36
6994a670a403c9ca694fc505,data_ml,p_count,aiot,0,17 Feb 2026 17:33:36
6994a8c8a403c9ca694fc512,data_ml,p_count,aiot,0,17 Feb 2026 17:43:36
6994a9f4a403c9ca694fc519,data_ml,p_count,aiot,0,17 Feb 2026 17:48:36
6994ab20dbeb8f57c9d34d46,data_ml,p_count,aiot,0,17 Feb 2026 17:53:36
6994ac4ddbeb8f57c9d34d4d,data_ml,p_count,aiot,0,17 Feb 2026 17:58:37
6994ad79dbeb8f57c9d34d54,data_ml,p_count,aiot,0,17 Feb 2026 18:3:37
6994aea5dbeb8f57c9d34d5b,data_ml,p_count,aiot,0,17 Feb 2026 18:8:37
6994afd1dbeb8f57c9d34d62,data_ml,p_count,aiot,1,17 Feb 2026 18:13:37
6994b0fddbeb8f57c9d34d69,data_ml,p_count,aiot,0,17 Feb 2026 18:18:37
6994b228dbeb8f57c9d34d70,data_ml,p_count,aiot,0,17 Feb 2026 18:23:36
6994b355dbeb8f57c9d34d77,data_ml,p_count,aiot,0,17 Feb 2026 18:28:37
6994b481dbeb8f57c9d34d7e,data_ml,p_count,aiot,0,17 Feb 2026 18:33:37
6994b5addbeb8f57c9d34d84,data_ml,p_count,aiot,0,17 Feb 2026 18:38:37
6994b6d9dbeb8f57c9d34d8b,data_ml,p_count,aiot,0,17 Feb 2026 18:43:37
6994b805dbeb8f57c9d34d92,data_ml,p_count,aiot,1,17 Feb 2026 18:48:37
6994b931dbeb8f57c9d34d99,data_ml,p_count,aiot,0,17 Feb 2026 18:53:37
6994ba5ddbeb8f57c9d34da0,data_ml,p_count,aiot,0,17 Feb 2026 18:58:37
6994bb89dbeb8f57c9d34da7,data_ml,p_count,aiot,0,17 Feb 2026 19:3:37
6994bcb5dbeb8f57c9d34dae,data_ml,p_count,aiot,0,17 Feb 2026 19:8:37
6994bde1dbeb8f57c9d34db5,data_ml,p_count,aiot,0,17 Feb 2026 19:13:37
6994bf0ddbeb8f57c9d34dbc,data_ml,p_count,aiot,0,17 Feb 2026 19:18:37
6994c039dbeb8f57c9d34dc3,data_ml,p_count,aiot,0,17 Feb 2026 19:23:37
6994c165dbeb8f57c9d34dca,data_ml,p_count,aiot,0,17 Feb 2026 19:28:37
6994c291dbeb8f57c9d34dd1,data_ml,p_count,aiot,0,17 Feb 2026 19:33:37
6994c3bddbeb8f57c9d34dd8,data_ml,p_count,aiot,0,17 Feb 2026 19:38:37
6994c4e9dbeb8f57c9d34ddf,data_ml,p_count,aiot,0,17 Feb 2026 19:43:37
6994c615dbeb8f57c9d34de6,data_ml,p_count,aiot,0,17 Feb 2026 19:48:37
6994c741dbeb8f57c9d34ded,data_ml,p_count,aiot,0,17 Feb 2026 19:53:37
6994c86ddbeb8f57c9d34df4,data_ml,p_count,aiot,0,17 Feb 2026 19:58:37
6994c999dbeb8f57c9d34dfb,data_ml,p_count,aiot,0,17 Feb 2026 20:3:37
6994cbf1dbeb8f57c9d34e08,data_ml,p_count,aiot,0,17 Feb 2026 20:13:37
6994cd1ddbeb8f57c9d34e0f,data_ml,p_count,aiot,0,17 Feb 2026 20:18:37
6994ce49dbeb8f57c9d34e16,data_ml,p_count,aiot,0,17 Feb 2026 20:23:37
6994cf75dbeb8f57c9d34e1d,data_ml,p_count,aiot,0,17 Feb 2026 20:28:37
6994d0a1dbeb8f57c9d34e24,data_ml,p_count,aiot,0,17 Feb 2026 20:33:37
6994d1cddbeb8f57c9d34e2b,data_ml,p_count,aiot,0,17 Feb 2026 20:38:37
6994d2f9dbeb8f57c9d34e32,data_ml,p_count,aiot,0,17 Feb 2026 20:43:37
6994d425dbeb8f57c9d34e39,data_ml,p_count,aiot,0,17 Feb 2026 20:48:37
6994d551dbeb8f57c9d34e40,data_ml,p_count,aiot,0,17 Feb 2026 20:53:37
6994d67ddbeb8f57c9d34e47,data_ml,p_count,aiot,0,17 Feb 2026 20:58:37
6994d7a9dbeb8f57c9d34e4e,data_ml,p_count,aiot,0,17 Feb 2026 21:3:37
6994d8d5dbeb8f57c9d34e55,data_ml,p_count,aiot,0,17 Feb 2026 21:8:37
6994da01dbeb8f57c9d34e5c,data_ml,p_count,aiot,0,17 Feb 2026 21:13:37
6994db2ddbeb8f57c9d34e63,data_ml,p_count,aiot,0,17 Feb 2026 21:18:37
6994dc59dbeb8f57c9d34e6a,data_ml,p_count,aiot,0,17 Feb 2026 21:23:37
6994dd85dbeb8f57c9d34e71,data_ml,p_count,aiot,0,17 Feb 2026 21:28:37
6994deb1dbeb8f57c9d34e78,data_ml,p_count,aiot,0,17 Feb 2026 21:33:37
6994dfdddbeb8f57c9d34e7f,data_ml,p_count,aiot,0,17 Feb 2026 21:38:37
6994e109dbeb8f57c9d34e86,data_ml,p_count,aiot,0,17 Feb 2026 21:43:37
6994e235dbeb8f57c9d34e8d,data_ml,p_count,aiot,0,17 Feb 2026 21:48:37
6994e361dbeb8f57c9d34e94,data_ml,p_count,aiot,0,17 Feb 2026 21:53:37
6994e48ddbeb8f57c9d34e9b,data_ml,p_count,aiot,0,17 Feb 2026 21:58:37
6994e5b9dbeb8f57c9d34ea2,data_ml,p_count,aiot,0,17 Feb 2026 22:3:37
6994e6e5dbeb8f57c9d34ea9,data_ml,p_count,aiot,0,17 Feb 2026 22:8:37
6994e811dbeb8f57c9d34eb0,data_ml,p_count,aiot,0,17 Feb 2026 22:13:37
6994e93ddbeb8f57c9d34eb7,data_ml,p_count,aiot,0,17 Feb 2026 22:18:37
6994ea69dbeb8f57c9d34ebe,data_ml,p_count,aiot,0,17 Feb 2026 22:23:37
6994eb95dbeb8f57c9d34ec5,data_ml,p_count,aiot,0,17 Feb 2026 22:28:37
6994ecc1dbeb8f57c9d34ecc,data_ml,p_count,aiot,0,17 Feb 2026 22:33:37
6994ef1adbeb8f57c9d34ed9,data_ml,p_count,aiot,0,17 Feb 2026 22:43:38
6994f046dbeb8f57c9d34ee0,data_ml,p_count,aiot,0,17 Feb 2026 22:48:38
6994f172dbeb8f57c9d34ee7,data_ml,p_count,aiot,0,17 Feb 2026 22:53:38
6994f29edbeb8f57c9d34eee,data_ml,p_count,aiot,0,17 Feb 2026 22:58:38
6994f3cadbeb8f57c9d34ef5,data_ml,p_count,aiot,0,17 Feb 2026 23:3:38
6994f4f6dbeb8f57c9d34efc,data_ml,p_count,aiot,0,17 Feb 2026 23:8:38
6994f622dbeb8f57c9d34f03,data_ml,p_count,aiot,0,17 Feb 2026 23:13:38
6994f74edbeb8f57c9d34f0a,data_ml,p_count,aiot,0,17 Feb 2026 23:18:38
6994f87adbeb8f57c9d34f11,data_ml,p_count,aiot,0,17 Feb 2026 23:23:38
6994f9a6dbeb8f57c9d34f18,data_ml,p_count,aiot,0,17 Feb 2026 23:28:38
6994fad2dbeb8f57c9d34f1f,data_ml,p_count,aiot,0,17 Feb 2026 23:33:38
6994fbfedbeb8f57c9d34f26,data_ml,p_count,aiot,0,17 Feb 2026 23:38:38
6994fd2adbeb8f57c9d34f2d,data_ml,p_count,aiot,0,17 Feb 2026 23:43:38
6994fe56dbeb8f57c9d34f34,data_ml,p_count,aiot,0,17 Feb 2026 23:48:38
6994ff82dbeb8f57c9d34f3b,data_ml,p_count,aiot,0,17 Feb 2026 23:53:38
699500aedbeb8f57c9d34f42,data_ml,p_count,aiot,0,17 Feb 2026 23:58:38
699501dadbeb8f57c9d34f49,data_ml,p_count,aiot,0,18 Feb 2026 0:3:38
69950306dbeb8f57c9d34f50,data_ml,p_count,aiot,0,18 Feb 2026 0:8:38
69950432dbeb8f57c9d34f57,data_ml,p_count,aiot,0,18 Feb 2026 0:13:38
6995055edbeb8f57c9d34f5e,data_ml,p_count,aiot,0,18 Feb 2026 0:18:38
6995068adbeb8f57c9d34f64,data_ml,p_count,aiot,0,18 Feb 2026 0:23:38
699507b6dbeb8f57c9d34f66,data_ml,p_count,aiot,0,18 Feb 2026 0:28:38
699508e2dbeb8f57c9d34f68,data_ml,p_count,aiot,0,18 Feb 2026 0:33:38
69950a0edbeb8f57c9d34f6d,data_ml,p_count,aiot,0,18 Feb 2026 0:38:38
69950b3adbeb8f57c9d34f74,data_ml,p_count,aiot,0,18 Feb 2026 0:43:38
69950c66dbeb8f57c9d34f7b,data_ml,p_count,aiot,0,18 Feb 2026 0:48:38
69950d92dbeb8f57c9d34f82,data_ml,p_count,aiot,0,18 Feb 2026 0:53:38
69950ebedbeb8f57c9d34f89,data_ml,p_count,aiot,0,18 Feb 2026 0:58:38
69950feadbeb8f57c9d34f90,data_ml,p_count,aiot,0,18 Feb 2026 1:3:38
69951242dbeb8f57c9d34f9d,data_ml,p_count,aiot,0,18 Feb 2026 1:13:38
6995136edbeb8f57c9d34fa4,data_ml,p_count,aiot,0,18 Feb 2026 1:18:38
6995149adbeb8f57c9d34fab,data_ml,p_count,aiot,0,18 Feb 2026 1:23:38
699515c6dbeb8f57c9d34fb2,data_ml,p_count,aiot,0,18 Feb 2026 1:28:38
699516f2dbeb8f57c9d34fb9,data_ml,p_count,aiot,0,18 Feb 2026 1:33:38
6995181edbeb8f57c9d34fc0,data_ml,p_count,aiot,0,18 Feb 2026 1:38:38
6995194bdbeb8f57c9d34fc7,data_ml,p_count,aiot,0,18 Feb 2026 1:43:39
69951a76dbeb8f57c9d34fce,data_ml,p_count,aiot,0,18 Feb 2026 1:48:38
69951ba3dbeb8f57c9d34fd4,data_ml,p_count,aiot,0,18 Feb 2026 1:53:39
69951ccfdbeb8f57c9d34fd6,data_ml,p_count,aiot,0,18 Feb 2026 1:58:39
69951dfbdbeb8f57c9d34fdc,data_ml,p_count,aiot,0,18 Feb 2026 2:3:39
69951f27dbeb8f57c9d34fe3,data_ml,p_count,aiot,0,18 Feb 2026 2:8:39
69952053dbeb8f57c9d34fea,data_ml,p_count,aiot,0,18 Feb 2026 2:13:39
6995217fdbeb8f57c9d34ff1,data_ml,p_count,aiot,0,18 Feb 2026 2:18:39
699522abdbeb8f57c9d34ff8,data_ml,p_count,aiot,0,18 Feb 2026 2:23:39
699523d7dbeb8f57c9d34fff,data_ml,p_count,aiot,0,18 Feb 2026 2:28:39
69952503dbeb8f57c9d35006,data_ml,p_count,aiot,0,18 Feb 2026 2:33:39
6995262fdbeb8f57c9d3500d,data_ml,p_count,aiot,0,18 Feb 2026 2:38:39
6995275bdbeb8f57c9d35014,data_ml,p_count,aiot,0,18 Feb 2026 2:43:39
69952887dbeb8f57c9d3501b,data_ml,p_count,aiot,0,18 Feb 2026 2:48:39
699529b2dbeb8f57c9d35022,data_ml,p_count,aiot,0,18 Feb 2026 2:53:38
69952adfdbeb8f57c9d35029,data_ml,p_count,aiot,0,18 Feb 2026 2:58:39
69952c0bdbeb8f57c9d35030,data_ml,p_count,aiot,0,18 Feb 2026 3:3:39
69952d37dbeb8f57c9d35037,data_ml,p_count,aiot,0,18 Feb 2026 3:8:39
69952e63dbeb8f57c9d3503e,data_ml,p_count,aiot,0,18 Feb 2026 3:13:39
69952f8fdbeb8f57c9d35045,data_ml,p_count,aiot,0,18 Feb 2026 3:18:39
699530bbdbeb8f57c9d3504c,data_ml,p_count,aiot,0,18 Feb 2026 3:23:39
699531e7dbeb8f57c9d35053,data_ml,p_count,aiot,0,18 Feb 2026 3:28:39
69953313dbeb8f57c9d3505a,data_ml,p_count,aiot,0,18 Feb 2026 3:33:39
6995356bdbeb8f57c9d35067,data_ml,p_count,aiot,0,18 Feb 2026 3:43:39
69953697dbeb8f57c9d3506e,data_ml,p_count,aiot,0,18 Feb 2026 3:48:39
699537c3dbeb8f57c9d35075,data_ml,p_count,aiot,0,18 Feb 2026 3:53:39
699538efdbeb8f57c9d3507c,data_ml,p_count,aiot,0,18 Feb 2026 3:58:39
69953a1bdbeb8f57c9d35083,data_ml,p_count,aiot,0,18 Feb 2026 4:3:39
69953b47dbeb8f57c9d3508a,data_ml,p_count,aiot,0,18 Feb 2026 4:8:39
69953c73dbeb8f57c9d35091,data_ml,p_count,aiot,0,18 Feb 2026 4:13:39
69953d9fdbeb8f57c9d35098,data_ml,p_count,aiot,0,18 Feb 2026 4:18:39
69953ecbdbeb8f57c9d3509f,data_ml,p_count,aiot,0,18 Feb 2026 4:23:39
69953ff7dbeb8f57c9d350a6,data_ml,p_count,aiot,0,18 Feb 2026 4:28:39
69954123dbeb8f57c9d350ad,data_ml,p_count,aiot,0,18 Feb 2026 4:33:39
6995424fdbeb8f57c9d350b4,data_ml,p_count,aiot,0,18 Feb 2026 4:38:39
6995437bdbeb8f57c9d350bb,data_ml,p_count,aiot,0,18 Feb 2026 4:43:39
699544a7dbeb8f57c9d350c2,data_ml,p_count,aiot,0,18 Feb 2026 4:48:39
699545d3dbeb8f57c9d350c9,data_ml,p_count,aiot,0,18 Feb 2026 4:53:39
699546ffdbeb8f57c9d350d0,data_ml,p_count,aiot,0,18 Feb 2026 4:58:39
6995482bdbeb8f57c9d350d7,data_ml,p_count,aiot,0,18 Feb 2026 5:3:39
69954957dbeb8f57c9d350de,data_ml,p_count,aiot,0,18 Feb 2026 5:8:39
69954a83dbeb8f57c9d350e5,data_ml,p_count,aiot,0,18 Feb 2026 5:13:39
69954bafdbeb8f57c9d350ec,data_ml,p_count,aiot,0,18 Feb 2026 5:18:39
69954cdbdbeb8f57c9d350f3,data_ml,p_count,aiot,0,18 Feb 2026 5:23:39
69954e07dbeb8f57c9d350fa,data_ml,p_count,aiot,0,18 Feb 2026 5:28:39
69954f33dbeb8f57c9d35101,data_ml,p_count,aiot,0,18 Feb 2026 5:33:39
6995505fdbeb8f57c9d35108,data_ml,p_count,aiot,3,18 Feb 2026 5:38:39
6995518bdbeb8f57c9d3510f,data_ml,p_count,aiot,0,18 Feb 2026 5:43:39
699552b7dbeb8f57c9d35116,data_ml,p_count,aiot,0,18 Feb 2026 5:48:39
699553e3dbeb8f57c9d3511d,data_ml,p_count,aiot,0,18 Feb 2026 5:53:39
6995550fdbeb8f57c9d35124,data_ml,p_count,aiot,0,18 Feb 2026 5:58:39
6995563bdbeb8f57c9d3512b,data_ml,p_count,aiot,0,18 Feb 2026 6:3:39
69955894dbeb8f57c9d35138,data_ml,p_count,aiot,0,18 Feb 2026 6:13:40
699559c0dbeb8f57c9d3513f,data_ml,p_count,aiot,0,18 Feb 2026 6:18:40
69955aecdbeb8f57c9d35146,data_ml,p_count,aiot,0,18 Feb 2026 6:23:40
69955c18dbeb8f57c9d3514d,data_ml,p_count,aiot,0,18 Feb 2026 6:28:40
69955d44dbeb8f57c9d35154,data_ml,p_count,aiot,0,18 Feb 2026 6:33:40
69955e70dbeb8f57c9d3515b,data_ml,p_count,aiot,0,18 Feb 2026 6:38:40
69955f9cdbeb8f57c9d35162,data_ml,p_count,aiot,0,18 Feb 2026 6:43:40
699560c8dbeb8f57c9d35169,data_ml,p_count,aiot,2,18 Feb 2026 6:48:40
699561f4dbeb8f57c9d35170,data_ml,p_count,aiot,0,18 Feb 2026 6:53:40
69956320dbeb8f57c9d35177,data_ml,p_count,aiot,1,18 Feb 2026 6:58:40
6995644cdbeb8f57c9d3517e,data_ml,p_count,aiot,0,18 Feb 2026 7:3:40
69956578dbeb8f57c9d35185,data_ml,p_count,aiot,0,18 Feb 2026 7:8:40
699566a4dbeb8f57c9d3518c,data_ml,p_count,aiot,0,18 Feb 2026 7:13:40
699567d0dbeb8f57c9d35193,data_ml,p_count,aiot,0,18 Feb 2026 7:18:40
699568fcdbeb8f57c9d3519a,data_ml,p_count,aiot,0,18 Feb 2026 7:23:40
69956a28dbeb8f57c9d351a1,data_ml,p_count,aiot,0,18 Feb 2026 7:28:40
69956b54dbeb8f57c9d351a8,data_ml,p_count,aiot,2,18 Feb 2026 7:33:40
69956c80dbeb8f57c9d351af,data_ml,p_count,aiot,0,18 Feb 2026 7:38:40
69956dacdbeb8f57c9d351b6,data_ml,p_count,aiot,1,18 Feb 2026 7:43:40
69956ed8dbeb8f57c9d351bd,data_ml,p_count,aiot,1,18 Feb 2026 7:48:40
69957004dbeb8f57c9d351c4,data_ml,p_count,aiot,5,18 Feb 2026 7:53:40
69957130dbeb8f57c9d351cb,data_ml,p_count,aiot,0,18 Feb 2026 7:58:40
6995725cdbeb8f57c9d351d2,data_ml,p_count,aiot,2,18 Feb 2026 8:3:40
69957388dbeb8f57c9d351d9,data_ml,p_count,aiot,0,18 Feb 2026 8:8:40
699574b4dbeb8f57c9d351e0,data_ml,p_count,aiot,1,18 Feb 2026 8:13:40
699575e0dbeb8f57c9d351e7,data_ml,p_count,aiot,2,18 Feb 2026 8:18:40
6995770cdbeb8f57c9d351ee,data_ml,p_count,aiot,2,18 Feb 2026 8:23:40
69957838dbeb8f57c9d351f5,data_ml,p_count,aiot,0,18 Feb 2026 8:28:40
69957964dbeb8f57c9d351fc,data_ml,p_count,aiot,0,18 Feb 2026 8:33:40
69957bbcdbeb8f57c9d35209,data_ml,p_count,aiot,0,18 Feb 2026 8:43:40
69957ce9dbeb8f57c9d35210,data_ml,p_count,aiot,4,18 Feb 2026 8:48:41
69957e15dbeb8f57c9d35217,data_ml,p_count,aiot,0,18 Feb 2026 8:53:41
69957f40dbeb8f57c9d3521e,data_ml,p_count,aiot,1,18 Feb 2026 8:58:40
6995806ddbeb8f57c9d35225,data_ml,p_count,aiot,1,18 Feb 2026 9:3:41
69958199dbeb8f57c9d3522c,data_ml,p_count,aiot,3,18 Feb 2026 9:8:41
699582c4dbeb8f57c9d35233,data_ml,p_count,aiot,1,18 Feb 2026 9:13:40
699583f1dbeb8f57c9d3523a,data_ml,p_count,aiot,2,18 Feb 2026 9:18:41
6995851ddbeb8f57c9d35241,data_ml,p_count,aiot,0,18 Feb 2026 9:23:41
69958649dbeb8f57c9d35248,data_ml,p_count,aiot,0,18 Feb 2026 9:28:41
69958775dbeb8f57c9d3524f,data_ml,p_count,aiot,1,18 Feb 2026 9:33:41
699588a1dbeb8f57c9d35256,data_ml,p_count,aiot,1,18 Feb 2026 9:38:41
699589cddbeb8f57c9d3525d,data_ml,p_count,aiot,0,18 Feb 2026 9:43:41
69958af9dbeb8f57c9d35264,data_ml,p_count,aiot,0,18 Feb 2026 9:48:41
69958c25dbeb8f57c9d3526b,data_ml,p_count,aiot,2,18 Feb 2026 9:53:41
69958d51dbeb8f57c9d35272,data_ml,p_count,aiot,0,18 Feb 2026 9:58:41
69958e7ddbeb8f57c9d35279,data_ml,p_count,aiot,0,18 Feb 2026 10:3:41
69958fa9dbeb8f57c9d35280,data_ml,p_count,aiot,0,18 Feb 2026 10:8:41
699590d5dbeb8f57c9d35287,data_ml,p_count,aiot,0,18 Feb 2026 10:13:41
69959201dbeb8f57c9d3528e,data_ml,p_count,aiot,1,18 Feb 2026 10:18:41
6995932ddbeb8f57c9d35295,data_ml,p_count,aiot,0,18 Feb 2026 10:23:41
69959459dbeb8f57c9d3529c,data_ml,p_count,aiot,0,18 Feb 2026 10:28:41
69959585dbeb8f57c9d352a3,data_ml,p_count,aiot,1,18 Feb 2026 10:33:41
699596b1dbeb8f57c9d352aa,data_ml,p_count,aiot,2,18 Feb 2026 10:38:41
699597dddbeb8f57c9d352b1,data_ml,p_count,aiot,3,18 Feb 2026 10:43:41
69959909dbeb8f57c9d352b8,data_ml,p_count,aiot,1,18 Feb 2026 10:48:41
69959a35dbeb8f57c9d352bf,data_ml,p_count,aiot,1,18 Feb 2026 10:53:41
69959b61dbeb8f57c9d352c6,data_ml,p_count,aiot,0,18 Feb 2026 10:58:41
69959c8ddbeb8f57c9d352cd,data_ml,p_count,aiot,0,18 Feb 2026 11:3:41
69959ee5dbeb8f57c9d352da,data_ml,p_count,aiot,9,18 Feb 2026 11:13:41
6995a011dbeb8f57c9d352e1,data_ml,p_count,aiot,1,18 Feb 2026 11:18:41
6995a13ddbeb8f57c9d352e8,data_ml,p_count,aiot,3,18 Feb 2026 11:23:41
6995a269dbeb8f57c9d352ef,data_ml,p_count,aiot,0,18 Feb 2026 11:28:41
6995a395dbeb8f57c9d352f6,data_ml,p_count,aiot,1,18 Feb 2026 11:33:41
6995a4c1dbeb8f57c9d352fd,data_ml,p_count,aiot,1,18 Feb 2026 11:38:41
6995a5eddbeb8f57c9d35304,data_ml,p_count,aiot,0,18 Feb 2026 11:43:41
6995a719dbeb8f57c9d3530b,data_ml,p_count,aiot,0,18 Feb 2026 11:48:41
6995a846dbeb8f57c9d35312,data_ml,p_count,aiot,1,18 Feb 2026 11:53:42
6995a971dbeb8f57c9d35319,data_ml,p_count,aiot,0,18 Feb 2026 11:58:41
6995aa9ddbeb8f57c9d35320,data_ml,p_count,aiot,2,18 Feb 2026 12:3:41
6995abc9dbeb8f57c9d35327,data_ml,p_count,aiot,5,18 Feb 2026 12:8:41
6995acf5dbeb8f57c9d3532e,data_ml,p_count,aiot,0,18 Feb 2026 12:13:41
6995ae21dbeb8f57c9d35335,data_ml,p_count,aiot,0,18 Feb 2026 12:18:41
6995af4ddbeb8f57c9d3533c,data_ml,p_count,aiot,0,18 Feb 2026 12:23:41
6995b079dbeb8f57c9d35343,data_ml,p_count,aiot,0,18 Feb 2026 12:28:41
6995b1a5dbeb8f57c9d3534a,data_ml,p_count,aiot,2,18 Feb 2026 12:33:41
6995b2d1dbeb8f57c9d35351,data_ml,p_count,aiot,2,18 Feb 2026 12:38:41
6995b3fedbeb8f57c9d35358,data_ml,p_count,aiot,0,18 Feb 2026 12:43:42
6995b529dbeb8f57c9d3535f,data_ml,p_count,aiot,0,18 Feb 2026 12:48:41
6995b655dbeb8f57c9d35366,data_ml,p_count,aiot,0,18 Feb 2026 12:53:41
6995b781dbeb8f57c9d3536d,data_ml,p_count,aiot,1,18 Feb 2026 12:58:41
6995b8aedbeb8f57c9d35374,data_ml,p_count,aiot,0,18 Feb 2026 13:3:42
6995b9dadbeb8f57c9d3537b,data_ml,p_count,aiot,0,18 Feb 2026 13:8:42
6995bb06dbeb8f57c9d35382,data_ml,p_count,aiot,0,18 Feb 2026 13:13:42
6995bc32dbeb8f57c9d35389,data_ml,p_count,aiot,0,18 Feb 2026 13:18:42
6995bd5edbeb8f57c9d35390,data_ml,p_count,aiot,0,18 Feb 2026 13:23:42
6995be8adbeb8f57c9d35397,data_ml,p_count,aiot,0,18 Feb 2026 13:28:42
6995bfb5dbeb8f57c9d3539e,data_ml,p_count,aiot,0,18 Feb 2026 13:33:41
6995c20edbeb8f57c9d353ab,data_ml,p_count,aiot,2,18 Feb 2026 13:43:42
6995c33adbeb8f57c9d353b2,data_ml,p_count,aiot,1,18 Feb 2026 13:48:42
6995c466dbeb8f57c9d353b9,data_ml,p_count,aiot,0,18 Feb 2026 13:53:42
6995c592dbeb8f57c9d353c0,data_ml,p_count,aiot,4,18 Feb 2026 13:58:42
6995c6bedbeb8f57c9d353c7,data_ml,p_count,aiot,1,18 Feb 2026 14:3:42
6995c7eadbeb8f57c9d353ce,data_ml,p_count,aiot,3,18 Feb 2026 14:8:42
6995c916dbeb8f57c9d353d5,data_ml,p_count,aiot,0,18 Feb 2026 14:13:42
6995ca42dbeb8f57c9d353dc,data_ml,p_count,aiot,1,18 Feb 2026 14:18:42
6995cb6edbeb8f57c9d353e3,data_ml,p_count,aiot,0,18 Feb 2026 14:23:42
6995cc9adbeb8f57c9d353ea,data_ml,p_count,aiot,1,18 Feb 2026 14:28:42
6995cdc6dbeb8f57c9d353f1,data_ml,p_count,aiot,1,18 Feb 2026 14:33:42
6995cef2dbeb8f57c9d353f8,data_ml,p_count,aiot,0,18 Feb 2026 14:38:42
6995d01edbeb8f57c9d353ff,data_ml,p_count,aiot,0,18 Feb 2026 14:43:42
6995d14adbeb8f57c9d35406,data_ml,p_count,aiot,0,18 Feb 2026 14:48:42
6995d276dbeb8f57c9d3540d,data_ml,p_count,aiot,1,18 Feb 2026 14:53:42
6995d3a2dbeb8f57c9d35414,data_ml,p_count,aiot,1,18 Feb 2026 14:58:42
6995d4cedbeb8f57c9d3541b,data_ml,p_count,aiot,0,18 Feb 2026 15:3:42
6995d5fadbeb8f57c9d35422,data_ml,p_count,aiot,0,18 Feb 2026 15:8:42
6995d726dbeb8f57c9d35429,data_ml,p_count,aiot,0,18 Feb 2026 15:13:42
6995d852dbeb8f57c9d35430,data_ml,p_count,aiot,0,18 Feb 2026 15:18:42
6995d97edbeb8f57c9d35437,data_ml,p_count,aiot,0,18 Feb 2026 15:23:42
6995daaadbeb8f57c9d3543e,data_ml,p_count,aiot,0,18 Feb 2026 15:28:42
6995dbd6dbeb8f57c9d35445,data_ml,p_count,aiot,0,18 Feb 2026 15:33:42
6995dd02dbeb8f57c9d3544c,data_ml,p_count,aiot,0,18 Feb 2026 15:38:42
6995de2edbeb8f57c9d35453,data_ml,p_count,aiot,1,18 Feb 2026 15:43:42
6995df5adbeb8f57c9d3545a,data_ml,p_count,aiot,1,18 Feb 2026 15:48:42
6995e086dbeb8f57c9d35461,data_ml,p_count,aiot,0,18 Feb 2026 15:53:42
6995e1b2dbeb8f57c9d35468,data_ml,p_count,aiot,0,18 Feb 2026 15:58:42
6995e2dedbeb8f57c9d3546f,data_ml,p_count,aiot,32,18 Feb 2026 16:3:42
6995e537dbeb8f57c9d3547c,data_ml,p_count,aiot,0,18 Feb 2026 16:13:43
6995e663dbeb8f57c9d35483,data_ml,p_count,aiot,0,18 Feb 2026 16:18:43
6995e78fdbeb8f57c9d3548a,data_ml,p_count,aiot,0,18 Feb 2026 16:23:43
6995e8bbdbeb8f57c9d35491,data_ml,p_count,aiot,0,18 Feb 2026 16:28:43
6995e9e7dbeb8f57c9d35498,data_ml,p_count,aiot,0,18 Feb 2026 16:33:43
6995eb13dbeb8f57c9d3549f,data_ml,p_count,aiot,0,18 Feb 2026 16:38:43
6995ec3fdbeb8f57c9d354a6,data_ml,p_count,aiot,0,18 Feb 2026 16:43:43
6995ed6bdbeb8f57c9d354ad,data_ml,p_count,aiot,0,18 Feb 2026 16:48:43
6995ee97dbeb8f57c9d354b4,data_ml,p_count,aiot,0,18 Feb 2026 16:53:43
6995efc3dbeb8f57c9d354bb,data_ml,p_count,aiot,0,18 Feb 2026 16:58:43
6995f0efdbeb8f57c9d354c2,data_ml,p_count,aiot,0,18 Feb 2026 17:3:43
6995f21bdbeb8f57c9d354c9,data_ml,p_count,aiot,0,18 Feb 2026 17:8:43
6995f347dbeb8f57c9d354d0,data_ml,p_count,aiot,0,18 Feb 2026 17:13:43
6995f473dbeb8f57c9d354d7,data_ml,p_count,aiot,0,18 Feb 2026 17:18:43
6995f59fdbeb8f57c9d354de,data_ml,p_count,aiot,1,18 Feb 2026 17:23:43
6995f6cbdbeb8f57c9d354e5,data_ml,p_count,aiot,0,18 Feb 2026 17:28:43
6995f7f7dbeb8f57c9d354ec,data_ml,p_count,aiot,0,18 Feb 2026 17:33:43
6995f923dbeb8f57c9d354f3,data_ml,p_count,aiot,0,18 Feb 2026 17:38:43
6995fa4fdbeb8f57c9d354fa,data_ml,p_count,aiot,0,18 Feb 2026 17:43:43
6995fb7bdbeb8f57c9d35501,data_ml,p_count,aiot,0,18 Feb 2026 17:48:43
6995fca7dbeb8f57c9d35508,data_ml,p_count,aiot,0,18 Feb 2026 17:53:43
6995fdd3dbeb8f57c9d3550f,data_ml,p_count,aiot,0,18 Feb 2026 17:58:43
6995feffdbeb8f57c9d35516,data_ml,p_count,aiot,0,18 Feb 2026 18:3:43
6996002bdbeb8f57c9d3551d,data_ml,p_count,aiot,0,18 Feb 2026 18:8:43
69960157dbeb8f57c9d35524,data_ml,p_count,aiot,1,18 Feb 2026 18:13:43
69960283dbeb8f57c9d3552b,data_ml,p_count,aiot,1,18 Feb 2026 18:18:43
699603af49acd2dfafbba345,data_ml,p_count,aiot,0,18 Feb 2026 18:23:43
699604db49acd2dfafbba34c,data_ml,p_count,aiot,0,18 Feb 2026 18:28:43
6996060749acd2dfafbba353,data_ml,p_count,aiot,0,18 Feb 2026 18:33:43
6996085f49acd2dfafbba360,data_ml,p_count,aiot,0,18 Feb 2026 18:43:43
6996098b49acd2dfafbba367,data_ml,p_count,aiot,0,18 Feb 2026 18:48:43
69960ab749acd2dfafbba36e,data_ml,p_count,aiot,0,18 Feb 2026 18:53:43
69960be349acd2dfafbba375,data_ml,p_count,aiot,0,18 Feb 2026 18:58:43
69960d0f49acd2dfafbba37c,data_ml,p_count,aiot,0,18 Feb 2026 19:3:43
69960e3b49acd2dfafbba383,data_ml,p_count,aiot,0,18 Feb 2026 19:8:43
69960f6749acd2dfafbba38a,data_ml,p_count,aiot,0,18 Feb 2026 19:13:43
6996109349acd2dfafbba391,data_ml,p_count,aiot,0,18 Feb 2026 19:18:43
699611bf49acd2dfafbba398,data_ml,p_count,aiot,0,18 Feb 2026 19:23:43
699612eb49acd2dfafbba39f,data_ml,p_count,aiot,0,18 Feb 2026 19:28:43
6996141849acd2dfafbba3a6,data_ml,p_count,aiot,0,18 Feb 2026 19:33:44
6996154449acd2dfafbba3ad,data_ml,p_count,aiot,0,18 Feb 2026 19:38:44
6996166f49acd2dfafbba3b4,data_ml,p_count,aiot,0,18 Feb 2026 19:43:43
6996179c49acd2dfafbba3bb,data_ml,p_count,aiot,0,18 Feb 2026 19:48:44
699618c849acd2dfafbba3c2,data_ml,p_count,aiot,0,18 Feb 2026 19:53:44
699619f349acd2dfafbba3c9,data_ml,p_count,aiot,0,18 Feb 2026 19:58:43
69961b1f49acd2dfafbba3d0,data_ml,p_count,aiot,0,18 Feb 2026 20:3:43
69961c4c49acd2dfafbba3d7,data_ml,p_count,aiot,0,18 Feb 2026 20:8:44
69961d7849acd2dfafbba3de,data_ml,p_count,aiot,0,18 Feb 2026 20:13:44
69961ea449acd2dfafbba3e5,data_ml,p_count,aiot,0,18 Feb 2026 20:18:44
69961fd049acd2dfafbba3ec,data_ml,p_count,aiot,0,18 Feb 2026 20:23:44
699620fc49acd2dfafbba3f3,data_ml,p_count,aiot,0,18 Feb 2026 20:28:44
6996222849acd2dfafbba3fa,data_ml,p_count,aiot,0,18 Feb 2026 20:33:44
6996235449acd2dfafbba401,data_ml,p_count,aiot,0,18 Feb 2026 20:38:44
6996248049acd2dfafbba408,data_ml,p_count,aiot,0,18 Feb 2026 20:43:44
699625ac49acd2dfafbba40f,data_ml,p_count,aiot,0,18 Feb 2026 20:48:44
699626d849acd2dfafbba416,data_ml,p_count,aiot,0,18 Feb 2026 20:53:44
6996280449acd2dfafbba41d,data_ml,p_count,aiot,0,18 Feb 2026 20:58:44
6996293049acd2dfafbba424,data_ml,p_count,aiot,0,18 Feb 2026 21:3:44
69962b8849acd2dfafbba431,data_ml,p_count,aiot,0,18 Feb 2026 21:13:44
69962cb449acd2dfafbba438,data_ml,p_count,aiot,0,18 Feb 2026 21:18:44
69962de049acd2dfafbba43f,data_ml,p_count,aiot,0,18 Feb 2026 21:23:44
69962f0c49acd2dfafbba446,data_ml,p_count,aiot,0,18 Feb 2026 21:28:44
6996303849acd2dfafbba44d,data_ml,p_count,aiot,0,18 Feb 2026 21:33:44
6996316449acd2dfafbba454,data_ml,p_count,aiot,0,18 Feb 2026 21:38:44
6996329049acd2dfafbba45b,data_ml,p_count,aiot,0,18 Feb 2026 21:43:44
699633bc49acd2dfafbba462,data_ml,p_count,aiot,0,18 Feb 2026 21:48:44
699634e849acd2dfafbba469,data_ml,p_count,aiot,0,18 Feb 2026 21:53:44
6996361449acd2dfafbba470,data_ml,p_count,aiot,0,18 Feb 2026 21:58:44
6996374049acd2dfafbba477,data_ml,p_count,aiot,0,18 Feb 2026 22:3:44
6996386c49acd2dfafbba47e,data_ml,p_count,aiot,0,18 Feb 2026 22:8:44
6996399849acd2dfafbba485,data_ml,p_count,aiot,0,18 Feb 2026 22:13:44
69963ac449acd2dfafbba48c,data_ml,p_count,aiot,0,18 Feb 2026 22:18:44
69963bf049acd2dfafbba493,data_ml,p_count,aiot,0,18 Feb 2026 22:23:44
69963d1c49acd2dfafbba49a,data_ml,p_count,aiot,0,18 Feb 2026 22:28:44
69963e4849acd2dfafbba4a1,data_ml,p_count,aiot,0,18 Feb 2026 22:33:44
69963f7449acd2dfafbba4a8,data_ml,p_count,aiot,0,18 Feb 2026 22:38:44
699640a049acd2dfafbba4af,data_ml,p_count,aiot,0,18 Feb 2026 22:43:44
699641cc49acd2dfafbba4b6,data_ml,p_count,aiot,0,18 Feb 2026 22:48:44
699642f849acd2dfafbba4bd,data_ml,p_count,aiot,0,18 Feb 2026 22:53:44
6996442449acd2dfafbba4c4,data_ml,p_count,aiot,0,18 Feb 2026 22:58:44
6996455049acd2dfafbba4cb,data_ml,p_count,aiot,0,18 Feb 2026 23:3:44
6996467c49acd2dfafbba4d2,data_ml,p_count,aiot,0,18 Feb 2026 23:8:44
699647a849acd2dfafbba4d9,data_ml,p_count,aiot,0,18 Feb 2026 23:13:44
699648d449acd2dfafbba4e0,data_ml,p_count,aiot,0,18 Feb 2026 23:18:44
69964a0049acd2dfafbba4e7,data_ml,p_count,aiot,0,18 Feb 2026 23:23:44
69964b2c49acd2dfafbba4ee,data_ml,p_count,aiot,0,18 Feb 2026 23:28:44
69964c5849acd2dfafbba4f5,data_ml,p_count,aiot,0,18 Feb 2026 23:33:44
69964eb149acd2dfafbba502,data_ml,p_count,aiot,0,18 Feb 2026 23:43:45
69964fdd49acd2dfafbba509,data_ml,p_count,aiot,0,18 Feb 2026 23:48:45
6996510949acd2dfafbba510,data_ml,p_count,aiot,0,18 Feb 2026 23:53:45
6996523549acd2dfafbba517,data_ml,p_count,aiot,0,18 Feb 2026 23:58:45
6996536149acd2dfafbba51e,data_ml,p_count,aiot,0,19 Feb 2026 0:3:45
6996548d49acd2dfafbba525,data_ml,p_count,aiot,0,19 Feb 2026 0:8:45
699655b949acd2dfafbba52c,data_ml,p_count,aiot,0,19 Feb 2026 0:13:45
699656e549acd2dfafbba533,data_ml,p_count,aiot,0,19 Feb 2026 0:18:45
6996581149acd2dfafbba53a,data_ml,p_count,aiot,0,19 Feb 2026 0:23:45
6996593d49acd2dfafbba541,data_ml,p_count,aiot,0,19 Feb 2026 0:28:45
69965a6949acd2dfafbba548,data_ml,p_count,aiot,0,19 Feb 2026 0:33:45
69965b9549acd2dfafbba54f,data_ml,p_count,aiot,0,19 Feb 2026 0:38:45
69965cc149acd2dfafbba556,data_ml,p_count,aiot,0,19 Feb 2026 0:43:45
69965ded49acd2dfafbba55d,data_ml,p_count,aiot,0,19 Feb 2026 0:48:45
69965f1949acd2dfafbba564,data_ml,p_count,aiot,0,19 Feb 2026 0:53:45
6996604549acd2dfafbba56b,data_ml,p_count,aiot,0,19 Feb 2026 0:58:45
6996617149acd2dfafbba572,data_ml,p_count,aiot,0,19 Feb 2026 1:3:45
6996629d49acd2dfafbba579,data_ml,p_count,aiot,0,19 Feb 2026 1:8:45
699663c949acd2dfafbba580,data_ml,p_count,aiot,0,19 Feb 2026 1:13:45
699664f549acd2dfafbba587,data_ml,p_count,aiot,0,19 Feb 2026 1:18:45
6996662149acd2dfafbba58e,data_ml,p_count,aiot,0,19 Feb 2026 1:23:45
6996674d49acd2dfafbba595,data_ml,p_count,aiot,0,19 Feb 2026 1:28:45
6996687949acd2dfafbba59c,data_ml,p_count,aiot,0,19 Feb 2026 1:33:45
699669a549acd2dfafbba5a3,data_ml,p_count,aiot,0,19 Feb 2026 1:38:45
69966ad149acd2dfafbba5aa,data_ml,p_count,aiot,0,19 Feb 2026 1:43:45
69966bfd49acd2dfafbba5b1,data_ml,p_count,aiot,0,19 Feb 2026 1:48:45
69966d2949acd2dfafbba5b8,data_ml,p_count,aiot,0,19 Feb 2026 1:53:45
69966e5549acd2dfafbba5bf,data_ml,p_count,aiot,0,19 Feb 2026 1:58:45
69966f8149acd2dfafbba5c6,data_ml,p_count,aiot,0,19 Feb 2026 2:3:45
699671d949acd2dfafbba5d3,data_ml,p_count,aiot,0,19 Feb 2026 2:13:45
6996730549acd2dfafbba5da,data_ml,p_count,aiot,0,19 Feb 2026 2:18:45
6996743149acd2dfafbba5e1,data_ml,p_count,aiot,0,19 Feb 2026 2:23:45
6996755d49acd2dfafbba5e8,data_ml,p_count,aiot,0,19 Feb 2026 2:28:45
6996768949acd2dfafbba5ef,data_ml,p_count,aiot,0,19 Feb 2026 2:33:45
699677b549acd2dfafbba5f6,data_ml,p_count,aiot,0,19 Feb 2026 2:38:45
699678e149acd2dfafbba5fc,data_ml,p_count,aiot,0,19 Feb 2026 2:43:45
69967a0d49acd2dfafbba603,data_ml,p_count,aiot,0,19 Feb 2026 2:48:45
69967b3949acd2dfafbba60a,data_ml,p_count,aiot,0,19 Feb 2026 2:53:45
69967c6649acd2dfafbba611,data_ml,p_count,aiot,0,19 Feb 2026 2:58:46
69967d9149acd2dfafbba618,data_ml,p_count,aiot,0,19 Feb 2026 3:3:45
69967ebe49acd2dfafbba61f,data_ml,p_count,aiot,0,19 Feb 2026 3:8:46
69967fe949acd2dfafbba626,data_ml,p_count,aiot,0,19 Feb 2026 3:13:45
6996811549acd2dfafbba62d,data_ml,p_count,aiot,0,19 Feb 2026 3:18:45
6996824149acd2dfafbba634,data_ml,p_count,aiot,0,19 Feb 2026 3:23:45
6996836e49acd2dfafbba63a,data_ml,p_count,aiot,0,19 Feb 2026 3:28:46
6996849949acd2dfafbba641,data_ml,p_count,aiot,0,19 Feb 2026 3:33:45
699685c549acd2dfafbba648,data_ml,p_count,aiot,0,19 Feb 2026 3:38:45
699686f249acd2dfafbba64f,data_ml,p_count,aiot,0,19 Feb 2026 3:43:46
6996881e49acd2dfafbba656,data_ml,p_count,aiot,0,19 Feb 2026 3:48:46
6996894a49acd2dfafbba65d,data_ml,p_count,aiot,0,19 Feb 2026 3:53:46
69968a7649acd2dfafbba664,data_ml,p_count,aiot,0,19 Feb 2026 3:58:46
69968ba249acd2dfafbba66b,data_ml,p_count,aiot,0,19 Feb 2026 4:3:46
69968cce49acd2dfafbba672,data_ml,p_count,aiot,0,19 Feb 2026 4:8:46
69968dfa49acd2dfafbba679,data_ml,p_count,aiot,0,19 Feb 2026 4:13:46
69968f2649acd2dfafbba680,data_ml,p_count,aiot,0,19 Feb 2026 4:18:46
6996905249acd2dfafbba687,data_ml,p_count,aiot,0,19 Feb 2026 4:23:46
6996917e49acd2dfafbba68e,data_ml,p_count,aiot,0,19 Feb 2026 4:28:46
699692aa49acd2dfafbba695,data_ml,p_count,aiot,0,19 Feb 2026 4:33:46
6996950249acd2dfafbba6a2,data_ml,p_count,aiot,0,19 Feb 2026 4:43:46
6996962e49acd2dfafbba6a9,data_ml,p_count,aiot,0,19 Feb 2026 4:48:46
6996975a49acd2dfafbba6b0,data_ml,p_count,aiot,0,19 Feb 2026 4:53:46
6996988649acd2dfafbba6b7,data_ml,p_count,aiot,0,19 Feb 2026 4:58:46
699699b249acd2dfafbba6be,data_ml,p_count,aiot,0,19 Feb 2026 5:3:46
69969ade49acd2dfafbba6c5,data_ml,p_count,aiot,0,19 Feb 2026 5:8:46
69969c0a49acd2dfafbba6cc,data_ml,p_count,aiot,0,19 Feb 2026 5:13:46
69969d3649acd2dfafbba6d3,data_ml,p_count,aiot,0,19 Feb 2026 5:18:46
69969e6249acd2dfafbba6da,data_ml,p_count,aiot,0,19 Feb 2026 5:23:46
69969f8e49acd2dfafbba6e1,data_ml,p_count,aiot,0,19 Feb 2026 5:28:46
6996a0ba49acd2dfafbba6e8,data_ml,p_count,aiot,0,19 Feb 2026 5:33:46
6996a1e649acd2dfafbba6ef,data_ml,p_count,aiot,0,19 Feb 2026 5:38:46
6996a31249acd2dfafbba6f6,data_ml,p_count,aiot,0,19 Feb 2026 5:43:46
6996a43e49acd2dfafbba6fd,data_ml,p_count,aiot,0,19 Feb 2026 5:48:46
6996a56a49acd2dfafbba704,data_ml,p_count,aiot,0,19 Feb 2026 5:53:46
6996a69649acd2dfafbba70b,data_ml,p_count,aiot,0,19 Feb 2026 5:58:46
6996a7c249acd2dfafbba712,data_ml,p_count,aiot,0,19 Feb 2026 6:3:46
6996a8ee49acd2dfafbba719,data_ml,p_count,aiot,0,19 Feb 2026 6:8:46
6996aa1a49acd2dfafbba720,data_ml,p_count,aiot,0,19 Feb 2026 6:13:46
6996ab4649acd2dfafbba727,data_ml,p_count,aiot,0,19 Feb 2026 6:18:46
6996ac7249acd2dfafbba72e,data_ml,p_count,aiot,0,19 Feb 2026 6:23:46
6996ad9e49acd2dfafbba735,data_ml,p_count,aiot,0,19 Feb 2026 6:28:46
6996aeca49acd2dfafbba73c,data_ml,p_count,aiot,0,19 Feb 2026 6:33:46
6996aff649acd2dfafbba743,data_ml,p_count,aiot,0,19 Feb 2026 6:38:46
6996b12249acd2dfafbba74a,data_ml,p_count,aiot,0,19 Feb 2026 6:43:46
6996b24e49acd2dfafbba751,data_ml,p_count,aiot,2,19 Feb 2026 6:48:46
6996b37b49acd2dfafbba758,data_ml,p_count,aiot,0,19 Feb 2026 6:53:47
6996b4a649acd2dfafbba75f,data_ml,p_count,aiot,2,19 Feb 2026 6:58:46
6996b5d249acd2dfafbba766,data_ml,p_count,aiot,1,19 Feb 2026 7:3:46
6996b82b49acd2dfafbba773,data_ml,p_count,aiot,0,19 Feb 2026 7:13:47
6996b95749acd2dfafbba77a,data_ml,p_count,aiot,3,19 Feb 2026 7:18:47
6996ba8349acd2dfafbba781,data_ml,p_count,aiot,0,19 Feb 2026 7:23:47
6996bbaf49acd2dfafbba788,data_ml,p_count,aiot,0,19 Feb 2026 7:28:47
6996bcdb49acd2dfafbba78f,data_ml,p_count,aiot,0,19 Feb 2026 7:33:47
6996be0749acd2dfafbba796,data_ml,p_count,aiot,0,19 Feb 2026 7:38:47
6996bf3349acd2dfafbba79d,data_ml,p_count,aiot,0,19 Feb 2026 7:43:47
6996c05f49acd2dfafbba7a4,data_ml,p_count,aiot,1,19 Feb 2026 7:48:47
6996c18b49acd2dfafbba7ab,data_ml,p_count,aiot,0,19 Feb 2026 7:53:47
6996c2b749acd2dfafbba7b2,data_ml,p_count,aiot,0,19 Feb 2026 7:58:47
6996c3e349acd2dfafbba7b9,data_ml,p_count,aiot,0,19 Feb 2026 8:3:47
6996c50f49acd2dfafbba7c0,data_ml,p_count,aiot,0,19 Feb 2026 8:8:47
6996c63b49acd2dfafbba7c7,data_ml,p_count,aiot,0,19 Feb 2026 8:13:47
6996c76749acd2dfafbba7ce,data_ml,p_count,aiot,0,19 Feb 2026 8:18:47
6996c89349acd2dfafbba7d5,data_ml,p_count,aiot,0,19 Feb 2026 8:23:47
6996c9bf49acd2dfafbba7dc,data_ml,p_count,aiot,0,19 Feb 2026 8:28:47
6996caeb49acd2dfafbba7e3,data_ml,p_count,aiot,0,19 Feb 2026 8:33:47
6996cc1749acd2dfafbba7ea,data_ml,p_count,aiot,0,19 Feb 2026 8:38:47
6996cd4349acd2dfafbba7f1,data_ml,p_count,aiot,1,19 Feb 2026 8:43:47
6996ce6f49acd2dfafbba7f8,data_ml,p_count,aiot,0,19 Feb 2026 8:48:47
6996cf9b49acd2dfafbba7ff,data_ml,p_count,aiot,2,19 Feb 2026 8:53:47
6996d0c749acd2dfafbba806,data_ml,p_count,aiot,0,19 Feb 2026 8:58:47
6996d1f349acd2dfafbba80d,data_ml,p_count,aiot,0,19 Feb 2026 9:3:47
6996d31f49acd2dfafbba814,data_ml,p_count,aiot,0,19 Feb 2026 9:8:47
6996d44b49acd2dfafbba81b,data_ml,p_count,aiot,0,19 Feb 2026 9:13:47
6996d57749acd2dfafbba822,data_ml,p_count,aiot,0,19 Feb 2026 9:18:47
6996d6a349acd2dfafbba829,data_ml,p_count,aiot,0,19 Feb 2026 9:23:47
6996d7cf49acd2dfafbba830,data_ml,p_count,aiot,2,19 Feb 2026 9:28:47
6996d8fb49acd2dfafbba837,data_ml,p_count,aiot,0,19 Feb 2026 9:33:47
6996db5349acd2dfafbba844,data_ml,p_count,aiot,1,19 Feb 2026 9:43:47
6996dc7f49acd2dfafbba84b,data_ml,p_count,aiot,0,19 Feb 2026 9:48:47
6996ddab49acd2dfafbba852,data_ml,p_count,aiot,1,19 Feb 2026 9:53:47
6996ded749acd2dfafbba859,data_ml,p_count,aiot,2,19 Feb 2026 9:58:47
6996e00349acd2dfafbba860,data_ml,p_count,aiot,3,19 Feb 2026 10:3:47
6996e12f49acd2dfafbba867,data_ml,p_count,aiot,7,19 Feb 2026 10:8:47
6996e25c49acd2dfafbba86e,data_ml,p_count,aiot,1,19 Feb 2026 10:13:48
6996e38849acd2dfafbba875,data_ml,p_count,aiot,1,19 Feb 2026 10:18:48
6996e4b449acd2dfafbba87c,data_ml,p_count,aiot,1,19 Feb 2026 10:23:48
6996e5e049acd2dfafbba883,data_ml,p_count,aiot,0,19 Feb 2026 10:28:48
6996e70c49acd2dfafbba88a,data_ml,p_count,aiot,0,19 Feb 2026 10:33:48
6996e83849acd2dfafbba891,data_ml,p_count,aiot,0,19 Feb 2026 10:38:48
6996e96449acd2dfafbba898,data_ml,p_count,aiot,1,19 Feb 2026 10:43:48
6996ea9049acd2dfafbba89f,data_ml,p_count,aiot,3,19 Feb 2026 10:48:48
6996ebbc49acd2dfafbba8a6,data_ml,p_count,aiot,1,19 Feb 2026 10:53:48
6996ece849acd2dfafbba8ad,data_ml,p_count,aiot,1,19 Feb 2026 10:58:48
6996ee1449acd2dfafbba8b4,data_ml,p_count,aiot,1,19 Feb 2026 11:3:48
6996ef4049acd2dfafbba8bb,data_ml,p_count,aiot,3,19 Feb 2026 11:8:48
6996f06c49acd2dfafbba8c2,data_ml,p_count,aiot,1,19 Feb 2026 11:13:48
6996f19849acd2dfafbba8c9,data_ml,p_count,aiot,0,19 Feb 2026 11:18:48
6996f2c449acd2dfafbba8d0,data_ml,p_count,aiot,0,19 Feb 2026 11:23:48
6996f3f049acd2dfafbba8d7,data_ml,p_count,aiot,2,19 Feb 2026 11:28:48
6996f51c49acd2dfafbba8de,data_ml,p_count,aiot,1,19 Feb 2026 11:33:48
6996f64849acd2dfafbba8e5,data_ml,p_count,aiot,2,19 Feb 2026 11:38:48
6996f77449acd2dfafbba8ec,data_ml,p_count,aiot,2,19 Feb 2026 11:43:48
6996f8a049acd2dfafbba8f3,data_ml,p_count,aiot,1,19 Feb 2026 11:48:48
6996f9cc49acd2dfafbba8fa,data_ml,p_count,aiot,1,19 Feb 2026 11:53:48
6996faf82351c54e6403b663,data_ml,p_count,aiot,1,19 Feb 2026 11:58:48
699707ddfdd5691c40b02e00,data_ml,p_count,aiot,2,19 Feb 2026 12:53:49
6997090ffdd5691c40b02e07,data_ml,p_count,aiot,5,19 Feb 2026 12:58:55
69970a38fdd5691c40b02e0e,data_ml,p_count,aiot,2,19 Feb 2026 13:3:52
69970b61fdd5691c40b02e15,data_ml,p_count,aiot,0,19 Feb 2026 13:8:49
69970c8dfdd5691c40b02e1c,data_ml,p_count,aiot,0,19 Feb 2026 13:13:49
69970db9fdd5691c40b02e23,data_ml,p_count,aiot,0,19 Feb 2026 13:18:49
69970ee8fdd5691c40b02e2a,data_ml,p_count,aiot,1,19 Feb 2026 13:23:52
69971014fdd5691c40b02e31,data_ml,p_count,aiot,0,19 Feb 2026 13:28:52
6997113ffdd5691c40b02e38,data_ml,p_count,aiot,0,19 Feb 2026 13:33:51
6997126bfdd5691c40b02e3f,data_ml,p_count,aiot,0,19 Feb 2026 13:38:51
699714c5fdd5691c40b02e4c,data_ml,p_count,aiot,1,19 Feb 2026 13:48:53
699715effdd5691c40b02e53,data_ml,p_count,aiot,0,19 Feb 2026 13:53:51
6997171bfdd5691c40b02e5a,data_ml,p_count,aiot,0,19 Feb 2026 13:58:51
69971847fdd5691c40b02e61,data_ml,p_count,aiot,1,19 Feb 2026 14:3:51
6997197cfdd5691c40b02e68,data_ml,p_count,aiot,1,19 Feb 2026 14:9:0
69971aa1fdd5691c40b02e6f,data_ml,p_count,aiot,2,19 Feb 2026 14:13:53
69971bcbfdd5691c40b02e76,data_ml,p_count,aiot,3,19 Feb 2026 14:18:51
69971cf7fdd5691c40b02e7d,data_ml,p_count,aiot,2,19 Feb 2026 14:23:51
69971e23fdd5691c40b02e84,data_ml,p_count,aiot,1,19 Feb 2026 14:28:51
699721a8fdd5691c40b02e97,data_ml,p_count,aiot,0,19 Feb 2026 14:43:52
699722d4fdd5691c40b02e9e,data_ml,p_count,aiot,2,19 Feb 2026 14:48:52
69972530fdd5691c40b02eab,data_ml,p_count,aiot,3,19 Feb 2026 14:58:56
6997265bfdd5691c40b02eb2,data_ml,p_count,aiot,0,19 Feb 2026 15:3:55
69972784fdd5691c40b02eb9,data_ml,p_count,aiot,2,19 Feb 2026 15:8:52
699728b0fdd5691c40b02ec0,data_ml,p_count,aiot,0,19 Feb 2026 15:13:52
69972b0bfdd5691c40b02ecd,data_ml,p_count,aiot,0,19 Feb 2026 15:23:55
69972d61fdd5691c40b02eda,data_ml,p_count,aiot,1,19 Feb 2026 15:33:53
69972e8dfdd5691c40b02ee1,data_ml,p_count,aiot,0,19 Feb 2026 15:38:53
69972fb9fdd5691c40b02ee8,data_ml,p_count,aiot,0,19 Feb 2026 15:43:53
699730e5fdd5691c40b02eef,data_ml,p_count,aiot,0,19 Feb 2026 15:48:53
69973211fdd5691c40b02ef6,data_ml,p_count,aiot,0,19 Feb 2026 15:53:53
6997333dfdd5691c40b02efd,data_ml,p_count,aiot,0,19 Feb 2026 15:58:53
69973469fdd5691c40b02f04,data_ml,p_count,aiot,0,19 Feb 2026 16:3:53
69973595fdd5691c40b02f0b,data_ml,p_count,aiot,1,19 Feb 2026 16:8:53
699736c1fdd5691c40b02f12,data_ml,p_count,aiot,1,19 Feb 2026 16:13:53
699737edfdd5691c40b02f19,data_ml,p_count,aiot,0,19 Feb 2026 16:18:53
69973919fdd5691c40b02f20,data_ml,p_count,aiot,0,19 Feb 2026 16:23:53
69973a45fdd5691c40b02f27,data_ml,p_count,aiot,0,19 Feb 2026 16:28:53
69973b71fdd5691c40b02f2e,data_ml,p_count,aiot,0,19 Feb 2026 16:33:53
69973c9dfdd5691c40b02f35,data_ml,p_count,aiot,0,19 Feb 2026 16:38:53
69973dc9fdd5691c40b02f3c,data_ml,p_count,aiot,0,19 Feb 2026 16:43:53
69973ef5fdd5691c40b02f43,data_ml,p_count,aiot,2,19 Feb 2026 16:48:53
69974021fdd5691c40b02f4a,data_ml,p_count,aiot,0,19 Feb 2026 16:53:53
6997414dfdd5691c40b02f51,data_ml,p_count,aiot,0,19 Feb 2026 16:58:53
69974279fdd5691c40b02f58,data_ml,p_count,aiot,0,19 Feb 2026 17:3:53
699744d1fdd5691c40b02f65,data_ml,p_count,aiot,0,19 Feb 2026 17:13:53
699745fdfdd5691c40b02f6c,data_ml,p_count,aiot,0,19 Feb 2026 17:18:53
69974729fdd5691c40b02f73,data_ml,p_count,aiot,0,19 Feb 2026 17:23:53
69974855fdd5691c40b02f7a,data_ml,p_count,aiot,0,19 Feb 2026 17:28:53
69974981fdd5691c40b02f81,data_ml,p_count,aiot,0,19 Feb 2026 17:33:53
69974aadfdd5691c40b02f88,data_ml,p_count,aiot,0,19 Feb 2026 17:38:53
69974bd9fdd5691c40b02f8f,data_ml,p_count,aiot,0,19 Feb 2026 17:43:53
69974d05fdd5691c40b02f96,data_ml,p_count,aiot,0,19 Feb 2026 17:48:53
69974e31fdd5691c40b02f9d,data_ml,p_count,aiot,0,19 Feb 2026 17:53:53
69974f5dfdd5691c40b02fa4,data_ml,p_count,aiot,0,19 Feb 2026 17:58:53
69975089fdd5691c40b02fab,data_ml,p_count,aiot,0,19 Feb 2026 18:3:53
699751b5fdd5691c40b02fb2,data_ml,p_count,aiot,0,19 Feb 2026 18:8:53
699752e1fdd5691c40b02fb9,data_ml,p_count,aiot,0,19 Feb 2026 18:13:53
6997540dfdd5691c40b02fc0,data_ml,p_count,aiot,0,19 Feb 2026 18:18:53
69975539fdd5691c40b02fc7,data_ml,p_count,aiot,0,19 Feb 2026 18:23:53
69975665fdd5691c40b02fce,data_ml,p_count,aiot,0,19 Feb 2026 18:28:53
69975791fdd5691c40b02fd5,data_ml,p_count,aiot,0,19 Feb 2026 18:33:53
699758bdfdd5691c40b02fdc,data_ml,p_count,aiot,0,19 Feb 2026 18:38:53
699759e9fdd5691c40b02fe3,data_ml,p_count,aiot,0,19 Feb 2026 18:43:53
69975b15fdd5691c40b02fea,data_ml,p_count,aiot,0,19 Feb 2026 18:48:53
69975c41fdd5691c40b02ff1,data_ml,p_count,aiot,0,19 Feb 2026 18:53:53
69975d6dfdd5691c40b02ff8,data_ml,p_count,aiot,0,19 Feb 2026 18:58:53
69975e99fdd5691c40b02fff,data_ml,p_count,aiot,0,19 Feb 2026 19:3:53
69975fc5fdd5691c40b03006,data_ml,p_count,aiot,0,19 Feb 2026 19:8:53
699760f1fdd5691c40b0300d,data_ml,p_count,aiot,0,19 Feb 2026 19:13:53
6997621dfdd5691c40b03014,data_ml,p_count,aiot,0,19 Feb 2026 19:18:53
6997634afdd5691c40b0301b,data_ml,p_count,aiot,0,19 Feb 2026 19:23:54
69976476fdd5691c40b03022,data_ml,p_count,aiot,0,19 Feb 2026 19:28:54
699765a1fdd5691c40b03029,data_ml,p_count,aiot,0,19 Feb 2026 19:33:53
699767fafdd5691c40b03036,data_ml,p_count,aiot,0,19 Feb 2026 19:43:54
69976926fdd5691c40b0303d,data_ml,p_count,aiot,0,19 Feb 2026 19:48:54
69976a52fdd5691c40b03044,data_ml,p_count,aiot,0,19 Feb 2026 19:53:54
69976b7efdd5691c40b0304b,data_ml,p_count,aiot,0,19 Feb 2026 19:58:54
69976caafdd5691c40b03052,data_ml,p_count,aiot,0,19 Feb 2026 20:3:54
69976dd6fdd5691c40b03059,data_ml,p_count,aiot,0,19 Feb 2026 20:8:54
69976f02fdd5691c40b03060,data_ml,p_count,aiot,0,19 Feb 2026 20:13:54
6997702efdd5691c40b03067,data_ml,p_count,aiot,0,19 Feb 2026 20:18:54
6997715afdd5691c40b0306e,data_ml,p_count,aiot,0,19 Feb 2026 20:23:54
69977286fdd5691c40b03075,data_ml,p_count,aiot,0,19 Feb 2026 20:28:54
699773b2fdd5691c40b0307c,data_ml,p_count,aiot,0,19 Feb 2026 20:33:54
699774defdd5691c40b03083,data_ml,p_count,aiot,0,19 Feb 2026 20:38:54
6997760afdd5691c40b0308a,data_ml,p_count,aiot,0,19 Feb 2026 20:43:54
69977736fdd5691c40b03091,data_ml,p_count,aiot,0,19 Feb 2026 20:48:54
69977862fdd5691c40b03098,data_ml,p_count,aiot,0,19 Feb 2026 20:53:54
6997798efdd5691c40b0309f,data_ml,p_count,aiot,0,19 Feb 2026 20:58:54
69977abafdd5691c40b030a6,data_ml,p_count,aiot,0,19 Feb 2026 21:3:54
69977be6fdd5691c40b030ad,data_ml,p_count,aiot,0,19 Feb 2026 21:8:54
69977d12fdd5691c40b030b4,data_ml,p_count,aiot,0,19 Feb 2026 21:13:54
69977e3efdd5691c40b030bb,data_ml,p_count,aiot,0,19 Feb 2026 21:18:54
69977f6afdd5691c40b030c2,data_ml,p_count,aiot,0,19 Feb 2026 21:23:54
69978096fdd5691c40b030c9,data_ml,p_count,aiot,0,19 Feb 2026 21:28:54
699781c2fdd5691c40b030d0,data_ml,p_count,aiot,0,19 Feb 2026 21:33:54
699782eefdd5691c40b030d7,data_ml,p_count,aiot,0,19 Feb 2026 21:38:54
6997841afdd5691c40b030de,data_ml,p_count,aiot,0,19 Feb 2026 21:43:54
69978546fdd5691c40b030e5,data_ml,p_count,aiot,0,19 Feb 2026 21:48:54
69978672fdd5691c40b030ec,data_ml,p_count,aiot,0,19 Feb 2026 21:53:54
6997879efdd5691c40b030f3,data_ml,p_count,aiot,0,19 Feb 2026 21:58:54
699788cafdd5691c40b030fa,data_ml,p_count,aiot,0,19 Feb 2026 22:3:54
69978b22fdd5691c40b03107,data_ml,p_count,aiot,0,19 Feb 2026 22:13:54
69978c4efdd5691c40b0310e,data_ml,p_count,aiot,0,19 Feb 2026 22:18:54
69978d7bfdd5691c40b03115,data_ml,p_count,aiot,0,19 Feb 2026 22:23:55
69978ea7fdd5691c40b0311c,data_ml,p_count,aiot,0,19 Feb 2026 22:28:55
69978fd3fdd5691c40b03123,data_ml,p_count,aiot,0,19 Feb 2026 22:33:55
699790fffdd5691c40b0312a,data_ml,p_count,aiot,0,19 Feb 2026 22:38:55
6997922bfdd5691c40b03131,data_ml,p_count,aiot,0,19 Feb 2026 22:43:55
69979357fdd5691c40b03138,data_ml,p_count,aiot,0,19 Feb 2026 22:48:55
69979483fdd5691c40b0313f,data_ml,p_count,aiot,0,19 Feb 2026 22:53:55
699795affdd5691c40b03146,data_ml,p_count,aiot,0,19 Feb 2026 22:58:55
699796dbfdd5691c40b0314d,data_ml,p_count,aiot,0,19 Feb 2026 23:3:55
69979807fdd5691c40b03154,data_ml,p_count,aiot,0,19 Feb 2026 23:8:55
69979933fdd5691c40b0315b,data_ml,p_count,aiot,0,19 Feb 2026 23:13:55
69979a5ffdd5691c40b03162,data_ml,p_count,aiot,0,19 Feb 2026 23:18:55
69979b8bfdd5691c40b03169,data_ml,p_count,aiot,0,19 Feb 2026 23:23:55
69979cb7fdd5691c40b03170,data_ml,p_count,aiot,0,19 Feb 2026 23:28:55
69979de3fdd5691c40b03177,data_ml,p_count,aiot,0,19 Feb 2026 23:33:55
69979f0ffdd5691c40b0317e,data_ml,p_count,aiot,0,19 Feb 2026 23:38:55
6997a03bfdd5691c40b03185,data_ml,p_count,aiot,0,19 Feb 2026 23:43:55
6997a167fdd5691c40b0318c,data_ml,p_count,aiot,0,19 Feb 2026 23:48:55
6997a293fdd5691c40b03193,data_ml,p_count,aiot,0,19 Feb 2026 23:53:55
6997a3bffdd5691c40b0319a,data_ml,p_count,aiot,0,19 Feb 2026 23:58:55
6997a4ebfdd5691c40b031a1,data_ml,p_count,aiot,0,20 Feb 2026 0:3:55
6997a617fdd5691c40b031a7,data_ml,p_count,aiot,0,20 Feb 2026 0:8:55
6997a743fdd5691c40b031ad,data_ml,p_count,aiot,0,20 Feb 2026 0:13:55
6997a86ffdd5691c40b031b3,data_ml,p_count,aiot,0,20 Feb 2026 0:18:55
6997a99bfdd5691c40b031b9,data_ml,p_count,aiot,0,20 Feb 2026 0:23:55
6997aac7fdd5691c40b031bf,data_ml,p_count,aiot,0,20 Feb 2026 0:28:55
6997abf3fdd5691c40b031c5,data_ml,p_count,aiot,0,20 Feb 2026 0:33:55
6997ae4bfdd5691c40b031d0,data_ml,p_count,aiot,0,20 Feb 2026 0:43:55
6997af77fdd5691c40b031d6,data_ml,p_count,aiot,0,20 Feb 2026 0:48:55
6997b0a3fdd5691c40b031dc,data_ml,p_count,aiot,0,20 Feb 2026 0:53:55
6997b1cffdd5691c40b031e2,data_ml,p_count,aiot,0,20 Feb 2026 0:58:55
6997b2fbfdd5691c40b031e8,data_ml,p_count,aiot,0,20 Feb 2026 1:3:55
6997b427fdd5691c40b031ee,data_ml,p_count,aiot,0,20 Feb 2026 1:8:55
6997b553fdd5691c40b031f4,data_ml,p_count,aiot,0,20 Feb 2026 1:13:55
6997b67ffdd5691c40b031fa,data_ml,p_count,aiot,0,20 Feb 2026 1:18:55
6997b7abfdd5691c40b03200,data_ml,p_count,aiot,0,20 Feb 2026 1:23:55
6997b8d7fdd5691c40b03206,data_ml,p_count,aiot,0,20 Feb 2026 1:28:55
6997ba03fdd5691c40b0320c,data_ml,p_count,aiot,0,20 Feb 2026 1:33:55
6997bb2ffdd5691c40b03212,data_ml,p_count,aiot,0,20 Feb 2026 1:38:55
6997bc5bfdd5691c40b03218,data_ml,p_count,aiot,0,20 Feb 2026 1:43:55
6997bd87fdd5691c40b0321e,data_ml,p_count,aiot,0,20 Feb 2026 1:48:55
6997beb3fdd5691c40b03224,data_ml,p_count,aiot,0,20 Feb 2026 1:53:55
6997bfdffdd5691c40b0322a,data_ml,p_count,aiot,0,20 Feb 2026 1:58:55
6997c10bfdd5691c40b03230,data_ml,p_count,aiot,0,20 Feb 2026 2:3:55
6997c237fdd5691c40b03236,data_ml,p_count,aiot,0,20 Feb 2026 2:8:55
6997c363fdd5691c40b0323c,data_ml,p_count,aiot,0,20 Feb 2026 2:13:55
6997c48ffdd5691c40b03242,data_ml,p_count,aiot,0,20 Feb 2026 2:18:55
6997c5bbfdd5691c40b03248,data_ml,p_count,aiot,0,20 Feb 2026 2:23:55
6997c6e7fdd5691c40b0324e,data_ml,p_count,aiot,0,20 Feb 2026 2:28:55
6997c813fdd5691c40b03254,data_ml,p_count,aiot,0,20 Feb 2026 2:33:55
6997c93ffdd5691c40b0325a,data_ml,p_count,aiot,0,20 Feb 2026 2:38:55
6997ca6bfdd5691c40b03260,data_ml,p_count,aiot,0,20 Feb 2026 2:43:55
6997cb97fdd5691c40b03266,data_ml,p_count,aiot,0,20 Feb 2026 2:48:55
6997ccc3fdd5691c40b0326c,data_ml,p_count,aiot,0,20 Feb 2026 2:53:55
6997cdf0fdd5691c40b03272,data_ml,p_count,aiot,0,20 Feb 2026 2:58:56
6997cf1cfdd5691c40b03278,data_ml,p_count,aiot,0,20 Feb 2026 3:3:56
6997d174fdd5691c40b03282,data_ml,p_count,aiot,0,20 Feb 2026 3:13:56
6997d2a0fdd5691c40b03288,data_ml,p_count,aiot,0,20 Feb 2026 3:18:56
6997d3ccfdd5691c40b0328e,data_ml,p_count,aiot,0,20 Feb 2026 3:23:56
6997d4f8fdd5691c40b03294,data_ml,p_count,aiot,0,20 Feb 2026 3:28:56
6997d624fdd5691c40b0329a,data_ml,p_count,aiot,0,20 Feb 2026 3:33:56
6997d750fdd5691c40b032a0,data_ml,p_count,aiot,0,20 Feb 2026 3:38:56
6997d87cfdd5691c40b032a6,data_ml,p_count,aiot,0,20 Feb 2026 3:43:56
6997d9a8fdd5691c40b032ac,data_ml,p_count,aiot,0,20 Feb 2026 3:48:56
6997dad4fdd5691c40b032b2,data_ml,p_count,aiot,0,20 Feb 2026 3:53:56
6997dc00fdd5691c40b032b8,data_ml,p_count,aiot,0,20 Feb 2026 3:58:56
6997dd2cfdd5691c40b032be,data_ml,p_count,aiot,0,20 Feb 2026 4:3:56
6997de58fdd5691c40b032c4,data_ml,p_count,aiot,0,20 Feb 2026 4:8:56
6997df84fdd5691c40b032ca,data_ml,p_count,aiot,0,20 Feb 2026 4:13:56
6997e0b0fdd5691c40b032d0,data_ml,p_count,aiot,0,20 Feb 2026 4:18:56
6997e1dcfdd5691c40b032d6,data_ml,p_count,aiot,0,20 Feb 2026 4:23:56
6997e308fdd5691c40b032dc,data_ml,p_count,aiot,0,20 Feb 2026 4:28:56
6997e434fdd5691c40b032e2,data_ml,p_count,aiot,0,20 Feb 2026 4:33:56
6997e560fdd5691c40b032e8,data_ml,p_count,aiot,0,20 Feb 2026 4:38:56
6997e68cfdd5691c40b032ee,data_ml,p_count,aiot,0,20 Feb 2026 4:43:56
6997e7b8fdd5691c40b032f4,data_ml,p_count,aiot,0,20 Feb 2026 4:48:56
6997e8e4fdd5691c40b032fa,data_ml,p_count,aiot,0,20 Feb 2026 4:53:56
6997ea10fdd5691c40b03300,data_ml,p_count,aiot,0,20 Feb 2026 4:58:56
6997eb3cfdd5691c40b03306,data_ml,p_count,aiot,0,20 Feb 2026 5:3:56
6997ec68fdd5691c40b0330c,data_ml,p_count,aiot,0,20 Feb 2026 5:8:56
6997ed94fdd5691c40b03312,data_ml,p_count,aiot,0,20 Feb 2026 5:13:56
6997eec0fdd5691c40b03318,data_ml,p_count,aiot,0,20 Feb 2026 5:18:56
6997efecfdd5691c40b0331e,data_ml,p_count,aiot,0,20 Feb 2026 5:23:56
6997f118fdd5691c40b03324,data_ml,p_count,aiot,0,20 Feb 2026 5:28:56
6997f244fdd5691c40b0332a,data_ml,p_count,aiot,0,20 Feb 2026 5:33:56
6997f49cfdd5691c40b03335,data_ml,p_count,aiot,0,20 Feb 2026 5:43:56
6997f5c8fdd5691c40b0333b,data_ml,p_count,aiot,0,20 Feb 2026 5:48:56
6997f6f4fdd5691c40b03341,data_ml,p_count,aiot,0,20 Feb 2026 5:53:56
6997f821fdd5691c40b03347,data_ml,p_count,aiot,0,20 Feb 2026 5:58:57
6997f94dfdd5691c40b0334d,data_ml,p_count,aiot,0,20 Feb 2026 6:3:57
6997fa79fdd5691c40b03353,data_ml,p_count,aiot,0,20 Feb 2026 6:8:57
6997fba5fdd5691c40b03359,data_ml,p_count,aiot,0,20 Feb 2026 6:13:57
6997fcd1fdd5691c40b0335f,data_ml,p_count,aiot,0,20 Feb 2026 6:18:57
6997fdfdfdd5691c40b03365,data_ml,p_count,aiot,0,20 Feb 2026 6:23:57
6997ff29fdd5691c40b0336b,data_ml,p_count,aiot,0,20 Feb 2026 6:28:57
69980055fdd5691c40b03371,data_ml,p_count,aiot,0,20 Feb 2026 6:33:57
69980181fdd5691c40b03377,data_ml,p_count,aiot,0,20 Feb 2026 6:38:57
699802adfdd5691c40b0337d,data_ml,p_count,aiot,0,20 Feb 2026 6:43:57
699803d9fdd5691c40b03383,data_ml,p_count,aiot,0,20 Feb 2026 6:48:57
69980505fdd5691c40b03389,data_ml,p_count,aiot,1,20 Feb 2026 6:53:57
69980631fdd5691c40b0338f,data_ml,p_count,aiot,1,20 Feb 2026 6:58:57
6998075dfdd5691c40b03395,data_ml,p_count,aiot,1,20 Feb 2026 7:3:57
69980889fdd5691c40b0339b,data_ml,p_count,aiot,0,20 Feb 2026 7:8:57
699809b5fdd5691c40b033a1,data_ml,p_count,aiot,0,20 Feb 2026 7:13:57
69980ae1fdd5691c40b033a7,data_ml,p_count,aiot,0,20 Feb 2026 7:18:57
69980c0dfdd5691c40b033ad,data_ml,p_count,aiot,0,20 Feb 2026 7:23:57
69980d39fdd5691c40b033b3,data_ml,p_count,aiot,0,20 Feb 2026 7:28:57
69980e65fdd5691c40b033b9,data_ml,p_count,aiot,2,20 Feb 2026 7:33:57
69980f91fdd5691c40b033bf,data_ml,p_count,aiot,1,20 Feb 2026 7:38:57
699810bdfdd5691c40b033c5,data_ml,p_count,aiot,0,20 Feb 2026 7:43:57
699811e9fdd5691c40b033cb,data_ml,p_count,aiot,0,20 Feb 2026 7:48:57
69981315fdd5691c40b033d1,data_ml,p_count,aiot,1,20 Feb 2026 7:53:57
69981441fdd5691c40b033d7,data_ml,p_count,aiot,1,20 Feb 2026 7:58:57
6998156dfdd5691c40b033dd,data_ml,p_count,aiot,0,20 Feb 2026 8:3:57
699817c5fdd5691c40b033e8,data_ml,p_count,aiot,0,20 Feb 2026 8:13:57
699818f1fdd5691c40b033ee,data_ml,p_count,aiot,0,20 Feb 2026 8:18:57
69981a1dfdd5691c40b033f4,data_ml,p_count,aiot,0,20 Feb 2026 8:23:57
69981b49fdd5691c40b033fa,data_ml,p_count,aiot,0,20 Feb 2026 8:28:57
69981c75fdd5691c40b03400,data_ml,p_count,aiot,0,20 Feb 2026 8:33:57
69981da1fdd5691c40b03406,data_ml,p_count,aiot,0,20 Feb 2026 8:38:57
69981ecdfdd5691c40b0340c,data_ml,p_count,aiot,0,20 Feb 2026 8:43:57
69981ff9fdd5691c40b03412,data_ml,p_count,aiot,0,20 Feb 2026 8:48:57
69982125fdd5691c40b03418,data_ml,p_count,aiot,1,20 Feb 2026 8:53:57
69982251fdd5691c40b0341e,data_ml,p_count,aiot,2,20 Feb 2026 8:58:57
6998237dfdd5691c40b03424,data_ml,p_count,aiot,4,20 Feb 2026 9:3:57
699824a9fdd5691c40b0342a,data_ml,p_count,aiot,1,20 Feb 2026 9:8:57
699825d5fdd5691c40b03430,data_ml,p_count,aiot,0,20 Feb 2026 9:13:57
69982701fdd5691c40b03436,data_ml,p_count,aiot,0,20 Feb 2026 9:18:57
6998282dfdd5691c40b0343c,data_ml,p_count,aiot,0,20 Feb 2026 9:23:57
69982959fdd5691c40b03442,data_ml,p_count,aiot,0,20 Feb 2026 9:28:57
69982a85fdd5691c40b03448,data_ml,p_count,aiot,1,20 Feb 2026 9:33:57
69982bb1fdd5691c40b0344e,data_ml,p_count,aiot,0,20 Feb 2026 9:38:57
69982cddfdd5691c40b03454,data_ml,p_count,aiot,0,20 Feb 2026 9:43:57
69982e09fdd5691c40b0345a,data_ml,p_count,aiot,1,20 Feb 2026 9:48:57
69982f35fdd5691c40b03460,data_ml,p_count,aiot,0,20 Feb 2026 9:53:57
69983062fdd5691c40b03466,data_ml,p_count,aiot,0,20 Feb 2026 9:58:58
6998318dfdd5691c40b0346c,data_ml,p_count,aiot,0,20 Feb 2026 10:3:57
699832b9fdd5691c40b03472,data_ml,p_count,aiot,2,20 Feb 2026 10:8:57
699833e5fdd5691c40b03478,data_ml,p_count,aiot,0,20 Feb 2026 10:13:57
69983512fdd5691c40b0347f,data_ml,p_count,aiot,1,20 Feb 2026 10:18:58
6998363efdd5691c40b03486,data_ml,p_count,aiot,0,20 Feb 2026 10:23:58
6998376afdd5691c40b0348d,data_ml,p_count,aiot,0,20 Feb 2026 10:28:58
69983896fdd5691c40b03494,data_ml,p_count,aiot,1,20 Feb 2026 10:33:58
69983aeefdd5691c40b034a1,data_ml,p_count,aiot,0,20 Feb 2026 10:43:58
69983c1afdd5691c40b034a8,data_ml,p_count,aiot,1,20 Feb 2026 10:48:58
69983d46fdd5691c40b034af,data_ml,p_count,aiot,2,20 Feb 2026 10:53:58
69983e72fdd5691c40b034b6,data_ml,p_count,aiot,0,20 Feb 2026 10:58:58
69983f9efdd5691c40b034bd,data_ml,p_count,aiot,2,20 Feb 2026 11:3:58
699840cafdd5691c40b034c4,data_ml,p_count,aiot,0,20 Feb 2026 11:8:58
699841f6fdd5691c40b034cb,data_ml,p_count,aiot,9,20 Feb 2026 11:13:58
69984322fdd5691c40b034d2,data_ml,p_count,aiot,0,20 Feb 2026 11:18:58
6998444efdd5691c40b034d9,data_ml,p_count,aiot,0,20 Feb 2026 11:23:58
6998457afdd5691c40b034e0,data_ml,p_count,aiot,0,20 Feb 2026 11:28:58
699846a6fdd5691c40b034e7,data_ml,p_count,aiot,0,20 Feb 2026 11:33:58
699847d2fdd5691c40b034ee,data_ml,p_count,aiot,0,20 Feb 2026 11:38:58
699848fefdd5691c40b034f5,data_ml,p_count,aiot,0,20 Feb 2026 11:43:58
69984a2afdd5691c40b034fc,data_ml,p_count,aiot,5,20 Feb 2026 11:48:58
69984b56fdd5691c40b03503,data_ml,p_count,aiot,0,20 Feb 2026 11:53:58
69984c82fdd5691c40b0350a,data_ml,p_count,aiot,1,20 Feb 2026 11:58:58
69984daefdd5691c40b03511,data_ml,p_count,aiot,1,20 Feb 2026 12:3:58
69984edafdd5691c40b03518,data_ml,p_count,aiot,0,20 Feb 2026 12:8:58
69985006fdd5691c40b0351f,data_ml,p_count,aiot,0,20 Feb 2026 12:13:58
69985132fdd5691c40b03526,data_ml,p_count,aiot,5,20 Feb 2026 12:18:58
6998525efdd5691c40b0352d,data_ml,p_count,aiot,1,20 Feb 2026 12:23:58
6998538afdd5691c40b03534,data_ml,p_count,aiot,0,20 Feb 2026 12:28:58
699854b6fdd5691c40b0353b,data_ml,p_count,aiot,1,20 Feb 2026 12:33:58
699855e2fdd5691c40b03542,data_ml,p_count,aiot,0,20 Feb 2026 12:38:58
6998570efdd5691c40b03549,data_ml,p_count,aiot,1,20 Feb 2026 12:43:58
6998583afdd5691c40b03550,data_ml,p_count,aiot,4,20 Feb 2026 12:48:58
69985966fdd5691c40b03557,data_ml,p_count,aiot,0,20 Feb 2026 12:53:58
69985a92fdd5691c40b0355e,data_ml,p_count,aiot,0,20 Feb 2026 12:58:58
69985bbefdd5691c40b03565,data_ml,p_count,aiot,0,20 Feb 2026 13:3:58
69985e16fdd5691c40b03572,data_ml,p_count,aiot,2,20 Feb 2026 13:13:58
69985f42fdd5691c40b03579,data_ml,p_count,aiot,1,20 Feb 2026 13:18:58
6998606efdd5691c40b03580,data_ml,p_count,aiot,0,20 Feb 2026 13:23:58
6998619afdd5691c40b03587,data_ml,p_count,aiot,2,20 Feb 2026 13:28:58
699862c6fdd5691c40b0358e,data_ml,p_count,aiot,4,20 Feb 2026 13:33:58
699863f2207175f03814a5fb,data_ml,p_count,aiot,1,20 Feb 2026 13:38:58
6998651e207175f03814a602,data_ml,p_count,aiot,0,20 Feb 2026 13:43:58
6998664b207175f03814a609,data_ml,p_count,aiot,0,20 Feb 2026 13:48:59
69986777207175f03814a610,data_ml,p_count,aiot,0,20 Feb 2026 13:53:59
699868a3207175f03814a617,data_ml,p_count,aiot,3,20 Feb 2026 13:58:59
699869cf207175f03814a61e,data_ml,p_count,aiot,2,20 Feb 2026 14:3:59
69986afb207175f03814a625,data_ml,p_count,aiot,0,20 Feb 2026 14:8:59
69986c27207175f03814a62c,data_ml,p_count,aiot,0,20 Feb 2026 14:13:59
69986d53207175f03814a633,data_ml,p_count,aiot,0,20 Feb 2026 14:18:59
69986e7f207175f03814a63a,data_ml,p_count,aiot,0,20 Feb 2026 14:23:59
69986fab207175f03814a641,data_ml,p_count,aiot,0,20 Feb 2026 14:28:59
699870d7207175f03814a648,data_ml,p_count,aiot,0,20 Feb 2026 14:33:59
69987203207175f03814a64f,data_ml,p_count,aiot,0,20 Feb 2026 14:38:59
6998732f207175f03814a656,data_ml,p_count,aiot,0,20 Feb 2026 14:43:59
6998745b207175f03814a65d,data_ml,p_count,aiot,1,20 Feb 2026 14:48:59
69987587207175f03814a664,data_ml,p_count,aiot,0,20 Feb 2026 14:53:59
699876b3207175f03814a66b,data_ml,p_count,aiot,0,20 Feb 2026 14:58:59
699877df207175f03814a672,data_ml,p_count,aiot,0,20 Feb 2026 15:3:59
6998790b207175f03814a679,data_ml,p_count,aiot,0,20 Feb 2026 15:8:59
69987a37207175f03814a680,data_ml,p_count,aiot,0,20 Feb 2026 15:13:59
69987b63207175f03814a687,data_ml,p_count,aiot,0,20 Feb 2026 15:18:59
69987c8f207175f03814a68e,data_ml,p_count,aiot,0,20 Feb 2026 15:23:59
69987dbb207175f03814a695,data_ml,p_count,aiot,0,20 Feb 2026 15:28:59
69987ee7207175f03814a69c,data_ml,p_count,aiot,0,20 Feb 2026 15:33:59
6998813f207175f03814a6a9,data_ml,p_count,aiot,0,20 Feb 2026 15:43:59
6998826b207175f03814a6b0,data_ml,p_count,aiot,0,20 Feb 2026 15:48:59
69988397207175f03814a6b7,data_ml,p_count,aiot,0,20 Feb 2026 15:53:59
699884c3207175f03814a6be,data_ml,p_count,aiot,0,20 Feb 2026 15:58:59
699885ef207175f03814a6c5,data_ml,p_count,aiot,4,20 Feb 2026 16:3:59
6998871b207175f03814a6cc,data_ml,p_count,aiot,0,20 Feb 2026 16:8:59
69988847207175f03814a6d3,data_ml,p_count,aiot,0,20 Feb 2026 16:13:59
69988973207175f03814a6da,data_ml,p_count,aiot,0,20 Feb 2026 16:18:59
69988a9f207175f03814a6e1,data_ml,p_count,aiot,0,20 Feb 2026 16:23:59
69988bcb207175f03814a6e8,data_ml,p_count,aiot,0,20 Feb 2026 16:28:59
69988cf7207175f03814a6ef,data_ml,p_count,aiot,1,20 Feb 2026 16:33:59
69988e23207175f03814a6f6,data_ml,p_count,aiot,0,20 Feb 2026 16:38:59
69988f4f207175f03814a6fd,data_ml,p_count,aiot,0,20 Feb 2026 16:43:59
6998907b207175f03814a704,data_ml,p_count,aiot,0,20 Feb 2026 16:48:59
699891a7207175f03814a70b,data_ml,p_count,aiot,0,20 Feb 2026 16:53:59
699892d3207175f03814a712,data_ml,p_count,aiot,0,20 Feb 2026 16:58:59
699893ff207175f03814a719,data_ml,p_count,aiot,0,20 Feb 2026 17:3:59
6998952b207175f03814a720,data_ml,p_count,aiot,0,20 Feb 2026 17:8:59
69989657207175f03814a727,data_ml,p_count,aiot,0,20 Feb 2026 17:13:59
69989783207175f03814a72e,data_ml,p_count,aiot,0,20 Feb 2026 17:18:59
699898af207175f03814a735,data_ml,p_count,aiot,0,20 Feb 2026 17:23:59
699899db207175f03814a73c,data_ml,p_count,aiot,0,20 Feb 2026 17:28:59
69989b07207175f03814a743,data_ml,p_count,aiot,0,20 Feb 2026 17:33:59
69989c33207175f03814a74a,data_ml,p_count,aiot,1,20 Feb 2026 17:38:59
69989d5f207175f03814a751,data_ml,p_count,aiot,0,20 Feb 2026 17:43:59
69989e8b207175f03814a758,data_ml,p_count,aiot,0,20 Feb 2026 17:48:59
69989fb8207175f03814a75f,data_ml,p_count,aiot,0,20 Feb 2026 17:54:0
6998a0e3207175f03814a766,data_ml,p_count,aiot,0,20 Feb 2026 17:58:59
6998a210207175f03814a76d,data_ml,p_count,aiot,0,20 Feb 2026 18:4:0
6998a468207175f03814a779,data_ml,p_count,aiot,0,20 Feb 2026 18:14:0
6998a594207175f03814a780,data_ml,p_count,aiot,0,20 Feb 2026 18:19:0
6998a6c0207175f03814a787,data_ml,p_count,aiot,0,20 Feb 2026 18:24:0
6998a7ec207175f03814a78e,data_ml,p_count,aiot,0,20 Feb 2026 18:29:0
6998a918207175f03814a795,data_ml,p_count,aiot,0,20 Feb 2026 18:34:0
6998aa44207175f03814a79c,data_ml,p_count,aiot,0,20 Feb 2026 18:39:0
6998ab70207175f03814a7a3,data_ml,p_count,aiot,0,20 Feb 2026 18:44:0
6998ac9c207175f03814a7aa,data_ml,p_count,aiot,0,20 Feb 2026 18:49:0
6998adc8207175f03814a7b1,data_ml,p_count,aiot,0,20 Feb 2026 18:54:0
6998aef4207175f03814a7b8,data_ml,p_count,aiot,0,20 Feb 2026 18:59:0
6998b020207175f03814a7bf,data_ml,p_count,aiot,0,20 Feb 2026 19:4:0
6998b14c207175f03814a7c6,data_ml,p_count,aiot,0,20 Feb 2026 19:9:0
6998b278207175f03814a7cd,data_ml,p_count,aiot,0,20 Feb 2026 19:14:0
6998b3a4207175f03814a7d4,data_ml,p_count,aiot,0,20 Feb 2026 19:19:0
6998b4d0207175f03814a7db,data_ml,p_count,aiot,0,20 Feb 2026 19:24:0
6998b5fc207175f03814a7e2,data_ml,p_count,aiot,0,20 Feb 2026 19:29:0
6998b728207175f03814a7e9,data_ml,p_count,aiot,0,20 Feb 2026 19:34:0
6998b854207175f03814a7f0,data_ml,p_count,aiot,0,20 Feb 2026 19:39:0
6998b980207175f03814a7f7,data_ml,p_count,aiot,0,20 Feb 2026 19:44:0
6998baac207175f03814a7fe,data_ml,p_count,aiot,0,20 Feb 2026 19:49:0
6998bbd8207175f03814a805,data_ml,p_count,aiot,0,20 Feb 2026 19:54:0
6998bd04207175f03814a80c,data_ml,p_count,aiot,0,20 Feb 2026 19:59:0
6998be30207175f03814a813,data_ml,p_count,aiot,0,20 Feb 2026 20:4:0
6998bf5c207175f03814a81a,data_ml,p_count,aiot,0,20 Feb 2026 20:9:0
6998c088207175f03814a821,data_ml,p_count,aiot,0,20 Feb 2026 20:14:0
6998c1b4207175f03814a828,data_ml,p_count,aiot,0,20 Feb 2026 20:19:0
6998c2e1207175f03814a82f,data_ml,p_count,aiot,0,20 Feb 2026 20:24:1
6998c40c207175f03814a836,data_ml,p_count,aiot,0,20 Feb 2026 20:29:0
6998c538207175f03814a83d,data_ml,p_count,aiot,0,20 Feb 2026 20:34:0
6998c790207175f03814a84a,data_ml,p_count,aiot,0,20 Feb 2026 20:44:0
6998c8bc207175f03814a851,data_ml,p_count,aiot,0,20 Feb 2026 20:49:0
6998c9e9207175f03814a858,data_ml,p_count,aiot,0,20 Feb 2026 20:54:1
6998cb15207175f03814a85f,data_ml,p_count,aiot,0,20 Feb 2026 20:59:1
6998cc41207175f03814a866,data_ml,p_count,aiot,0,20 Feb 2026 21:4:1
6998cd6d207175f03814a86d,data_ml,p_count,aiot,0,20 Feb 2026 21:9:1
6998ce99207175f03814a874,data_ml,p_count,aiot,0,20 Feb 2026 21:14:1
6998cfc5207175f03814a87b,data_ml,p_count,aiot,0,20 Feb 2026 21:19:1
6998d0f1207175f03814a882,data_ml,p_count,aiot,0,20 Feb 2026 21:24:1
6998d21d207175f03814a889,data_ml,p_count,aiot,0,20 Feb 2026 21:29:1
6998d349207175f03814a890,data_ml,p_count,aiot,0,20 Feb 2026 21:34:1
6998d475207175f03814a897,data_ml,p_count,aiot,0,20 Feb 2026 21:39:1
6998d5a1207175f03814a89e,data_ml,p_count,aiot,0,20 Feb 2026 21:44:1
6998d6cd207175f03814a8a5,data_ml,p_count,aiot,0,20 Feb 2026 21:49:1
6998d7f9207175f03814a8ac,data_ml,p_count,aiot,0,20 Feb 2026 21:54:1
6998d925207175f03814a8b3,data_ml,p_count,aiot,0,20 Feb 2026 21:59:1
6998da51207175f03814a8ba,data_ml,p_count,aiot,0,20 Feb 2026 22:4:1
6998db7d207175f03814a8c1,data_ml,p_count,aiot,0,20 Feb 2026 22:9:1
6998dca9207175f03814a8c8,data_ml,p_count,aiot,0,20 Feb 2026 22:14:1
6998ddd5207175f03814a8cf,data_ml,p_count,aiot,0,20 Feb 2026 22:19:1
6998df01207175f03814a8d6,data_ml,p_count,aiot,0,20 Feb 2026 22:24:1
6998e02d207175f03814a8dd,data_ml,p_count,aiot,0,20 Feb 2026 22:29:1
6998e159207175f03814a8e4,data_ml,p_count,aiot,0,20 Feb 2026 22:34:1
6998e285207175f03814a8eb,data_ml,p_count,aiot,0,20 Feb 2026 22:39:1
6998e3b1207175f03814a8f2,data_ml,p_count,aiot,0,20 Feb 2026 22:44:1
6998e4dd207175f03814a8f9,data_ml,p_count,aiot,0,20 Feb 2026 22:49:1
6998e609207175f03814a900,data_ml,p_count,aiot,0,20 Feb 2026 22:54:1
6998e735207175f03814a907,data_ml,p_count,aiot,0,20 Feb 2026 22:59:1
6998e861207175f03814a90e,data_ml,p_count,aiot,0,20 Feb 2026 23:4:1
6998eab9207175f03814a91b,data_ml,p_count,aiot,0,20 Feb 2026 23:14:1
6998ebe5207175f03814a922,data_ml,p_count,aiot,0,20 Feb 2026 23:19:1
6998ed11207175f03814a929,data_ml,p_count,aiot,0,20 Feb 2026 23:24:1
6998ee3d207175f03814a930,data_ml,p_count,aiot,0,20 Feb 2026 23:29:1
6998ef69207175f03814a937,data_ml,p_count,aiot,0,20 Feb 2026 23:34:1
6998f095207175f03814a93e,data_ml,p_count,aiot,0,20 Feb 2026 23:39:1
6998f1c1207175f03814a945,data_ml,p_count,aiot,0,20 Feb 2026 23:44:1
6998f2ed207175f03814a94c,data_ml,p_count,aiot,0,20 Feb 2026 23:49:1
6998f419207175f03814a953,data_ml,p_count,aiot,0,20 Feb 2026 23:54:1
6998f545207175f03814a95a,data_ml,p_count,aiot,0,20 Feb 2026 23:59:1
6998f671207175f03814a961,data_ml,p_count,aiot,0,21 Feb 2026 0:4:1
6998f79d207175f03814a968,data_ml,p_count,aiot,0,21 Feb 2026 0:9:1
6998f8ca207175f03814a96f,data_ml,p_count,aiot,0,21 Feb 2026 0:14:1
6998f9f5207175f03814a976,data_ml,p_count,aiot,0,21 Feb 2026 0:19:1
6998fb22207175f03814a97d,data_ml,p_count,aiot,0,21 Feb 2026 0:24:2
6998fc4d207175f03814a984,data_ml,p_count,aiot,0,21 Feb 2026 0:29:1
6998fd7a207175f03814a98b,data_ml,p_count,aiot,0,21 Feb 2026 0:34:2
6998fea6207175f03814a992,data_ml,p_count,aiot,0,21 Feb 2026 0:39:2
6998ffd1207175f03814a999,data_ml,p_count,aiot,0,21 Feb 2026 0:44:1
699900fe207175f03814a9a0,data_ml,p_count,aiot,0,21 Feb 2026 0:49:2
6999022a207175f03814a9a7,data_ml,p_count,aiot,0,21 Feb 2026 0:54:2
69990356207175f03814a9ae,data_ml,p_count,aiot,0,21 Feb 2026 0:59:2
69990482207175f03814a9b5,data_ml,p_count,aiot,0,21 Feb 2026 1:4:2
699905ae207175f03814a9bc,data_ml,p_count,aiot,0,21 Feb 2026 1:9:2
699906da207175f03814a9c3,data_ml,p_count,aiot,0,21 Feb 2026 1:14:2
69990806207175f03814a9ca,data_ml,p_count,aiot,0,21 Feb 2026 1:19:2
69990932207175f03814a9d1,data_ml,p_count,aiot,0,21 Feb 2026 1:24:2
69990a5e207175f03814a9d8,data_ml,p_count,aiot,0,21 Feb 2026 1:29:2
69990b8a207175f03814a9df,data_ml,p_count,aiot,0,21 Feb 2026 1:34:2
69990de2207175f03814a9ec,data_ml,p_count,aiot,0,21 Feb 2026 1:44:2
69990f0e207175f03814a9f3,data_ml,p_count,aiot,0,21 Feb 2026 1:49:2
6999103a207175f03814a9fa,data_ml,p_count,aiot,0,21 Feb 2026 1:54:2
69991166207175f03814aa01,data_ml,p_count,aiot,0,21 Feb 2026 1:59:2
69991292207175f03814aa08,data_ml,p_count,aiot,0,21 Feb 2026 2:4:2
699913be207175f03814aa0f,data_ml,p_count,aiot,0,21 Feb 2026 2:9:2
699914ea207175f03814aa16,data_ml,p_count,aiot,0,21 Feb 2026 2:14:2
69991616207175f03814aa1d,data_ml,p_count,aiot,0,21 Feb 2026 2:19:2
69991742207175f03814aa24,data_ml,p_count,aiot,0,21 Feb 2026 2:24:2
6999186e207175f03814aa2b,data_ml,p_count,aiot,0,21 Feb 2026 2:29:2
6999199a207175f03814aa32,data_ml,p_count,aiot,0,21 Feb 2026 2:34:2
69991ac6207175f03814aa39,data_ml,p_count,aiot,0,21 Feb 2026 2:39:2
69991bf2207175f03814aa40,data_ml,p_count,aiot,0,21 Feb 2026 2:44:2
69991d1e207175f03814aa47,data_ml,p_count,aiot,0,21 Feb 2026 2:49:2
69991e4a207175f03814aa4e,data_ml,p_count,aiot,0,21 Feb 2026 2:54:2
69991f76207175f03814aa55,data_ml,p_count,aiot,0,21 Feb 2026 2:59:2
699920a2207175f03814aa5c,data_ml,p_count,aiot,0,21 Feb 2026 3:4:2
699921ce207175f03814aa63,data_ml,p_count,aiot,0,21 Feb 2026 3:9:2
699922fa207175f03814aa6a,data_ml,p_count,aiot,0,21 Feb 2026 3:14:2
69992426207175f03814aa71,data_ml,p_count,aiot,0,21 Feb 2026 3:19:2
69992552207175f03814aa78,data_ml,p_count,aiot,0,21 Feb 2026 3:24:2
6999267e207175f03814aa7e,data_ml,p_count,aiot,0,21 Feb 2026 3:29:2
699927aa207175f03814aa85,data_ml,p_count,aiot,0,21 Feb 2026 3:34:2
699928d6207175f03814aa8c,data_ml,p_count,aiot,0,21 Feb 2026 3:39:2
69992a02207175f03814aa93,data_ml,p_count,aiot,0,21 Feb 2026 3:44:2
69992b2e207175f03814aa9a,data_ml,p_count,aiot,0,21 Feb 2026 3:49:2
69992c5a207175f03814aaa1,data_ml,p_count,aiot,0,21 Feb 2026 3:54:2
69992d86207175f03814aaa8,data_ml,p_count,aiot,0,21 Feb 2026 3:59:2
69992eb2207175f03814aaaf,data_ml,p_count,aiot,0,21 Feb 2026 4:4:2
6999310b207175f03814aabc,data_ml,p_count,aiot,0,21 Feb 2026 4:14:3
69993237207175f03814aac3,data_ml,p_count,aiot,0,21 Feb 2026 4:19:3
69993363207175f03814aaca,data_ml,p_count,aiot,0,21 Feb 2026 4:24:3
6999348f207175f03814aad1,data_ml,p_count,aiot,0,21 Feb 2026 4:29:3
699935bb207175f03814aad8,data_ml,p_count,aiot,0,21 Feb 2026 4:34:3
699936e7207175f03814aadf,data_ml,p_count,aiot,0,21 Feb 2026 4:39:3
69993813207175f03814aae6,data_ml,p_count,aiot,0,21 Feb 2026 4:44:3
6999393f207175f03814aaed,data_ml,p_count,aiot,0,21 Feb 2026 4:49:3
69993a6b207175f03814aaf4,data_ml,p_count,aiot,0,21 Feb 2026 4:54:3
69993b97207175f03814aafb,data_ml,p_count,aiot,0,21 Feb 2026 4:59:3
69993cc3207175f03814ab02,data_ml,p_count,aiot,0,21 Feb 2026 5:4:3
69993def207175f03814ab09,data_ml,p_count,aiot,0,21 Feb 2026 5:9:3
69993f1b207175f03814ab10,data_ml,p_count,aiot,0,21 Feb 2026 5:14:3
69994047207175f03814ab17,data_ml,p_count,aiot,0,21 Feb 2026 5:19:3
69994173207175f03814ab1e,data_ml,p_count,aiot,0,21 Feb 2026 5:24:3
6999429f207175f03814ab25,data_ml,p_count,aiot,0,21 Feb 2026 5:29:3
699943cb207175f03814ab2c,data_ml,p_count,aiot,0,21 Feb 2026 5:34:3
699944f7207175f03814ab33,data_ml,p_count,aiot,0,21 Feb 2026 5:39:3
69994623207175f03814ab3a,data_ml,p_count,aiot,0,21 Feb 2026 5:44:3
6999474f207175f03814ab41,data_ml,p_count,aiot,0,21 Feb 2026 5:49:3
6999487b207175f03814ab48,data_ml,p_count,aiot,0,21 Feb 2026 5:54:3
699949a7207175f03814ab4f,data_ml,p_count,aiot,0,21 Feb 2026 5:59:3
69994ad3207175f03814ab56,data_ml,p_count,aiot,0,21 Feb 2026 6:4:3
69994bff207175f03814ab5d,data_ml,p_count,aiot,0,21 Feb 2026 6:9:3
69994d2b207175f03814ab64,data_ml,p_count,aiot,0,21 Feb 2026 6:14:3
69994e57207175f03814ab6b,data_ml,p_count,aiot,0,21 Feb 2026 6:19:3
69994f83207175f03814ab72,data_ml,p_count,aiot,0,21 Feb 2026 6:24:3
699950af207175f03814ab79,data_ml,p_count,aiot,0,21 Feb 2026 6:29:3
699951db207175f03814ab80,data_ml,p_count,aiot,0,21 Feb 2026 6:34:3
69995433207175f03814ab8d,data_ml,p_count,aiot,0,21 Feb 2026 6:44:3
6999555f207175f03814ab94,data_ml,p_count,aiot,0,21 Feb 2026 6:49:3
6999568b207175f03814ab9b,data_ml,p_count,aiot,0,21 Feb 2026 6:54:3
699957b7207175f03814aba2,data_ml,p_count,aiot,0,21 Feb 2026 6:59:3
699958e3207175f03814aba9,data_ml,p_count,aiot,0,21 Feb 2026 7:4:3
69995a0f207175f03814abb0,data_ml,p_count,aiot,0,21 Feb 2026 7:9:3
69995b3b207175f03814abb7,data_ml,p_count,aiot,0,21 Feb 2026 7:14:3
69995c67207175f03814abbe,data_ml,p_count,aiot,0,21 Feb 2026 7:19:3
69995d93207175f03814abc5,data_ml,p_count,aiot,0,21 Feb 2026 7:24:3
69995ebf207175f03814abcc,data_ml,p_count,aiot,0,21 Feb 2026 7:29:3
69995feb207175f03814abd3,data_ml,p_count,aiot,0,21 Feb 2026 7:34:3
69996118207175f03814abda,data_ml,p_count,aiot,0,21 Feb 2026 7:39:4
69996244207175f03814abe1,data_ml,p_count,aiot,0,21 Feb 2026 7:44:4
6999636f207175f03814abe8,data_ml,p_count,aiot,0,21 Feb 2026 7:49:3
6999649c207175f03814abef,data_ml,p_count,aiot,0,21 Feb 2026 7:54:4
699965c8207175f03814abf6,data_ml,p_count,aiot,0,21 Feb 2026 7:59:4
699966f3207175f03814abfd,data_ml,p_count,aiot,0,21 Feb 2026 8:4:3
6999681f207175f03814ac04,data_ml,p_count,aiot,0,21 Feb 2026 8:9:3
6999694c207175f03814ac0b,data_ml,p_count,aiot,0,21 Feb 2026 8:14:4
69996a78207175f03814ac12,data_ml,p_count,aiot,0,21 Feb 2026 8:19:4
69996ba4207175f03814ac19,data_ml,p_count,aiot,0,21 Feb 2026 8:24:4
69996cd0207175f03814ac20,data_ml,p_count,aiot,0,21 Feb 2026 8:29:4
69996dfc207175f03814ac27,data_ml,p_count,aiot,0,21 Feb 2026 8:34:4
69996f28207175f03814ac2e,data_ml,p_count,aiot,0,21 Feb 2026 8:39:4
69997054207175f03814ac35,data_ml,p_count,aiot,0,21 Feb 2026 8:44:4
69997180207175f03814ac3c,data_ml,p_count,aiot,0,21 Feb 2026 8:49:4
699972ac207175f03814ac43,data_ml,p_count,aiot,0,21 Feb 2026 8:54:4
699973d8207175f03814ac4a,data_ml,p_count,aiot,0,21 Feb 2026 8:59:4
69997504207175f03814ac51,data_ml,p_count,aiot,0,21 Feb 2026 9:4:4
6999775c207175f03814ac5e,data_ml,p_count,aiot,0,21 Feb 2026 9:14:4
69997888207175f03814ac65,data_ml,p_count,aiot,0,21 Feb 2026 9:19:4
699979b4207175f03814ac6c,data_ml,p_count,aiot,0,21 Feb 2026 9:24:4
69997ae0207175f03814ac73,data_ml,p_count,aiot,0,21 Feb 2026 9:29:4
69997c0c207175f03814ac7a,data_ml,p_count,aiot,0,21 Feb 2026 9:34:4
69997d38207175f03814ac81,data_ml,p_count,aiot,0,21 Feb 2026 9:39:4
69997e64207175f03814ac88,data_ml,p_count,aiot,0,21 Feb 2026 9:44:4
69997f90207175f03814ac8f,data_ml,p_count,aiot,0,21 Feb 2026 9:49:4
699980bc207175f03814ac96,data_ml,p_count,aiot,0,21 Feb 2026 9:54:4
699981e8207175f03814ac9d,data_ml,p_count,aiot,0,21 Feb 2026 9:59:4
69998314207175f03814aca4,data_ml,p_count,aiot,0,21 Feb 2026 10:4:4
69998440207175f03814acab,data_ml,p_count,aiot,0,21 Feb 2026 10:9:4
6999856c207175f03814acb2,data_ml,p_count,aiot,0,21 Feb 2026 10:14:4
69998698207175f03814acb9,data_ml,p_count,aiot,0,21 Feb 2026 10:19:4
699987c4207175f03814acc0,data_ml,p_count,aiot,0,21 Feb 2026 10:24:4
699988f0207175f03814acc7,data_ml,p_count,aiot,0,21 Feb 2026 10:29:4
69998a1c207175f03814acce,data_ml,p_count,aiot,0,21 Feb 2026 10:34:4
69998b48207175f03814acd5,data_ml,p_count,aiot,0,21 Feb 2026 10:39:4
69998c74207175f03814acdc,data_ml,p_count,aiot,0,21 Feb 2026 10:44:4
69998da0207175f03814ace3,data_ml,p_count,aiot,0,21 Feb 2026 10:49:4
69998ecc207175f03814acea,data_ml,p_count,aiot,0,21 Feb 2026 10:54:4
69998ff8207175f03814acf1,data_ml,p_count,aiot,0,21 Feb 2026 10:59:4
69999124207175f03814acf8,data_ml,p_count,aiot,0,21 Feb 2026 11:4:4
69999250207175f03814acff,data_ml,p_count,aiot,0,21 Feb 2026 11:9:4
6999937c207175f03814ad06,data_ml,p_count,aiot,0,21 Feb 2026 11:14:4
699994a8207175f03814ad0d,data_ml,p_count,aiot,0,21 Feb 2026 11:19:4
699995d4207175f03814ad14,data_ml,p_count,aiot,0,21 Feb 2026 11:24:4
69999700207175f03814ad1b,data_ml,p_count,aiot,0,21 Feb 2026 11:29:4
6999982c207175f03814ad22,data_ml,p_count,aiot,0,21 Feb 2026 11:34:4
69999a85207175f03814ad2f,data_ml,p_count,aiot,0,21 Feb 2026 11:44:5
69999bb1207175f03814ad36,data_ml,p_count,aiot,0,21 Feb 2026 11:49:5
69999cdd207175f03814ad3d,data_ml,p_count,aiot,0,21 Feb 2026 11:54:5
69999e09207175f03814ad44,data_ml,p_count,aiot,0,21 Feb 2026 11:59:5
69999f35207175f03814ad4b,data_ml,p_count,aiot,0,21 Feb 2026 12:4:5
6999a061207175f03814ad52,data_ml,p_count,aiot,0,21 Feb 2026 12:9:5
6999a18d207175f03814ad59,data_ml,p_count,aiot,0,21 Feb 2026 12:14:5
6999a2b9207175f03814ad60,data_ml,p_count,aiot,0,21 Feb 2026 12:19:5
6999a3e5207175f03814ad67,data_ml,p_count,aiot,0,21 Feb 2026 12:24:5
6999a511207175f03814ad6e,data_ml,p_count,aiot,0,21 Feb 2026 12:29:5
6999a63d207175f03814ad75,data_ml,p_count,aiot,0,21 Feb 2026 12:34:5
6999a769207175f03814ad7c,data_ml,p_count,aiot,0,21 Feb 2026 12:39:5
6999a895207175f03814ad83,data_ml,p_count,aiot,0,21 Feb 2026 12:44:5
6999a9c1207175f03814ad8a,data_ml,p_count,aiot,0,21 Feb 2026 12:49:5
6999aaed207175f03814ad91,data_ml,p_count,aiot,0,21 Feb 2026 12:54:5
6999ac19207175f03814ad98,data_ml,p_count,aiot,0,21 Feb 2026 12:59:5
6999ad45207175f03814ad9f,data_ml,p_count,aiot,0,21 Feb 2026 13:4:5
6999ae71207175f03814ada6,data_ml,p_count,aiot,0,21 Feb 2026 13:9:5
6999af9d207175f03814adad,data_ml,p_count,aiot,0,21 Feb 2026 13:14:5
6999b0c9207175f03814adb4,data_ml,p_count,aiot,0,21 Feb 2026 13:19:5
6999b1f5207175f03814adbb,data_ml,p_count,aiot,0,21 Feb 2026 13:24:5
6999b321207175f03814adc2,data_ml,p_count,aiot,0,21 Feb 2026 13:29:5
6999b44d207175f03814adc9,data_ml,p_count,aiot,0,21 Feb 2026 13:34:5
6999b579207175f03814add0,data_ml,p_count,aiot,0,21 Feb 2026 13:39:5
6999b6a5207175f03814add7,data_ml,p_count,aiot,0,21 Feb 2026 13:44:5
6999b7d140871d14502ace74,data_ml,p_count,aiot,0,21 Feb 2026 13:49:5
6999b8fd40871d14502ace7b,data_ml,p_count,aiot,0,21 Feb 2026 13:54:5
6999ba2940871d14502ace82,data_ml,p_count,aiot,0,21 Feb 2026 13:59:5
6999bb5540871d14502ace89,data_ml,p_count,aiot,0,21 Feb 2026 14:4:5
6999bdad40871d14502ace96,data_ml,p_count,aiot,0,21 Feb 2026 14:14:5
6999bed940871d14502ace9d,data_ml,p_count,aiot,0,21 Feb 2026 14:19:5
6999c00540871d14502acea4,data_ml,p_count,aiot,0,21 Feb 2026 14:24:5
6999c13140871d14502aceab,data_ml,p_count,aiot,0,21 Feb 2026 14:29:5
6999c25d40871d14502aceb2,data_ml,p_count,aiot,0,21 Feb 2026 14:34:5
6999c38940871d14502aceb9,data_ml,p_count,aiot,0,21 Feb 2026 14:39:5
6999c4b640871d14502acec0,data_ml,p_count,aiot,0,21 Feb 2026 14:44:6
6999c5e140871d14502acec7,data_ml,p_count,aiot,0,21 Feb 2026 14:49:5
6999c70d40871d14502acece,data_ml,p_count,aiot,0,21 Feb 2026 14:54:5
6999c83a40871d14502aced5,data_ml,p_count,aiot,0,21 Feb 2026 14:59:6
6999c96540871d14502acedc,data_ml,p_count,aiot,0,21 Feb 2026 15:4:5
6999ca9140871d14502acee3,data_ml,p_count,aiot,0,21 Feb 2026 15:9:5
6999cbbe40871d14502aceea,data_ml,p_count,aiot,0,21 Feb 2026 15:14:6
6999ccea40871d14502acef1,data_ml,p_count,aiot,0,21 Feb 2026 15:19:6
6999ce1540871d14502acef8,data_ml,p_count,aiot,0,21 Feb 2026 15:24:5
6999cf4240871d14502aceff,data_ml,p_count,aiot,0,21 Feb 2026 15:29:6
6999d06e40871d14502acf06,data_ml,p_count,aiot,0,21 Feb 2026 15:34:6
6999d19940871d14502acf0d,data_ml,p_count,aiot,0,21 Feb 2026 15:39:5
6999d2c640871d14502acf14,data_ml,p_count,aiot,0,21 Feb 2026 15:44:6
6999d3f240871d14502acf1b,data_ml,p_count,aiot,0,21 Feb 2026 15:49:6
6999d51e40871d14502acf22,data_ml,p_count,aiot,0,21 Feb 2026 15:54:6
6999d64a40871d14502acf29,data_ml,p_count,aiot,0,21 Feb 2026 15:59:6
6999d77640871d14502acf30,data_ml,p_count,aiot,0,21 Feb 2026 16:4:6
6999d8a240871d14502acf37,data_ml,p_count,aiot,0,21 Feb 2026 16:9:6
6999d9ce40871d14502acf3e,data_ml,p_count,aiot,0,21 Feb 2026 16:14:6
6999dafa40871d14502acf45,data_ml,p_count,aiot,0,21 Feb 2026 16:19:6
6999dc2640871d14502acf4c,data_ml,p_count,aiot,0,21 Feb 2026 16:24:6
6999dd5240871d14502acf53,data_ml,p_count,aiot,0,21 Feb 2026 16:29:6
6999de7e40871d14502acf5a,data_ml,p_count,aiot,0,21 Feb 2026 16:34:6
6999e0d640871d14502acf67,data_ml,p_count,aiot,0,21 Feb 2026 16:44:6
6999e20240871d14502acf6e,data_ml,p_count,aiot,0,21 Feb 2026 16:49:6
6999e32e40871d14502acf75,data_ml,p_count,aiot,0,21 Feb 2026 16:54:6
6999e45a40871d14502acf7c,data_ml,p_count,aiot,0,21 Feb 2026 16:59:6
6999e58640871d14502acf83,data_ml,p_count,aiot,0,21 Feb 2026 17:4:6
6999e6b240871d14502acf8a,data_ml,p_count,aiot,0,21 Feb 2026 17:9:6
6999e7de40871d14502acf91,data_ml,p_count,aiot,0,21 Feb 2026 17:14:6
6999e90a40871d14502acf98,data_ml,p_count,aiot,0,21 Feb 2026 17:19:6
6999ea3640871d14502acf9f,data_ml,p_count,aiot,0,21 Feb 2026 17:24:6
6999eb6240871d14502acfa6,data_ml,p_count,aiot,0,21 Feb 2026 17:29:6
6999ec8e40871d14502acfad,data_ml,p_count,aiot,0,21 Feb 2026 17:34:6
6999edba40871d14502acfb4,data_ml,p_count,aiot,0,21 Feb 2026 17:39:6
6999eee640871d14502acfbb,data_ml,p_count,aiot,0,21 Feb 2026 17:44:6
6999f01240871d14502acfc2,data_ml,p_count,aiot,0,21 Feb 2026 17:49:6
6999f13e40871d14502acfc9,data_ml,p_count,aiot,0,21 Feb 2026 17:54:6
6999f26a40871d14502acfd0,data_ml,p_count,aiot,0,21 Feb 2026 17:59:6
6999f39640871d14502acfd7,data_ml,p_count,aiot,0,21 Feb 2026 18:4:6
6999f4c240871d14502acfde,data_ml,p_count,aiot,0,21 Feb 2026 18:9:6
6999f5ee40871d14502acfe5,data_ml,p_count,aiot,0,21 Feb 2026 18:14:6
6999f71a40871d14502acfec,data_ml,p_count,aiot,0,21 Feb 2026 18:19:6
6999f84640871d14502acff3,data_ml,p_count,aiot,0,21 Feb 2026 18:24:6
6999f97240871d14502acffa,data_ml,p_count,aiot,0,21 Feb 2026 18:29:6
6999fa9e40871d14502ad001,data_ml,p_count,aiot,0,21 Feb 2026 18:34:6
6999fbca40871d14502ad008,data_ml,p_count,aiot,0,21 Feb 2026 18:39:6
6999fcf640871d14502ad00f,data_ml,p_count,aiot,0,21 Feb 2026 18:44:6
6999fe2240871d14502ad016,data_ml,p_count,aiot,0,21 Feb 2026 18:49:6
6999ff4e40871d14502ad01d,data_ml,p_count,aiot,0,21 Feb 2026 18:54:6
699a007a40871d14502ad024,data_ml,p_count,aiot,0,21 Feb 2026 18:59:6
699a01a640871d14502ad02b,data_ml,p_count,aiot,0,21 Feb 2026 19:4:6
699a03ff40871d14502ad038,data_ml,p_count,aiot,0,21 Feb 2026 19:14:7
699a052b40871d14502ad03f,data_ml,p_count,aiot,0,21 Feb 2026 19:19:7
699a065740871d14502ad046,data_ml,p_count,aiot,0,21 Feb 2026 19:24:7
699a078340871d14502ad04d,data_ml,p_count,aiot,0,21 Feb 2026 19:29:7
699a08af40871d14502ad054,data_ml,p_count,aiot,0,21 Feb 2026 19:34:7
699a09db40871d14502ad05b,data_ml,p_count,aiot,0,21 Feb 2026 19:39:7
699a0b0740871d14502ad062,data_ml,p_count,aiot,0,21 Feb 2026 19:44:7
699a0c3340871d14502ad069,data_ml,p_count,aiot,0,21 Feb 2026 19:49:7
699a0d5f40871d14502ad070,data_ml,p_count,aiot,0,21 Feb 2026 19:54:7
699a0e8b40871d14502ad077,data_ml,p_count,aiot,0,21 Feb 2026 19:59:7
699a0fb740871d14502ad07e,data_ml,p_count,aiot,0,21 Feb 2026 20:4:7
699a10e340871d14502ad085,data_ml,p_count,aiot,0,21 Feb 2026 20:9:7
699a120f40871d14502ad08c,data_ml,p_count,aiot,0,21 Feb 2026 20:14:7
699a133b40871d14502ad093,data_ml,p_count,aiot,0,21 Feb 2026 20:19:7
699a146740871d14502ad09a,data_ml,p_count,aiot,0,21 Feb 2026 20:24:7
699a159340871d14502ad0a1,data_ml,p_count,aiot,0,21 Feb 2026 20:29:7
699a16bf40871d14502ad0a8,data_ml,p_count,aiot,0,21 Feb 2026 20:34:7
699a17eb40871d14502ad0af,data_ml,p_count,aiot,0,21 Feb 2026 20:39:7
699a191740871d14502ad0b6,data_ml,p_count,aiot,0,21 Feb 2026 20:44:7
699a1a4340871d14502ad0bd,data_ml,p_count,aiot,0,21 Feb 2026 20:49:7
699a1b6f40871d14502ad0c4,data_ml,p_count,aiot,0,21 Feb 2026 20:54:7
699a1c9b40871d14502ad0cb,data_ml,p_count,aiot,0,21 Feb 2026 20:59:7
699a1dc740871d14502ad0d2,data_ml,p_count,aiot,0,21 Feb 2026 21:4:7
699a1ef340871d14502ad0d9,data_ml,p_count,aiot,0,21 Feb 2026 21:9:7
699a201f40871d14502ad0e0,data_ml,p_count,aiot,0,21 Feb 2026 21:14:7
699a214b40871d14502ad0e7,data_ml,p_count,aiot,0,21 Feb 2026 21:19:7
699a227740871d14502ad0ee,data_ml,p_count,aiot,0,21 Feb 2026 21:24:7
699a23a340871d14502ad0f5,data_ml,p_count,aiot,0,21 Feb 2026 21:29:7
699a24cf40871d14502ad0fc,data_ml,p_count,aiot,0,21 Feb 2026 21:34:7
699a272740871d14502ad109,data_ml,p_count,aiot,0,21 Feb 2026 21:44:7
699a285340871d14502ad110,data_ml,p_count,aiot,0,21 Feb 2026 21:49:7
699a297f40871d14502ad117,data_ml,p_count,aiot,0,21 Feb 2026 21:54:7
699a2aab40871d14502ad11e,data_ml,p_count,aiot,0,21 Feb 2026 21:59:7
699a2bd740871d14502ad125,data_ml,p_count,aiot,0,21 Feb 2026 22:4:7
699a2d0340871d14502ad12c,data_ml,p_count,aiot,0,21 Feb 2026 22:9:7
699a2e2f40871d14502ad133,data_ml,p_count,aiot,0,21 Feb 2026 22:14:7
699a2f5b40871d14502ad13a,data_ml,p_count,aiot,0,21 Feb 2026 22:19:7
699a308740871d14502ad141,data_ml,p_count,aiot,0,21 Feb 2026 22:24:7
699a31b340871d14502ad148,data_ml,p_count,aiot,0,21 Feb 2026 22:29:7
699a32df40871d14502ad14f,data_ml,p_count,aiot,0,21 Feb 2026 22:34:7
699a340b40871d14502ad156,data_ml,p_count,aiot,0,21 Feb 2026 22:39:7
699a353740871d14502ad15d,data_ml,p_count,aiot,0,21 Feb 2026 22:44:7
699a366340871d14502ad164,data_ml,p_count,aiot,0,21 Feb 2026 22:49:7
699a378f40871d14502ad16b,data_ml,p_count,aiot,0,21 Feb 2026 22:54:7
699a38bb40871d14502ad172,data_ml,p_count,aiot,0,21 Feb 2026 22:59:7
699a39e740871d14502ad179,data_ml,p_count,aiot,0,21 Feb 2026 23:4:7
699a3b1440871d14502ad180,data_ml,p_count,aiot,0,21 Feb 2026 23:9:8
699a3c3f40871d14502ad187,data_ml,p_count,aiot,0,21 Feb 2026 23:14:7
699a3d6b40871d14502ad18e,data_ml,p_count,aiot,0,21 Feb 2026 23:19:7
699a3e9840871d14502ad195,data_ml,p_count,aiot,0,21 Feb 2026 23:24:8
699a3fc340871d14502ad19c,data_ml,p_count,aiot,0,21 Feb 2026 23:29:7
699a40ef40871d14502ad1a3,data_ml,p_count,aiot,0,21 Feb 2026 23:34:7
699a421c40871d14502ad1aa,data_ml,p_count,aiot,0,21 Feb 2026 23:39:8
699a434840871d14502ad1b1,data_ml,p_count,aiot,0,21 Feb 2026 23:44:8
699a447440871d14502ad1b8,data_ml,p_count,aiot,0,21 Feb 2026 23:49:8
699a45a040871d14502ad1bf,data_ml,p_count,aiot,0,21 Feb 2026 23:54:8
699a46cc40871d14502ad1c6,data_ml,p_count,aiot,0,21 Feb 2026 23:59:8
699a47f840871d14502ad1cd,data_ml,p_count,aiot,0,22 Feb 2026 0:4:8
699a4a5040871d14502ad1da,data_ml,p_count,aiot,0,22 Feb 2026 0:14:8
699a4b7c40871d14502ad1e1,data_ml,p_count,aiot,0,22 Feb 2026 0:19:8
699a4ca840871d14502ad1e8,data_ml,p_count,aiot,0,22 Feb 2026 0:24:8
699a4dd440871d14502ad1ef,data_ml,p_count,aiot,0,22 Feb 2026 0:29:8
699a4f0040871d14502ad1f6,data_ml,p_count,aiot,0,22 Feb 2026 0:34:8
699a502c40871d14502ad1fd,data_ml,p_count,aiot,0,22 Feb 2026 0:39:8
699a515840871d14502ad204,data_ml,p_count,aiot,0,22 Feb 2026 0:44:8
699a528440871d14502ad20b,data_ml,p_count,aiot,0,22 Feb 2026 0:49:8
699a53b040871d14502ad212,data_ml,p_count,aiot,0,22 Feb 2026 0:54:8
699a54dc40871d14502ad219,data_ml,p_count,aiot,0,22 Feb 2026 0:59:8
699a560840871d14502ad220,data_ml,p_count,aiot,0,22 Feb 2026 1:4:8
699a573440871d14502ad227,data_ml,p_count,aiot,0,22 Feb 2026 1:9:8
699a586040871d14502ad22e,data_ml,p_count,aiot,0,22 Feb 2026 1:14:8
699a598c40871d14502ad235,data_ml,p_count,aiot,0,22 Feb 2026 1:19:8
699a5ab840871d14502ad23c,data_ml,p_count,aiot,0,22 Feb 2026 1:24:8
699a5be440871d14502ad243,data_ml,p_count,aiot,0,22 Feb 2026 1:29:8
699a5d1040871d14502ad24a,data_ml,p_count,aiot,0,22 Feb 2026 1:34:8
699a5e3c40871d14502ad251,data_ml,p_count,aiot,0,22 Feb 2026 1:39:8
699a5f6840871d14502ad258,data_ml,p_count,aiot,0,22 Feb 2026 1:44:8
699a609440871d14502ad25f,data_ml,p_count,aiot,0,22 Feb 2026 1:49:8
699a61c040871d14502ad266,data_ml,p_count,aiot,0,22 Feb 2026 1:54:8
699a62ec40871d14502ad26d,data_ml,p_count,aiot,0,22 Feb 2026 1:59:8
699a641840871d14502ad274,data_ml,p_count,aiot,0,22 Feb 2026 2:4:8
699a654440871d14502ad27b,data_ml,p_count,aiot,0,22 Feb 2026 2:9:8
699a667040871d14502ad282,data_ml,p_count,aiot,0,22 Feb 2026 2:14:8
699a679c40871d14502ad289,data_ml,p_count,aiot,0,22 Feb 2026 2:19:8
699a68c840871d14502ad290,data_ml,p_count,aiot,0,22 Feb 2026 2:24:8
699a69f440871d14502ad297,data_ml,p_count,aiot,0,22 Feb 2026 2:29:8
699a6b2040871d14502ad29e,data_ml,p_count,aiot,0,22 Feb 2026 2:34:8
699a6d7940871d14502ad2ab,data_ml,p_count,aiot,0,22 Feb 2026 2:44:9
699a6ea540871d14502ad2b2,data_ml,p_count,aiot,0,22 Feb 2026 2:49:9
699a6fd140871d14502ad2b9,data_ml,p_count,aiot,0,22 Feb 2026 2:54:9
699a70fd40871d14502ad2c0,data_ml,p_count,aiot,0,22 Feb 2026 2:59:9
699a722940871d14502ad2c7,data_ml,p_count,aiot,0,22 Feb 2026 3:4:9
699a735540871d14502ad2ce,data_ml,p_count,aiot,0,22 Feb 2026 3:9:9
699a748140871d14502ad2d5,data_ml,p_count,aiot,0,22 Feb 2026 3:14:9
699a75ad40871d14502ad2dc,data_ml,p_count,aiot,0,22 Feb 2026 3:19:9
699a76d940871d14502ad2e3,data_ml,p_count,aiot,0,22 Feb 2026 3:24:9
699a780540871d14502ad2ea,data_ml,p_count,aiot,0,22 Feb 2026 3:29:9
699a793140871d14502ad2f1,data_ml,p_count,aiot,0,22 Feb 2026 3:34:9
699a7a5d40871d14502ad2f8,data_ml,p_count,aiot,0,22 Feb 2026 3:39:9
699a7b8940871d14502ad2ff,data_ml,p_count,aiot,0,22 Feb 2026 3:44:9
699a7cb540871d14502ad306,data_ml,p_count,aiot,0,22 Feb 2026 3:49:9
699a7de140871d14502ad30d,data_ml,p_count,aiot,0,22 Feb 2026 3:54:9
699a7f0d40871d14502ad314,data_ml,p_count,aiot,0,22 Feb 2026 3:59:9
699a803940871d14502ad31b,data_ml,p_count,aiot,0,22 Feb 2026 4:4:9
699a816540871d14502ad321,data_ml,p_count,aiot,0,22 Feb 2026 4:9:9
699a829140871d14502ad328,data_ml,p_count,aiot,0,22 Feb 2026 4:14:9
699a83bd40871d14502ad32f,data_ml,p_count,aiot,0,22 Feb 2026 4:19:9
699a84e940871d14502ad336,data_ml,p_count,aiot,0,22 Feb 2026 4:24:9
699a861540871d14502ad33d,data_ml,p_count,aiot,0,22 Feb 2026 4:29:9
699a874140871d14502ad344,data_ml,p_count,aiot,0,22 Feb 2026 4:34:9
699a886d40871d14502ad34b,data_ml,p_count,aiot,0,22 Feb 2026 4:39:9
699a899940871d14502ad352,data_ml,p_count,aiot,0,22 Feb 2026 4:44:9
699a8ac540871d14502ad359,data_ml,p_count,aiot,0,22 Feb 2026 4:49:9
699a8bf140871d14502ad360,data_ml,p_count,aiot,0,22 Feb 2026 4:54:9
699a8d1d40871d14502ad367,data_ml,p_count,aiot,0,22 Feb 2026 4:59:9
699a8e4940871d14502ad36e,data_ml,p_count,aiot,0,22 Feb 2026 5:4:9
699a90a140871d14502ad37b,data_ml,p_count,aiot,0,22 Feb 2026 5:14:9
699a91cd40871d14502ad382,data_ml,p_count,aiot,0,22 Feb 2026 5:19:9
699a92f940871d14502ad389,data_ml,p_count,aiot,0,22 Feb 2026 5:24:9
699a942540871d14502ad390,data_ml,p_count,aiot,0,22 Feb 2026 5:29:9
699a955140871d14502ad397,data_ml,p_count,aiot,0,22 Feb 2026 5:34:9
699a967d40871d14502ad39f,data_ml,p_count,aiot,0,22 Feb 2026 5:39:9
699a97a940871d14502ad3aa,data_ml,p_count,aiot,0,22 Feb 2026 5:44:9
699a98d540871d14502ad3bb,data_ml,p_count,aiot,0,22 Feb 2026 5:49:9
699a9a0140871d14502ad3cc,data_ml,p_count,aiot,0,22 Feb 2026 5:54:9
699a9b2d40871d14502ad3dd,data_ml,p_count,aiot,0,22 Feb 2026 5:59:9
699a9c5940871d14502ad3ee,data_ml,p_count,aiot,0,22 Feb 2026 6:4:9
699a9d8540871d14502ad3ff,data_ml,p_count,aiot,0,22 Feb 2026 6:9:9
699a9eb140871d14502ad410,data_ml,p_count,aiot,0,22 Feb 2026 6:14:9
699a9fdd40871d14502ad421,data_ml,p_count,aiot,0,22 Feb 2026 6:19:9
699aa10940871d14502ad432,data_ml,p_count,aiot,0,22 Feb 2026 6:24:9
699aa23540871d14502ad443,data_ml,p_count,aiot,0,22 Feb 2026 6:29:9
699aa36140871d14502ad454,data_ml,p_count,aiot,0,22 Feb 2026 6:34:9
699aa48d40871d14502ad465,data_ml,p_count,aiot,0,22 Feb 2026 6:39:9
699aa5b940871d14502ad476,data_ml,p_count,aiot,0,22 Feb 2026 6:44:9
699aa6e540871d14502ad487,data_ml,p_count,aiot,0,22 Feb 2026 6:49:9
699aa81240871d14502ad498,data_ml,p_count,aiot,0,22 Feb 2026 6:54:10
699aa93e40871d14502ad4a9,data_ml,p_count,aiot,0,22 Feb 2026 6:59:10
699aaa6940871d14502ad4ba,data_ml,p_count,aiot,0,22 Feb 2026 7:4:9
699aab9640871d14502ad4cb,data_ml,p_count,aiot,0,22 Feb 2026 7:9:10
699aacc240871d14502ad4dc,data_ml,p_count,aiot,0,22 Feb 2026 7:14:10
699aaded40871d14502ad4ed,data_ml,p_count,aiot,0,22 Feb 2026 7:19:9
699aaf1a40871d14502ad4fe,data_ml,p_count,aiot,0,22 Feb 2026 7:24:10
699ab04640871d14502ad50f,data_ml,p_count,aiot,0,22 Feb 2026 7:29:10
699ab17240871d14502ad520,data_ml,p_count,aiot,0,22 Feb 2026 7:34:10
699ab3ca40871d14502ad541,data_ml,p_count,aiot,0,22 Feb 2026 7:44:10
699ab4f640871d14502ad552,data_ml,p_count,aiot,0,22 Feb 2026 7:49:10
699ab62240871d14502ad563,data_ml,p_count,aiot,0,22 Feb 2026 7:54:10
699ab74e40871d14502ad574,data_ml,p_count,aiot,0,22 Feb 2026 7:59:10
699ab87a40871d14502ad585,data_ml,p_count,aiot,0,22 Feb 2026 8:4:10
699ab9a640871d14502ad596,data_ml,p_count,aiot,0,22 Feb 2026 8:9:10
699abad240871d14502ad5a7,data_ml,p_count,aiot,0,22 Feb 2026 8:14:10
699abbfe40871d14502ad5b8,data_ml,p_count,aiot,0,22 Feb 2026 8:19:10
699abd2a40871d14502ad5c9,data_ml,p_count,aiot,0,22 Feb 2026 8:24:10
699abe5640871d14502ad5da,data_ml,p_count,aiot,0,22 Feb 2026 8:29:10
699abf8240871d14502ad5eb,data_ml,p_count,aiot,0,22 Feb 2026 8:34:10
699ac0ae40871d14502ad5fc,data_ml,p_count,aiot,0,22 Feb 2026 8:39:10
699ac1da40871d14502ad60d,data_ml,p_count,aiot,0,22 Feb 2026 8:44:10
699ac30640871d14502ad61e,data_ml,p_count,aiot,0,22 Feb 2026 8:49:10
699ac43240871d14502ad62f,data_ml,p_count,aiot,0,22 Feb 2026 8:54:10
699ac55e40871d14502ad640,data_ml,p_count,aiot,0,22 Feb 2026 8:59:10
699ac68a40871d14502ad651,data_ml,p_count,aiot,0,22 Feb 2026 9:4:10
699ac7b640871d14502ad662,data_ml,p_count,aiot,0,22 Feb 2026 9:9:10
699ac8e240871d14502ad673,data_ml,p_count,aiot,0,22 Feb 2026 9:14:10
699aca0e40871d14502ad684,data_ml,p_count,aiot,0,22 Feb 2026 9:19:10
699acb3a40871d14502ad695,data_ml,p_count,aiot,0,22 Feb 2026 9:24:10
699acc6640871d14502ad6a6,data_ml,p_count,aiot,0,22 Feb 2026 9:29:10
699acd9240871d14502ad6b7,data_ml,p_count,aiot,0,22 Feb 2026 9:34:10
699acebe429216e040141e91,data_ml,p_count,aiot,0,22 Feb 2026 9:39:10
699acebe40871d14502ad6c8,data_ml,p_count,aiot,0,22 Feb 2026 9:39:10
699acfea40871d14502ad6d9,data_ml,p_count,aiot,0,22 Feb 2026 9:44:10
699ad11640871d14502ad6ea,data_ml,p_count,aiot,0,22 Feb 2026 9:49:10
699ad24240871d14502ad6fb,data_ml,p_count,aiot,0,22 Feb 2026 9:54:10
699ad36e40871d14502ad70c,data_ml,p_count,aiot,0,22 Feb 2026 9:59:10
699ad49a40871d14502ad71d,data_ml,p_count,aiot,0,22 Feb 2026 10:4:10
699ad6f340871d14502ad73e,data_ml,p_count,aiot,0,22 Feb 2026 10:14:11
699ad81f40871d14502ad74f,data_ml,p_count,aiot,0,22 Feb 2026 10:19:11
699ad94b40871d14502ad760,data_ml,p_count,aiot,0,22 Feb 2026 10:24:11
699ada7740871d14502ad771,data_ml,p_count,aiot,0,22 Feb 2026 10:29:11
699adba340871d14502ad782,data_ml,p_count,aiot,0,22 Feb 2026 10:34:11
699adccf40871d14502ad793,data_ml,p_count,aiot,0,22 Feb 2026 10:39:11
699addfb40871d14502ad7a4,data_ml,p_count,aiot,0,22 Feb 2026 10:44:11
699adf2740871d14502ad7b5,data_ml,p_count,aiot,0,22 Feb 2026 10:49:11
699ae05340871d14502ad7c6,data_ml,p_count,aiot,0,22 Feb 2026 10:54:11
699ae17f40871d14502ad7d7,data_ml,p_count,aiot,0,22 Feb 2026 10:59:11
699ae2ab40871d14502ad7e8,data_ml,p_count,aiot,0,22 Feb 2026 11:4:11
699ae3d740871d14502ad7f9,data_ml,p_count,aiot,0,22 Feb 2026 11:9:11
699ae50340871d14502ad80a,data_ml,p_count,aiot,0,22 Feb 2026 11:14:11
699ae62f40871d14502ad81b,data_ml,p_count,aiot,0,22 Feb 2026 11:19:11
699ae75b40871d14502ad82c,data_ml,p_count,aiot,0,22 Feb 2026 11:24:11
699ae88740871d14502ad83d,data_ml,p_count,aiot,0,22 Feb 2026 11:29:11
699ae9b340871d14502ad84e,data_ml,p_count,aiot,0,22 Feb 2026 11:34:11
699aeadf40871d14502ad85f,data_ml,p_count,aiot,0,22 Feb 2026 11:39:11
699aec0b40871d14502ad870,data_ml,p_count,aiot,0,22 Feb 2026 11:44:11
699aed3740871d14502ad881,data_ml,p_count,aiot,0,22 Feb 2026 11:49:11
699aee6340871d14502ad892,data_ml,p_count,aiot,0,22 Feb 2026 11:54:11
699aef8f40871d14502ad8a3,data_ml,p_count,aiot,0,22 Feb 2026 11:59:11
699af0bb40871d14502ad8b4,data_ml,p_count,aiot,0,22 Feb 2026 12:4:11
699af1e740871d14502ad8c5,data_ml,p_count,aiot,0,22 Feb 2026 12:9:11
699af31340871d14502ad8d6,data_ml,p_count,aiot,0,22 Feb 2026 12:14:11
699af43f40871d14502ad8e7,data_ml,p_count,aiot,0,22 Feb 2026 12:19:11
699af56b40871d14502ad8f8,data_ml,p_count,aiot,0,22 Feb 2026 12:24:11
699af69740871d14502ad909,data_ml,p_count,aiot,0,22 Feb 2026 12:29:11
699af7c340871d14502ad91a,data_ml,p_count,aiot,0,22 Feb 2026 12:34:11
699afa1b40871d14502ad93b,data_ml,p_count,aiot,0,22 Feb 2026 12:44:11
699afb4740871d14502ad94c,data_ml,p_count,aiot,0,22 Feb 2026 12:49:11
699afc7340871d14502ad95d,data_ml,p_count,aiot,0,22 Feb 2026 12:54:11
699afd9f40871d14502ad96e,data_ml,p_count,aiot,0,22 Feb 2026 12:59:11
699afecb40871d14502ad97f,data_ml,p_count,aiot,0,22 Feb 2026 13:4:11
699afff740871d14502ad990,data_ml,p_count,aiot,0,22 Feb 2026 13:9:11
699b012340871d14502ad9a1,data_ml,p_count,aiot,0,22 Feb 2026 13:14:11
699b024f40871d14502ad9b2,data_ml,p_count,aiot,0,22 Feb 2026 13:19:11
699b037b40871d14502ad9c3,data_ml,p_count,aiot,0,22 Feb 2026 13:24:11
699b04a740871d14502ad9d3,data_ml,p_count,aiot,0,22 Feb 2026 13:29:11
699b05d340871d14502ad9e4,data_ml,p_count,aiot,0,22 Feb 2026 13:34:11
699b06ff40871d14502ad9f5,data_ml,p_count,aiot,0,22 Feb 2026 13:39:11
699b082b40871d14502ada06,data_ml,p_count,aiot,0,22 Feb 2026 13:44:11
699b095840871d14502ada17,data_ml,p_count,aiot,0,22 Feb 2026 13:49:12
699b0a8340871d14502ada28,data_ml,p_count,aiot,0,22 Feb 2026 13:54:11
699b0baf40871d14502ada39,data_ml,p_count,aiot,0,22 Feb 2026 13:59:11
699b0cdb40871d14502ada4a,data_ml,p_count,aiot,0,22 Feb 2026 14:4:11
699b0e0840871d14502ada5b,data_ml,p_count,aiot,0,22 Feb 2026 14:9:12
699b0f3440871d14502ada6c,data_ml,p_count,aiot,0,22 Feb 2026 14:14:12
699b105f6d9b09193115e94f,data_ml,p_count,aiot,0,22 Feb 2026 14:19:11
699b118b6d9b09193115e960,data_ml,p_count,aiot,0,22 Feb 2026 14:24:11
699b12b86d9b09193115e971,data_ml,p_count,aiot,0,22 Feb 2026 14:29:12
699b13e46d9b09193115e982,data_ml,p_count,aiot,0,22 Feb 2026 14:34:12
699b150f6d9b09193115e993,data_ml,p_count,aiot,0,22 Feb 2026 14:39:11
699b163c6d9b09193115e9a4,data_ml,p_count,aiot,0,22 Feb 2026 14:44:12
699b17686d9b09193115e9b5,data_ml,p_count,aiot,0,22 Feb 2026 14:49:12
699b18946d9b09193115e9c6,data_ml,p_count,aiot,0,22 Feb 2026 14:54:12
699b19c06d9b09193115e9d7,data_ml,p_count,aiot,0,22 Feb 2026 14:59:12
699b1aec6d9b09193115e9e8,data_ml,p_count,aiot,0,22 Feb 2026 15:4:12
699b1d446d9b09193115ea09,data_ml,p_count,aiot,0,22 Feb 2026 15:14:12
699b1e706d9b09193115ea1a,data_ml,p_count,aiot,0,22 Feb 2026 15:19:12
699b1f9c6d9b09193115ea2b,data_ml,p_count,aiot,0,22 Feb 2026 15:24:12
699b20c86d9b09193115ea3c,data_ml,p_count,aiot,0,22 Feb 2026 15:29:12
699b21f46d9b09193115ea4d,data_ml,p_count,aiot,0,22 Feb 2026 15:34:12
699b23206d9b09193115ea5e,data_ml,p_count,aiot,0,22 Feb 2026 15:39:12
699b244c6d9b09193115ea6f,data_ml,p_count,aiot,0,22 Feb 2026 15:44:12
699b25786d9b09193115ea80,data_ml,p_count,aiot,0,22 Feb 2026 15:49:12
699b26a46d9b09193115ea91,data_ml,p_count,aiot,0,22 Feb 2026 15:54:12
699b27d06d9b09193115eaa2,data_ml,p_count,aiot,0,22 Feb 2026 15:59:12
699b28fc6d9b09193115eab3,data_ml,p_count,aiot,0,22 Feb 2026 16:4:12
699b2a286d9b09193115eac4,data_ml,p_count,aiot,0,22 Feb 2026 16:9:12
699b2b546d9b09193115ead5,data_ml,p_count,aiot,0,22 Feb 2026 16:14:12
699b2c806d9b09193115eae6,data_ml,p_count,aiot,0,22 Feb 2026 16:19:12
699b2dac6d9b09193115eaf7,data_ml,p_count,aiot,0,22 Feb 2026 16:24:12
699b2ed86d9b09193115eb08,data_ml,p_count,aiot,0,22 Feb 2026 16:29:12
699b30046d9b09193115eb19,data_ml,p_count,aiot,0,22 Feb 2026 16:34:12
699b31306d9b09193115eb2a,data_ml,p_count,aiot,0,22 Feb 2026 16:39:12
699b325c6d9b09193115eb3b,data_ml,p_count,aiot,0,22 Feb 2026 16:44:12
699b33886d9b09193115eb4c,data_ml,p_count,aiot,0,22 Feb 2026 16:49:12
699b34b46d9b09193115eb5d,data_ml,p_count,aiot,0,22 Feb 2026 16:54:12
699b35e06d9b09193115eb6e,data_ml,p_count,aiot,0,22 Feb 2026 16:59:12
699b370c6d9b09193115eb7f,data_ml,p_count,aiot,0,22 Feb 2026 17:4:12
699b38396d9b09193115eb90,data_ml,p_count,aiot,0,22 Feb 2026 17:9:13
699b39646d9b09193115eba1,data_ml,p_count,aiot,0,22 Feb 2026 17:14:12
699b3a906d9b09193115ebb2,data_ml,p_count,aiot,0,22 Feb 2026 17:19:12
699b3bbd6d9b09193115ebc3,data_ml,p_count,aiot,0,22 Feb 2026 17:24:13
699b3ce96d9b09193115ebd4,data_ml,p_count,aiot,0,22 Feb 2026 17:29:13
699b3e156d9b09193115ebe5,data_ml,p_count,aiot,0,22 Feb 2026 17:34:13
699b406d6d9b09193115ec06,data_ml,p_count,aiot,0,22 Feb 2026 17:44:13
699b41996d9b09193115ec17,data_ml,p_count,aiot,0,22 Feb 2026 17:49:13
699b42c56d9b09193115ec28,data_ml,p_count,aiot,0,22 Feb 2026 17:54:13
699b43f16d9b09193115ec39,data_ml,p_count,aiot,0,22 Feb 2026 17:59:13
699b451d6d9b09193115ec4a,data_ml,p_count,aiot,0,22 Feb 2026 18:4:13
699b46496d9b09193115ec5b,data_ml,p_count,aiot,0,22 Feb 2026 18:9:13
699b47756d9b09193115ec6c,data_ml,p_count,aiot,0,22 Feb 2026 18:14:13
699b48a16d9b09193115ec7d,data_ml,p_count,aiot,0,22 Feb 2026 18:19:13
699b49cd6d9b09193115ec8e,data_ml,p_count,aiot,0,22 Feb 2026 18:24:13
699b4af96d9b09193115ec9f,data_ml,p_count,aiot,0,22 Feb 2026 18:29:13
699b4c266d9b09193115ecb0,data_ml,p_count,aiot,0,22 Feb 2026 18:34:14
699b4d516d9b09193115ecc1,data_ml,p_count,aiot,0,22 Feb 2026 18:39:13
699b4e7e6d9b09193115ecd2,data_ml,p_count,aiot,0,22 Feb 2026 18:44:14
699b4faa6d9b09193115ece3,data_ml,p_count,aiot,0,22 Feb 2026 18:49:14
699b50d56d9b09193115ecf4,data_ml,p_count,aiot,0,22 Feb 2026 18:54:13
699b52026d9b09193115ed05,data_ml,p_count,aiot,0,22 Feb 2026 18:59:14
699b532e6d9b09193115ed16,data_ml,p_count,aiot,0,22 Feb 2026 19:4:14
699b545a6d9b09193115ed27,data_ml,p_count,aiot,0,22 Feb 2026 19:9:14
699b55866d9b09193115ed38,data_ml,p_count,aiot,0,22 Feb 2026 19:14:14
699b56b26d9b09193115ed49,data_ml,p_count,aiot,0,22 Feb 2026 19:19:14
699b57de6d9b09193115ed5a,data_ml,p_count,aiot,0,22 Feb 2026 19:24:14
699b590a6d9b09193115ed6b,data_ml,p_count,aiot,0,22 Feb 2026 19:29:14
699b5a366d9b09193115ed7c,data_ml,p_count,aiot,0,22 Feb 2026 19:34:14
699b5b626d9b09193115ed8d,data_ml,p_count,aiot,0,22 Feb 2026 19:39:14
699b5c8e6d9b09193115ed9e,data_ml,p_count,aiot,0,22 Feb 2026 19:44:14
699b5dba6d9b09193115edaf,data_ml,p_count,aiot,0,22 Feb 2026 19:49:14
699b5ee66d9b09193115edc0,data_ml,p_count,aiot,0,22 Feb 2026 19:54:14
699b60126d9b09193115edd1,data_ml,p_count,aiot,0,22 Feb 2026 19:59:14
699b613e6d9b09193115ede2,data_ml,p_count,aiot,0,22 Feb 2026 20:4:14
699b63976d9b09193115ee03,data_ml,p_count,aiot,0,22 Feb 2026 20:14:15
699b64c36d9b09193115ee14,data_ml,p_count,aiot,0,22 Feb 2026 20:19:15
699b65ef6d9b09193115ee25,data_ml,p_count,aiot,0,22 Feb 2026 20:24:15
699b671b6d9b09193115ee36,data_ml,p_count,aiot,0,22 Feb 2026 20:29:15
699b68476d9b09193115ee47,data_ml,p_count,aiot,0,22 Feb 2026 20:34:15
699b69726d9b09193115ee58,data_ml,p_count,aiot,0,22 Feb 2026 20:39:14
699b6a9f6d9b09193115ee69,data_ml,p_count,aiot,0,22 Feb 2026 20:44:15
699b6bcb6d9b09193115ee7a,data_ml,p_count,aiot,0,22 Feb 2026 20:49:15
699b6cf76d9b09193115ee8b,data_ml,p_count,aiot,0,22 Feb 2026 20:54:15
699b6e236d9b09193115ee9c,data_ml,p_count,aiot,0,22 Feb 2026 20:59:15
699b6f4f6d9b09193115eead,data_ml,p_count,aiot,0,22 Feb 2026 21:4:15
699b707b6d9b09193115eebe,data_ml,p_count,aiot,0,22 Feb 2026 21:9:15
699b71a76d9b09193115eecf,data_ml,p_count,aiot,0,22 Feb 2026 21:14:15
699b72d36d9b09193115eee0,data_ml,p_count,aiot,0,22 Feb 2026 21:19:15
699b73ff6d9b09193115eef1,data_ml,p_count,aiot,0,22 Feb 2026 21:24:15
699b752b6d9b09193115ef02,data_ml,p_count,aiot,0,22 Feb 2026 21:29:15
699b76576d9b09193115ef13,data_ml,p_count,aiot,0,22 Feb 2026 21:34:15
699b77836d9b09193115ef24,data_ml,p_count,aiot,0,22 Feb 2026 21:39:15
699b78af6d9b09193115ef35,data_ml,p_count,aiot,0,22 Feb 2026 21:44:15
699b79db6d9b09193115ef46,data_ml,p_count,aiot,0,22 Feb 2026 21:49:15
699b7b076d9b09193115ef57,data_ml,p_count,aiot,0,22 Feb 2026 21:54:15
699b7c346d9b09193115ef68,data_ml,p_count,aiot,0,22 Feb 2026 21:59:16
699b7d606d9b09193115ef79,data_ml,p_count,aiot,0,22 Feb 2026 22:4:16
699b7e8c6d9b09193115ef8a,data_ml,p_count,aiot,0,22 Feb 2026 22:9:16
699b7fb86d9b09193115ef9b,data_ml,p_count,aiot,0,22 Feb 2026 22:14:16
699b80e46d9b09193115efac,data_ml,p_count,aiot,0,22 Feb 2026 22:19:16
699b82106d9b09193115efbd,data_ml,p_count,aiot,0,22 Feb 2026 22:24:16
699b833c6d9b09193115efce,data_ml,p_count,aiot,0,22 Feb 2026 22:29:16
699b84686d9b09193115efdf,data_ml,p_count,aiot,0,22 Feb 2026 22:34:16
699b86c06d9b09193115f000,data_ml,p_count,aiot,0,22 Feb 2026 22:44:16
699b87ed6d9b09193115f011,data_ml,p_count,aiot,0,22 Feb 2026 22:49:17
699b89196d9b09193115f022,data_ml,p_count,aiot,0,22 Feb 2026 22:54:17
699b8a456d9b09193115f033,data_ml,p_count,aiot,0,22 Feb 2026 22:59:17
699b8b716d9b09193115f044,data_ml,p_count,aiot,0,22 Feb 2026 23:4:17
699b8c9d6d9b09193115f055,data_ml,p_count,aiot,0,22 Feb 2026 23:9:17
699b8dc96d9b09193115f066,data_ml,p_count,aiot,0,22 Feb 2026 23:14:17
699b8ef56d9b09193115f077,data_ml,p_count,aiot,0,22 Feb 2026 23:19:17
699b90216d9b09193115f088,data_ml,p_count,aiot,0,22 Feb 2026 23:24:17
699b914d6d9b09193115f099,data_ml,p_count,aiot,0,22 Feb 2026 23:29:17
699b92796d9b09193115f0aa,data_ml,p_count,aiot,0,22 Feb 2026 23:34:17
699b93a56d9b09193115f0bb,data_ml,p_count,aiot,0,22 Feb 2026 23:39:17
699b94d16d9b09193115f0cc,data_ml,p_count,aiot,0,22 Feb 2026 23:44:17
699b95fd6d9b09193115f0dd,data_ml,p_count,aiot,0,22 Feb 2026 23:49:17
699b97296d9b09193115f0ee,data_ml,p_count,aiot,0,22 Feb 2026 23:54:17
699b98556d9b09193115f0ff,data_ml,p_count,aiot,0,22 Feb 2026 23:59:17
699b99816d9b09193115f110,data_ml,p_count,aiot,0,23 Feb 2026 0:4:17
699b9aad6d9b09193115f121,data_ml,p_count,aiot,0,23 Feb 2026 0:9:17
699b9bd96d9b09193115f132,data_ml,p_count,aiot,0,23 Feb 2026 0:14:17
699b9d056d9b09193115f143,data_ml,p_count,aiot,0,23 Feb 2026 0:19:17
699b9e326d9b09193115f154,data_ml,p_count,aiot,0,23 Feb 2026 0:24:18
699b9f5e6d9b09193115f165,data_ml,p_count,aiot,0,23 Feb 2026 0:29:18
699ba08a6d9b09193115f176,data_ml,p_count,aiot,0,23 Feb 2026 0:34:18
699ba1b66d9b09193115f187,data_ml,p_count,aiot,0,23 Feb 2026 0:39:18
699ba2e26d9b09193115f198,data_ml,p_count,aiot,0,23 Feb 2026 0:44:18
699ba40e6d9b09193115f1a9,data_ml,p_count,aiot,0,23 Feb 2026 0:49:18
699ba53a6d9b09193115f1ba,data_ml,p_count,aiot,0,23 Feb 2026 0:54:18
699ba6666d9b09193115f1cb,data_ml,p_count,aiot,0,23 Feb 2026 0:59:18
699ba7926d9b09193115f1dc,data_ml,p_count,aiot,0,23 Feb 2026 1:4:18
699ba9ea6d9b09193115f1fd,data_ml,p_count,aiot,0,23 Feb 2026 1:14:18
699bab166d9b09193115f20e,data_ml,p_count,aiot,0,23 Feb 2026 1:19:18
699bac426d9b09193115f21f,data_ml,p_count,aiot,0,23 Feb 2026 1:24:18
699bad6e6d9b09193115f230,data_ml,p_count,aiot,0,23 Feb 2026 1:29:18
699bae9a6d9b09193115f241,data_ml,p_count,aiot,0,23 Feb 2026 1:34:18
699bafc66d9b09193115f252,data_ml,p_count,aiot,0,23 Feb 2026 1:39:18
699bb0f26d9b09193115f263,data_ml,p_count,aiot,0,23 Feb 2026 1:44:18
699bb21e6d9b09193115f274,data_ml,p_count,aiot,0,23 Feb 2026 1:49:18
699bb34a6d9b09193115f285,data_ml,p_count,aiot,0,23 Feb 2026 1:54:18
699bb4766d9b09193115f296,data_ml,p_count,aiot,0,23 Feb 2026 1:59:18
699bb5a36d9b09193115f2a7,data_ml,p_count,aiot,0,23 Feb 2026 2:4:19
699bb6ce6d9b09193115f2b8,data_ml,p_count,aiot,0,23 Feb 2026 2:9:18
699bb7fa6d9b09193115f2c9,data_ml,p_count,aiot,0,23 Feb 2026 2:14:18
699bb9266d9b09193115f2da,data_ml,p_count,aiot,0,23 Feb 2026 2:19:18
699bba536d9b09193115f2eb,data_ml,p_count,aiot,0,23 Feb 2026 2:24:19
699bbb7f6d9b09193115f2fc,data_ml,p_count,aiot,0,23 Feb 2026 2:29:19
699bbcab6d9b09193115f30d,data_ml,p_count,aiot,0,23 Feb 2026 2:34:19
699bbdd76d9b09193115f31e,data_ml,p_count,aiot,0,23 Feb 2026 2:39:19
699bbf036d9b09193115f32f,data_ml,p_count,aiot,0,23 Feb 2026 2:44:19
699bc02f6d9b09193115f340,data_ml,p_count,aiot,0,23 Feb 2026 2:49:19
699bc15b6d9b09193115f351,data_ml,p_count,aiot,0,23 Feb 2026 2:54:19
699bc2876d9b09193115f362,data_ml,p_count,aiot,0,23 Feb 2026 2:59:19
699bc3b36d9b09193115f373,data_ml,p_count,aiot,0,23 Feb 2026 3:4:19
699bc4df6d9b09193115f384,data_ml,p_count,aiot,0,23 Feb 2026 3:9:19
699bc60b6d9b09193115f395,data_ml,p_count,aiot,0,23 Feb 2026 3:14:19
699bc7376d9b09193115f3a6,data_ml,p_count,aiot,0,23 Feb 2026 3:19:19
699bc8636d9b09193115f3b7,data_ml,p_count,aiot,0,23 Feb 2026 3:24:19
699bc98f6d9b09193115f3c8,data_ml,p_count,aiot,0,23 Feb 2026 3:29:19
699bcabb6d9b09193115f3d9,data_ml,p_count,aiot,0,23 Feb 2026 3:34:19
699bcd146d9b09193115f3fa,data_ml,p_count,aiot,0,23 Feb 2026 3:44:20
699bce406d9b09193115f40b,data_ml,p_count,aiot,0,23 Feb 2026 3:49:20
699bcf6c6d9b09193115f41c,data_ml,p_count,aiot,0,23 Feb 2026 3:54:20
699bd0986d9b09193115f42d,data_ml,p_count,aiot,0,23 Feb 2026 3:59:20
699bd1c46d9b09193115f43e,data_ml,p_count,aiot,0,23 Feb 2026 4:4:20
699bd2f06d9b09193115f44f,data_ml,p_count,aiot,0,23 Feb 2026 4:9:20
699bd41c6d9b09193115f460,data_ml,p_count,aiot,0,23 Feb 2026 4:14:20
699bd5486d9b09193115f471,data_ml,p_count,aiot,0,23 Feb 2026 4:19:20
699bd6746d9b09193115f482,data_ml,p_count,aiot,0,23 Feb 2026 4:24:20
699bd7a06d9b09193115f48f,data_ml,p_count,aiot,0,23 Feb 2026 4:29:20
699bd8cc6d9b09193115f496,data_ml,p_count,aiot,0,23 Feb 2026 4:34:20
699bd9f86d9b09193115f49d,data_ml,p_count,aiot,0,23 Feb 2026 4:39:20
699bdb246d9b09193115f4a4,data_ml,p_count,aiot,0,23 Feb 2026 4:44:20
699bdc506d9b09193115f4ab,data_ml,p_count,aiot,0,23 Feb 2026 4:49:20
699bdd7c6d9b09193115f4b2,data_ml,p_count,aiot,0,23 Feb 2026 4:54:20
699bdea86d9b09193115f4b9,data_ml,p_count,aiot,0,23 Feb 2026 4:59:20
699bdfd46d9b09193115f4c0,data_ml,p_count,aiot,0,23 Feb 2026 5:4:20
699be1006d9b09193115f4c7,data_ml,p_count,aiot,0,23 Feb 2026 5:9:20
699be22c6d9b09193115f4ce,data_ml,p_count,aiot,0,23 Feb 2026 5:14:20
699be3586d9b09193115f4d5,data_ml,p_count,aiot,0,23 Feb 2026 5:19:20
699be4846d9b09193115f4dc,data_ml,p_count,aiot,0,23 Feb 2026 5:24:20
699be5b06d9b09193115f4e3,data_ml,p_count,aiot,0,23 Feb 2026 5:29:20
699be6dd6d9b09193115f4ea,data_ml,p_count,aiot,1,23 Feb 2026 5:34:21
699be8086d9b09193115f4f1,data_ml,p_count,aiot,1,23 Feb 2026 5:39:20
699be9346d9b09193115f4f8,data_ml,p_count,aiot,1,23 Feb 2026 5:44:20
699bea616d9b09193115f4ff,data_ml,p_count,aiot,0,23 Feb 2026 5:49:21
699beb8c6d9b09193115f506,data_ml,p_count,aiot,0,23 Feb 2026 5:54:20
699becb86d9b09193115f50d,data_ml,p_count,aiot,2,23 Feb 2026 5:59:20
699bede56d9b09193115f514,data_ml,p_count,aiot,0,23 Feb 2026 6:4:21
699bf03d6d9b09193115f521,data_ml,p_count,aiot,0,23 Feb 2026 6:14:21
699bf1696d9b09193115f528,data_ml,p_count,aiot,0,23 Feb 2026 6:19:21
699bf2956d9b09193115f52f,data_ml,p_count,aiot,0,23 Feb 2026 6:24:21
699bf3c16d9b09193115f536,data_ml,p_count,aiot,0,23 Feb 2026 6:29:21
699bf4ed6d9b09193115f53d,data_ml,p_count,aiot,0,23 Feb 2026 6:34:21
699bf6196d9b09193115f544,data_ml,p_count,aiot,0,23 Feb 2026 6:39:21
699bf7456d9b09193115f54b,data_ml,p_count,aiot,0,23 Feb 2026 6:44:21
699bf8716d9b09193115f552,data_ml,p_count,aiot,3,23 Feb 2026 6:49:21
699bf99d6d9b09193115f559,data_ml,p_count,aiot,6,23 Feb 2026 6:54:21
699bfac96d9b09193115f560,data_ml,p_count,aiot,0,23 Feb 2026 6:59:21
699bfbf56d9b09193115f567,data_ml,p_count,aiot,1,23 Feb 2026 7:4:21
699bfd216d9b09193115f56e,data_ml,p_count,aiot,1,23 Feb 2026 7:9:21
699bfe4d6d9b09193115f575,data_ml,p_count,aiot,1,23 Feb 2026 7:14:21
699bff796d9b09193115f57c,data_ml,p_count,aiot,0,23 Feb 2026 7:19:21
699c00a56d9b09193115f583,data_ml,p_count,aiot,0,23 Feb 2026 7:24:21
699c01d16d9b09193115f58a,data_ml,p_count,aiot,1,23 Feb 2026 7:29:21
699c02fd6d9b09193115f591,data_ml,p_count,aiot,0,23 Feb 2026 7:34:21
699c04296d9b09193115f598,data_ml,p_count,aiot,3,23 Feb 2026 7:39:21
699c05556d9b09193115f59f,data_ml,p_count,aiot,0,23 Feb 2026 7:44:21
699c06816d9b09193115f5a6,data_ml,p_count,aiot,0,23 Feb 2026 7:49:21
699c07ad6d9b09193115f5ad,data_ml,p_count,aiot,0,23 Feb 2026 7:54:21
699c08d96d9b09193115f5b4,data_ml,p_count,aiot,0,23 Feb 2026 7:59:21
699c0a056d9b09193115f5bb,data_ml,p_count,aiot,0,23 Feb 2026 8:4:21
699c0b316d9b09193115f5c2,data_ml,p_count,aiot,0,23 Feb 2026 8:9:21
699c0c5d6d9b09193115f5c9,data_ml,p_count,aiot,0,23 Feb 2026 8:14:21
699c0d896d9b09193115f5d0,data_ml,p_count,aiot,0,23 Feb 2026 8:19:21
699c0eb56d9b09193115f5d7,data_ml,p_count,aiot,2,23 Feb 2026 8:24:21
699c0fe16d9b09193115f5de,data_ml,p_count,aiot,0,23 Feb 2026 8:29:21
699c110d6d9b09193115f5e5,data_ml,p_count,aiot,3,23 Feb 2026 8:34:21
699c13656d9b09193115f5f2,data_ml,p_count,aiot,0,23 Feb 2026 8:44:21
699c14926d9b09193115f5f9,data_ml,p_count,aiot,0,23 Feb 2026 8:49:22
699c15be6d9b09193115f600,data_ml,p_count,aiot,0,23 Feb 2026 8:54:22
699c16ea6d9b09193115f607,data_ml,p_count,aiot,2,23 Feb 2026 8:59:22
699c18166d9b09193115f60e,data_ml,p_count,aiot,1,23 Feb 2026 9:4:22
699c19426d9b09193115f615,data_ml,p_count,aiot,0,23 Feb 2026 9:9:22
699c1a6e6d9b09193115f61c,data_ml,p_count,aiot,4,23 Feb 2026 9:14:22
699c1b9a6d9b09193115f623,data_ml,p_count,aiot,1,23 Feb 2026 9:19:22
699c1cc66d9b09193115f62a,data_ml,p_count,aiot,0,23 Feb 2026 9:24:22
699c1df26d9b09193115f631,data_ml,p_count,aiot,0,23 Feb 2026 9:29:22
699c1f1e6d9b09193115f638,data_ml,p_count,aiot,0,23 Feb 2026 9:34:22
699c204a6d9b09193115f63f,data_ml,p_count,aiot,0,23 Feb 2026 9:39:22
699c21766d9b09193115f646,data_ml,p_count,aiot,1,23 Feb 2026 9:44:22
699c22a26d9b09193115f64d,data_ml,p_count,aiot,1,23 Feb 2026 9:49:22
699c23ce6d9b09193115f654,data_ml,p_count,aiot,0,23 Feb 2026 9:54:22
699c24fa6d9b09193115f65b,data_ml,p_count,aiot,0,23 Feb 2026 9:59:22
699c26266d9b09193115f662,data_ml,p_count,aiot,4,23 Feb 2026 10:4:22
699c27526d9b09193115f669,data_ml,p_count,aiot,0,23 Feb 2026 10:9:22
699c287e6d9b09193115f670,data_ml,p_count,aiot,0,23 Feb 2026 10:14:22
699c29aa6d9b09193115f677,data_ml,p_count,aiot,1,23 Feb 2026 10:19:22
699c2ad66d9b09193115f67e,data_ml,p_count,aiot,2,23 Feb 2026 10:24:22
699c2c026d9b09193115f685,data_ml,p_count,aiot,0,23 Feb 2026 10:29:22
699c2d2e6d9b09193115f68c,data_ml,p_count,aiot,2,23 Feb 2026 10:34:22
699c2e5a6d9b09193115f693,data_ml,p_count,aiot,2,23 Feb 2026 10:39:22
699c2f866d9b09193115f69a,data_ml,p_count,aiot,2,23 Feb 2026 10:44:22
699c30b26d9b09193115f6a1,data_ml,p_count,aiot,1,23 Feb 2026 10:49:22
699c31de6d9b09193115f6a8,data_ml,p_count,aiot,0,23 Feb 2026 10:54:22
699c330a6d9b09193115f6af,data_ml,p_count,aiot,1,23 Feb 2026 10:59:22
699c34366d9b09193115f6b6,data_ml,p_count,aiot,1,23 Feb 2026 11:4:22
699c368e6d9b09193115f6c3,data_ml,p_count,aiot,0,23 Feb 2026 11:14:22
699c37ba6d9b09193115f6ca,data_ml,p_count,aiot,1,23 Feb 2026 11:19:22
699c38e66d9b09193115f6d1,data_ml,p_count,aiot,2,23 Feb 2026 11:24:22
699c3a126d9b09193115f6d8,data_ml,p_count,aiot,0,23 Feb 2026 11:29:22
699c3b3e6d9b09193115f6df,data_ml,p_count,aiot,2,23 Feb 2026 11:34:22
699c3c6a6d9b09193115f6e6,data_ml,p_count,aiot,1,23 Feb 2026 11:39:22
699c3d966d9b09193115f6ed,data_ml,p_count,aiot,1,23 Feb 2026 11:44:22
699c3ec26d9b09193115f6f4,data_ml,p_count,aiot,0,23 Feb 2026 11:49:22
699c3fee6d9b09193115f6fb,data_ml,p_count,aiot,2,23 Feb 2026 11:54:22
699c411a6d9b09193115f702,data_ml,p_count,aiot,0,23 Feb 2026 11:59:22
699c42466d9b09193115f709,data_ml,p_count,aiot,1,23 Feb 2026 12:4:22
699c43726d9b09193115f710,data_ml,p_count,aiot,1,23 Feb 2026 12:9:22
699c449e6d9b09193115f717,data_ml,p_count,aiot,0,23 Feb 2026 12:14:22
699c45ca6d9b09193115f71e,data_ml,p_count,aiot,0,23 Feb 2026 12:19:22
699c46f66d9b09193115f725,data_ml,p_count,aiot,2,23 Feb 2026 12:24:22
699c48226d9b09193115f72c,data_ml,p_count,aiot,0,23 Feb 2026 12:29:22
699c494f6d9b09193115f733,data_ml,p_count,aiot,2,23 Feb 2026 12:34:23
699c4a7a6d9b09193115f73a,data_ml,p_count,aiot,2,23 Feb 2026 12:39:22
699c4ba66d9b09193115f741,data_ml,p_count,aiot,1,23 Feb 2026 12:44:22
699c4cd36d9b09193115f748,data_ml,p_count,aiot,1,23 Feb 2026 12:49:23
699c4dfe6d9b09193115f74f,data_ml,p_count,aiot,1,23 Feb 2026 12:54:22
699c4f2a6d9b09193115f756,data_ml,p_count,aiot,0,23 Feb 2026 12:59:22
699c50566d9b09193115f75d,data_ml,p_count,aiot,0,23 Feb 2026 13:4:22
699c51836d9b09193115f764,data_ml,p_count,aiot,0,23 Feb 2026 13:9:23
699c52af6d9b09193115f76b,data_ml,p_count,aiot,4,23 Feb 2026 13:14:23
699c53db6d9b09193115f772,data_ml,p_count,aiot,1,23 Feb 2026 13:19:23
699c55076d9b09193115f779,data_ml,p_count,aiot,0,23 Feb 2026 13:24:23
699c56336d9b09193115f780,data_ml,p_count,aiot,0,23 Feb 2026 13:29:23
699c575f6d9b09193115f787,data_ml,p_count,aiot,0,23 Feb 2026 13:34:23
699c59b76d9b09193115f794,data_ml,p_count,aiot,1,23 Feb 2026 13:44:23
699c5ae36d9b09193115f79b,data_ml,p_count,aiot,0,23 Feb 2026 13:49:23
699c5c0f6d9b09193115f7a2,data_ml,p_count,aiot,1,23 Feb 2026 13:54:23
699c5d3b6d9b09193115f7a9,data_ml,p_count,aiot,1,23 Feb 2026 13:59:23
699c5e676d9b09193115f7b0,data_ml,p_count,aiot,0,23 Feb 2026 14:4:23
699c5f936d9b09193115f7b7,data_ml,p_count,aiot,0,23 Feb 2026 14:9:23
699c60bf6d9b09193115f7be,data_ml,p_count,aiot,2,23 Feb 2026 14:14:23
699c61eb6d9b09193115f7c5,data_ml,p_count,aiot,0,23 Feb 2026 14:19:23
699c63176d9b09193115f7cc,data_ml,p_count,aiot,1,23 Feb 2026 14:24:23
699c64436d9b09193115f7d3,data_ml,p_count,aiot,0,23 Feb 2026 14:29:23
699c656fd4cb1adbd62dfae1,data_ml,p_count,aiot,0,23 Feb 2026 14:34:23
699c669bd4cb1adbd62dfae8,data_ml,p_count,aiot,0,23 Feb 2026 14:39:23
699c67c7d4cb1adbd62dfaef,data_ml,p_count,aiot,2,23 Feb 2026 14:44:23
699c68f3d4cb1adbd62dfaf6,data_ml,p_count,aiot,0,23 Feb 2026 14:49:23
699c6a1fd4cb1adbd62dfafd,data_ml,p_count,aiot,2,23 Feb 2026 14:54:23
699c6b4bd4cb1adbd62dfb04,data_ml,p_count,aiot,0,23 Feb 2026 14:59:23
699c6c77d4cb1adbd62dfb0b,data_ml,p_count,aiot,0,23 Feb 2026 15:4:23
699c6da3d4cb1adbd62dfb12,data_ml,p_count,aiot,0,23 Feb 2026 15:9:23
699c6ecfd4cb1adbd62dfb19,data_ml,p_count,aiot,0,23 Feb 2026 15:14:23
699c6ffbd4cb1adbd62dfb20,data_ml,p_count,aiot,0,23 Feb 2026 15:19:23
699c7127d4cb1adbd62dfb27,data_ml,p_count,aiot,0,23 Feb 2026 15:24:23
699c7253d4cb1adbd62dfb2e,data_ml,p_count,aiot,0,23 Feb 2026 15:29:23
699c737fd4cb1adbd62dfb35,data_ml,p_count,aiot,0,23 Feb 2026 15:34:23
699c74abd4cb1adbd62dfb3c,data_ml,p_count,aiot,0,23 Feb 2026 15:39:23
699c75d7d4cb1adbd62dfb43,data_ml,p_count,aiot,0,23 Feb 2026 15:44:23
699c7703d4cb1adbd62dfb4a,data_ml,p_count,aiot,1,23 Feb 2026 15:49:23
699c782fd4cb1adbd62dfb51,data_ml,p_count,aiot,1,23 Feb 2026 15:54:23
699c795bd4cb1adbd62dfb58,data_ml,p_count,aiot,1,23 Feb 2026 15:59:23
699c7a87d4cb1adbd62dfb5f,data_ml,p_count,aiot,0,23 Feb 2026 16:4:23
699c7ce0d4cb1adbd62dfb6c,data_ml,p_count,aiot,0,23 Feb 2026 16:14:24
699c7e0cd4cb1adbd62dfb73,data_ml,p_count,aiot,0,23 Feb 2026 16:19:24
699c7f38d4cb1adbd62dfb7a,data_ml,p_count,aiot,0,23 Feb 2026 16:24:24
699c8064d4cb1adbd62dfb81,data_ml,p_count,aiot,0,23 Feb 2026 16:29:24
699c8190d4cb1adbd62dfb88,data_ml,p_count,aiot,0,23 Feb 2026 16:34:24
699c82bcd4cb1adbd62dfb8f,data_ml,p_count,aiot,0,23 Feb 2026 16:39:24
699c83e8d4cb1adbd62dfb96,data_ml,p_count,aiot,0,23 Feb 2026 16:44:24
699c8514d4cb1adbd62dfb9d,data_ml,p_count,aiot,0,23 Feb 2026 16:49:24
699c8640d4cb1adbd62dfba4,data_ml,p_count,aiot,0,23 Feb 2026 16:54:24
699c876cd4cb1adbd62dfbab,data_ml,p_count,aiot,0,23 Feb 2026 16:59:24
699c8898d4cb1adbd62dfbb2,data_ml,p_count,aiot,0,23 Feb 2026 17:4:24
699c89c4d4cb1adbd62dfbb9,data_ml,p_count,aiot,0,23 Feb 2026 17:9:24
699c8af0d4cb1adbd62dfbc0,data_ml,p_count,aiot,0,23 Feb 2026 17:14:24
699c8c1cd4cb1adbd62dfbc7,data_ml,p_count,aiot,0,23 Feb 2026 17:19:24
699c8d48d4cb1adbd62dfbce,data_ml,p_count,aiot,0,23 Feb 2026 17:24:24
699c8e74d4cb1adbd62dfbd5,data_ml,p_count,aiot,3,23 Feb 2026 17:29:24
699c8fa0d4cb1adbd62dfbdc,data_ml,p_count,aiot,0,23 Feb 2026 17:34:24
699c90ccd4cb1adbd62dfbe3,data_ml,p_count,aiot,0,23 Feb 2026 17:39:24
699c91f8d4cb1adbd62dfbea,data_ml,p_count,aiot,0,23 Feb 2026 17:44:24
699c9324d4cb1adbd62dfbf1,data_ml,p_count,aiot,0,23 Feb 2026 17:49:24
699c9450d4cb1adbd62dfbf8,data_ml,p_count,aiot,0,23 Feb 2026 17:54:24
699c957cd4cb1adbd62dfbff,data_ml,p_count,aiot,0,23 Feb 2026 17:59:24
699c96a8d4cb1adbd62dfc06,data_ml,p_count,aiot,0,23 Feb 2026 18:4:24
699c97d4d4cb1adbd62dfc0d,data_ml,p_count,aiot,0,23 Feb 2026 18:9:24
699c9900d4cb1adbd62dfc14,data_ml,p_count,aiot,0,23 Feb 2026 18:14:24
699c9a2cd4cb1adbd62dfc1b,data_ml,p_count,aiot,0,23 Feb 2026 18:19:24
699c9b58d4cb1adbd62dfc22,data_ml,p_count,aiot,0,23 Feb 2026 18:24:24
699c9c84d4cb1adbd62dfc29,data_ml,p_count,aiot,0,23 Feb 2026 18:29:24
699c9db0d4cb1adbd62dfc30,data_ml,p_count,aiot,0,23 Feb 2026 18:34:24
699ca008d4cb1adbd62dfc3d,data_ml,p_count,aiot,0,23 Feb 2026 18:44:24
699ca134d4cb1adbd62dfc44,data_ml,p_count,aiot,0,23 Feb 2026 18:49:24
699ca260d4cb1adbd62dfc4b,data_ml,p_count,aiot,0,23 Feb 2026 18:54:24
699ca38cd4cb1adbd62dfc52,data_ml,p_count,aiot,0,23 Feb 2026 18:59:24
699ca4b8d4cb1adbd62dfc59,data_ml,p_count,aiot,0,23 Feb 2026 19:4:24
699ca5e4d4cb1adbd62dfc60,data_ml,p_count,aiot,0,23 Feb 2026 19:9:24
699ca711d4cb1adbd62dfc67,data_ml,p_count,aiot,0,23 Feb 2026 19:14:25
699ca83dd4cb1adbd62dfc6e,data_ml,p_count,aiot,0,23 Feb 2026 19:19:25
699ca968d4cb1adbd62dfc75,data_ml,p_count,aiot,0,23 Feb 2026 19:24:24
699caa94d4cb1adbd62dfc7c,data_ml,p_count,aiot,0,23 Feb 2026 19:29:24
699cabc1d4cb1adbd62dfc83,data_ml,p_count,aiot,0,23 Feb 2026 19:34:25
699cacecd4cb1adbd62dfc8a,data_ml,p_count,aiot,0,23 Feb 2026 19:39:24
699cae18d4cb1adbd62dfc91,data_ml,p_count,aiot,0,23 Feb 2026 19:44:24
699caf45d4cb1adbd62dfc98,data_ml,p_count,aiot,0,23 Feb 2026 19:49:25
699cb071d4cb1adbd62dfc9f,data_ml,p_count,aiot,0,23 Feb 2026 19:54:25
699cb19dd4cb1adbd62dfca6,data_ml,p_count,aiot,0,23 Feb 2026 19:59:25
699cb2c9d4cb1adbd62dfcad,data_ml,p_count,aiot,0,23 Feb 2026 20:4:25
699cb3f5d4cb1adbd62dfcb4,data_ml,p_count,aiot,0,23 Feb 2026 20:9:25
699cb521d4cb1adbd62dfcbb,data_ml,p_count,aiot,0,23 Feb 2026 20:14:25
699cb64dd4cb1adbd62dfcc2,data_ml,p_count,aiot,0,23 Feb 2026 20:19:25
699cb779d4cb1adbd62dfcc9,data_ml,p_count,aiot,0,23 Feb 2026 20:24:25
699cb8a5d4cb1adbd62dfcd0,data_ml,p_count,aiot,0,23 Feb 2026 20:29:25
699cb9d1d4cb1adbd62dfcd7,data_ml,p_count,aiot,0,23 Feb 2026 20:34:25
699cbafdd4cb1adbd62dfcde,data_ml,p_count,aiot,0,23 Feb 2026 20:39:25
699cbc29d4cb1adbd62dfce5,data_ml,p_count,aiot,0,23 Feb 2026 20:44:25
699cbd55d4cb1adbd62dfcec,data_ml,p_count,aiot,0,23 Feb 2026 20:49:25
699cbe81d4cb1adbd62dfcf3,data_ml,p_count,aiot,0,23 Feb 2026 20:54:25
699cbfadd4cb1adbd62dfcfa,data_ml,p_count,aiot,0,23 Feb 2026 20:59:25
699cc0d9d4cb1adbd62dfd01,data_ml,p_count,aiot,0,23 Feb 2026 21:4:25
699cc331d4cb1adbd62dfd0e,data_ml,p_count,aiot,0,23 Feb 2026 21:14:25
699cc45dd4cb1adbd62dfd15,data_ml,p_count,aiot,0,23 Feb 2026 21:19:25
699cc589d4cb1adbd62dfd1c,data_ml,p_count,aiot,0,23 Feb 2026 21:24:25
699cc6b5d4cb1adbd62dfd23,data_ml,p_count,aiot,0,23 Feb 2026 21:29:25
699cc7e1d4cb1adbd62dfd2a,data_ml,p_count,aiot,0,23 Feb 2026 21:34:25
699cc90dd4cb1adbd62dfd31,data_ml,p_count,aiot,0,23 Feb 2026 21:39:25
699cca39d4cb1adbd62dfd38,data_ml,p_count,aiot,0,23 Feb 2026 21:44:25
699ccb65d4cb1adbd62dfd3f,data_ml,p_count,aiot,0,23 Feb 2026 21:49:25
699ccc91d4cb1adbd62dfd46,data_ml,p_count,aiot,0,23 Feb 2026 21:54:25
699ccdbdd4cb1adbd62dfd4d,data_ml,p_count,aiot,0,23 Feb 2026 21:59:25
699ccee9d4cb1adbd62dfd54,data_ml,p_count,aiot,0,23 Feb 2026 22:4:25
699cd015d4cb1adbd62dfd5b,data_ml,p_count,aiot,0,23 Feb 2026 22:9:25
699cd141d4cb1adbd62dfd62,data_ml,p_count,aiot,0,23 Feb 2026 22:14:25
699cd26dd4cb1adbd62dfd69,data_ml,p_count,aiot,0,23 Feb 2026 22:19:25
699cd399d4cb1adbd62dfd70,data_ml,p_count,aiot,0,23 Feb 2026 22:24:25
699cd4c5d4cb1adbd62dfd77,data_ml,p_count,aiot,0,23 Feb 2026 22:29:25
699cd5f1d4cb1adbd62dfd7e,data_ml,p_count,aiot,0,23 Feb 2026 22:34:25
699cd71dd4cb1adbd62dfd85,data_ml,p_count,aiot,0,23 Feb 2026 22:39:25
699cd849d4cb1adbd62dfd8c,data_ml,p_count,aiot,0,23 Feb 2026 22:44:25
699cd975d4cb1adbd62dfd93,data_ml,p_count,aiot,0,23 Feb 2026 22:49:25
699cdaa1d4cb1adbd62dfd9a,data_ml,p_count,aiot,0,23 Feb 2026 22:54:25
699cdbcdd4cb1adbd62dfda1,data_ml,p_count,aiot,0,23 Feb 2026 22:59:25
699cdcf9d4cb1adbd62dfda8,data_ml,p_count,aiot,0,23 Feb 2026 23:4:25
699cde25d4cb1adbd62dfdaf,data_ml,p_count,aiot,0,23 Feb 2026 23:9:25
699cdf51d4cb1adbd62dfdb6,data_ml,p_count,aiot,0,23 Feb 2026 23:14:25
699ce07dd4cb1adbd62dfdbd,data_ml,p_count,aiot,0,23 Feb 2026 23:19:25
699ce1a9d4cb1adbd62dfdc4,data_ml,p_count,aiot,0,23 Feb 2026 23:24:25
699ce2d5d4cb1adbd62dfdcb,data_ml,p_count,aiot,0,23 Feb 2026 23:29:25
699ce401d4cb1adbd62dfdd2,data_ml,p_count,aiot,0,23 Feb 2026 23:34:25
699ce65ad4cb1adbd62dfddf,data_ml,p_count,aiot,0,23 Feb 2026 23:44:26
699ce786d4cb1adbd62dfde6,data_ml,p_count,aiot,0,23 Feb 2026 23:49:26
699ce8b2d4cb1adbd62dfded,data_ml,p_count,aiot,0,23 Feb 2026 23:54:26
699ce9ded4cb1adbd62dfdf4,data_ml,p_count,aiot,0,23 Feb 2026 23:59:26
699ceb0ad4cb1adbd62dfdfb,data_ml,p_count,aiot,0,24 Feb 2026 0:4:26
699cec36d4cb1adbd62dfe02,data_ml,p_count,aiot,0,24 Feb 2026 0:9:26
699ced62d4cb1adbd62dfe09,data_ml,p_count,aiot,0,24 Feb 2026 0:14:26
699cee8ed4cb1adbd62dfe10,data_ml,p_count,aiot,0,24 Feb 2026 0:19:26
699cefbad4cb1adbd62dfe17,data_ml,p_count,aiot,0,24 Feb 2026 0:24:26
699cf0e6d4cb1adbd62dfe1e,data_ml,p_count,aiot,0,24 Feb 2026 0:29:26
699cf212d4cb1adbd62dfe25,data_ml,p_count,aiot,0,24 Feb 2026 0:34:26
699cf33ed4cb1adbd62dfe2c,data_ml,p_count,aiot,0,24 Feb 2026 0:39:26
699cf46ad4cb1adbd62dfe33,data_ml,p_count,aiot,0,24 Feb 2026 0:44:26
699cf596d4cb1adbd62dfe3a,data_ml,p_count,aiot,0,24 Feb 2026 0:49:26
699cf6c2d4cb1adbd62dfe41,data_ml,p_count,aiot,0,24 Feb 2026 0:54:26
699cf7eed4cb1adbd62dfe48,data_ml,p_count,aiot,0,24 Feb 2026 0:59:26
699cf91ad4cb1adbd62dfe4f,data_ml,p_count,aiot,0,24 Feb 2026 1:4:26
699cfa46d4cb1adbd62dfe56,data_ml,p_count,aiot,0,24 Feb 2026 1:9:26
699cfb72d4cb1adbd62dfe5d,data_ml,p_count,aiot,0,24 Feb 2026 1:14:26
699cfc9ed4cb1adbd62dfe64,data_ml,p_count,aiot,0,24 Feb 2026 1:19:26
699cfdcad4cb1adbd62dfe6b,data_ml,p_count,aiot,0,24 Feb 2026 1:24:26
699cfef6d4cb1adbd62dfe72,data_ml,p_count,aiot,0,24 Feb 2026 1:29:26
699d0022d4cb1adbd62dfe79,data_ml,p_count,aiot,0,24 Feb 2026 1:34:26
699d014ed4cb1adbd62dfe80,data_ml,p_count,aiot,0,24 Feb 2026 1:39:26
699d027ad4cb1adbd62dfe87,data_ml,p_count,aiot,0,24 Feb 2026 1:44:26
699d03a6d4cb1adbd62dfe8e,data_ml,p_count,aiot,0,24 Feb 2026 1:49:26
699d04d2d4cb1adbd62dfe95,data_ml,p_count,aiot,0,24 Feb 2026 1:54:26
699d05fed4cb1adbd62dfe9c,data_ml,p_count,aiot,0,24 Feb 2026 1:59:26
699d072ad4cb1adbd62dfea3,data_ml,p_count,aiot,0,24 Feb 2026 2:4:26
699d0982d4cb1adbd62dfeb0,data_ml,p_count,aiot,0,24 Feb 2026 2:14:26
699d0aaed4cb1adbd62dfeb7,data_ml,p_count,aiot,0,24 Feb 2026 2:19:26
699d0bdad4cb1adbd62dfebe,data_ml,p_count,aiot,0,24 Feb 2026 2:24:26
699d0d06d4cb1adbd62dfec5,data_ml,p_count,aiot,0,24 Feb 2026 2:29:26
699d0e33d4cb1adbd62dfecc,data_ml,p_count,aiot,0,24 Feb 2026 2:34:27
699d0f5ed4cb1adbd62dfed3,data_ml,p_count,aiot,0,24 Feb 2026 2:39:26
699d108ad4cb1adbd62dfeda,data_ml,p_count,aiot,0,24 Feb 2026 2:44:26
699d11b7d4cb1adbd62dfee1,data_ml,p_count,aiot,0,24 Feb 2026 2:49:27
699d12e3d4cb1adbd62dfee8,data_ml,p_count,aiot,0,24 Feb 2026 2:54:27
699d140fd4cb1adbd62dfeef,data_ml,p_count,aiot,0,24 Feb 2026 2:59:27
699d153ad4cb1adbd62dfef6,data_ml,p_count,aiot,0,24 Feb 2026 3:4:26
699d1667d4cb1adbd62dfefd,data_ml,p_count,aiot,0,24 Feb 2026 3:9:27
699d1793d4cb1adbd62dff04,data_ml,p_count,aiot,0,24 Feb 2026 3:14:27
699d18bfd4cb1adbd62dff0b,data_ml,p_count,aiot,0,24 Feb 2026 3:19:27
699d19ebd4cb1adbd62dff12,data_ml,p_count,aiot,0,24 Feb 2026 3:24:27
699d1b17d4cb1adbd62dff19,data_ml,p_count,aiot,0,24 Feb 2026 3:29:27
699d1c43d4cb1adbd62dff20,data_ml,p_count,aiot,0,24 Feb 2026 3:34:27
699d1d6fd4cb1adbd62dff27,data_ml,p_count,aiot,0,24 Feb 2026 3:39:27
699d1e9bd4cb1adbd62dff2e,data_ml,p_count,aiot,0,24 Feb 2026 3:44:27
699d1fc7d4cb1adbd62dff35,data_ml,p_count,aiot,0,24 Feb 2026 3:49:27
699d20f3d4cb1adbd62dff3c,data_ml,p_count,aiot,0,24 Feb 2026 3:54:27
699d221fd4cb1adbd62dff43,data_ml,p_count,aiot,0,24 Feb 2026 3:59:27
699d234bd4cb1adbd62dff4a,data_ml,p_count,aiot,0,24 Feb 2026 4:4:27
699d2477d4cb1adbd62dff51,data_ml,p_count,aiot,0,24 Feb 2026 4:9:27
699d25a3d4cb1adbd62dff58,data_ml,p_count,aiot,0,24 Feb 2026 4:14:27
699d26cfd4cb1adbd62dff5f,data_ml,p_count,aiot,0,24 Feb 2026 4:19:27
699d27fbd4cb1adbd62dff66,data_ml,p_count,aiot,0,24 Feb 2026 4:24:27
699d2927d4cb1adbd62dff6d,data_ml,p_count,aiot,0,24 Feb 2026 4:29:27
699d2a53d4cb1adbd62dff74,data_ml,p_count,aiot,0,24 Feb 2026 4:34:27
699d2cabd4cb1adbd62dff81,data_ml,p_count,aiot,0,24 Feb 2026 4:44:27
699d2dd7d4cb1adbd62dff88,data_ml,p_count,aiot,0,24 Feb 2026 4:49:27
699d2f03d4cb1adbd62dff8f,data_ml,p_count,aiot,0,24 Feb 2026 4:54:27
699d302fd4cb1adbd62dff96,data_ml,p_count,aiot,3,24 Feb 2026 4:59:27
699d315bd4cb1adbd62dff9c,data_ml,p_count,aiot,0,24 Feb 2026 5:4:27
699d3287d4cb1adbd62dffa3,data_ml,p_count,aiot,0,24 Feb 2026 5:9:27
699d33b3d4cb1adbd62dffaa,data_ml,p_count,aiot,0,24 Feb 2026 5:14:27
699d34dfd4cb1adbd62dffb1,data_ml,p_count,aiot,0,24 Feb 2026 5:19:27
699d360bd4cb1adbd62dffb8,data_ml,p_count,aiot,0,24 Feb 2026 5:24:27
699d3737d4cb1adbd62dffbf,data_ml,p_count,aiot,0,24 Feb 2026 5:29:27
699d3863d4cb1adbd62dffc6,data_ml,p_count,aiot,0,24 Feb 2026 5:34:27
699d398fd4cb1adbd62dffcd,data_ml,p_count,aiot,0,24 Feb 2026 5:39:27
699d3abbd4cb1adbd62dffd4,data_ml,p_count,aiot,0,24 Feb 2026 5:44:27
699d3be7d4cb1adbd62dffdb,data_ml,p_count,aiot,0,24 Feb 2026 5:49:27
699d3d13d4cb1adbd62dffe2,data_ml,p_count,aiot,0,24 Feb 2026 5:54:27
699d3e3fd4cb1adbd62dffe9,data_ml,p_count,aiot,0,24 Feb 2026 5:59:27
699d3f6bd4cb1adbd62dfff0,data_ml,p_count,aiot,0,24 Feb 2026 6:4:27
699d4097d4cb1adbd62dfff7,data_ml,p_count,aiot,0,24 Feb 2026 6:9:27
699d41c3d4cb1adbd62dfffe,data_ml,p_count,aiot,0,24 Feb 2026 6:14:27
699d42efd4cb1adbd62e0005,data_ml,p_count,aiot,0,24 Feb 2026 6:19:27
699d441bd4cb1adbd62e000c,data_ml,p_count,aiot,0,24 Feb 2026 6:24:27
699d4547d4cb1adbd62e0013,data_ml,p_count,aiot,0,24 Feb 2026 6:29:27
699d4673d4cb1adbd62e001a,data_ml,p_count,aiot,0,24 Feb 2026 6:34:27
699d479fd4cb1adbd62e0021,data_ml,p_count,aiot,0,24 Feb 2026 6:39:27
699d48cbd4cb1adbd62e0028,data_ml,p_count,aiot,0,24 Feb 2026 6:44:27
699d49f7d4cb1adbd62e002e,data_ml,p_count,aiot,1,24 Feb 2026 6:49:27
699d4b23d4cb1adbd62e0035,data_ml,p_count,aiot,0,24 Feb 2026 6:54:27
699d4c4fd4cb1adbd62e003c,data_ml,p_count,aiot,2,24 Feb 2026 6:59:27
699d4d7bd4cb1adbd62e0043,data_ml,p_count,aiot,0,24 Feb 2026 7:4:27
699d4fd4d4cb1adbd62e0050,data_ml,p_count,aiot,0,24 Feb 2026 7:14:28
699d5100d4cb1adbd62e0057,data_ml,p_count,aiot,1,24 Feb 2026 7:19:28
699d522cd4cb1adbd62e005e,data_ml,p_count,aiot,0,24 Feb 2026 7:24:28
699d5358d4cb1adbd62e0065,data_ml,p_count,aiot,0,24 Feb 2026 7:29:28
699d5484d4cb1adbd62e006c,data_ml,p_count,aiot,1,24 Feb 2026 7:34:28
699d55b0d4cb1adbd62e0073,data_ml,p_count,aiot,1,24 Feb 2026 7:39:28
699d56dcd4cb1adbd62e007a,data_ml,p_count,aiot,1,24 Feb 2026 7:44:28
699d5808d4cb1adbd62e0081,data_ml,p_count,aiot,0,24 Feb 2026 7:49:28
699d5934d4cb1adbd62e0088,data_ml,p_count,aiot,0,24 Feb 2026 7:54:28
699d5a60d4cb1adbd62e008f,data_ml,p_count,aiot,1,24 Feb 2026 7:59:28
699d5b8cd4cb1adbd62e0096,data_ml,p_count,aiot,1,24 Feb 2026 8:4:28
699d5cb8d4cb1adbd62e009d,data_ml,p_count,aiot,1,24 Feb 2026 8:9:28
699d5de4d4cb1adbd62e00a4,data_ml,p_count,aiot,0,24 Feb 2026 8:14:28
699d5f10d4cb1adbd62e00ab,data_ml,p_count,aiot,0,24 Feb 2026 8:19:28
699d603cd4cb1adbd62e00b2,data_ml,p_count,aiot,1,24 Feb 2026 8:24:28
699d6168d4cb1adbd62e00b9,data_ml,p_count,aiot,0,24 Feb 2026 8:29:28
699d6294d4cb1adbd62e00c0,data_ml,p_count,aiot,0,24 Feb 2026 8:34:28
699d63c0d4cb1adbd62e00c7,data_ml,p_count,aiot,3,24 Feb 2026 8:39:28
699d64ecd4cb1adbd62e00ce,data_ml,p_count,aiot,0,24 Feb 2026 8:44:28
699d6618d4cb1adbd62e00d5,data_ml,p_count,aiot,1,24 Feb 2026 8:49:28
699d6744d4cb1adbd62e00dc,data_ml,p_count,aiot,0,24 Feb 2026 8:54:28
699d6870d4cb1adbd62e00e3,data_ml,p_count,aiot,0,24 Feb 2026 8:59:28
699d699cd4cb1adbd62e00ea,data_ml,p_count,aiot,1,24 Feb 2026 9:4:28
699d6ac8d4cb1adbd62e00f1,data_ml,p_count,aiot,0,24 Feb 2026 9:9:28
699d6bf4d4cb1adbd62e00f8,data_ml,p_count,aiot,1,24 Feb 2026 9:14:28
699d6d20d4cb1adbd62e00ff,data_ml,p_count,aiot,0,24 Feb 2026 9:19:28
699d6e4cd4cb1adbd62e0106,data_ml,p_count,aiot,0,24 Feb 2026 9:24:28
699d6f78d4cb1adbd62e010d,data_ml,p_count,aiot,0,24 Feb 2026 9:29:28
699d70a4d4cb1adbd62e0114,data_ml,p_count,aiot,0,24 Feb 2026 9:34:28
699d72fcd4cb1adbd62e0121,data_ml,p_count,aiot,3,24 Feb 2026 9:44:28
699d7428d4cb1adbd62e0128,data_ml,p_count,aiot,0,24 Feb 2026 9:49:28
699d7554d4cb1adbd62e012f,data_ml,p_count,aiot,1,24 Feb 2026 9:54:28
699d7681d4cb1adbd62e0136,data_ml,p_count,aiot,0,24 Feb 2026 9:59:29
699d77acd4cb1adbd62e013d,data_ml,p_count,aiot,0,24 Feb 2026 10:4:28
699d78d8d4cb1adbd62e0144,data_ml,p_count,aiot,0,24 Feb 2026 10:9:28
699d7a04d4cb1adbd62e014b,data_ml,p_count,aiot,0,24 Feb 2026 10:14:28
699d7b31d4cb1adbd62e0152,data_ml,p_count,aiot,2,24 Feb 2026 10:19:29
699d7c5cd4cb1adbd62e0159,data_ml,p_count,aiot,3,24 Feb 2026 10:24:28
699d7d89d4cb1adbd62e0160,data_ml,p_count,aiot,1,24 Feb 2026 10:29:29
699d7eb5d4cb1adbd62e0167,data_ml,p_count,aiot,0,24 Feb 2026 10:34:29
699d7fe1d4cb1adbd62e016e,data_ml,p_count,aiot,3,24 Feb 2026 10:39:29
699d810dd4cb1adbd62e0175,data_ml,p_count,aiot,0,24 Feb 2026 10:44:29
699d8239d4cb1adbd62e017c,data_ml,p_count,aiot,2,24 Feb 2026 10:49:29
699d8365d4cb1adbd62e0183,data_ml,p_count,aiot,0,24 Feb 2026 10:54:29
699d8491d4cb1adbd62e018a,data_ml,p_count,aiot,4,24 Feb 2026 10:59:29
699d85bdd4cb1adbd62e0191,data_ml,p_count,aiot,2,24 Feb 2026 11:4:29
699d86e9d4cb1adbd62e0198,data_ml,p_count,aiot,0,24 Feb 2026 11:9:29
699d8815d4cb1adbd62e019f,data_ml,p_count,aiot,0,24 Feb 2026 11:14:29
699d8941d4cb1adbd62e01a6,data_ml,p_count,aiot,0,24 Feb 2026 11:19:29
699d8a6dd4cb1adbd62e01ad,data_ml,p_count,aiot,0,24 Feb 2026 11:24:29
699d8b99d4cb1adbd62e01b4,data_ml,p_count,aiot,2,24 Feb 2026 11:29:29
699d8cc5d4cb1adbd62e01bb,data_ml,p_count,aiot,0,24 Feb 2026 11:34:29
699d8df1d4cb1adbd62e01c2,data_ml,p_count,aiot,0,24 Feb 2026 11:39:29
699d8f1dd4cb1adbd62e01c9,data_ml,p_count,aiot,2,24 Feb 2026 11:44:29
699d9049d4cb1adbd62e01d0,data_ml,p_count,aiot,0,24 Feb 2026 11:49:29
699d9175d4cb1adbd62e01d7,data_ml,p_count,aiot,0,24 Feb 2026 11:54:29
699d92a1d4cb1adbd62e01de,data_ml,p_count,aiot,0,24 Feb 2026 11:59:29
699d93cdd4cb1adbd62e01e5,data_ml,p_count,aiot,0,24 Feb 2026 12:4:29
699d9625d4cb1adbd62e01f2,data_ml,p_count,aiot,0,24 Feb 2026 12:14:29
699d9751d4cb1adbd62e01f9,data_ml,p_count,aiot,0,24 Feb 2026 12:19:29
699d987dd4cb1adbd62e0200,data_ml,p_count,aiot,0,24 Feb 2026 12:24:29
699d99a9d4cb1adbd62e0207,data_ml,p_count,aiot,0,24 Feb 2026 12:29:29
699d9ad557048735319757df,data_ml,p_count,aiot,0,24 Feb 2026 12:34:29
699d9c0157048735319757e6,data_ml,p_count,aiot,0,24 Feb 2026 12:39:29
699d9d2d57048735319757ed,data_ml,p_count,aiot,1,24 Feb 2026 12:44:29
699d9e5957048735319757f4,data_ml,p_count,aiot,0,24 Feb 2026 12:49:29
699d9f8557048735319757fb,data_ml,p_count,aiot,1,24 Feb 2026 12:54:29
699da0b15704873531975802,data_ml,p_count,aiot,3,24 Feb 2026 12:59:29
699da1dd5704873531975809,data_ml,p_count,aiot,1,24 Feb 2026 13:4:29
699da3095704873531975810,data_ml,p_count,aiot,3,24 Feb 2026 13:9:29
699da4355704873531975817,data_ml,p_count,aiot,0,24 Feb 2026 13:14:29
699da561570487353197581e,data_ml,p_count,aiot,0,24 Feb 2026 13:19:29
699da68d5704873531975825,data_ml,p_count,aiot,5,24 Feb 2026 13:24:29
699da68d4ac31e75a4e2548f,data_ml,p_count,aiot,5,24 Feb 2026 13:24:29
699da7b9570487353197582c,data_ml,p_count,aiot,0,24 Feb 2026 13:29:29
699da8e55704873531975833,data_ml,p_count,aiot,0,24 Feb 2026 13:34:29
699daa11570487353197583a,data_ml,p_count,aiot,0,24 Feb 2026 13:39:29
699dab3d5704873531975841,data_ml,p_count,aiot,0,24 Feb 2026 13:44:29
699dac695704873531975848,data_ml,p_count,aiot,0,24 Feb 2026 13:49:29
699dad95570487353197584f,data_ml,p_count,aiot,0,24 Feb 2026 13:54:29
699daec15704873531975856,data_ml,p_count,aiot,0,24 Feb 2026 13:59:29
699dafed570487353197585d,data_ml,p_count,aiot,1,24 Feb 2026 14:4:29
699db11a5704873531975864,data_ml,p_count,aiot,1,24 Feb 2026 14:9:30
699db245570487353197586b,data_ml,p_count,aiot,1,24 Feb 2026 14:14:29
699db3725704873531975872,data_ml,p_count,aiot,0,24 Feb 2026 14:19:30
699db49e5704873531975879,data_ml,p_count,aiot,2,24 Feb 2026 14:24:30
699db5ca5704873531975880,data_ml,p_count,aiot,5,24 Feb 2026 14:29:30
699dbcd26775bd7dac86ef27,data_ml,p_count,aiot,0,24 Feb 2026 14:59:30
699dc182c32d508c97456d28,data_ml,p_count,aiot,0,24 Feb 2026 15:19:30
699dc2aec32d508c97456d2f,data_ml,p_count,aiot,0,24 Feb 2026 15:24:30
699dc3dac32d508c97456d36,data_ml,p_count,aiot,0,24 Feb 2026 15:29:30
699dc506c32d508c97456d3d,data_ml,p_count,aiot,0,24 Feb 2026 15:34:30
699dc632c32d508c97456d44,data_ml,p_count,aiot,1,24 Feb 2026 15:39:30
699dc75e33773537089d47bb,data_ml,p_count,aiot,0,24 Feb 2026 15:44:30
699dc88a33773537089d47c2,data_ml,p_count,aiot,0,24 Feb 2026 15:49:30
699dc9b633773537089d47c9,data_ml,p_count,aiot,0,24 Feb 2026 15:54:30
699dcae233773537089d47d0,data_ml,p_count,aiot,0,24 Feb 2026 15:59:30
699dcc0e33773537089d47d7,data_ml,p_count,aiot,0,24 Feb 2026 16:4:30
699dcf9207b5aa5e4a3ea505,data_ml,p_count,aiot,0,24 Feb 2026 16:19:30
699dd316c0e7a49b244edb41,data_ml,p_count,aiot,0,24 Feb 2026 16:34:30
699dd442c0e7a49b244edb48,data_ml,p_count,aiot,0,24 Feb 2026 16:39:30
699dd56ec0e7a49b244edb4f,data_ml,p_count,aiot,0,24 Feb 2026 16:44:30
699dd69ac0e7a49b244edb56,data_ml,p_count,aiot,0,24 Feb 2026 16:49:30
699dd7c6c0e7a49b244edb5d,data_ml,p_count,aiot,0,24 Feb 2026 16:54:30
699dd8f2c0e7a49b244edb64,data_ml,p_count,aiot,0,24 Feb 2026 16:59:30
699dda1ec0e7a49b244edb6b,data_ml,p_count,aiot,3,24 Feb 2026 17:4:30
699ddc76c0e7a49b244edb78,data_ml,p_count,aiot,0,24 Feb 2026 17:14:30
699ddda2c0e7a49b244edb7f,data_ml,p_count,aiot,0,24 Feb 2026 17:19:30
699ddecfc0e7a49b244edb86,data_ml,p_count,aiot,0,24 Feb 2026 17:24:31
699ddffbd666634c53e42484,data_ml,p_count,aiot,0,24 Feb 2026 17:29:31
699de253abb20da46bd2d209,data_ml,p_count,aiot,0,24 Feb 2026 17:39:31
699de5d7bb29fa55600496ec,data_ml,p_count,aiot,0,24 Feb 2026 17:54:31
699de703bb29fa55600496f3,data_ml,p_count,aiot,0,24 Feb 2026 17:59:31
699de82ff95d95e90321f33a,data_ml,p_count,aiot,0,24 Feb 2026 18:4:31
699dea87bfdd927336671576,data_ml,p_count,aiot,0,24 Feb 2026 18:14:31
699debb3bfdd92733667157d,data_ml,p_count,aiot,0,24 Feb 2026 18:19:31
699decdfbfdd927336671584,data_ml,p_count,aiot,0,24 Feb 2026 18:24:31
699dee0bbfdd92733667158b,data_ml,p_count,aiot,0,24 Feb 2026 18:29:31
699def37bfdd927336671592,data_ml,p_count,aiot,0,24 Feb 2026 18:34:31
699df063bfdd927336671599,data_ml,p_count,aiot,0,24 Feb 2026 18:39:31
699df18fbfdd9273366715a0,data_ml,p_count,aiot,0,24 Feb 2026 18:44:31
699df2bbbfdd9273366715a7,data_ml,p_count,aiot,0,24 Feb 2026 18:49:31
699df3e7bfdd9273366715ae,data_ml,p_count,aiot,0,24 Feb 2026 18:54:31
699df513bfdd9273366715b5,data_ml,p_count,aiot,0,24 Feb 2026 18:59:31
699df63fbfdd9273366715bc,data_ml,p_count,aiot,0,24 Feb 2026 19:4:31
699df76bbfdd9273366715c3,data_ml,p_count,aiot,0,24 Feb 2026 19:9:31
699df897bfdd9273366715ca,data_ml,p_count,aiot,0,24 Feb 2026 19:14:31
699df9c3bfdd9273366715d1,data_ml,p_count,aiot,0,24 Feb 2026 19:19:31
699dfaefbfdd9273366715d8,data_ml,p_count,aiot,0,24 Feb 2026 19:24:31
699dfc1bbfdd9273366715df,data_ml,p_count,aiot,0,24 Feb 2026 19:29:31
699dfd47bfdd9273366715e6,data_ml,p_count,aiot,0,24 Feb 2026 19:34:31
699dff9fbfdd9273366715f3,data_ml,p_count,aiot,0,24 Feb 2026 19:44:31
699e00cbbfdd9273366715fa,data_ml,p_count,aiot,0,24 Feb 2026 19:49:31
699e01f7bfdd927336671601,data_ml,p_count,aiot,0,24 Feb 2026 19:54:31
699e0323bfdd927336671608,data_ml,p_count,aiot,0,24 Feb 2026 19:59:31
699e044fbfdd92733667160f,data_ml,p_count,aiot,0,24 Feb 2026 20:4:31
699e057bbfdd927336671616,data_ml,p_count,aiot,0,24 Feb 2026 20:9:31
699e06a7bfdd92733667161d,data_ml,p_count,aiot,0,24 Feb 2026 20:14:31
699e07d3bfdd927336671624,data_ml,p_count,aiot,0,24 Feb 2026 20:19:31
699e08ffbfdd92733667162b,data_ml,p_count,aiot,0,24 Feb 2026 20:24:31
699e0a2bbfdd927336671632,data_ml,p_count,aiot,0,24 Feb 2026 20:29:31
699e0b57bfdd927336671639,data_ml,p_count,aiot,0,24 Feb 2026 20:34:31
699e0c83bfdd927336671640,data_ml,p_count,aiot,0,24 Feb 2026 20:39:31
699e0dafbfdd927336671647,data_ml,p_count,aiot,0,24 Feb 2026 20:44:31
699e0edbbfdd92733667164e,data_ml,p_count,aiot,0,24 Feb 2026 20:49:31
699e1007bfdd927336671655,data_ml,p_count,aiot,0,24 Feb 2026 20:54:31
699e1133e3e00ec1ad191c38,data_ml,p_count,aiot,0,24 Feb 2026 20:59:31
699e125fe3e00ec1ad191c3f,data_ml,p_count,aiot,0,24 Feb 2026 21:4:31
699e138be3e00ec1ad191c46,data_ml,p_count,aiot,0,24 Feb 2026 21:9:31
699e14b7e3e00ec1ad191c4d,data_ml,p_count,aiot,0,24 Feb 2026 21:14:31
699e15e3e3e00ec1ad191c54,data_ml,p_count,aiot,0,24 Feb 2026 21:19:31
699e170f8c418439cf9a7f21,data_ml,p_count,aiot,0,24 Feb 2026 21:24:31
699e183b8c418439cf9a7f28,data_ml,p_count,aiot,0,24 Feb 2026 21:29:31
699e1bc030a44b6ee5570479,data_ml,p_count,aiot,0,24 Feb 2026 21:44:32
699e1ceb30a44b6ee5570480,data_ml,p_count,aiot,0,24 Feb 2026 21:49:31
699e1e1730a44b6ee5570487,data_ml,p_count,aiot,0,24 Feb 2026 21:54:31
699e22c83852763dc5483037,data_ml,p_count,aiot,0,24 Feb 2026 22:14:32
699e23f43852763dc548303e,data_ml,p_count,aiot,0,24 Feb 2026 22:19:32
699e25203852763dc5483045,data_ml,p_count,aiot,0,24 Feb 2026 22:24:32
699e264c3852763dc548304c,data_ml,p_count,aiot,0,24 Feb 2026 22:29:32
699e29d0d3dfe11312af5dbf,data_ml,p_count,aiot,0,24 Feb 2026 22:44:32
699e2afcd3dfe11312af5dc6,data_ml,p_count,aiot,0,24 Feb 2026 22:49:32
699e2c28d3dfe11312af5dcd,data_ml,p_count,aiot,0,24 Feb 2026 22:54:32
699e2d54d3dfe11312af5dd4,data_ml,p_count,aiot,0,24 Feb 2026 22:59:32
699e2e80d3dfe11312af5ddb,data_ml,p_count,aiot,0,24 Feb 2026 23:4:32
699e2facd3dfe11312af5de2,data_ml,p_count,aiot,0,24 Feb 2026 23:9:32
699e30d8d3dfe11312af5de9,data_ml,p_count,aiot,0,24 Feb 2026 23:14:32
699e3204d3dfe11312af5df0,data_ml,p_count,aiot,0,24 Feb 2026 23:19:32
699e3330d3dfe11312af5df7,data_ml,p_count,aiot,0,24 Feb 2026 23:24:32
699e345cd3dfe11312af5dfe,data_ml,p_count,aiot,0,24 Feb 2026 23:29:32
699e3588d3dfe11312af5e05,data_ml,p_count,aiot,0,24 Feb 2026 23:34:32
699e36b4d3dfe11312af5e0c,data_ml,p_count,aiot,0,24 Feb 2026 23:39:32
699e37e0d3dfe11312af5e13,data_ml,p_count,aiot,0,24 Feb 2026 23:44:32
699e390cd3dfe11312af5e1a,data_ml,p_count,aiot,0,24 Feb 2026 23:49:32
699e3a38d3dfe11312af5e21,data_ml,p_count,aiot,0,24 Feb 2026 23:54:32
699e3b64d3dfe11312af5e28,data_ml,p_count,aiot,0,24 Feb 2026 23:59:32
699e3c90d3dfe11312af5e2f,data_ml,p_count,aiot,0,25 Feb 2026 0:4:32
699e3dbcd3dfe11312af5e36,data_ml,p_count,aiot,0,25 Feb 2026 0:9:32
699e3ee8d3dfe11312af5e3d,data_ml,p_count,aiot,0,25 Feb 2026 0:14:32
699e4014d3dfe11312af5e44,data_ml,p_count,aiot,0,25 Feb 2026 0:19:32
699e4140d3dfe11312af5e4b,data_ml,p_count,aiot,0,25 Feb 2026 0:24:32
699e426cd3dfe11312af5e52,data_ml,p_count,aiot,0,25 Feb 2026 0:29:32
699e4398d3dfe11312af5e59,data_ml,p_count,aiot,0,25 Feb 2026 0:34:32
699e45f0d3dfe11312af5e66,data_ml,p_count,aiot,0,25 Feb 2026 0:44:32
699e471cd3dfe11312af5e6d,data_ml,p_count,aiot,0,25 Feb 2026 0:49:32
699e4848d3dfe11312af5e74,data_ml,p_count,aiot,0,25 Feb 2026 0:54:32
699e4975d3dfe11312af5e7b,data_ml,p_count,aiot,0,25 Feb 2026 0:59:33
699e4aa1d3dfe11312af5e82,data_ml,p_count,aiot,0,25 Feb 2026 1:4:33
699e4bccd3dfe11312af5e89,data_ml,p_count,aiot,0,25 Feb 2026 1:9:32
699e4cf9d3dfe11312af5e90,data_ml,p_count,aiot,0,25 Feb 2026 1:14:33
699e4e25d3dfe11312af5e97,data_ml,p_count,aiot,0,25 Feb 2026 1:19:33
699e4f51d3dfe11312af5e9e,data_ml,p_count,aiot,0,25 Feb 2026 1:24:33
699e507dd3dfe11312af5ea5,data_ml,p_count,aiot,0,25 Feb 2026 1:29:33
699e51a9d3dfe11312af5eac,data_ml,p_count,aiot,0,25 Feb 2026 1:34:33
699e52d5d3dfe11312af5eb3,data_ml,p_count,aiot,0,25 Feb 2026 1:39:33
699e5401d3dfe11312af5eba,data_ml,p_count,aiot,0,25 Feb 2026 1:44:33
699e552dd3dfe11312af5ec1,data_ml,p_count,aiot,0,25 Feb 2026 1:49:33
699e5659d3dfe11312af5ec8,data_ml,p_count,aiot,0,25 Feb 2026 1:54:33
699e5785d3dfe11312af5ecf,data_ml,p_count,aiot,0,25 Feb 2026 1:59:33
699e58b1d3dfe11312af5ed6,data_ml,p_count,aiot,0,25 Feb 2026 2:4:33
699e59ddd3dfe11312af5edd,data_ml,p_count,aiot,0,25 Feb 2026 2:9:33
699e5b09d3dfe11312af5ee4,data_ml,p_count,aiot,0,25 Feb 2026 2:14:33
699e5c35d3dfe11312af5eeb,data_ml,p_count,aiot,0,25 Feb 2026 2:19:33
699e5d61d3dfe11312af5ef2,data_ml,p_count,aiot,0,25 Feb 2026 2:24:33
699e5e8dd3dfe11312af5ef9,data_ml,p_count,aiot,0,25 Feb 2026 2:29:33
699e5fb9d3dfe11312af5f00,data_ml,p_count,aiot,0,25 Feb 2026 2:34:33
699e60e5d3dfe11312af5f07,data_ml,p_count,aiot,0,25 Feb 2026 2:39:33
699e6211d3dfe11312af5f0e,data_ml,p_count,aiot,0,25 Feb 2026 2:44:33
699e633dd3dfe11312af5f15,data_ml,p_count,aiot,0,25 Feb 2026 2:49:33
699e6469d3dfe11312af5f1c,data_ml,p_count,aiot,0,25 Feb 2026 2:54:33
699e6595d3dfe11312af5f23,data_ml,p_count,aiot,0,25 Feb 2026 2:59:33
699e66c1d3dfe11312af5f2a,data_ml,p_count,aiot,0,25 Feb 2026 3:4:33
699e6919d3dfe11312af5f37,data_ml,p_count,aiot,0,25 Feb 2026 3:14:33
699e6a45d3dfe11312af5f3e,data_ml,p_count,aiot,0,25 Feb 2026 3:19:33
699e6b71d3dfe11312af5f45,data_ml,p_count,aiot,0,25 Feb 2026 3:24:33
699e6c9dd3dfe11312af5f4c,data_ml,p_count,aiot,0,25 Feb 2026 3:29:33
699e6dc9d3dfe11312af5f53,data_ml,p_count,aiot,0,25 Feb 2026 3:34:33
699e6ef5d3dfe11312af5f5a,data_ml,p_count,aiot,0,25 Feb 2026 3:39:33
699e7021d3dfe11312af5f61,data_ml,p_count,aiot,0,25 Feb 2026 3:44:33
699e714dd3dfe11312af5f68,data_ml,p_count,aiot,0,25 Feb 2026 3:49:33
699e7279d3dfe11312af5f6f,data_ml,p_count,aiot,0,25 Feb 2026 3:54:33
699e73a5d3dfe11312af5f76,data_ml,p_count,aiot,0,25 Feb 2026 3:59:33
699e74d1d3dfe11312af5f7d,data_ml,p_count,aiot,0,25 Feb 2026 4:4:33
699e75fdd3dfe11312af5f84,data_ml,p_count,aiot,0,25 Feb 2026 4:9:33
699e7729d3dfe11312af5f8b,data_ml,p_count,aiot,0,25 Feb 2026 4:14:33
699e7855d3dfe11312af5f92,data_ml,p_count,aiot,0,25 Feb 2026 4:19:33
699e7981d3dfe11312af5f99,data_ml,p_count,aiot,0,25 Feb 2026 4:24:33
699e7aadd3dfe11312af5fa0,data_ml,p_count,aiot,0,25 Feb 2026 4:29:33
699e7bd9d3dfe11312af5fa7,data_ml,p_count,aiot,0,25 Feb 2026 4:34:33
699e7d05d3dfe11312af5fae,data_ml,p_count,aiot,0,25 Feb 2026 4:39:33
699e7e31d3dfe11312af5fb5,data_ml,p_count,aiot,0,25 Feb 2026 4:44:33
699e7f5dd3dfe11312af5fbc,data_ml,p_count,aiot,0,25 Feb 2026 4:49:33
699e8089d3dfe11312af5fc3,data_ml,p_count,aiot,0,25 Feb 2026 4:54:33
699e81b5d3dfe11312af5fca,data_ml,p_count,aiot,0,25 Feb 2026 4:59:33
699e82e1d3dfe11312af5fd1,data_ml,p_count,aiot,0,25 Feb 2026 5:4:33
699e840dd3dfe11312af5fd8,data_ml,p_count,aiot,0,25 Feb 2026 5:9:33
699e8539d3dfe11312af5fdf,data_ml,p_count,aiot,0,25 Feb 2026 5:14:33
699e8665d3dfe11312af5fe6,data_ml,p_count,aiot,0,25 Feb 2026 5:19:33
699e8791d3dfe11312af5fed,data_ml,p_count,aiot,0,25 Feb 2026 5:24:33
699e88bdd3dfe11312af5ff4,data_ml,p_count,aiot,0,25 Feb 2026 5:29:33
699e89ead3dfe11312af5ffb,data_ml,p_count,aiot,0,25 Feb 2026 5:34:34
699e8c42d3dfe11312af6008,data_ml,p_count,aiot,0,25 Feb 2026 5:44:34
699e8d6ed3dfe11312af600f,data_ml,p_count,aiot,0,25 Feb 2026 5:49:34
699e8e9ad3dfe11312af6015,data_ml,p_count,aiot,0,25 Feb 2026 5:54:34
699e8fc6d3dfe11312af601c,data_ml,p_count,aiot,0,25 Feb 2026 5:59:34
699e90f2d3dfe11312af6023,data_ml,p_count,aiot,0,25 Feb 2026 6:4:34
699e921ed3dfe11312af602a,data_ml,p_count,aiot,0,25 Feb 2026 6:9:34
699e934ad3dfe11312af6031,data_ml,p_count,aiot,0,25 Feb 2026 6:14:34
699e9476d3dfe11312af6038,data_ml,p_count,aiot,0,25 Feb 2026 6:19:34
699e95a2d3dfe11312af603f,data_ml,p_count,aiot,0,25 Feb 2026 6:24:34
699e96ced3dfe11312af6046,data_ml,p_count,aiot,0,25 Feb 2026 6:29:34
699e97fad3dfe11312af604d,data_ml,p_count,aiot,0,25 Feb 2026 6:34:34
699e9926d3dfe11312af6054,data_ml,p_count,aiot,0,25 Feb 2026 6:39:34
699e9a52d3dfe11312af605b,data_ml,p_count,aiot,0,25 Feb 2026 6:44:34
699e9b7ed3dfe11312af6062,data_ml,p_count,aiot,8,25 Feb 2026 6:49:34
699e9caad3dfe11312af6069,data_ml,p_count,aiot,3,25 Feb 2026 6:54:34
699e9dd6d3dfe11312af6070,data_ml,p_count,aiot,1,25 Feb 2026 6:59:34
699e9f02d3dfe11312af6077,data_ml,p_count,aiot,1,25 Feb 2026 7:4:34
699ea02ed3dfe11312af607e,data_ml,p_count,aiot,1,25 Feb 2026 7:9:34
699ea15ad3dfe11312af6085,data_ml,p_count,aiot,3,25 Feb 2026 7:14:34
699ea286d3dfe11312af608c,data_ml,p_count,aiot,1,25 Feb 2026 7:19:34
699ea3b2d3dfe11312af6093,data_ml,p_count,aiot,1,25 Feb 2026 7:24:34
699ea4ded3dfe11312af609a,data_ml,p_count,aiot,0,25 Feb 2026 7:29:34
699ea60ad3dfe11312af60a1,data_ml,p_count,aiot,0,25 Feb 2026 7:34:34
699ea736d3dfe11312af60a8,data_ml,p_count,aiot,0,25 Feb 2026 7:39:34
699ea862d3dfe11312af60af,data_ml,p_count,aiot,0,25 Feb 2026 7:44:34
699ea98ed3dfe11312af60b6,data_ml,p_count,aiot,0,25 Feb 2026 7:49:34
699eaabad3dfe11312af60bd,data_ml,p_count,aiot,2,25 Feb 2026 7:54:34
699eabe6d3dfe11312af60c4,data_ml,p_count,aiot,1,25 Feb 2026 7:59:34
699ead12d3dfe11312af60cb,data_ml,p_count,aiot,2,25 Feb 2026 8:4:34
699eaf6ad3dfe11312af60d8,data_ml,p_count,aiot,0,25 Feb 2026 8:14:34
699eb096d3dfe11312af60df,data_ml,p_count,aiot,0,25 Feb 2026 8:19:34
699eb1c2d3dfe11312af60e6,data_ml,p_count,aiot,0,25 Feb 2026 8:24:34
699eb2eed3dfe11312af60ed,data_ml,p_count,aiot,0,25 Feb 2026 8:29:34
699eb41ad3dfe11312af60f4,data_ml,p_count,aiot,0,25 Feb 2026 8:34:34
699eb547d3dfe11312af60fb,data_ml,p_count,aiot,0,25 Feb 2026 8:39:35
699eb673d3dfe11312af6102,data_ml,p_count,aiot,0,25 Feb 2026 8:44:35
699eb79ed3dfe11312af6109,data_ml,p_count,aiot,0,25 Feb 2026 8:49:34
699eb8cbd3dfe11312af6110,data_ml,p_count,aiot,1,25 Feb 2026 8:54:35
699eb9f7d3dfe11312af6117,data_ml,p_count,aiot,1,25 Feb 2026 8:59:35
699ebb23d3dfe11312af611e,data_ml,p_count,aiot,1,25 Feb 2026 9:4:35
699ebc4fd3dfe11312af6125,data_ml,p_count,aiot,0,25 Feb 2026 9:9:35
699ebd7bd3dfe11312af612c,data_ml,p_count,aiot,0,25 Feb 2026 9:14:35
699ebea7d3dfe11312af6133,data_ml,p_count,aiot,2,25 Feb 2026 9:19:35
699ebfd3d3dfe11312af613a,data_ml,p_count,aiot,6,25 Feb 2026 9:24:35
699ec0ffd3dfe11312af6141,data_ml,p_count,aiot,0,25 Feb 2026 9:29:35
699ec22bd3dfe11312af6148,data_ml,p_count,aiot,0,25 Feb 2026 9:34:35
699ec357d3dfe11312af614f,data_ml,p_count,aiot,0,25 Feb 2026 9:39:35
699ec483d3dfe11312af6156,data_ml,p_count,aiot,0,25 Feb 2026 9:44:35
699ec5afd3dfe11312af615d,data_ml,p_count,aiot,0,25 Feb 2026 9:49:35
699ec6dbd3dfe11312af6164,data_ml,p_count,aiot,0,25 Feb 2026 9:54:35
699ec8076a393c7f7ccd0f86,data_ml,p_count,aiot,0,25 Feb 2026 9:59:35
699eca5fa1f96da9dd47e318,data_ml,p_count,aiot,0,25 Feb 2026 10:9:35
699ecde306d18c3368c71e0a,data_ml,p_count,aiot,2,25 Feb 2026 10:24:35
699ecf0f06d18c3368c71e11,data_ml,p_count,aiot,2,25 Feb 2026 10:29:35
699ed03b06d18c3368c71e18,data_ml,p_count,aiot,2,25 Feb 2026 10:34:35
699ed29306d18c3368c71e25,data_ml,p_count,aiot,2,25 Feb 2026 10:44:35
699ed3bf06d18c3368c71e2c,data_ml,p_count,aiot,0,25 Feb 2026 10:49:35
699ed4eb06d18c3368c71e33,data_ml,p_count,aiot,0,25 Feb 2026 10:54:35
699ed61706d18c3368c71e3a,data_ml,p_count,aiot,1,25 Feb 2026 10:59:35
699ed74306d18c3368c71e41,data_ml,p_count,aiot,3,25 Feb 2026 11:4:35
699ed86f06d18c3368c71e48,data_ml,p_count,aiot,5,25 Feb 2026 11:9:35
699ed99b06d18c3368c71e4f,data_ml,p_count,aiot,1,25 Feb 2026 11:14:35
699edac706d18c3368c71e56,data_ml,p_count,aiot,2,25 Feb 2026 11:19:35
699edbf306d18c3368c71e5d,data_ml,p_count,aiot,3,25 Feb 2026 11:24:35
699edd1f06d18c3368c71e64,data_ml,p_count,aiot,0,25 Feb 2026 11:29:35
699ede4b06d18c3368c71e6b,data_ml,p_count,aiot,1,25 Feb 2026 11:34:35
699edf7706d18c3368c71e72,data_ml,p_count,aiot,0,25 Feb 2026 11:39:35
699ee2fbfb1d175ffd72d583,data_ml,p_count,aiot,3,25 Feb 2026 11:54:35
699ee427fb1d175ffd72d58a,data_ml,p_count,aiot,2,25 Feb 2026 11:59:35
699ee553fb1d175ffd72d591,data_ml,p_count,aiot,1,25 Feb 2026 12:4:35
699ee67ffb1d175ffd72d598,data_ml,p_count,aiot,3,25 Feb 2026 12:9:35
699ee7abfb1d175ffd72d59f,data_ml,p_count,aiot,1,25 Feb 2026 12:14:35
699ee8d7fb1d175ffd72d5a6,data_ml,p_count,aiot,0,25 Feb 2026 12:19:35
699eea03fb1d175ffd72d5ad,data_ml,p_count,aiot,0,25 Feb 2026 12:24:35
699eeb2ffb1d175ffd72d5b4,data_ml,p_count,aiot,0,25 Feb 2026 12:29:35
699eec5b5e3c8848a8293f85,data_ml,p_count,aiot,3,25 Feb 2026 12:34:35
699eed875e3c8848a8293f8c,data_ml,p_count,aiot,2,25 Feb 2026 12:39:35
699eeeb35e3c8848a8293f93,data_ml,p_count,aiot,0,25 Feb 2026 12:44:35
699eefdf5e3c8848a8293f9a,data_ml,p_count,aiot,0,25 Feb 2026 12:49:35
699ef10b5e3c8848a8293fa1,data_ml,p_count,aiot,0,25 Feb 2026 12:54:35
699ef2375e3c8848a8293fa8,data_ml,p_count,aiot,0,25 Feb 2026 12:59:35
699ef3635e3c8848a8293faf,data_ml,p_count,aiot,1,25 Feb 2026 13:4:35
699ef5bc5e3c8848a8293fbc,data_ml,p_count,aiot,2,25 Feb 2026 13:14:36
699ef6e85e3c8848a8293fc3,data_ml,p_count,aiot,0,25 Feb 2026 13:19:36
699ef8145e3c8848a8293fca,data_ml,p_count,aiot,1,25 Feb 2026 13:24:36
699ef9405e3c8848a8293fd1,data_ml,p_count,aiot,3,25 Feb 2026 13:29:36
699efa6c5e3c8848a8293fd8,data_ml,p_count,aiot,2,25 Feb 2026 13:34:36
699efb985e3c8848a8293fdf,data_ml,p_count,aiot,1,25 Feb 2026 13:39:36
699efcc45e3c8848a8293fe6,data_ml,p_count,aiot,0,25 Feb 2026 13:44:36
699efdf05e3c8848a8293fed,data_ml,p_count,aiot,1,25 Feb 2026 13:49:36
699eff1c5e3c8848a8293ff3,data_ml,p_count,aiot,0,25 Feb 2026 13:54:36
699f02a0b24d209d39dbbc31,data_ml,p_count,aiot,0,25 Feb 2026 14:9:36
699f03ccb24d209d39dbbc38,data_ml,p_count,aiot,0,25 Feb 2026 14:14:36
699f09a85409477f73725e75,data_ml,p_count,aiot,0,25 Feb 2026 14:39:36
699f0ad45409477f73725e7c,data_ml,p_count,aiot,0,25 Feb 2026 14:44:36
699f0c005409477f73725e83,data_ml,p_count,aiot,1,25 Feb 2026 14:49:36
699f0d2c5409477f73725e8a,data_ml,p_count,aiot,0,25 Feb 2026 14:54:36
699f0e585409477f73725e91,data_ml,p_count,aiot,0,25 Feb 2026 14:59:36
699f0f845409477f73725e98,data_ml,p_count,aiot,0,25 Feb 2026 15:4:36
699f10b05409477f73725e9f,data_ml,p_count,aiot,0,25 Feb 2026 15:9:36
699f11dc5409477f73725ea6,data_ml,p_count,aiot,0,25 Feb 2026 15:14:36
699f13085409477f73725ead,data_ml,p_count,aiot,0,25 Feb 2026 15:19:36
699f14345409477f73725eb4,data_ml,p_count,aiot,0,25 Feb 2026 15:24:36
699f15605409477f73725ebb,data_ml,p_count,aiot,0,25 Feb 2026 15:29:36
699f168c5409477f73725ec2,data_ml,p_count,aiot,0,25 Feb 2026 15:34:36
699f18e55409477f73725ecf,data_ml,p_count,aiot,0,25 Feb 2026 15:44:37
699f1a115409477f73725ed6,data_ml,p_count,aiot,0,25 Feb 2026 15:49:37
699f1b3d5409477f73725edd,data_ml,p_count,aiot,0,25 Feb 2026 15:54:37
699f1c695409477f73725ee4,data_ml,p_count,aiot,0,25 Feb 2026 15:59:37
699f1d955409477f73725eeb,data_ml,p_count,aiot,0,25 Feb 2026 16:4:37
699f1ec15409477f73725ef2,data_ml,p_count,aiot,0,25 Feb 2026 16:9:37
699f1fed5409477f73725ef9,data_ml,p_count,aiot,0,25 Feb 2026 16:14:37
699f21195409477f73725f00,data_ml,p_count,aiot,2,25 Feb 2026 16:19:37
699f22455409477f73725f07,data_ml,p_count,aiot,0,25 Feb 2026 16:24:37
699f23715409477f73725f0e,data_ml,p_count,aiot,0,25 Feb 2026 16:29:37
699f249d5409477f73725f15,data_ml,p_count,aiot,0,25 Feb 2026 16:34:37
699f25c95409477f73725f1c,data_ml,p_count,aiot,0,25 Feb 2026 16:39:37
699f26f55409477f73725f23,data_ml,p_count,aiot,0,25 Feb 2026 16:44:37
699f28215409477f73725f2a,data_ml,p_count,aiot,0,25 Feb 2026 16:49:37
699f294d5409477f73725f31,data_ml,p_count,aiot,0,25 Feb 2026 16:54:37
699f2a795409477f73725f38,data_ml,p_count,aiot,0,25 Feb 2026 16:59:37
699f2ba55409477f73725f3f,data_ml,p_count,aiot,0,25 Feb 2026 17:4:37
699f2cd15409477f73725f46,data_ml,p_count,aiot,0,25 Feb 2026 17:9:37
699f2dfd5409477f73725f4d,data_ml,p_count,aiot,1,25 Feb 2026 17:14:37
699f2f295409477f73725f54,data_ml,p_count,aiot,0,25 Feb 2026 17:19:37
699f30555409477f73725f5b,data_ml,p_count,aiot,2,25 Feb 2026 17:24:37
699f31815409477f73725f62,data_ml,p_count,aiot,0,25 Feb 2026 17:29:37
699f32ad5409477f73725f69,data_ml,p_count,aiot,0,25 Feb 2026 17:34:37
699f33d95409477f73725f70,data_ml,p_count,aiot,0,25 Feb 2026 17:39:37
699f35055409477f73725f77,data_ml,p_count,aiot,0,25 Feb 2026 17:44:37
699f36315409477f73725f7e,data_ml,p_count,aiot,0,25 Feb 2026 17:49:37
699f375d5409477f73725f85,data_ml,p_count,aiot,0,25 Feb 2026 17:54:37
699f38895409477f73725f8c,data_ml,p_count,aiot,0,25 Feb 2026 17:59:37
699f39b55409477f73725f93,data_ml,p_count,aiot,0,25 Feb 2026 18:4:37
699f3c0d5409477f73725fa0,data_ml,p_count,aiot,0,25 Feb 2026 18:14:37
699f3d395409477f73725fa7,data_ml,p_count,aiot,0,25 Feb 2026 18:19:37
699f3e655409477f73725fae,data_ml,p_count,aiot,0,25 Feb 2026 18:24:37
699f3f915409477f73725fb5,data_ml,p_count,aiot,0,25 Feb 2026 18:29:37
699f40bd5409477f73725fbc,data_ml,p_count,aiot,0,25 Feb 2026 18:34:37
699f41e95409477f73725fc3,data_ml,p_count,aiot,0,25 Feb 2026 18:39:37
699f43165409477f73725fca,data_ml,p_count,aiot,0,25 Feb 2026 18:44:38
699f44425409477f73725fd1,data_ml,p_count,aiot,0,25 Feb 2026 18:49:38
699f456e5409477f73725fd8,data_ml,p_count,aiot,0,25 Feb 2026 18:54:38
699f469a5409477f73725fdf,data_ml,p_count,aiot,0,25 Feb 2026 18:59:38
699f47c55409477f73725fe6,data_ml,p_count,aiot,0,25 Feb 2026 19:4:37
699f48f25409477f73725fed,data_ml,p_count,aiot,0,25 Feb 2026 19:9:38
699f4a1e5409477f73725ff4,data_ml,p_count,aiot,0,25 Feb 2026 19:14:38
699f4b495409477f73725ffb,data_ml,p_count,aiot,0,25 Feb 2026 19:19:37
699f4c765409477f73726002,data_ml,p_count,aiot,0,25 Feb 2026 19:24:38
699f4da25409477f73726009,data_ml,p_count,aiot,0,25 Feb 2026 19:29:38
699f4ece5409477f73726010,data_ml,p_count,aiot,0,25 Feb 2026 19:34:38
699f4ffa5409477f73726017,data_ml,p_count,aiot,0,25 Feb 2026 19:39:38
699f51265409477f7372601e,data_ml,p_count,aiot,0,25 Feb 2026 19:44:38
699f52525409477f73726025,data_ml,p_count,aiot,0,25 Feb 2026 19:49:38
699f537e5409477f7372602c,data_ml,p_count,aiot,0,25 Feb 2026 19:54:38
699f54aa5409477f73726033,data_ml,p_count,aiot,0,25 Feb 2026 19:59:38
699f55d65409477f7372603a,data_ml,p_count,aiot,0,25 Feb 2026 20:4:38
699f57025409477f73726041,data_ml,p_count,aiot,0,25 Feb 2026 20:9:38
699f582e5409477f73726048,data_ml,p_count,aiot,0,25 Feb 2026 20:14:38
699f595a5409477f7372604f,data_ml,p_count,aiot,0,25 Feb 2026 20:19:38
699f5a865409477f73726056,data_ml,p_count,aiot,0,25 Feb 2026 20:24:38
699f5bb25409477f7372605d,data_ml,p_count,aiot,0,25 Feb 2026 20:29:38
699f5cde5409477f73726064,data_ml,p_count,aiot,0,25 Feb 2026 20:34:38
699f5f365409477f73726071,data_ml,p_count,aiot,0,25 Feb 2026 20:44:38
699f60625409477f73726078,data_ml,p_count,aiot,0,25 Feb 2026 20:49:38
699f618e5409477f7372607f,data_ml,p_count,aiot,0,25 Feb 2026 20:54:38
699f62ba5409477f73726086,data_ml,p_count,aiot,0,25 Feb 2026 20:59:38
699f63e65409477f7372608d,data_ml,p_count,aiot,0,25 Feb 2026 21:4:38
699f65125409477f73726094,data_ml,p_count,aiot,0,25 Feb 2026 21:9:38
699f663e5409477f7372609b,data_ml,p_count,aiot,0,25 Feb 2026 21:14:38
699f676a5409477f737260a2,data_ml,p_count,aiot,0,25 Feb 2026 21:19:38
699f68965409477f737260a9,data_ml,p_count,aiot,0,25 Feb 2026 21:24:38
699f69c25409477f737260b0,data_ml,p_count,aiot,0,25 Feb 2026 21:29:38
699f6aee5409477f737260b7,data_ml,p_count,aiot,0,25 Feb 2026 21:34:38
699f6c1a5409477f737260be,data_ml,p_count,aiot,0,25 Feb 2026 21:39:38
699f6d465409477f737260c5,data_ml,p_count,aiot,0,25 Feb 2026 21:44:38
699f6e725409477f737260cc,data_ml,p_count,aiot,0,25 Feb 2026 21:49:38
699f6f9e5409477f737260d3,data_ml,p_count,aiot,0,25 Feb 2026 21:54:38
699f70ca5409477f737260da,data_ml,p_count,aiot,0,25 Feb 2026 21:59:38
699f71f65409477f737260e1,data_ml,p_count,aiot,0,25 Feb 2026 22:4:38
699f73225409477f737260e8,data_ml,p_count,aiot,0,25 Feb 2026 22:9:38
699f744e5409477f737260ef,data_ml,p_count,aiot,0,25 Feb 2026 22:14:38
699f757a5409477f737260f6,data_ml,p_count,aiot,0,25 Feb 2026 22:19:38
699f76a65409477f737260fd,data_ml,p_count,aiot,0,25 Feb 2026 22:24:38
699f77d25409477f73726104,data_ml,p_count,aiot,0,25 Feb 2026 22:29:38
699f78fe5409477f7372610b,data_ml,p_count,aiot,0,25 Feb 2026 22:34:38
699f7a2a5409477f73726112,data_ml,p_count,aiot,0,25 Feb 2026 22:39:38
699f7b565409477f73726119,data_ml,p_count,aiot,0,25 Feb 2026 22:44:38
699f7c825409477f73726120,data_ml,p_count,aiot,0,25 Feb 2026 22:49:38
699f7dae5409477f73726127,data_ml,p_count,aiot,0,25 Feb 2026 22:54:38
699f7eda5409477f7372612e,data_ml,p_count,aiot,0,25 Feb 2026 22:59:38
699f80065409477f73726135,data_ml,p_count,aiot,0,25 Feb 2026 23:4:38
699f825f5409477f73726142,data_ml,p_count,aiot,0,25 Feb 2026 23:14:39
699f838b5409477f73726149,data_ml,p_count,aiot,0,25 Feb 2026 23:19:39
699f84b75409477f73726150,data_ml,p_count,aiot,0,25 Feb 2026 23:24:39
699f85e35409477f73726157,data_ml,p_count,aiot,0,25 Feb 2026 23:29:39
699f870f5409477f7372615e,data_ml,p_count,aiot,0,25 Feb 2026 23:34:39
699f883b5409477f73726165,data_ml,p_count,aiot,0,25 Feb 2026 23:39:39
699f89675409477f7372616c,data_ml,p_count,aiot,0,25 Feb 2026 23:44:39
699f8a935409477f73726173,data_ml,p_count,aiot,0,25 Feb 2026 23:49:39
699f8bbf5409477f7372617a,data_ml,p_count,aiot,0,25 Feb 2026 23:54:39
699f8ceb5409477f73726181,data_ml,p_count,aiot,0,25 Feb 2026 23:59:39
699f8e175409477f73726188,data_ml,p_count,aiot,0,26 Feb 2026 0:4:39
699f8f435409477f7372618f,data_ml,p_count,aiot,0,26 Feb 2026 0:9:39
699f906f5409477f73726196,data_ml,p_count,aiot,0,26 Feb 2026 0:14:39
699f919b5409477f7372619d,data_ml,p_count,aiot,0,26 Feb 2026 0:19:39
699f92c75409477f737261a4,data_ml,p_count,aiot,0,26 Feb 2026 0:24:39
699f93f35409477f737261ab,data_ml,p_count,aiot,0,26 Feb 2026 0:29:39
699f951f5409477f737261b2,data_ml,p_count,aiot,0,26 Feb 2026 0:34:39
699f964b5409477f737261b9,data_ml,p_count,aiot,0,26 Feb 2026 0:39:39
699f97775409477f737261c0,data_ml,p_count,aiot,0,26 Feb 2026 0:44:39
699f98a35409477f737261c7,data_ml,p_count,aiot,0,26 Feb 2026 0:49:39
699f99cf5409477f737261ce,data_ml,p_count,aiot,0,26 Feb 2026 0:54:39
699f9afb5409477f737261d5,data_ml,p_count,aiot,0,26 Feb 2026 0:59:39
699f9c275409477f737261dc,data_ml,p_count,aiot,0,26 Feb 2026 1:4:39
699f9d535409477f737261e3,data_ml,p_count,aiot,0,26 Feb 2026 1:9:39
699f9e7f5409477f737261ea,data_ml,p_count,aiot,0,26 Feb 2026 1:14:39
699f9fab5409477f737261f1,data_ml,p_count,aiot,0,26 Feb 2026 1:19:39
699fa0d75409477f737261f8,data_ml,p_count,aiot,0,26 Feb 2026 1:24:39
699fa2035409477f737261ff,data_ml,p_count,aiot,0,26 Feb 2026 1:29:39
699fa32f5409477f73726206,data_ml,p_count,aiot,0,26 Feb 2026 1:34:39
699fa5875409477f73726213,data_ml,p_count,aiot,0,26 Feb 2026 1:44:39
699fa6b35409477f7372621a,data_ml,p_count,aiot,0,26 Feb 2026 1:49:39
699fa7df5409477f73726221,data_ml,p_count,aiot,0,26 Feb 2026 1:54:39
699fa90b5409477f73726228,data_ml,p_count,aiot,0,26 Feb 2026 1:59:39
699faa375409477f7372622f,data_ml,p_count,aiot,0,26 Feb 2026 2:4:39
699fab635409477f73726236,data_ml,p_count,aiot,0,26 Feb 2026 2:9:39
699fac8f5409477f7372623d,data_ml,p_count,aiot,0,26 Feb 2026 2:14:39
699fadbb5409477f73726244,data_ml,p_count,aiot,0,26 Feb 2026 2:19:39
699faee75409477f7372624b,data_ml,p_count,aiot,0,26 Feb 2026 2:24:39
699fb0145409477f73726252,data_ml,p_count,aiot,0,26 Feb 2026 2:29:40
699fb1405409477f73726259,data_ml,p_count,aiot,0,26 Feb 2026 2:34:40
699fb26b5409477f73726260,data_ml,p_count,aiot,0,26 Feb 2026 2:39:39
699fb3985409477f73726267,data_ml,p_count,aiot,0,26 Feb 2026 2:44:40
699fb4c45409477f7372626e,data_ml,p_count,aiot,0,26 Feb 2026 2:49:40
699fb5ef5409477f73726275,data_ml,p_count,aiot,0,26 Feb 2026 2:54:39
699fb71c5409477f7372627c,data_ml,p_count,aiot,0,26 Feb 2026 2:59:40
699fb8485409477f73726283,data_ml,p_count,aiot,0,26 Feb 2026 3:4:40
699fb9735409477f7372628a,data_ml,p_count,aiot,0,26 Feb 2026 3:9:39
699fbaa05409477f73726291,data_ml,p_count,aiot,0,26 Feb 2026 3:14:40
699fbbcc5409477f73726298,data_ml,p_count,aiot,0,26 Feb 2026 3:19:40
699fbcf85409477f7372629f,data_ml,p_count,aiot,0,26 Feb 2026 3:24:40
699fbe245409477f737262a6,data_ml,p_count,aiot,0,26 Feb 2026 3:29:40
699fbf505409477f737262ad,data_ml,p_count,aiot,0,26 Feb 2026 3:34:40
699fc07c5409477f737262b4,data_ml,p_count,aiot,0,26 Feb 2026 3:39:40
699fc1a85409477f737262bb,data_ml,p_count,aiot,0,26 Feb 2026 3:44:40
699fc2d45409477f737262c2,data_ml,p_count,aiot,0,26 Feb 2026 3:49:40
699fc4005409477f737262c9,data_ml,p_count,aiot,0,26 Feb 2026 3:54:40
699fc52c5409477f737262d0,data_ml,p_count,aiot,0,26 Feb 2026 3:59:40
699fc6585409477f737262d7,data_ml,p_count,aiot,0,26 Feb 2026 4:4:40
699fc8b05409477f737262e4,data_ml,p_count,aiot,0,26 Feb 2026 4:14:40
699fc9dc5409477f737262eb,data_ml,p_count,aiot,0,26 Feb 2026 4:19:40
699fcb085409477f737262f2,data_ml,p_count,aiot,0,26 Feb 2026 4:24:40
699fcc345409477f737262f9,data_ml,p_count,aiot,0,26 Feb 2026 4:29:40
699fcd605409477f73726300,data_ml,p_count,aiot,0,26 Feb 2026 4:34:40
699fce8c5409477f73726307,data_ml,p_count,aiot,0,26 Feb 2026 4:39:40
699fcfb85409477f7372630e,data_ml,p_count,aiot,0,26 Feb 2026 4:44:40
699fd0e45409477f73726315,data_ml,p_count,aiot,0,26 Feb 2026 4:49:40
699fd2105409477f7372631c,data_ml,p_count,aiot,0,26 Feb 2026 4:54:40
699fd33c5409477f73726323,data_ml,p_count,aiot,0,26 Feb 2026 4:59:40
699fd4685409477f7372632a,data_ml,p_count,aiot,0,26 Feb 2026 5:4:40
699fd5945409477f73726331,data_ml,p_count,aiot,0,26 Feb 2026 5:9:40
699fd6c05409477f73726338,data_ml,p_count,aiot,0,26 Feb 2026 5:14:40
699fd7ec5409477f7372633f,data_ml,p_count,aiot,0,26 Feb 2026 5:19:40
699fd9185409477f73726346,data_ml,p_count,aiot,0,26 Feb 2026 5:24:40
699fda445409477f7372634d,data_ml,p_count,aiot,0,26 Feb 2026 5:29:40
699fdb705409477f73726354,data_ml,p_count,aiot,0,26 Feb 2026 5:34:40
699fdc9c5409477f7372635b,data_ml,p_count,aiot,0,26 Feb 2026 5:39:40
699fddc85409477f73726362,data_ml,p_count,aiot,0,26 Feb 2026 5:44:40
699fdef45409477f73726369,data_ml,p_count,aiot,0,26 Feb 2026 5:49:40
699fe0205409477f73726370,data_ml,p_count,aiot,0,26 Feb 2026 5:54:40
699fe14c5409477f73726377,data_ml,p_count,aiot,0,26 Feb 2026 5:59:40
699fe2785409477f7372637e,data_ml,p_count,aiot,2,26 Feb 2026 6:4:40
699fe3a45409477f73726384,data_ml,p_count,aiot,0,26 Feb 2026 6:9:40
699fe4d05409477f7372638b,data_ml,p_count,aiot,0,26 Feb 2026 6:14:40
699fe5fc5409477f73726392,data_ml,p_count,aiot,0,26 Feb 2026 6:19:40
699fe7285409477f73726399,data_ml,p_count,aiot,0,26 Feb 2026 6:24:40
699fe8545409477f737263a0,data_ml,p_count,aiot,0,26 Feb 2026 6:29:40
699fe9805409477f737263a7,data_ml,p_count,aiot,0,26 Feb 2026 6:34:40
699febd95409477f737263b4,data_ml,p_count,aiot,1,26 Feb 2026 6:44:41
699fed055409477f737263bb,data_ml,p_count,aiot,0,26 Feb 2026 6:49:41
699fee315409477f737263c2,data_ml,p_count,aiot,0,26 Feb 2026 6:54:41
699fef5d5409477f737263c9,data_ml,p_count,aiot,0,26 Feb 2026 6:59:41
699ff0895409477f737263d0,data_ml,p_count,aiot,3,26 Feb 2026 7:4:41
699ff1b55409477f737263d7,data_ml,p_count,aiot,0,26 Feb 2026 7:9:41
699ff2e15409477f737263de,data_ml,p_count,aiot,0,26 Feb 2026 7:14:41
699ff40d5409477f737263e5,data_ml,p_count,aiot,1,26 Feb 2026 7:19:41
699ff5395409477f737263ec,data_ml,p_count,aiot,1,26 Feb 2026 7:24:41
699ff6655409477f737263f3,data_ml,p_count,aiot,0,26 Feb 2026 7:29:41
699ff7915409477f737263fa,data_ml,p_count,aiot,2,26 Feb 2026 7:34:41
699ff8bd5409477f73726401,data_ml,p_count,aiot,0,26 Feb 2026 7:39:41
699ff9e95409477f73726408,data_ml,p_count,aiot,1,26 Feb 2026 7:44:41
699ffb155409477f7372640f,data_ml,p_count,aiot,0,26 Feb 2026 7:49:41
699ffc415409477f73726416,data_ml,p_count,aiot,0,26 Feb 2026 7:54:41
699ffd6d5409477f7372641d,data_ml,p_count,aiot,1,26 Feb 2026 7:59:41
699ffe995409477f73726424,data_ml,p_count,aiot,2,26 Feb 2026 8:4:41
699fffc55409477f7372642b,data_ml,p_count,aiot,0,26 Feb 2026 8:9:41
69a000f65409477f73726433,data_ml,p_count,aiot,0,26 Feb 2026 8:14:46
69a002405409477f7372643a,data_ml,p_count,aiot,0,26 Feb 2026 8:20:16
69a003685409477f73726441,data_ml,p_count,aiot,0,26 Feb 2026 8:25:12
69a004945409477f73726448,data_ml,p_count,aiot,0,26 Feb 2026 8:30:12
69a005c05409477f7372644f,data_ml,p_count,aiot,2,26 Feb 2026 8:35:12
69a006ec5409477f73726456,data_ml,p_count,aiot,0,26 Feb 2026 8:40:12
69a008185409477f7372645d,data_ml,p_count,aiot,0,26 Feb 2026 8:45:12
69a009465409477f73726464,data_ml,p_count,aiot,0,26 Feb 2026 8:50:14
69a00a705409477f7372646b,data_ml,p_count,aiot,0,26 Feb 2026 8:55:12
69a00b9c5409477f73726472,data_ml,p_count,aiot,0,26 Feb 2026 9:0:12
69a00cc85409477f73726479,data_ml,p_count,aiot,0,26 Feb 2026 9:5:12
69a00f205409477f73726486,data_ml,p_count,aiot,7,26 Feb 2026 9:15:12
69a0104d5409477f7372648d,data_ml,p_count,aiot,1,26 Feb 2026 9:20:13
69a0118a5409477f73726494,data_ml,p_count,aiot,0,26 Feb 2026 9:25:30
69a012ab5409477f7372649b,data_ml,p_count,aiot,2,26 Feb 2026 9:30:19
69a013d75409477f737264a2,data_ml,p_count,aiot,1,26 Feb 2026 9:35:19
69a0150d5409477f737264a9,data_ml,p_count,aiot,0,26 Feb 2026 9:40:29
69a0162f5409477f737264b0,data_ml,p_count,aiot,0,26 Feb 2026 9:45:19
69a0175b5409477f737264b7,data_ml,p_count,aiot,0,26 Feb 2026 9:50:19
69a018875409477f737264be,data_ml,p_count,aiot,2,26 Feb 2026 9:55:19
69a019b35409477f737264c5,data_ml,p_count,aiot,0,26 Feb 2026 10:0:19
69a01adf5409477f737264cc,data_ml,p_count,aiot,1,26 Feb 2026 10:5:19
69a01c0b5409477f737264d3,data_ml,p_count,aiot,1,26 Feb 2026 10:10:19
69a01d375409477f737264da,data_ml,p_count,aiot,3,26 Feb 2026 10:15:19
69a01e635409477f737264e1,data_ml,p_count,aiot,0,26 Feb 2026 10:20:19
69a01f925409477f737264e8,data_ml,p_count,aiot,2,26 Feb 2026 10:25:22
69a020bb5409477f737264ef,data_ml,p_count,aiot,2,26 Feb 2026 10:30:19
69a021e75409477f737264f6,data_ml,p_count,aiot,0,26 Feb 2026 10:35:19
69a023135409477f737264fd,data_ml,p_count,aiot,0,26 Feb 2026 10:40:19
69a0243f5409477f73726504,data_ml,p_count,aiot,2,26 Feb 2026 10:45:19
69a0256b5409477f7372650b,data_ml,p_count,aiot,1,26 Feb 2026 10:50:19
69a0256b48669641513fdc7b,data_ml,p_count,aiot,1,26 Feb 2026 10:50:19
69a026975409477f73726512,data_ml,p_count,aiot,2,26 Feb 2026 10:55:19
69a027c45409477f73726519,data_ml,p_count,aiot,0,26 Feb 2026 11:0:20
69a028ef5409477f73726520,data_ml,p_count,aiot,0,26 Feb 2026 11:5:19
69a02a1c5409477f73726527,data_ml,p_count,aiot,0,26 Feb 2026 11:10:20
69a02b475409477f7372652e,data_ml,p_count,aiot,2,26 Feb 2026 11:15:19
69a02c745409477f73726535,data_ml,p_count,aiot,0,26 Feb 2026 11:20:20
69a02da05409477f7372653c,data_ml,p_count,aiot,0,26 Feb 2026 11:25:20
69a02ecd5409477f73726543,data_ml,p_count,aiot,1,26 Feb 2026 11:30:21
69a02ff85409477f7372654a,data_ml,p_count,aiot,4,26 Feb 2026 11:35:20
69a034a87b29b1f741c22d47,data_ml,p_count,aiot,0,26 Feb 2026 11:55:20
69a035d47b29b1f741c22d4e,data_ml,p_count,aiot,0,26 Feb 2026 12:0:20
69a037007b29b1f741c22d55,data_ml,p_count,aiot,2,26 Feb 2026 12:5:20
69a0382c7b29b1f741c22d5c,data_ml,p_count,aiot,1,26 Feb 2026 12:10:20
69a039587b29b1f741c22d63,data_ml,p_count,aiot,0,26 Feb 2026 12:15:20
69a03a847b29b1f741c22d6a,data_ml,p_count,aiot,1,26 Feb 2026 12:20:20
69a03bb07b29b1f741c22d71,data_ml,p_count,aiot,1,26 Feb 2026 12:25:20
69a03cdc7b29b1f741c22d78,data_ml,p_count,aiot,1,26 Feb 2026 12:30:20
69a03e0880fd4c4c4677dfda,data_ml,p_count,aiot,0,26 Feb 2026 12:35:20
69a03f3480fd4c4c4677dfe1,data_ml,p_count,aiot,1,26 Feb 2026 12:40:20
69a0406080fd4c4c4677dfe8,data_ml,p_count,aiot,0,26 Feb 2026 12:45:20
69a0418c80fd4c4c4677dfef,data_ml,p_count,aiot,0,26 Feb 2026 12:50:20
69a042b880fd4c4c4677dff6,data_ml,p_count,aiot,0,26 Feb 2026 12:55:20
69a043e480fd4c4c4677dffd,data_ml,p_count,aiot,3,26 Feb 2026 13:0:20
69a0476827c238cbb5fa93f7,data_ml,p_count,aiot,0,26 Feb 2026 13:15:20
69a0489427c238cbb5fa93fe,data_ml,p_count,aiot,0,26 Feb 2026 13:20:20
69a049c027c238cbb5fa9405,data_ml,p_count,aiot,0,26 Feb 2026 13:25:20
69a04aec27c238cbb5fa940c,data_ml,p_count,aiot,0,26 Feb 2026 13:30:20
69a04c1827c238cbb5fa9413,data_ml,p_count,aiot,0,26 Feb 2026 13:35:20
69a04d4427c238cbb5fa941a,data_ml,p_count,aiot,1,26 Feb 2026 13:40:20
69a04e7027c238cbb5fa9421,data_ml,p_count,aiot,1,26 Feb 2026 13:45:20
69a04f9c27c238cbb5fa9428,data_ml,p_count,aiot,0,26 Feb 2026 13:50:20
69a050c827c238cbb5fa942f,data_ml,p_count,aiot,1,26 Feb 2026 13:55:20
69a051f427c238cbb5fa9436,data_ml,p_count,aiot,3,26 Feb 2026 14:0:20
69a0532027c238cbb5fa943d,data_ml,p_count,aiot,1,26 Feb 2026 14:5:20
69a0557827c238cbb5fa944a,data_ml,p_count,aiot,7,26 Feb 2026 14:15:20
69a056a527c238cbb5fa9451,data_ml,p_count,aiot,0,26 Feb 2026 14:20:21
69a057d127c238cbb5fa9458,data_ml,p_count,aiot,1,26 Feb 2026 14:25:21
69a058fd27c238cbb5fa945f,data_ml,p_count,aiot,4,26 Feb 2026 14:30:21
69a05a2927c238cbb5fa9466,data_ml,p_count,aiot,0,26 Feb 2026 14:35:21
69a05b5527c238cbb5fa946d,data_ml,p_count,aiot,3,26 Feb 2026 14:40:21
69a05c8127c238cbb5fa9474,data_ml,p_count,aiot,1,26 Feb 2026 14:45:21
69a05dad27c238cbb5fa947b,data_ml,p_count,aiot,0,26 Feb 2026 14:50:21
69a05ed927c238cbb5fa9482,data_ml,p_count,aiot,0,26 Feb 2026 14:55:21
69a0600527c238cbb5fa9489,data_ml,p_count,aiot,2,26 Feb 2026 15:0:21
69a0613127c238cbb5fa9490,data_ml,p_count,aiot,1,26 Feb 2026 15:5:21
69a0625d27c238cbb5fa9497,data_ml,p_count,aiot,0,26 Feb 2026 15:10:21
69a0638827c238cbb5fa949e,data_ml,p_count,aiot,0,26 Feb 2026 15:15:20
69a064b527c238cbb5fa94a5,data_ml,p_count,aiot,0,26 Feb 2026 15:20:21
69a065e127c238cbb5fa94ac,data_ml,p_count,aiot,0,26 Feb 2026 15:25:21
69a0670d27c238cbb5fa94b3,data_ml,p_count,aiot,2,26 Feb 2026 15:30:21
69a0683927c238cbb5fa94ba,data_ml,p_count,aiot,0,26 Feb 2026 15:35:21
69a0696527c238cbb5fa94c1,data_ml,p_count,aiot,0,26 Feb 2026 15:40:21
69a06a9127c238cbb5fa94c8,data_ml,p_count,aiot,0,26 Feb 2026 15:45:21
69a06bbd27c238cbb5fa94cf,data_ml,p_count,aiot,0,26 Feb 2026 15:50:21
69a06ce927c238cbb5fa94d6,data_ml,p_count,aiot,0,26 Feb 2026 15:55:21
69a06e1527c238cbb5fa94dd,data_ml,p_count,aiot,0,26 Feb 2026 16:0:21
69a06f4127c238cbb5fa94e4,data_ml,p_count,aiot,1,26 Feb 2026 16:5:21
69a0706d27c238cbb5fa94eb,data_ml,p_count,aiot,0,26 Feb 2026 16:10:21
69a0719927c238cbb5fa94f2,data_ml,p_count,aiot,0,26 Feb 2026 16:15:21
69a072c527c238cbb5fa94f9,data_ml,p_count,aiot,0,26 Feb 2026 16:20:21
69a073f127c238cbb5fa9500,data_ml,p_count,aiot,2,26 Feb 2026 16:25:21
69a0751d27c238cbb5fa9507,data_ml,p_count,aiot,0,26 Feb 2026 16:30:21
69a0764927c238cbb5fa950e,data_ml,p_count,aiot,0,26 Feb 2026 16:35:21
69a078a127c238cbb5fa951b,data_ml,p_count,aiot,0,26 Feb 2026 16:45:21
69a079cd27c238cbb5fa9522,data_ml,p_count,aiot,0,26 Feb 2026 16:50:21
69a07af927c238cbb5fa9529,data_ml,p_count,aiot,0,26 Feb 2026 16:55:21
69a07c2527c238cbb5fa9530,data_ml,p_count,aiot,0,26 Feb 2026 17:0:21
69a07d5127c238cbb5fa9537,data_ml,p_count,aiot,0,26 Feb 2026 17:5:21
69a07e7d27c238cbb5fa953e,data_ml,p_count,aiot,0,26 Feb 2026 17:10:21
69a07fa927c238cbb5fa9545,data_ml,p_count,aiot,0,26 Feb 2026 17:15:21
69a080d527c238cbb5fa954c,data_ml,p_count,aiot,2,26 Feb 2026 17:20:21
69a0820127c238cbb5fa9553,data_ml,p_count,aiot,0,26 Feb 2026 17:25:21
69a0832d27c238cbb5fa955a,data_ml,p_count,aiot,0,26 Feb 2026 17:30:21
69a0845927c238cbb5fa9561,data_ml,p_count,aiot,0,26 Feb 2026 17:35:21
69a0858527c238cbb5fa9568,data_ml,p_count,aiot,0,26 Feb 2026 17:40:21
69a086b127c238cbb5fa956f,data_ml,p_count,aiot,0,26 Feb 2026 17:45:21
69a087de27c238cbb5fa9576,data_ml,p_count,aiot,0,26 Feb 2026 17:50:22
69a0890927c238cbb5fa957d,data_ml,p_count,aiot,2,26 Feb 2026 17:55:21
69a08a3527c238cbb5fa9584,data_ml,p_count,aiot,0,26 Feb 2026 18:0:21
69a08b6127c238cbb5fa958b,data_ml,p_count,aiot,2,26 Feb 2026 18:5:21
69a08c8d27c238cbb5fa9592,data_ml,p_count,aiot,0,26 Feb 2026 18:10:21
69a08db927c238cbb5fa9599,data_ml,p_count,aiot,0,26 Feb 2026 18:15:21
69a08ee527c238cbb5fa95a0,data_ml,p_count,aiot,1,26 Feb 2026 18:20:21
69a0901127c238cbb5fa95a7,data_ml,p_count,aiot,0,26 Feb 2026 18:25:21
69a0913d27c238cbb5fa95ae,data_ml,p_count,aiot,0,26 Feb 2026 18:30:21
69a0926a27c238cbb5fa95b5,data_ml,p_count,aiot,0,26 Feb 2026 18:35:22
69a0939627c238cbb5fa95bc,data_ml,p_count,aiot,0,26 Feb 2026 18:40:22
69a094c227c238cbb5fa95c3,data_ml,p_count,aiot,0,26 Feb 2026 18:45:22
69a095ee27c238cbb5fa95ca,data_ml,p_count,aiot,0,26 Feb 2026 18:50:22
69a0971927c238cbb5fa95d1,data_ml,p_count,aiot,0,26 Feb 2026 18:55:21
69a0984627c238cbb5fa95d8,data_ml,p_count,aiot,0,26 Feb 2026 19:0:22
69a0997227c238cbb5fa95df,data_ml,p_count,aiot,0,26 Feb 2026 19:5:22
69a09bca27c238cbb5fa95ec,data_ml,p_count,aiot,0,26 Feb 2026 19:15:22
69a09cf627c238cbb5fa95f3,data_ml,p_count,aiot,0,26 Feb 2026 19:20:22
69a09e2227c238cbb5fa95fa,data_ml,p_count,aiot,0,26 Feb 2026 19:25:22
69a09f4e27c238cbb5fa9601,data_ml,p_count,aiot,0,26 Feb 2026 19:30:22
69a0a07a27c238cbb5fa9608,data_ml,p_count,aiot,0,26 Feb 2026 19:35:22
69a0a1a627c238cbb5fa960f,data_ml,p_count,aiot,0,26 Feb 2026 19:40:22
69a0a2d227c238cbb5fa9616,data_ml,p_count,aiot,0,26 Feb 2026 19:45:22
69a0a3fe27c238cbb5fa961d,data_ml,p_count,aiot,0,26 Feb 2026 19:50:22
69a0a52a27c238cbb5fa9624,data_ml,p_count,aiot,0,26 Feb 2026 19:55:22
69a0a65627c238cbb5fa962b,data_ml,p_count,aiot,0,26 Feb 2026 20:0:22
69a0a78227c238cbb5fa9632,data_ml,p_count,aiot,0,26 Feb 2026 20:5:22
69a0a8ae27c238cbb5fa9639,data_ml,p_count,aiot,0,26 Feb 2026 20:10:22
69a0a9da27c238cbb5fa9640,data_ml,p_count,aiot,0,26 Feb 2026 20:15:22
69a0ab0627c238cbb5fa9647,data_ml,p_count,aiot,0,26 Feb 2026 20:20:22
69a0ac3227c238cbb5fa964e,data_ml,p_count,aiot,0,26 Feb 2026 20:25:22
69a0ad5e27c238cbb5fa9655,data_ml,p_count,aiot,0,26 Feb 2026 20:30:22
69a0ae8a27c238cbb5fa965c,data_ml,p_count,aiot,0,26 Feb 2026 20:35:22
69a0afb627c238cbb5fa9663,data_ml,p_count,aiot,0,26 Feb 2026 20:40:22
69a0b0e227c238cbb5fa966a,data_ml,p_count,aiot,0,26 Feb 2026 20:45:22
69a0b20e27c238cbb5fa9671,data_ml,p_count,aiot,0,26 Feb 2026 20:50:22
69a0b33a27c238cbb5fa9678,data_ml,p_count,aiot,0,26 Feb 2026 20:55:22
69a0b46627c238cbb5fa967f,data_ml,p_count,aiot,0,26 Feb 2026 21:0:22
69a0b59227c238cbb5fa9686,data_ml,p_count,aiot,0,26 Feb 2026 21:5:22
69a0b6be27c238cbb5fa968d,data_ml,p_count,aiot,0,26 Feb 2026 21:10:22
69a0b7ea27c238cbb5fa9694,data_ml,p_count,aiot,0,26 Feb 2026 21:15:22
69a0b91627c238cbb5fa969b,data_ml,p_count,aiot,0,26 Feb 2026 21:20:22
69a0ba4227c238cbb5fa96a2,data_ml,p_count,aiot,0,26 Feb 2026 21:25:22
69a0bb6e27c238cbb5fa96a9,data_ml,p_count,aiot,0,26 Feb 2026 21:30:22
69a0bc9a27c238cbb5fa96b0,data_ml,p_count,aiot,0,26 Feb 2026 21:35:22
69a0bef327c238cbb5fa96bd,data_ml,p_count,aiot,0,26 Feb 2026 21:45:23
69a0c01f27c238cbb5fa96c4,data_ml,p_count,aiot,0,26 Feb 2026 21:50:23
69a0c14b27c238cbb5fa96cb,data_ml,p_count,aiot,0,26 Feb 2026 21:55:23
69a0c27727c238cbb5fa96d2,data_ml,p_count,aiot,0,26 Feb 2026 22:0:23
69a0c3a327c238cbb5fa96d9,data_ml,p_count,aiot,0,26 Feb 2026 22:5:23
69a0c4cf27c238cbb5fa96e0,data_ml,p_count,aiot,0,26 Feb 2026 22:10:23
69a0c5fb27c238cbb5fa96e7,data_ml,p_count,aiot,0,26 Feb 2026 22:15:23
69a0c72727c238cbb5fa96ee,data_ml,p_count,aiot,0,26 Feb 2026 22:20:23
69a0c85327c238cbb5fa96f5,data_ml,p_count,aiot,0,26 Feb 2026 22:25:23
69a0c97f27c238cbb5fa96fc,data_ml,p_count,aiot,0,26 Feb 2026 22:30:23
69a0caab27c238cbb5fa9703,data_ml,p_count,aiot,0,26 Feb 2026 22:35:23
69a0cbd727c238cbb5fa970a,data_ml,p_count,aiot,0,26 Feb 2026 22:40:23
69a0cd0327c238cbb5fa9711,data_ml,p_count,aiot,0,26 Feb 2026 22:45:23
69a0ce2f27c238cbb5fa9718,data_ml,p_count,aiot,0,26 Feb 2026 22:50:23
69a0cf5b27c238cbb5fa971f,data_ml,p_count,aiot,0,26 Feb 2026 22:55:23
69a0d08727c238cbb5fa9726,data_ml,p_count,aiot,0,26 Feb 2026 23:0:23
69a0d1b327c238cbb5fa972d,data_ml,p_count,aiot,0,26 Feb 2026 23:5:23
69a0d2df27c238cbb5fa9734,data_ml,p_count,aiot,0,26 Feb 2026 23:10:23
69a0d40b27c238cbb5fa973b,data_ml,p_count,aiot,0,26 Feb 2026 23:15:23
69a0d53727c238cbb5fa9742,data_ml,p_count,aiot,0,26 Feb 2026 23:20:23
69a0d66327c238cbb5fa9749,data_ml,p_count,aiot,0,26 Feb 2026 23:25:23
69a0d78f27c238cbb5fa9750,data_ml,p_count,aiot,0,26 Feb 2026 23:30:23
69a0d8bb27c238cbb5fa9757,data_ml,p_count,aiot,0,26 Feb 2026 23:35:23
69a0d9e727c238cbb5fa975e,data_ml,p_count,aiot,0,26 Feb 2026 23:40:23
69a0db1327c238cbb5fa9765,data_ml,p_count,aiot,0,26 Feb 2026 23:45:23
69a0dc3f27c238cbb5fa976c,data_ml,p_count,aiot,0,26 Feb 2026 23:50:23
69a0dd6b27c238cbb5fa9773,data_ml,p_count,aiot,0,26 Feb 2026 23:55:23
69a0de9727c238cbb5fa977a,data_ml,p_count,aiot,0,27 Feb 2026 0:0:23
69a0dfc327c238cbb5fa9781,data_ml,p_count,aiot,0,27 Feb 2026 0:5:23
69a0e21b27c238cbb5fa978e,data_ml,p_count,aiot,0,27 Feb 2026 0:15:23
69a0e34727c238cbb5fa9795,data_ml,p_count,aiot,0,27 Feb 2026 0:20:23
69a0e47327c238cbb5fa979c,data_ml,p_count,aiot,0,27 Feb 2026 0:25:23
69a0e59f27c238cbb5fa97a3,data_ml,p_count,aiot,0,27 Feb 2026 0:30:23
69a0e6cb27c238cbb5fa97aa,data_ml,p_count,aiot,0,27 Feb 2026 0:35:23
69a0e7f727c238cbb5fa97b1,data_ml,p_count,aiot,0,27 Feb 2026 0:40:23
69a0e92327c238cbb5fa97b8,data_ml,p_count,aiot,0,27 Feb 2026 0:45:23
69a0ea4f27c238cbb5fa97bf,data_ml,p_count,aiot,0,27 Feb 2026 0:50:23
69a0eb7b27c238cbb5fa97c6,data_ml,p_count,aiot,0,27 Feb 2026 0:55:23
69a0eca727c238cbb5fa97cd,data_ml,p_count,aiot,0,27 Feb 2026 1:0:23
69a0edd327c238cbb5fa97d4,data_ml,p_count,aiot,0,27 Feb 2026 1:5:23
69a0eeff27c238cbb5fa97db,data_ml,p_count,aiot,0,27 Feb 2026 1:10:23
69a0f02b27c238cbb5fa97e2,data_ml,p_count,aiot,0,27 Feb 2026 1:15:23
69a0f15727c238cbb5fa97e9,data_ml,p_count,aiot,0,27 Feb 2026 1:20:23
69a0f28327c238cbb5fa97f0,data_ml,p_count,aiot,0,27 Feb 2026 1:25:23
69a0f3af27c238cbb5fa97f7,data_ml,p_count,aiot,0,27 Feb 2026 1:30:23
69a0f4db27c238cbb5fa97fe,data_ml,p_count,aiot,0,27 Feb 2026 1:35:23
69a0f60727c238cbb5fa9805,data_ml,p_count,aiot,0,27 Feb 2026 1:40:23
69a0f73327c238cbb5fa980c,data_ml,p_count,aiot,0,27 Feb 2026 1:45:23
69a0f85f27c238cbb5fa9813,data_ml,p_count,aiot,0,27 Feb 2026 1:50:23
69a0f98b27c238cbb5fa981a,data_ml,p_count,aiot,0,27 Feb 2026 1:55:23
69a0fab727c238cbb5fa9821,data_ml,p_count,aiot,0,27 Feb 2026 2:0:23
69a0fbe327c238cbb5fa9828,data_ml,p_count,aiot,0,27 Feb 2026 2:5:23
69a0fd1027c238cbb5fa982f,data_ml,p_count,aiot,0,27 Feb 2026 2:10:24
69a0fe3b27c238cbb5fa9836,data_ml,p_count,aiot,0,27 Feb 2026 2:15:23
69a0ff6827c238cbb5fa983d,data_ml,p_count,aiot,0,27 Feb 2026 2:20:24
69a1009427c238cbb5fa9844,data_ml,p_count,aiot,0,27 Feb 2026 2:25:24
69a101c027c238cbb5fa984b,data_ml,p_count,aiot,0,27 Feb 2026 2:30:24
69a102eb27c238cbb5fa9852,data_ml,p_count,aiot,0,27 Feb 2026 2:35:23
69a1054427c238cbb5fa985f,data_ml,p_count,aiot,0,27 Feb 2026 2:45:24
69a1067027c238cbb5fa9866,data_ml,p_count,aiot,0,27 Feb 2026 2:50:24
69a1079c27c238cbb5fa986d,data_ml,p_count,aiot,0,27 Feb 2026 2:55:24
69a108c827c238cbb5fa9874,data_ml,p_count,aiot,0,27 Feb 2026 3:0:24
69a109f427c238cbb5fa987b,data_ml,p_count,aiot,0,27 Feb 2026 3:5:24
69a10b2027c238cbb5fa9882,data_ml,p_count,aiot,0,27 Feb 2026 3:10:24
69a10c4c27c238cbb5fa9889,data_ml,p_count,aiot,0,27 Feb 2026 3:15:24
69a10d7827c238cbb5fa9890,data_ml,p_count,aiot,0,27 Feb 2026 3:20:24
69a10ea427c238cbb5fa9897,data_ml,p_count,aiot,0,27 Feb 2026 3:25:24
69a10fd027c238cbb5fa989e,data_ml,p_count,aiot,0,27 Feb 2026 3:30:24
69a110fc27c238cbb5fa98a5,data_ml,p_count,aiot,0,27 Feb 2026 3:35:24
69a1122827c238cbb5fa98ac,data_ml,p_count,aiot,0,27 Feb 2026 3:40:24
69a1135427c238cbb5fa98b3,data_ml,p_count,aiot,0,27 Feb 2026 3:45:24
69a1148027c238cbb5fa98ba,data_ml,p_count,aiot,0,27 Feb 2026 3:50:24
69a115ac27c238cbb5fa98c1,data_ml,p_count,aiot,0,27 Feb 2026 3:55:24
69a116d827c238cbb5fa98c8,data_ml,p_count,aiot,0,27 Feb 2026 4:0:24
69a1180427c238cbb5fa98cf,data_ml,p_count,aiot,0,27 Feb 2026 4:5:24
69a1193027c238cbb5fa98d6,data_ml,p_count,aiot,0,27 Feb 2026 4:10:24
69a11a5c27c238cbb5fa98dd,data_ml,p_count,aiot,0,27 Feb 2026 4:15:24
69a11b8827c238cbb5fa98e4,data_ml,p_count,aiot,0,27 Feb 2026 4:20:24
69a11cb427c238cbb5fa98eb,data_ml,p_count,aiot,0,27 Feb 2026 4:25:24
69a11de027c238cbb5fa98f2,data_ml,p_count,aiot,0,27 Feb 2026 4:30:24
69a11f0c27c238cbb5fa98f9,data_ml,p_count,aiot,0,27 Feb 2026 4:35:24
69a1203827c238cbb5fa9900,data_ml,p_count,aiot,0,27 Feb 2026 4:40:24
69a1216427c238cbb5fa9907,data_ml,p_count,aiot,0,27 Feb 2026 4:45:24
69a1229027c238cbb5fa990e,data_ml,p_count,aiot,0,27 Feb 2026 4:50:24
69a123bc27c238cbb5fa9915,data_ml,p_count,aiot,0,27 Feb 2026 4:55:24
69a124e827c238cbb5fa991c,data_ml,p_count,aiot,0,27 Feb 2026 5:0:24
69a1261427c238cbb5fa9923,data_ml,p_count,aiot,0,27 Feb 2026 5:5:24
69a1286c27c238cbb5fa9930,data_ml,p_count,aiot,0,27 Feb 2026 5:15:24
69a1299827c238cbb5fa9937,data_ml,p_count,aiot,0,27 Feb 2026 5:20:24
69a12ac527c238cbb5fa993e,data_ml,p_count,aiot,0,27 Feb 2026 5:25:25
69a12bf027c238cbb5fa9945,data_ml,p_count,aiot,0,27 Feb 2026 5:30:24
69a12d1d27c238cbb5fa994c,data_ml,p_count,aiot,0,27 Feb 2026 5:35:25
69a12e4927c238cbb5fa9953,data_ml,p_count,aiot,0,27 Feb 2026 5:40:25
69a12f7527c238cbb5fa995a,data_ml,p_count,aiot,0,27 Feb 2026 5:45:25
69a130a127c238cbb5fa9961,data_ml,p_count,aiot,0,27 Feb 2026 5:50:25
69a131cd27c238cbb5fa9968,data_ml,p_count,aiot,0,27 Feb 2026 5:55:25
69a132f927c238cbb5fa996f,data_ml,p_count,aiot,0,27 Feb 2026 6:0:25
69a1342527c238cbb5fa9976,data_ml,p_count,aiot,3,27 Feb 2026 6:5:25
69a1355127c238cbb5fa997d,data_ml,p_count,aiot,0,27 Feb 2026 6:10:25
69a1367d27c238cbb5fa9984,data_ml,p_count,aiot,0,27 Feb 2026 6:15:25
69a137a927c238cbb5fa998b,data_ml,p_count,aiot,1,27 Feb 2026 6:20:25
69a138d527c238cbb5fa9992,data_ml,p_count,aiot,0,27 Feb 2026 6:25:25
69a13a0127c238cbb5fa9999,data_ml,p_count,aiot,0,27 Feb 2026 6:30:25
69a13b2d27c238cbb5fa99a0,data_ml,p_count,aiot,1,27 Feb 2026 6:35:25
69a13c5927c238cbb5fa99a7,data_ml,p_count,aiot,0,27 Feb 2026 6:40:25
69a13d8527c238cbb5fa99ae,data_ml,p_count,aiot,0,27 Feb 2026 6:45:25
69a13eb127c238cbb5fa99b5,data_ml,p_count,aiot,0,27 Feb 2026 6:50:25
69a13fdd27c238cbb5fa99bc,data_ml,p_count,aiot,0,27 Feb 2026 6:55:25
69a1410927c238cbb5fa99c3,data_ml,p_count,aiot,0,27 Feb 2026 7:0:25
69a1423527c238cbb5fa99ca,data_ml,p_count,aiot,0,27 Feb 2026 7:5:25
69a1436127c238cbb5fa99d1,data_ml,p_count,aiot,0,27 Feb 2026 7:10:25
69a1448d27c238cbb5fa99d8,data_ml,p_count,aiot,7,27 Feb 2026 7:15:25
69a145b927c238cbb5fa99df,data_ml,p_count,aiot,2,27 Feb 2026 7:20:25
69a146e527c238cbb5fa99e6,data_ml,p_count,aiot,3,27 Feb 2026 7:25:25
69a1481127c238cbb5fa99ed,data_ml,p_count,aiot,4,27 Feb 2026 7:30:25
69a1493d27c238cbb5fa99f4,data_ml,p_count,aiot,2,27 Feb 2026 7:35:25
69a14b9527c238cbb5fa9a01,data_ml,p_count,aiot,0,27 Feb 2026 7:45:25
69a14cc127c238cbb5fa9a08,data_ml,p_count,aiot,0,27 Feb 2026 7:50:25
69a14ded244e5b6be4842099,data_ml,p_count,aiot,0,27 Feb 2026 7:55:25
69a14f19244e5b6be48420a0,data_ml,p_count,aiot,1,27 Feb 2026 8:0:25
69a15045244e5b6be48420a7,data_ml,p_count,aiot,0,27 Feb 2026 8:5:25
69a15171244e5b6be48420ae,data_ml,p_count,aiot,1,27 Feb 2026 8:10:25
69a1529d244e5b6be48420b5,data_ml,p_count,aiot,0,27 Feb 2026 8:15:25
69a153c9244e5b6be48420bc,data_ml,p_count,aiot,1,27 Feb 2026 8:20:25
69a154f5244e5b6be48420c3,data_ml,p_count,aiot,0,27 Feb 2026 8:25:25
69a15621244e5b6be48420ca,data_ml,p_count,aiot,0,27 Feb 2026 8:30:25
69a1574d244e5b6be48420d1,data_ml,p_count,aiot,1,27 Feb 2026 8:35:25
69a15879244e5b6be48420d8,data_ml,p_count,aiot,4,27 Feb 2026 8:40:25
69a159a5244e5b6be48420df,data_ml,p_count,aiot,0,27 Feb 2026 8:45:25
69a15ad1244e5b6be48420e6,data_ml,p_count,aiot,0,27 Feb 2026 8:50:25
69a15bfd244e5b6be48420ed,data_ml,p_count,aiot,0,27 Feb 2026 8:55:25
69a15d29244e5b6be48420f4,data_ml,p_count,aiot,0,27 Feb 2026 9:0:25
69a15e55244e5b6be48420fb,data_ml,p_count,aiot,2,27 Feb 2026 9:5:25
69a15f81244e5b6be4842102,data_ml,p_count,aiot,7,27 Feb 2026 9:10:25
69a160ad244e5b6be4842109,data_ml,p_count,aiot,2,27 Feb 2026 9:15:25
69a161d9244e5b6be4842110,data_ml,p_count,aiot,2,27 Feb 2026 9:20:25
69a16305244e5b6be4842117,data_ml,p_count,aiot,0,27 Feb 2026 9:25:25
69a16431244e5b6be484211e,data_ml,p_count,aiot,0,27 Feb 2026 9:30:25
69a1655e244e5b6be4842125,data_ml,p_count,aiot,0,27 Feb 2026 9:35:26
69a16689244e5b6be484212c,data_ml,p_count,aiot,1,27 Feb 2026 9:40:25
69a167b5244e5b6be4842133,data_ml,p_count,aiot,2,27 Feb 2026 9:45:25
69a168e1244e5b6be484213a,data_ml,p_count,aiot,2,27 Feb 2026 9:50:25
69a16a0e244e5b6be4842141,data_ml,p_count,aiot,2,27 Feb 2026 9:55:26
69a16b3a244e5b6be4842148,data_ml,p_count,aiot,1,27 Feb 2026 10:0:26
69a16c66244e5b6be484214f,data_ml,p_count,aiot,1,27 Feb 2026 10:5:26
69a16ee9244e5b6be484215c,data_ml,p_count,aiot,0,27 Feb 2026 10:16:9
69a17015244e5b6be4842163,data_ml,p_count,aiot,0,27 Feb 2026 10:21:9
69a17141244e5b6be484216a,data_ml,p_count,aiot,0,27 Feb 2026 10:26:9
69a1726d244e5b6be4842171,data_ml,p_count,aiot,0,27 Feb 2026 10:31:9
69a17399244e5b6be4842178,data_ml,p_count,aiot,1,27 Feb 2026 10:36:9
69a174c5244e5b6be484217f,data_ml,p_count,aiot,2,27 Feb 2026 10:41:9
69a175f1244e5b6be4842186,data_ml,p_count,aiot,1,27 Feb 2026 10:46:9
69a1771d244e5b6be484218f,data_ml,p_count,aiot,1,27 Feb 2026 10:51:9
69a17849244e5b6be4842196,data_ml,p_count,aiot,0,27 Feb 2026 10:56:9
69a17975244e5b6be484219d,data_ml,p_count,aiot,2,27 Feb 2026 11:1:9
69a17aa10d8c45f4e4f76a2a,data_ml,p_count,aiot,2,27 Feb 2026 11:6:9
69a17bcd0d8c45f4e4f76a31,data_ml,p_count,aiot,2,27 Feb 2026 11:11:9
69a17cf90d8c45f4e4f76a38,data_ml,p_count,aiot,1,27 Feb 2026 11:16:9
69a17e250d8c45f4e4f76a3f,data_ml,p_count,aiot,0,27 Feb 2026 11:21:9
69a17f510d8c45f4e4f76a46,data_ml,p_count,aiot,0,27 Feb 2026 11:26:9
69a1807d0d8c45f4e4f76a4d,data_ml,p_count,aiot,1,27 Feb 2026 11:31:9
69a181a90d8c45f4e4f76a54,data_ml,p_count,aiot,2,27 Feb 2026 11:36:9
69a182d50d8c45f4e4f76a5b,data_ml,p_count,aiot,2,27 Feb 2026 11:41:9
69a184010d8c45f4e4f76a62,data_ml,p_count,aiot,3,27 Feb 2026 11:46:9
69a1852d0d8c45f4e4f76a69,data_ml,p_count,aiot,1,27 Feb 2026 11:51:9
69a186590d8c45f4e4f76a70,data_ml,p_count,aiot,0,27 Feb 2026 11:56:9
69a187850d8c45f4e4f76a77,data_ml,p_count,aiot,0,27 Feb 2026 12:1:9
69a188b10d8c45f4e4f76a7e,data_ml,p_count,aiot,4,27 Feb 2026 12:6:9
69a189dd0d8c45f4e4f76a85,data_ml,p_count,aiot,0,27 Feb 2026 12:11:9
69a18b090d8c45f4e4f76a8c,data_ml,p_count,aiot,0,27 Feb 2026 12:16:9
69a18c350d8c45f4e4f76a93,data_ml,p_count,aiot,1,27 Feb 2026 12:21:9
69a18d610d8c45f4e4f76a9a,data_ml,p_count,aiot,0,27 Feb 2026 12:26:9
69a18e8d0d8c45f4e4f76aa1,data_ml,p_count,aiot,0,27 Feb 2026 12:31:9
69a18fb90d8c45f4e4f76aa9,data_ml,p_count,aiot,0,27 Feb 2026 12:36:9
69a192120d8c45f4e4f76ab7,data_ml,p_count,aiot,0,27 Feb 2026 12:46:10
69a1933e0d8c45f4e4f76ac0,data_ml,p_count,aiot,1,27 Feb 2026 12:51:10
69a194690d8c45f4e4f76ac8,data_ml,p_count,aiot,0,27 Feb 2026 12:56:9
69a195960d8c45f4e4f76acf,data_ml,p_count,aiot,1,27 Feb 2026 13:1:10
69a196c40d8c45f4e4f76ad6,data_ml,p_count,aiot,2,27 Feb 2026 13:6:12
69a197ee0d8c45f4e4f76add,data_ml,p_count,aiot,0,27 Feb 2026 13:11:10
69a1991a0d8c45f4e4f76ae4,data_ml,p_count,aiot,0,27 Feb 2026 13:16:10
69a19a460d8c45f4e4f76aeb,data_ml,p_count,aiot,1,27 Feb 2026 13:21:10
69a19b720d8c45f4e4f76af2,data_ml,p_count,aiot,0,27 Feb 2026 13:26:10
69a19c9e0d8c45f4e4f76af9,data_ml,p_count,aiot,3,27 Feb 2026 13:31:10
69a19dca0d8c45f4e4f76b00,data_ml,p_count,aiot,1,27 Feb 2026 13:36:10
69a19ef60d8c45f4e4f76b07,data_ml,p_count,aiot,0,27 Feb 2026 13:41:10
69a1a0220d8c45f4e4f76b0e,data_ml,p_count,aiot,3,27 Feb 2026 13:46:10
69a1a14e0d8c45f4e4f76b15,data_ml,p_count,aiot,0,27 Feb 2026 13:51:10
69a1a27a0d8c45f4e4f76b1c,data_ml,p_count,aiot,0,27 Feb 2026 13:56:10
69a1a3a60d8c45f4e4f76b23,data_ml,p_count,aiot,0,27 Feb 2026 14:1:10
69a1a4d20d8c45f4e4f76b2a,data_ml,p_count,aiot,2,27 Feb 2026 14:6:10
69a1a5fe0d8c45f4e4f76b31,data_ml,p_count,aiot,3,27 Feb 2026 14:11:10
69a1a72a0d8c45f4e4f76b38,data_ml,p_count,aiot,0,27 Feb 2026 14:16:10
69a1a8560d8c45f4e4f76b3f,data_ml,p_count,aiot,11,27 Feb 2026 14:21:10
69a1a9820d8c45f4e4f76b46,data_ml,p_count,aiot,3,27 Feb 2026 14:26:10
69a1aaae0d8c45f4e4f76b4d,data_ml,p_count,aiot,0,27 Feb 2026 14:31:10
69a1abda0d8c45f4e4f76b54,data_ml,p_count,aiot,0,27 Feb 2026 14:36:10
69a1ad060d8c45f4e4f76b5b,data_ml,p_count,aiot,0,27 Feb 2026 14:41:10
69a1ae320d8c45f4e4f76b62,data_ml,p_count,aiot,0,27 Feb 2026 14:46:10
69a1af5e0d8c45f4e4f76b69,data_ml,p_count,aiot,0,27 Feb 2026 14:51:10
69a1b08a0d8c45f4e4f76b70,data_ml,p_count,aiot,0,27 Feb 2026 14:56:10
69a1b1b60d8c45f4e4f76b77,data_ml,p_count,aiot,0,27 Feb 2026 15:1:10
69a1b2e20d8c45f4e4f76b7e,data_ml,p_count,aiot,0,27 Feb 2026 15:6:10
69a1b53a0d8c45f4e4f76b8b,data_ml,p_count,aiot,0,27 Feb 2026 15:16:10
69a1b6660d8c45f4e4f76b92,data_ml,p_count,aiot,0,27 Feb 2026 15:21:10
69a1b7920d8c45f4e4f76b99,data_ml,p_count,aiot,0,27 Feb 2026 15:26:10
69a1b8be0d8c45f4e4f76ba0,data_ml,p_count,aiot,0,27 Feb 2026 15:31:10
69a1b9ea0d8c45f4e4f76ba7,data_ml,p_count,aiot,0,27 Feb 2026 15:36:10
69a1bb160d8c45f4e4f76bae,data_ml,p_count,aiot,0,27 Feb 2026 15:41:10
69a1bc420d8c45f4e4f76bb5,data_ml,p_count,aiot,0,27 Feb 2026 15:46:10
69a1bd6e0d8c45f4e4f76bbc,data_ml,p_count,aiot,0,27 Feb 2026 15:51:10
69a1be9a0d8c45f4e4f76bc3,data_ml,p_count,aiot,0,27 Feb 2026 15:56:10
69a1bfc60d8c45f4e4f76bca,data_ml,p_count,aiot,0,27 Feb 2026 16:1:10
69a1c0f20d8c45f4e4f76bd1,data_ml,p_count,aiot,0,27 Feb 2026 16:6:10
69a1c21e0d8c45f4e4f76bd8,data_ml,p_count,aiot,0,27 Feb 2026 16:11:10
69a1c34b0d8c45f4e4f76bdf,data_ml,p_count,aiot,0,27 Feb 2026 16:16:11
69a1c4760d8c45f4e4f76be6,data_ml,p_count,aiot,0,27 Feb 2026 16:21:10
69a1c5a20d8c45f4e4f76bed,data_ml,p_count,aiot,0,27 Feb 2026 16:26:10
69a1c6cf0d8c45f4e4f76bf4,data_ml,p_count,aiot,0,27 Feb 2026 16:31:11
69a1c7fa0d8c45f4e4f76bfb,data_ml,p_count,aiot,0,27 Feb 2026 16:36:10
69a1c9260d8c45f4e4f76c02,data_ml,p_count,aiot,0,27 Feb 2026 16:41:10
69a1ca530d8c45f4e4f76c09,data_ml,p_count,aiot,0,27 Feb 2026 16:46:11
69a1cb7f0d8c45f4e4f76c10,data_ml,p_count,aiot,0,27 Feb 2026 16:51:11
69a1ccab0d8c45f4e4f76c17,data_ml,p_count,aiot,0,27 Feb 2026 16:56:11
69a1cdd70d8c45f4e4f76c1e,data_ml,p_count,aiot,0,27 Feb 2026 17:1:11
69a1cf030d8c45f4e4f76c25,data_ml,p_count,aiot,0,27 Feb 2026 17:6:11
69a1d02f0d8c45f4e4f76c2c,data_ml,p_count,aiot,0,27 Feb 2026 17:11:11
69a1d15b0d8c45f4e4f76c33,data_ml,p_count,aiot,0,27 Feb 2026 17:16:11
69a1d2870d8c45f4e4f76c3a,data_ml,p_count,aiot,0,27 Feb 2026 17:21:11
69a1d3b30d8c45f4e4f76c41,data_ml,p_count,aiot,0,27 Feb 2026 17:26:11
69a1d4df0d8c45f4e4f76c48,data_ml,p_count,aiot,0,27 Feb 2026 17:31:11
69a1d60b0d8c45f4e4f76c4f,data_ml,p_count,aiot,0,27 Feb 2026 17:36:11
69a1d8630d8c45f4e4f76c5c,data_ml,p_count,aiot,0,27 Feb 2026 17:46:11
69a1d98f0d8c45f4e4f76c63,data_ml,p_count,aiot,0,27 Feb 2026 17:51:11
69a1dabb0d8c45f4e4f76c6a,data_ml,p_count,aiot,0,27 Feb 2026 17:56:11
69a1dbe70d8c45f4e4f76c71,data_ml,p_count,aiot,0,27 Feb 2026 18:1:11
69a1dd130d8c45f4e4f76c78,data_ml,p_count,aiot,0,27 Feb 2026 18:6:11
69a1de3f0d8c45f4e4f76c7f,data_ml,p_count,aiot,0,27 Feb 2026 18:11:11
69a1df6b0d8c45f4e4f76c86,data_ml,p_count,aiot,0,27 Feb 2026 18:16:11
69a1e0970d8c45f4e4f76c8d,data_ml,p_count,aiot,0,27 Feb 2026 18:21:11
69a1e1c30d8c45f4e4f76c94,data_ml,p_count,aiot,0,27 Feb 2026 18:26:11
69a1e2ef0d8c45f4e4f76c9b,data_ml,p_count,aiot,0,27 Feb 2026 18:31:11
69a1e41b0d8c45f4e4f76ca2,data_ml,p_count,aiot,0,27 Feb 2026 18:36:11
69a1e5470d8c45f4e4f76ca9,data_ml,p_count,aiot,0,27 Feb 2026 18:41:11
69a1e6730d8c45f4e4f76cb0,data_ml,p_count,aiot,0,27 Feb 2026 18:46:11
69a1e79f0d8c45f4e4f76cb7,data_ml,p_count,aiot,0,27 Feb 2026 18:51:11
69a1e8cb0d8c45f4e4f76cbe,data_ml,p_count,aiot,0,27 Feb 2026 18:56:11
69a1e9f70d8c45f4e4f76cc5,data_ml,p_count,aiot,0,27 Feb 2026 19:1:11
69a1eb230d8c45f4e4f76ccb,data_ml,p_count,aiot,0,27 Feb 2026 19:6:11
69a1ec4f0d8c45f4e4f76cd2,data_ml,p_count,aiot,0,27 Feb 2026 19:11:11
69a1ed7b0d8c45f4e4f76cd9,data_ml,p_count,aiot,0,27 Feb 2026 19:16:11
69a1eea70d8c45f4e4f76ce0,data_ml,p_count,aiot,0,27 Feb 2026 19:21:11
69a1efd30d8c45f4e4f76ce7,data_ml,p_count,aiot,4,27 Feb 2026 19:26:11
69a1f0ff0d8c45f4e4f76cee,data_ml,p_count,aiot,3,27 Feb 2026 19:31:11
69a1f22b0d8c45f4e4f76cf5,data_ml,p_count,aiot,0,27 Feb 2026 19:36:11
69a1f3570d8c45f4e4f76cfc,data_ml,p_count,aiot,0,27 Feb 2026 19:41:11
69a1f4830d8c45f4e4f76d03,data_ml,p_count,aiot,0,27 Feb 2026 19:46:11
69a1f5af0d8c45f4e4f76d0a,data_ml,p_count,aiot,0,27 Feb 2026 19:51:11
69a1f6db0d8c45f4e4f76d11,data_ml,p_count,aiot,0,27 Feb 2026 19:56:11
69a1f8070d8c45f4e4f76d18,data_ml,p_count,aiot,0,27 Feb 2026 20:1:11
69a1f9330d8c45f4e4f76d1f,data_ml,p_count,aiot,0,27 Feb 2026 20:6:11
69a1fb8c0d8c45f4e4f76d2c,data_ml,p_count,aiot,0,27 Feb 2026 20:16:12
69a1fcb80d8c45f4e4f76d33,data_ml,p_count,aiot,0,27 Feb 2026 20:21:12
69a1fde40d8c45f4e4f76d3a,data_ml,p_count,aiot,0,27 Feb 2026 20:26:12
69a1ff100d8c45f4e4f76d41,data_ml,p_count,aiot,0,27 Feb 2026 20:31:12
69a2003c0d8c45f4e4f76d48,data_ml,p_count,aiot,0,27 Feb 2026 20:36:12
69a201680d8c45f4e4f76d4f,data_ml,p_count,aiot,0,27 Feb 2026 20:41:12
69a202940d8c45f4e4f76d56,data_ml,p_count,aiot,0,27 Feb 2026 20:46:12
69a203c00d8c45f4e4f76d5d,data_ml,p_count,aiot,0,27 Feb 2026 20:51:12
69a204ec0d8c45f4e4f76d64,data_ml,p_count,aiot,0,27 Feb 2026 20:56:12
69a206180d8c45f4e4f76d6b,data_ml,p_count,aiot,0,27 Feb 2026 21:1:12
69a207440d8c45f4e4f76d72,data_ml,p_count,aiot,0,27 Feb 2026 21:6:12
69a208700d8c45f4e4f76d79,data_ml,p_count,aiot,0,27 Feb 2026 21:11:12
69a2099c0d8c45f4e4f76d80,data_ml,p_count,aiot,0,27 Feb 2026 21:16:12
69a20ac80d8c45f4e4f76d87,data_ml,p_count,aiot,0,27 Feb 2026 21:21:12
69a20bf40d8c45f4e4f76d8e,data_ml,p_count,aiot,0,27 Feb 2026 21:26:12
69a20d200d8c45f4e4f76d95,data_ml,p_count,aiot,0,27 Feb 2026 21:31:12
69a20e4c0d8c45f4e4f76d9c,data_ml,p_count,aiot,0,27 Feb 2026 21:36:12
69a20f780d8c45f4e4f76da3,data_ml,p_count,aiot,0,27 Feb 2026 21:41:12
69a210a40d8c45f4e4f76daa,data_ml,p_count,aiot,0,27 Feb 2026 21:46:12
69a211d00d8c45f4e4f76db1,data_ml,p_count,aiot,0,27 Feb 2026 21:51:12
69a212fc0d8c45f4e4f76db8,data_ml,p_count,aiot,0,27 Feb 2026 21:56:12
69a214280d8c45f4e4f76dbf,data_ml,p_count,aiot,0,27 Feb 2026 22:1:12
69a215540d8c45f4e4f76dc6,data_ml,p_count,aiot,0,27 Feb 2026 22:6:12
69a216800d8c45f4e4f76dcd,data_ml,p_count,aiot,0,27 Feb 2026 22:11:12
69a217ac0d8c45f4e4f76dd4,data_ml,p_count,aiot,0,27 Feb 2026 22:16:12
69a218d80d8c45f4e4f76ddb,data_ml,p_count,aiot,0,27 Feb 2026 22:21:12
69a21a040d8c45f4e4f76de2,data_ml,p_count,aiot,0,27 Feb 2026 22:26:12
69a21b300d8c45f4e4f76de9,data_ml,p_count,aiot,0,27 Feb 2026 22:31:12
69a21c5c0d8c45f4e4f76df0,data_ml,p_count,aiot,0,27 Feb 2026 22:36:12
69a21eb40d8c45f4e4f76dfd,data_ml,p_count,aiot,0,27 Feb 2026 22:46:12
69a21fe00d8c45f4e4f76e04,data_ml,p_count,aiot,0,27 Feb 2026 22:51:12
69a2210d0d8c45f4e4f76e0b,data_ml,p_count,aiot,0,27 Feb 2026 22:56:13
69a222390d8c45f4e4f76e12,data_ml,p_count,aiot,0,27 Feb 2026 23:1:13
69a223650d8c45f4e4f76e19,data_ml,p_count,aiot,0,27 Feb 2026 23:6:13
69a224910d8c45f4e4f76e20,data_ml,p_count,aiot,0,27 Feb 2026 23:11:13
69a225bd0d8c45f4e4f76e27,data_ml,p_count,aiot,0,27 Feb 2026 23:16:13
69a226e90d8c45f4e4f76e2e,data_ml,p_count,aiot,0,27 Feb 2026 23:21:13
69a228540d8c45f4e4f76e35,data_ml,p_count,aiot,0,27 Feb 2026 23:27:16
69a229800d8c45f4e4f76e46,data_ml,p_count,aiot,0,27 Feb 2026 23:32:16
69a22aac0d8c45f4e4f76e56,data_ml,p_count,aiot,0,27 Feb 2026 23:37:16
69a22bd80d8c45f4e4f76e67,data_ml,p_count,aiot,0,27 Feb 2026 23:42:16
69a22d040d8c45f4e4f76e78,data_ml,p_count,aiot,0,27 Feb 2026 23:47:16
69a22e300d8c45f4e4f76e89,data_ml,p_count,aiot,0,27 Feb 2026 23:52:16
69a22f5c0d8c45f4e4f76e9a,data_ml,p_count,aiot,0,27 Feb 2026 23:57:16
69a230880d8c45f4e4f76eab,data_ml,p_count,aiot,0,28 Feb 2026 0:2:16
69a231b40d8c45f4e4f76ebc,data_ml,p_count,aiot,0,28 Feb 2026 0:7:16
69a232e00d8c45f4e4f76ecd,data_ml,p_count,aiot,0,28 Feb 2026 0:12:16
69a2340c0d8c45f4e4f76ede,data_ml,p_count,aiot,0,28 Feb 2026 0:17:16
69a235380d8c45f4e4f76eef,data_ml,p_count,aiot,0,28 Feb 2026 0:22:16
69a236640d8c45f4e4f76f00,data_ml,p_count,aiot,0,28 Feb 2026 0:27:16
69a237900d8c45f4e4f76f11,data_ml,p_count,aiot,0,28 Feb 2026 0:32:16
69a238bc0d8c45f4e4f76f22,data_ml,p_count,aiot,0,28 Feb 2026 0:37:16
69a239e80d8c45f4e4f76f33,data_ml,p_count,aiot,0,28 Feb 2026 0:42:16
69a23b140d8c45f4e4f76f44,data_ml,p_count,aiot,0,28 Feb 2026 0:47:16
69a23c400d8c45f4e4f76f55,data_ml,p_count,aiot,0,28 Feb 2026 0:52:16
69a23d6c0d8c45f4e4f76f66,data_ml,p_count,aiot,0,28 Feb 2026 0:57:16
69a23e980d8c45f4e4f76f77,data_ml,p_count,aiot,0,28 Feb 2026 1:2:16
69a23fc40d8c45f4e4f76f88,data_ml,p_count,aiot,0,28 Feb 2026 1:7:16
69a2421c0d8c45f4e4f76fa9,data_ml,p_count,aiot,0,28 Feb 2026 1:17:16
69a243480d8c45f4e4f76fba,data_ml,p_count,aiot,0,28 Feb 2026 1:22:16
69a244740d8c45f4e4f76fcb,data_ml,p_count,aiot,0,28 Feb 2026 1:27:16
69a245a10d8c45f4e4f76fdc,data_ml,p_count,aiot,0,28 Feb 2026 1:32:17
69a246cd0d8c45f4e4f76fed,data_ml,p_count,aiot,0,28 Feb 2026 1:37:17
69a247f90d8c45f4e4f76ffe,data_ml,p_count,aiot,0,28 Feb 2026 1:42:17
69a249250d8c45f4e4f7700f,data_ml,p_count,aiot,0,28 Feb 2026 1:47:17
69a24a510d8c45f4e4f77020,data_ml,p_count,aiot,0,28 Feb 2026 1:52:17
69a24b7d0d8c45f4e4f77031,data_ml,p_count,aiot,0,28 Feb 2026 1:57:17
69a24ca90d8c45f4e4f77042,data_ml,p_count,aiot,0,28 Feb 2026 2:2:17
69a24dd50d8c45f4e4f77053,data_ml,p_count,aiot,0,28 Feb 2026 2:7:17
69a24f010d8c45f4e4f77064,data_ml,p_count,aiot,0,28 Feb 2026 2:12:17
69a2502d0d8c45f4e4f77075,data_ml,p_count,aiot,0,28 Feb 2026 2:17:17
69a251590d8c45f4e4f77086,data_ml,p_count,aiot,0,28 Feb 2026 2:22:17
69a252850d8c45f4e4f77097,data_ml,p_count,aiot,0,28 Feb 2026 2:27:17
69a253b10d8c45f4e4f770a8,data_ml,p_count,aiot,0,28 Feb 2026 2:32:17
69a254dd0d8c45f4e4f770b9,data_ml,p_count,aiot,0,28 Feb 2026 2:37:17
69a256090d8c45f4e4f770ca,data_ml,p_count,aiot,0,28 Feb 2026 2:42:17
69a257350d8c45f4e4f770db,data_ml,p_count,aiot,0,28 Feb 2026 2:47:17
69a258610d8c45f4e4f770ec,data_ml,p_count,aiot,0,28 Feb 2026 2:52:17
69a2598d0d8c45f4e4f770fd,data_ml,p_count,aiot,0,28 Feb 2026 2:57:17
69a25ab90d8c45f4e4f7710e,data_ml,p_count,aiot,0,28 Feb 2026 3:2:17
69a25be50d8c45f4e4f7711f,data_ml,p_count,aiot,0,28 Feb 2026 3:7:17
69a25d110d8c45f4e4f77130,data_ml,p_count,aiot,0,28 Feb 2026 3:12:17
69a25e3d0d8c45f4e4f77141,data_ml,p_count,aiot,0,28 Feb 2026 3:17:17
69a25f690d8c45f4e4f77152,data_ml,p_count,aiot,0,28 Feb 2026 3:22:17
69a260950d8c45f4e4f77163,data_ml,p_count,aiot,0,28 Feb 2026 3:27:17
69a261c10d8c45f4e4f77174,data_ml,p_count,aiot,0,28 Feb 2026 3:32:17
69a262ed0d8c45f4e4f77185,data_ml,p_count,aiot,0,28 Feb 2026 3:37:17
69a265450d8c45f4e4f771a6,data_ml,p_count,aiot,0,28 Feb 2026 3:47:17
69a266710d8c45f4e4f771b7,data_ml,p_count,aiot,0,28 Feb 2026 3:52:17
69a2679d0d8c45f4e4f771c8,data_ml,p_count,aiot,0,28 Feb 2026 3:57:17
69a268c90d8c45f4e4f771d9,data_ml,p_count,aiot,0,28 Feb 2026 4:2:17
69a269f50d8c45f4e4f771ea,data_ml,p_count,aiot,0,28 Feb 2026 4:7:17
69a26b210d8c45f4e4f771fb,data_ml,p_count,aiot,0,28 Feb 2026 4:12:17
69a26c4d0d8c45f4e4f7720c,data_ml,p_count,aiot,0,28 Feb 2026 4:17:17
69a26d790d8c45f4e4f7721d,data_ml,p_count,aiot,0,28 Feb 2026 4:22:17
69a26ea50d8c45f4e4f7722e,data_ml,p_count,aiot,0,28 Feb 2026 4:27:17
69a26fd10d8c45f4e4f7723f,data_ml,p_count,aiot,0,28 Feb 2026 4:32:17
69a270fd0d8c45f4e4f77250,data_ml,p_count,aiot,0,28 Feb 2026 4:37:17
69a272290d8c45f4e4f77261,data_ml,p_count,aiot,0,28 Feb 2026 4:42:17
69a273550d8c45f4e4f77272,data_ml,p_count,aiot,0,28 Feb 2026 4:47:17
69a274810d8c45f4e4f77283,data_ml,p_count,aiot,0,28 Feb 2026 4:52:17
69a275ad0d8c45f4e4f77294,data_ml,p_count,aiot,0,28 Feb 2026 4:57:17
69a276d90d8c45f4e4f772a5,data_ml,p_count,aiot,0,28 Feb 2026 5:2:17
69a278050d8c45f4e4f772b6,data_ml,p_count,aiot,0,28 Feb 2026 5:7:17
69a279310d8c45f4e4f772c7,data_ml,p_count,aiot,0,28 Feb 2026 5:12:17
69a27a5d0d8c45f4e4f772d8,data_ml,p_count,aiot,0,28 Feb 2026 5:17:17
69a27b8a0d8c45f4e4f772e9,data_ml,p_count,aiot,0,28 Feb 2026 5:22:18
69a27cb50d8c45f4e4f772fa,data_ml,p_count,aiot,0,28 Feb 2026 5:27:17
69a27de10d8c45f4e4f7730b,data_ml,p_count,aiot,0,28 Feb 2026 5:32:17
69a27f0e0d8c45f4e4f7731c,data_ml,p_count,aiot,0,28 Feb 2026 5:37:18
69a2803a0d8c45f4e4f7732d,data_ml,p_count,aiot,0,28 Feb 2026 5:42:18
69a281660d8c45f4e4f7733e,data_ml,p_count,aiot,0,28 Feb 2026 5:47:18
69a282920d8c45f4e4f7734f,data_ml,p_count,aiot,0,28 Feb 2026 5:52:18
69a283be0d8c45f4e4f77360,data_ml,p_count,aiot,0,28 Feb 2026 5:57:18
69a284ea0d8c45f4e4f77371,data_ml,p_count,aiot,0,28 Feb 2026 6:2:18
69a286160d8c45f4e4f77382,data_ml,p_count,aiot,0,28 Feb 2026 6:7:18
69a2886e0d8c45f4e4f773a3,data_ml,p_count,aiot,0,28 Feb 2026 6:17:18
69a2899a0d8c45f4e4f773b4,data_ml,p_count,aiot,0,28 Feb 2026 6:22:18
69a28ac60d8c45f4e4f773c5,data_ml,p_count,aiot,0,28 Feb 2026 6:27:18
69a28bf20d8c45f4e4f773d6,data_ml,p_count,aiot,0,28 Feb 2026 6:32:18
69a28d1e0d8c45f4e4f773e7,data_ml,p_count,aiot,0,28 Feb 2026 6:37:18
69a28e4a0d8c45f4e4f773f8,data_ml,p_count,aiot,0,28 Feb 2026 6:42:18
69a28f760d8c45f4e4f77409,data_ml,p_count,aiot,0,28 Feb 2026 6:47:18
69a290a20d8c45f4e4f7741a,data_ml,p_count,aiot,0,28 Feb 2026 6:52:18
69a291cf0d8c45f4e4f7742b,data_ml,p_count,aiot,0,28 Feb 2026 6:57:19
69a292fb0d8c45f4e4f7743c,data_ml,p_count,aiot,0,28 Feb 2026 7:2:19
69a294270d8c45f4e4f7744d,data_ml,p_count,aiot,0,28 Feb 2026 7:7:19
69a295530d8c45f4e4f7745e,data_ml,p_count,aiot,0,28 Feb 2026 7:12:19
69a2967f0d8c45f4e4f77467,data_ml,p_count,aiot,0,28 Feb 2026 7:17:19
69a297ab0d8c45f4e4f7746e,data_ml,p_count,aiot,0,28 Feb 2026 7:22:19
69a298d70d8c45f4e4f77475,data_ml,p_count,aiot,0,28 Feb 2026 7:27:19
69a29a030d8c45f4e4f7747c,data_ml,p_count,aiot,0,28 Feb 2026 7:32:19
69a29b2f0d8c45f4e4f77483,data_ml,p_count,aiot,0,28 Feb 2026 7:37:19
69a29c5b0d8c45f4e4f7748a,data_ml,p_count,aiot,0,28 Feb 2026 7:42:19
69a29d870d8c45f4e4f77491,data_ml,p_count,aiot,0,28 Feb 2026 7:47:19
69a29eb30d8c45f4e4f77498,data_ml,p_count,aiot,0,28 Feb 2026 7:52:19
69a29fdf0d8c45f4e4f7749f,data_ml,p_count,aiot,0,28 Feb 2026 7:57:19
69a2a10b0d8c45f4e4f774a6,data_ml,p_count,aiot,0,28 Feb 2026 8:2:19
69a2a2370d8c45f4e4f774ad,data_ml,p_count,aiot,0,28 Feb 2026 8:7:19
69a2a3630d8c45f4e4f774b4,data_ml,p_count,aiot,0,28 Feb 2026 8:12:19
69a2a48f0d8c45f4e4f774bb,data_ml,p_count,aiot,0,28 Feb 2026 8:17:19
69a2a5bb0d8c45f4e4f774c2,data_ml,p_count,aiot,0,28 Feb 2026 8:22:19
69a2a6e70d8c45f4e4f774c9,data_ml,p_count,aiot,0,28 Feb 2026 8:27:19
69a2a8130d8c45f4e4f774d0,data_ml,p_count,aiot,0,28 Feb 2026 8:32:19
69a2a93f0d8c45f4e4f774d7,data_ml,p_count,aiot,0,28 Feb 2026 8:37:19
69a2ab970d8c45f4e4f774e4,data_ml,p_count,aiot,0,28 Feb 2026 8:47:19
69a2acc30d8c45f4e4f774eb,data_ml,p_count,aiot,0,28 Feb 2026 8:52:19
69a2adef0d8c45f4e4f774f2,data_ml,p_count,aiot,0,28 Feb 2026 8:57:19
69a2af1b0d8c45f4e4f774f9,data_ml,p_count,aiot,0,28 Feb 2026 9:2:19
69a2b0470d8c45f4e4f77500,data_ml,p_count,aiot,0,28 Feb 2026 9:7:19
69a2b1730d8c45f4e4f77507,data_ml,p_count,aiot,1,28 Feb 2026 9:12:19
69a2b29f0d8c45f4e4f7750e,data_ml,p_count,aiot,2,28 Feb 2026 9:17:19
69a2b3cb0d8c45f4e4f77515,data_ml,p_count,aiot,1,28 Feb 2026 9:22:19
69a2b4f70d8c45f4e4f7751c,data_ml,p_count,aiot,1,28 Feb 2026 9:27:19
69a2b6230d8c45f4e4f77523,data_ml,p_count,aiot,0,28 Feb 2026 9:32:19
69a2b74f0d8c45f4e4f7752a,data_ml,p_count,aiot,0,28 Feb 2026 9:37:19
69a2b87b0d8c45f4e4f77531,data_ml,p_count,aiot,0,28 Feb 2026 9:42:19
69a2b9a70d8c45f4e4f77538,data_ml,p_count,aiot,1,28 Feb 2026 9:47:19
69a2bad30d8c45f4e4f7753f,data_ml,p_count,aiot,0,28 Feb 2026 9:52:19
69a2bbff0d8c45f4e4f77546,data_ml,p_count,aiot,0,28 Feb 2026 9:57:19
69a2bd2b0d8c45f4e4f7754d,data_ml,p_count,aiot,2,28 Feb 2026 10:2:19
69a2be570d8c45f4e4f77554,data_ml,p_count,aiot,1,28 Feb 2026 10:7:19
69a2bf840d8c45f4e4f7755b,data_ml,p_count,aiot,2,28 Feb 2026 10:12:20
69a2c0af0d8c45f4e4f77562,data_ml,p_count,aiot,0,28 Feb 2026 10:17:19
69a2c1dc0d8c45f4e4f77569,data_ml,p_count,aiot,0,28 Feb 2026 10:22:20
69a2c3080d8c45f4e4f77570,data_ml,p_count,aiot,0,28 Feb 2026 10:27:20
69a2c4330d8c45f4e4f77577,data_ml,p_count,aiot,0,28 Feb 2026 10:32:19
69a2c5600d8c45f4e4f7757e,data_ml,p_count,aiot,0,28 Feb 2026 10:37:20
69a2c68c0d8c45f4e4f77585,data_ml,p_count,aiot,0,28 Feb 2026 10:42:20
69a2c7b80d8c45f4e4f7758c,data_ml,p_count,aiot,0,28 Feb 2026 10:47:20
69a2c8e30d8c45f4e4f77593,data_ml,p_count,aiot,0,28 Feb 2026 10:52:19
69a2ca100d8c45f4e4f7759a,data_ml,p_count,aiot,0,28 Feb 2026 10:57:20
69a2cb3c0d8c45f4e4f775a1,data_ml,p_count,aiot,0,28 Feb 2026 11:2:20
69a2cc680d8c45f4e4f775a8,data_ml,p_count,aiot,0,28 Feb 2026 11:7:20
69a2cec00d8c45f4e4f775b5,data_ml,p_count,aiot,0,28 Feb 2026 11:17:20
69a2cfec0d8c45f4e4f775bc,data_ml,p_count,aiot,0,28 Feb 2026 11:22:20
69a2d1180d8c45f4e4f775c3,data_ml,p_count,aiot,0,28 Feb 2026 11:27:20
69a2d2440d8c45f4e4f775ca,data_ml,p_count,aiot,0,28 Feb 2026 11:32:20
69a2d3700d8c45f4e4f775d1,data_ml,p_count,aiot,0,28 Feb 2026 11:37:20
69a2d49c0d8c45f4e4f775d8,data_ml,p_count,aiot,0,28 Feb 2026 11:42:20
69a2d5c87a72a029880486ed,data_ml,p_count,aiot,0,28 Feb 2026 11:47:20
69a2d6f47a72a029880486f4,data_ml,p_count,aiot,0,28 Feb 2026 11:52:20
69a2d8207a72a029880486fb,data_ml,p_count,aiot,0,28 Feb 2026 11:57:20
69a2d94c7a72a02988048702,data_ml,p_count,aiot,0,28 Feb 2026 12:2:20
69a2da787a72a02988048709,data_ml,p_count,aiot,0,28 Feb 2026 12:7:20
69a2dba47a72a02988048710,data_ml,p_count,aiot,0,28 Feb 2026 12:12:20
69a2dcd07a72a02988048717,data_ml,p_count,aiot,0,28 Feb 2026 12:17:20
69a2ddfc7a72a0298804871e,data_ml,p_count,aiot,0,28 Feb 2026 12:22:20
69a2df287a72a02988048725,data_ml,p_count,aiot,0,28 Feb 2026 12:27:20
69a2e0547a72a0298804872c,data_ml,p_count,aiot,0,28 Feb 2026 12:32:20
69a2e1807a72a02988048733,data_ml,p_count,aiot,0,28 Feb 2026 12:37:20
69a2e2ac7a72a0298804873a,data_ml,p_count,aiot,0,28 Feb 2026 12:42:20
69a2e3d87a72a02988048741,data_ml,p_count,aiot,0,28 Feb 2026 12:47:20
69a2e5047a72a02988048748,data_ml,p_count,aiot,0,28 Feb 2026 12:52:20
69a2e6307a72a0298804874f,data_ml,p_count,aiot,0,28 Feb 2026 12:57:20
69a2e75c7a72a02988048756,data_ml,p_count,aiot,0,28 Feb 2026 13:2:20
69a2e8887a72a0298804875d,data_ml,p_count,aiot,0,28 Feb 2026 13:7:20
69a2e9b47a72a02988048764,data_ml,p_count,aiot,0,28 Feb 2026 13:12:20
69a2eae07a72a0298804876b,data_ml,p_count,aiot,0,28 Feb 2026 13:17:20
69a2ec0c7a72a02988048772,data_ml,p_count,aiot,0,28 Feb 2026 13:22:20
69a2ed387a72a02988048779,data_ml,p_count,aiot,0,28 Feb 2026 13:27:20
69a2ee647a72a02988048780,data_ml,p_count,aiot,0,28 Feb 2026 13:32:20
69a2ef907a72a02988048787,data_ml,p_count,aiot,0,28 Feb 2026 13:37:20
69a2f1e87a72a02988048794,data_ml,p_count,aiot,0,28 Feb 2026 13:47:20
69a2f3147a72a0298804879b,data_ml,p_count,aiot,0,28 Feb 2026 13:52:20
69a2f4417a72a029880487a2,data_ml,p_count,aiot,0,28 Feb 2026 13:57:21
69a2f56d7a72a029880487a9,data_ml,p_count,aiot,0,28 Feb 2026 14:2:21
69a2f6987a72a029880487b0,data_ml,p_count,aiot,0,28 Feb 2026 14:7:20
69a2f7c57a72a029880487b7,data_ml,p_count,aiot,0,28 Feb 2026 14:12:21
69a2f8f17a72a029880487be,data_ml,p_count,aiot,0,28 Feb 2026 14:17:21
69a2fa1c7a72a029880487c5,data_ml,p_count,aiot,0,28 Feb 2026 14:22:20
69a2fb497a72a029880487cc,data_ml,p_count,aiot,0,28 Feb 2026 14:27:21
69a2fc757a72a029880487d3,data_ml,p_count,aiot,0,28 Feb 2026 14:32:21
69a2fda17a72a029880487da,data_ml,p_count,aiot,0,28 Feb 2026 14:37:21
69a2fecd7a72a029880487e1,data_ml,p_count,aiot,0,28 Feb 2026 14:42:21
69a2fff97a72a029880487e8,data_ml,p_count,aiot,0,28 Feb 2026 14:47:21
69a301257a72a029880487ef,data_ml,p_count,aiot,0,28 Feb 2026 14:52:21
69a302517a72a029880487f6,data_ml,p_count,aiot,0,28 Feb 2026 14:57:21
69a3037d7a72a029880487fd,data_ml,p_count,aiot,0,28 Feb 2026 15:2:21
69a304a97a72a02988048804,data_ml,p_count,aiot,0,28 Feb 2026 15:7:21
69a305d57a72a0298804880b,data_ml,p_count,aiot,0,28 Feb 2026 15:12:21
69a307017a72a02988048812,data_ml,p_count,aiot,0,28 Feb 2026 15:17:21
69a3082d7a72a02988048819,data_ml,p_count,aiot,1,28 Feb 2026 15:22:21
69a309597a72a02988048820,data_ml,p_count,aiot,0,28 Feb 2026 15:27:21
69a30a857a72a02988048827,data_ml,p_count,aiot,0,28 Feb 2026 15:32:21
69a30bb17a72a0298804882e,data_ml,p_count,aiot,0,28 Feb 2026 15:37:21
69a30cdd7a72a02988048835,data_ml,p_count,aiot,0,28 Feb 2026 15:42:21
69a30e097a72a0298804883c,data_ml,p_count,aiot,0,28 Feb 2026 15:47:21
69a30f357a72a02988048843,data_ml,p_count,aiot,0,28 Feb 2026 15:52:21
69a310617a72a0298804884a,data_ml,p_count,aiot,0,28 Feb 2026 15:57:21
69a3118d7a72a02988048851,data_ml,p_count,aiot,0,28 Feb 2026 16:2:21
69a312b97a72a02988048858,data_ml,p_count,aiot,0,28 Feb 2026 16:7:21
69a315117a72a02988048865,data_ml,p_count,aiot,0,28 Feb 2026 16:17:21
69a3163d7a72a0298804886c,data_ml,p_count,aiot,0,28 Feb 2026 16:22:21
69a317697a72a02988048873,data_ml,p_count,aiot,0,28 Feb 2026 16:27:21
69a318957a72a0298804887a,data_ml,p_count,aiot,0,28 Feb 2026 16:32:21
69a319c17a72a02988048881,data_ml,p_count,aiot,0,28 Feb 2026 16:37:21
69a31aed7a72a02988048888,data_ml,p_count,aiot,0,28 Feb 2026 16:42:21
69a31c197a72a0298804888f,data_ml,p_count,aiot,0,28 Feb 2026 16:47:21
69a31d457a72a02988048896,data_ml,p_count,aiot,0,28 Feb 2026 16:52:21
69a31f3a7a72a029880488a2,data_ml,p_count,aiot,0,28 Feb 2026 17:0:42
69a320637a72a029880488a9,data_ml,p_count,aiot,0,28 Feb 2026 17:5:39
69a3218f7a72a029880488b0,data_ml,p_count,aiot,0,28 Feb 2026 17:10:39
69a322bb7a72a029880488b7,data_ml,p_count,aiot,0,28 Feb 2026 17:15:39
69a323e77a72a029880488be,data_ml,p_count,aiot,0,28 Feb 2026 17:20:39
69a325137a72a029880488c5,data_ml,p_count,aiot,0,28 Feb 2026 17:25:39
69a3263f7a72a029880488cc,data_ml,p_count,aiot,0,28 Feb 2026 17:30:39
69a3276b7a72a029880488d3,data_ml,p_count,aiot,2,28 Feb 2026 17:35:39
69a328977a72a029880488da,data_ml,p_count,aiot,0,28 Feb 2026 17:40:39
69a329c37a72a029880488e1,data_ml,p_count,aiot,0,28 Feb 2026 17:45:39
69a32aef7a72a029880488e8,data_ml,p_count,aiot,0,28 Feb 2026 17:50:39
69a32c1b7a72a029880488ef,data_ml,p_count,aiot,0,28 Feb 2026 17:55:39
69a32d477a72a029880488f6,data_ml,p_count,aiot,0,28 Feb 2026 18:0:39
69a32e737a72a029880488fd,data_ml,p_count,aiot,0,28 Feb 2026 18:5:39
69a32f9f7a72a02988048904,data_ml,p_count,aiot,0,28 Feb 2026 18:10:39
69a330cb7a72a0298804890b,data_ml,p_count,aiot,0,28 Feb 2026 18:15:39
69a331f77a72a02988048912,data_ml,p_count,aiot,0,28 Feb 2026 18:20:39
69a333237a72a02988048919,data_ml,p_count,aiot,0,28 Feb 2026 18:25:39
69a3344f7a72a02988048920,data_ml,p_count,aiot,0,28 Feb 2026 18:30:39
69a3357b7a72a02988048927,data_ml,p_count,aiot,0,28 Feb 2026 18:35:39
69a336a77a72a0298804892e,data_ml,p_count,aiot,0,28 Feb 2026 18:40:39
69a339007a72a0298804893b,data_ml,p_count,aiot,0,28 Feb 2026 18:50:40
69a33a2c7a72a02988048942,data_ml,p_count,aiot,0,28 Feb 2026 18:55:40
69a33b587a72a02988048949,data_ml,p_count,aiot,0,28 Feb 2026 19:0:40
69a33c847a72a02988048950,data_ml,p_count,aiot,0,28 Feb 2026 19:5:40
69a33db07a72a02988048957,data_ml,p_count,aiot,0,28 Feb 2026 19:10:40
69a33edc7a72a0298804895e,data_ml,p_count,aiot,0,28 Feb 2026 19:15:40
69a340087a72a02988048965,data_ml,p_count,aiot,0,28 Feb 2026 19:20:40
69a341347a72a0298804896c,data_ml,p_count,aiot,0,28 Feb 2026 19:25:40
69a342607a72a02988048973,data_ml,p_count,aiot,0,28 Feb 2026 19:30:40
69a3438c7a72a0298804897a,data_ml,p_count,aiot,0,28 Feb 2026 19:35:40
69a344b87a72a02988048981,data_ml,p_count,aiot,0,28 Feb 2026 19:40:40
69a345e47a72a02988048988,data_ml,p_count,aiot,0,28 Feb 2026 19:45:40
69a347107a72a0298804898f,data_ml,p_count,aiot,0,28 Feb 2026 19:50:40
69a3483c7a72a02988048996,data_ml,p_count,aiot,0,28 Feb 2026 19:55:40
69a349687a72a0298804899d,data_ml,p_count,aiot,0,28 Feb 2026 20:0:40
69a34a947a72a029880489a4,data_ml,p_count,aiot,0,28 Feb 2026 20:5:40
69a34bc07a72a029880489ab,data_ml,p_count,aiot,0,28 Feb 2026 20:10:40
69a34cec7a72a029880489b2,data_ml,p_count,aiot,0,28 Feb 2026 20:15:40
69a34e187a72a029880489b9,data_ml,p_count,aiot,0,28 Feb 2026 20:20:40
69a34f447a72a029880489c0,data_ml,p_count,aiot,0,28 Feb 2026 20:25:40
69a350707a72a029880489c7,data_ml,p_count,aiot,0,28 Feb 2026 20:30:40
69a3519c7a72a029880489ce,data_ml,p_count,aiot,0,28 Feb 2026 20:35:40
69a352c87a72a029880489d5,data_ml,p_count,aiot,0,28 Feb 2026 20:40:40
69a353f47a72a029880489dc,data_ml,p_count,aiot,0,28 Feb 2026 20:45:40
69a355207a72a029880489e3,data_ml,p_count,aiot,0,28 Feb 2026 20:50:40
69a3564c7a72a029880489ea,data_ml,p_count,aiot,0,28 Feb 2026 20:55:40
69a357787a72a029880489f1,data_ml,p_count,aiot,0,28 Feb 2026 21:0:40
69a358a47a72a029880489f8,data_ml,p_count,aiot,0,28 Feb 2026 21:5:40
69a359d07a72a029880489ff,data_ml,p_count,aiot,0,28 Feb 2026 21:10:40
69a35c287a72a02988048a0c,data_ml,p_count,aiot,0,28 Feb 2026 21:20:40
69a35d547a72a02988048a13,data_ml,p_count,aiot,0,28 Feb 2026 21:25:40
69a35e807a72a02988048a1a,data_ml,p_count,aiot,0,28 Feb 2026 21:30:40
69a35fac7a72a02988048a21,data_ml,p_count,aiot,0,28 Feb 2026 21:35:40
69a360d97a72a02988048a28,data_ml,p_count,aiot,0,28 Feb 2026 21:40:41
69a362047a72a02988048a2f,data_ml,p_count,aiot,0,28 Feb 2026 21:45:40
69a363307a72a02988048a36,data_ml,p_count,aiot,0,28 Feb 2026 21:50:40
69a3645d7a72a02988048a3d,data_ml,p_count,aiot,0,28 Feb 2026 21:55:41
69a365887a72a02988048a44,data_ml,p_count,aiot,0,28 Feb 2026 22:0:40
69a366b47a72a02988048a4b,data_ml,p_count,aiot,0,28 Feb 2026 22:5:40
69a367e07a72a02988048a52,data_ml,p_count,aiot,0,28 Feb 2026 22:10:40
69a3690d7a72a02988048a59,data_ml,p_count,aiot,0,28 Feb 2026 22:15:41
69a36a397a72a02988048a60,data_ml,p_count,aiot,0,28 Feb 2026 22:20:41
69a36b657a72a02988048a67,data_ml,p_count,aiot,0,28 Feb 2026 22:25:41
69a36c917a72a02988048a6e,data_ml,p_count,aiot,0,28 Feb 2026 22:30:41
69a36dbd7a72a02988048a75,data_ml,p_count,aiot,0,28 Feb 2026 22:35:41
69a36ee97a72a02988048a7c,data_ml,p_count,aiot,0,28 Feb 2026 22:40:41
69a370157a72a02988048a83,data_ml,p_count,aiot,0,28 Feb 2026 22:45:41
69a371417a72a02988048a8a,data_ml,p_count,aiot,0,28 Feb 2026 22:50:41
69a3726d7a72a02988048a91,data_ml,p_count,aiot,0,28 Feb 2026 22:55:41
69a373997a72a02988048a98,data_ml,p_count,aiot,0,28 Feb 2026 23:0:41
69a374c57a72a02988048a9f,data_ml,p_count,aiot,0,28 Feb 2026 23:5:41
69a375f17a72a02988048aa6,data_ml,p_count,aiot,0,28 Feb 2026 23:10:41
69a3771d7a72a02988048aad,data_ml,p_count,aiot,0,28 Feb 2026 23:15:41
69a378497a72a02988048ab4,data_ml,p_count,aiot,0,28 Feb 2026 23:20:41
69a379757a72a02988048abb,data_ml,p_count,aiot,0,28 Feb 2026 23:25:41
69a37aa17a72a02988048ac2,data_ml,p_count,aiot,0,28 Feb 2026 23:30:41
69a37bcd7a72a02988048ac9,data_ml,p_count,aiot,0,28 Feb 2026 23:35:41
69a37cf97a72a02988048ad0,data_ml,p_count,aiot,0,28 Feb 2026 23:40:41
69a37f517a72a02988048add,data_ml,p_count,aiot,0,28 Feb 2026 23:50:41
69a3807d7a72a02988048ae4,data_ml,p_count,aiot,0,28 Feb 2026 23:55:41
69a381a97a72a02988048aeb,data_ml,p_count,aiot,0,1 Mar 2026 0:0:41
69a382d57a72a02988048af2,data_ml,p_count,aiot,0,1 Mar 2026 0:5:41
69a384017a72a02988048af9,data_ml,p_count,aiot,0,1 Mar 2026 0:10:41
69a3852d7a72a02988048b00,data_ml,p_count,aiot,0,1 Mar 2026 0:15:41
69a386597a72a02988048b07,data_ml,p_count,aiot,0,1 Mar 2026 0:20:41
69a387857a72a02988048b0e,data_ml,p_count,aiot,0,1 Mar 2026 0:25:41
69a388b17a72a02988048b15,data_ml,p_count,aiot,0,1 Mar 2026 0:30:41
69a389dd7a72a02988048b1c,data_ml,p_count,aiot,0,1 Mar 2026 0:35:41
69a38b097a72a02988048b23,data_ml,p_count,aiot,0,1 Mar 2026 0:40:41
69a38c357a72a02988048b2a,data_ml,p_count,aiot,0,1 Mar 2026 0:45:41
69a38d617a72a02988048b31,data_ml,p_count,aiot,0,1 Mar 2026 0:50:41
69a38e8d7a72a02988048b38,data_ml,p_count,aiot,0,1 Mar 2026 0:55:41
