_id,db_name,coll_name,id,person count,DateTime
69787172b99613c03acd67e0,data_ml,p_count_2,robo,0,27 Jan 2026 8:4:2
69787190b99613c03acd67e1,data_ml,p_count_2,robo,0,27 Jan 2026 8:4:32
697871c9b99613c03acd67e2,data_ml,p_count_2,robo,37,27 Jan 2026 8:5:29
69787329b99613c03acd67e3,data_ml,p_count_2,robo,0,27 Jan 2026 8:11:21
697874bdb99613c03acd67e4,data_ml,p_count_2,robo,0,27 Jan 2026 8:18:5
697874dbb99613c03acd67e5,data_ml,p_count_2,robo,0,27 Jan 2026 8:18:35
69787581b99613c03acd67e6,data_ml,p_count_2,robo,10,27 Jan 2026 8:21:21
6978783fb99613c03acd67e7,data_ml,p_count_2,robo,12,27 Jan 2026 8:33:3
69787fb0b99613c03acd67e8,data_ml,p_count_2,robo,2,27 Jan 2026 9:4:48
697880dcb99613c03acd67e9,data_ml,p_count_2,robo,3,27 Jan 2026 9:9:48
69788209b99613c03acd67ea,data_ml,p_count_2,robo,2,27 Jan 2026 9:14:49
69788335b99613c03acd67eb,data_ml,p_count_2,robo,3,27 Jan 2026 9:19:49
69788462b99613c03acd67ec,data_ml,p_count_2,robo,2,27 Jan 2026 9:24:50
6978858eb99613c03acd67ed,data_ml,p_count_2,robo,4,27 Jan 2026 9:29:50
697886bbb99613c03acd67ee,data_ml,p_count_2,robo,3,27 Jan 2026 9:34:51
697887e7b99613c03acd67ef,data_ml,p_count_2,robo,3,27 Jan 2026 9:39:51
69788914b99613c03acd67f0,data_ml,p_count_2,robo,3,27 Jan 2026 9:44:52
69788a40b99613c03acd67f1,data_ml,p_count_2,robo,3,27 Jan 2026 9:49:52
69788b6db99613c03acd67f2,data_ml,p_count_2,robo,6,27 Jan 2026 9:54:53
69788c9ab99613c03acd67f3,data_ml,p_count_2,robo,3,27 Jan 2026 9:59:54
69788dc6b99613c03acd67f4,data_ml,p_count_2,robo,7,27 Jan 2026 10:4:54
69788ef3b99613c03acd67f5,data_ml,p_count_2,robo,2,27 Jan 2026 10:9:55
6978901fb99613c03acd67f6,data_ml,p_count_2,robo,5,27 Jan 2026 10:14:55
6978914cb99613c03acd67f7,data_ml,p_count_2,robo,4,27 Jan 2026 10:19:56
69789278b99613c03acd67f8,data_ml,p_count_2,robo,4,27 Jan 2026 10:24:56
697893a5b99613c03acd67f9,data_ml,p_count_2,robo,5,27 Jan 2026 10:29:57
697894d1b99613c03acd67fa,data_ml,p_count_2,robo,2,27 Jan 2026 10:34:57
697895feb99613c03acd67fb,data_ml,p_count_2,robo,3,27 Jan 2026 10:39:58
6978972ab99613c03acd67fc,data_ml,p_count_2,robo,2,27 Jan 2026 10:44:58
69789857b99613c03acd67fd,data_ml,p_count_2,robo,5,27 Jan 2026 10:49:59
69789984b99613c03acd67fe,data_ml,p_count_2,robo,1,27 Jan 2026 10:55:0
69789ab0b99613c03acd67ff,data_ml,p_count_2,robo,1,27 Jan 2026 11:0:0
69789bddb99613c03acd6800,data_ml,p_count_2,robo,6,27 Jan 2026 11:5:1
69789d09b99613c03acd6801,data_ml,p_count_2,robo,1,27 Jan 2026 11:10:1
69789e36b99613c03acd6802,data_ml,p_count_2,robo,6,27 Jan 2026 11:15:2
69789f62b99613c03acd6803,data_ml,p_count_2,robo,2,27 Jan 2026 11:20:2
6978a08fb99613c03acd6804,data_ml,p_count_2,robo,3,27 Jan 2026 11:25:3
6978a1bcb99613c03acd6805,data_ml,p_count_2,robo,1,27 Jan 2026 11:30:4
6978a2e8b99613c03acd6806,data_ml,p_count_2,robo,3,27 Jan 2026 11:35:4
6978a415b99613c03acd6807,data_ml,p_count_2,robo,4,27 Jan 2026 11:40:5
6978a541b99613c03acd6808,data_ml,p_count_2,robo,1,27 Jan 2026 11:45:5
6978a66eb99613c03acd6809,data_ml,p_count_2,robo,2,27 Jan 2026 11:50:6
6978a79ab99613c03acd680a,data_ml,p_count_2,robo,2,27 Jan 2026 11:55:6
6978a8c7b99613c03acd680b,data_ml,p_count_2,robo,3,27 Jan 2026 12:0:7
6978a9f4b99613c03acd680c,data_ml,p_count_2,robo,1,27 Jan 2026 12:5:8
6978ab20b99613c03acd680d,data_ml,p_count_2,robo,3,27 Jan 2026 12:10:8
6978ac4db99613c03acd680e,data_ml,p_count_2,robo,2,27 Jan 2026 12:15:9
6978ad79b99613c03acd680f,data_ml,p_count_2,robo,3,27 Jan 2026 12:20:9
6978aea6b99613c03acd6810,data_ml,p_count_2,robo,4,27 Jan 2026 12:25:10
6978afd2b99613c03acd6811,data_ml,p_count_2,robo,0,27 Jan 2026 12:30:10
6978b0ffb99613c03acd6812,data_ml,p_count_2,robo,1,27 Jan 2026 12:35:11
6978b22bb99613c03acd6813,data_ml,p_count_2,robo,1,27 Jan 2026 12:40:11
6978b358b99613c03acd6814,data_ml,p_count_2,robo,2,27 Jan 2026 12:45:12
6978b485b99613c03acd6815,data_ml,p_count_2,robo,4,27 Jan 2026 12:50:13
6978b5b1b99613c03acd6816,data_ml,p_count_2,robo,1,27 Jan 2026 12:55:13
6978b6ddb99613c03acd6817,data_ml,p_count_2,robo,3,27 Jan 2026 13:0:13
6978b80ab99613c03acd6818,data_ml,p_count_2,robo,2,27 Jan 2026 13:5:14
6978b937b99613c03acd6819,data_ml,p_count_2,robo,6,27 Jan 2026 13:10:15
6978ba63b99613c03acd681a,data_ml,p_count_2,robo,1,27 Jan 2026 13:15:15
6978bb90b99613c03acd681b,data_ml,p_count_2,robo,5,27 Jan 2026 13:20:16
6978bcbcb99613c03acd681c,data_ml,p_count_2,robo,3,27 Jan 2026 13:25:16
6978bde9b99613c03acd681d,data_ml,p_count_2,robo,3,27 Jan 2026 13:30:17
6978bf15b99613c03acd681e,data_ml,p_count_2,robo,2,27 Jan 2026 13:35:17
6978c042b99613c03acd681f,data_ml,p_count_2,robo,0,27 Jan 2026 13:40:18
6978c16eb99613c03acd6820,data_ml,p_count_2,robo,2,27 Jan 2026 13:45:18
6978c29bb99613c03acd6821,data_ml,p_count_2,robo,0,27 Jan 2026 13:50:19
6978c3c7b99613c03acd6822,data_ml,p_count_2,robo,4,27 Jan 2026 13:55:19
6978c4f4b99613c03acd6823,data_ml,p_count_2,robo,4,27 Jan 2026 14:0:20
6978c620b99613c03acd6824,data_ml,p_count_2,robo,2,27 Jan 2026 14:5:20
6978c74db99613c03acd6825,data_ml,p_count_2,robo,1,27 Jan 2026 14:10:21
6978c879b99613c03acd6826,data_ml,p_count_2,robo,4,27 Jan 2026 14:15:21
6978c9a6b99613c03acd6827,data_ml,p_count_2,robo,6,27 Jan 2026 14:20:22
6978cad2b99613c03acd6828,data_ml,p_count_2,robo,3,27 Jan 2026 14:25:22
6978cbffb99613c03acd6829,data_ml,p_count_2,robo,2,27 Jan 2026 14:30:23
6978cd2bb99613c03acd682a,data_ml,p_count_2,robo,4,27 Jan 2026 14:35:23
6978ce58b99613c03acd682b,data_ml,p_count_2,robo,0,27 Jan 2026 14:40:24
6978cf85b99613c03acd682c,data_ml,p_count_2,robo,4,27 Jan 2026 14:45:25
6978d0b1b99613c03acd682d,data_ml,p_count_2,robo,4,27 Jan 2026 14:50:25
6978d1deb99613c03acd682e,data_ml,p_count_2,robo,5,27 Jan 2026 14:55:26
6978d30ab99613c03acd682f,data_ml,p_count_2,robo,6,27 Jan 2026 15:0:26
6978d437b99613c03acd6830,data_ml,p_count_2,robo,9,27 Jan 2026 15:5:27
6978d563b99613c03acd6831,data_ml,p_count_2,robo,4,27 Jan 2026 15:10:27
6978d690b99613c03acd6832,data_ml,p_count_2,robo,1,27 Jan 2026 15:15:28
6978d7bcb99613c03acd6833,data_ml,p_count_2,robo,3,27 Jan 2026 15:20:28
6978d8e9b99613c03acd6834,data_ml,p_count_2,robo,6,27 Jan 2026 15:25:29
6978da15b99613c03acd6835,data_ml,p_count_2,robo,3,27 Jan 2026 15:30:29
6978db42b99613c03acd6836,data_ml,p_count_2,robo,5,27 Jan 2026 15:35:30
6978dc6eb99613c03acd6837,data_ml,p_count_2,robo,1,27 Jan 2026 15:40:30
6978dd9bb99613c03acd6838,data_ml,p_count_2,robo,1,27 Jan 2026 15:45:31
6978dec8b99613c03acd6839,data_ml,p_count_2,robo,3,27 Jan 2026 15:50:32
6978dff4b99613c03acd683a,data_ml,p_count_2,robo,3,27 Jan 2026 15:55:32
6978e121b99613c03acd683b,data_ml,p_count_2,robo,3,27 Jan 2026 16:0:33
6978e24db99613c03acd683c,data_ml,p_count_2,robo,5,27 Jan 2026 16:5:33
6978e37ab99613c03acd683d,data_ml,p_count_2,robo,3,27 Jan 2026 16:10:34
6978e4a6b99613c03acd683e,data_ml,p_count_2,robo,3,27 Jan 2026 16:15:34
6978e5d3b99613c03acd683f,data_ml,p_count_2,robo,6,27 Jan 2026 16:20:35
6978e6ff3033c05f8ad6ad63,data_ml,p_count_2,robo,5,27 Jan 2026 16:25:35
6978e82c3033c05f8ad6ad64,data_ml,p_count_2,robo,1,27 Jan 2026 16:30:36
6978e9593033c05f8ad6ad65,data_ml,p_count_2,robo,3,27 Jan 2026 16:35:37
6978ea853033c05f8ad6ad66,data_ml,p_count_2,robo,2,27 Jan 2026 16:40:37
6978ebb23033c05f8ad6ad67,data_ml,p_count_2,robo,2,27 Jan 2026 16:45:38
6978ecde3033c05f8ad6ad68,data_ml,p_count_2,robo,0,27 Jan 2026 16:50:38
6978ee0b3033c05f8ad6ad69,data_ml,p_count_2,robo,7,27 Jan 2026 16:55:39
6978ef373033c05f8ad6ad6a,data_ml,p_count_2,robo,4,27 Jan 2026 17:0:39
6978f0643033c05f8ad6ad6b,data_ml,p_count_2,robo,2,27 Jan 2026 17:5:40
6978f1903033c05f8ad6ad6c,data_ml,p_count_2,robo,1,27 Jan 2026 17:10:40
6978f2bd3033c05f8ad6ad6d,data_ml,p_count_2,robo,0,27 Jan 2026 17:15:41
6978f3e93033c05f8ad6ad6e,data_ml,p_count_2,robo,2,27 Jan 2026 17:20:41
6978f5163033c05f8ad6ad6f,data_ml,p_count_2,robo,4,27 Jan 2026 17:25:42
6978f6433033c05f8ad6ad70,data_ml,p_count_2,robo,1,27 Jan 2026 17:30:43
6978f76f3033c05f8ad6ad71,data_ml,p_count_2,robo,6,27 Jan 2026 17:35:43
6978f89c3033c05f8ad6ad72,data_ml,p_count_2,robo,3,27 Jan 2026 17:40:44
6978f9c83033c05f8ad6ad73,data_ml,p_count_2,robo,3,27 Jan 2026 17:45:44
6978faf53033c05f8ad6ad74,data_ml,p_count_2,robo,2,27 Jan 2026 17:50:45
6978fc213033c05f8ad6ad75,data_ml,p_count_2,robo,1,27 Jan 2026 17:55:45
6978fd4e3033c05f8ad6ad76,data_ml,p_count_2,robo,2,27 Jan 2026 18:0:46
6978fe7a3033c05f8ad6ad77,data_ml,p_count_2,robo,5,27 Jan 2026 18:5:46
6978ffa73033c05f8ad6ad78,data_ml,p_count_2,robo,2,27 Jan 2026 18:10:47
697900d43033c05f8ad6ad79,data_ml,p_count_2,robo,1,27 Jan 2026 18:15:48
697902003033c05f8ad6ad7a,data_ml,p_count_2,robo,7,27 Jan 2026 18:20:48
6979032d3033c05f8ad6ad7b,data_ml,p_count_2,robo,1,27 Jan 2026 18:25:49
697904593033c05f8ad6ad7c,data_ml,p_count_2,robo,1,27 Jan 2026 18:30:49
697905863033c05f8ad6ad7d,data_ml,p_count_2,robo,3,27 Jan 2026 18:35:50
697906b23033c05f8ad6ad7e,data_ml,p_count_2,robo,4,27 Jan 2026 18:40:50
697907df3033c05f8ad6ad7f,data_ml,p_count_2,robo,2,27 Jan 2026 18:45:51
6979090c3033c05f8ad6ad80,data_ml,p_count_2,robo,3,27 Jan 2026 18:50:52
69790a383033c05f8ad6ad81,data_ml,p_count_2,robo,2,27 Jan 2026 18:55:52
69790b653033c05f8ad6ad82,data_ml,p_count_2,robo,2,27 Jan 2026 19:0:53
69790c913033c05f8ad6ad83,data_ml,p_count_2,robo,3,27 Jan 2026 19:5:53
69790dbe3033c05f8ad6ad84,data_ml,p_count_2,robo,1,27 Jan 2026 19:10:54
69790eea3033c05f8ad6ad85,data_ml,p_count_2,robo,6,27 Jan 2026 19:15:54
697910173033c05f8ad6ad86,data_ml,p_count_2,robo,2,27 Jan 2026 19:20:55
697911433033c05f8ad6ad87,data_ml,p_count_2,robo,0,27 Jan 2026 19:25:55
697912703033c05f8ad6ad88,data_ml,p_count_2,robo,4,27 Jan 2026 19:30:56
6979139d3033c05f8ad6ad89,data_ml,p_count_2,robo,5,27 Jan 2026 19:35:57
697914c93033c05f8ad6ad8a,data_ml,p_count_2,robo,3,27 Jan 2026 19:40:57
697915f63033c05f8ad6ad8b,data_ml,p_count_2,robo,3,27 Jan 2026 19:45:58
697917223033c05f8ad6ad8c,data_ml,p_count_2,robo,1,27 Jan 2026 19:50:58
6979184f3033c05f8ad6ad8d,data_ml,p_count_2,robo,6,27 Jan 2026 19:55:59
6979197b3033c05f8ad6ad8e,data_ml,p_count_2,robo,1,27 Jan 2026 20:0:59
69791aa83033c05f8ad6ad8f,data_ml,p_count_2,robo,4,27 Jan 2026 20:6:0
69791bd43033c05f8ad6ad90,data_ml,p_count_2,robo,2,27 Jan 2026 20:11:0
69791d013033c05f8ad6ad91,data_ml,p_count_2,robo,4,27 Jan 2026 20:16:1
69791e2e3033c05f8ad6ad92,data_ml,p_count_2,robo,1,27 Jan 2026 20:21:2
69791f5a3033c05f8ad6ad93,data_ml,p_count_2,robo,2,27 Jan 2026 20:26:2
697920873033c05f8ad6ad94,data_ml,p_count_2,robo,2,27 Jan 2026 20:31:3
697921b33033c05f8ad6ad95,data_ml,p_count_2,robo,3,27 Jan 2026 20:36:3
697922e03033c05f8ad6ad96,data_ml,p_count_2,robo,3,27 Jan 2026 20:41:4
6979240c3033c05f8ad6ad97,data_ml,p_count_2,robo,4,27 Jan 2026 20:46:4
697925393033c05f8ad6ad98,data_ml,p_count_2,robo,5,27 Jan 2026 20:51:5
697926653033c05f8ad6ad99,data_ml,p_count_2,robo,1,27 Jan 2026 20:56:5
697927923033c05f8ad6ad9a,data_ml,p_count_2,robo,6,27 Jan 2026 21:1:6
697928be3033c05f8ad6ad9b,data_ml,p_count_2,robo,1,27 Jan 2026 21:6:6
697929eb3033c05f8ad6ad9c,data_ml,p_count_2,robo,4,27 Jan 2026 21:11:7
69792b173033c05f8ad6ad9d,data_ml,p_count_2,robo,8,27 Jan 2026 21:16:7
69792c443033c05f8ad6ad9e,data_ml,p_count_2,robo,1,27 Jan 2026 21:21:8
69792d703033c05f8ad6ad9f,data_ml,p_count_2,robo,1,27 Jan 2026 21:26:8
69792e9d3033c05f8ad6ada0,data_ml,p_count_2,robo,3,27 Jan 2026 21:31:9
69792fc93033c05f8ad6ada1,data_ml,p_count_2,robo,6,27 Jan 2026 21:36:9
697930f63033c05f8ad6ada2,data_ml,p_count_2,robo,5,27 Jan 2026 21:41:10
697932223033c05f8ad6ada3,data_ml,p_count_2,robo,3,27 Jan 2026 21:46:10
6979334f3033c05f8ad6ada4,data_ml,p_count_2,robo,1,27 Jan 2026 21:51:11
6979347b3033c05f8ad6ada5,data_ml,p_count_2,robo,1,27 Jan 2026 21:56:11
697935a83033c05f8ad6ada6,data_ml,p_count_2,robo,4,27 Jan 2026 22:1:12
697936d43033c05f8ad6ada7,data_ml,p_count_2,robo,6,27 Jan 2026 22:6:12
697938013033c05f8ad6ada8,data_ml,p_count_2,robo,1,27 Jan 2026 22:11:13
6979392d3033c05f8ad6ada9,data_ml,p_count_2,robo,0,27 Jan 2026 22:16:13
69793a5a3033c05f8ad6adaa,data_ml,p_count_2,robo,2,27 Jan 2026 22:21:14
69793b863033c05f8ad6adab,data_ml,p_count_2,robo,1,27 Jan 2026 22:26:14
69793cb33033c05f8ad6adac,data_ml,p_count_2,robo,3,27 Jan 2026 22:31:15
69793ddf3033c05f8ad6adad,data_ml,p_count_2,robo,3,27 Jan 2026 22:36:15
69793f0c3033c05f8ad6adae,data_ml,p_count_2,robo,4,27 Jan 2026 22:41:16
697940383033c05f8ad6adaf,data_ml,p_count_2,robo,3,27 Jan 2026 22:46:16
697941653033c05f8ad6adb0,data_ml,p_count_2,robo,1,27 Jan 2026 22:51:17
697942913033c05f8ad6adb1,data_ml,p_count_2,robo,1,27 Jan 2026 22:56:17
697943be3033c05f8ad6adb2,data_ml,p_count_2,robo,2,27 Jan 2026 23:1:18
697944ea3033c05f8ad6adb3,data_ml,p_count_2,robo,4,27 Jan 2026 23:6:18
697946173033c05f8ad6adb4,data_ml,p_count_2,robo,2,27 Jan 2026 23:11:19
697947433033c05f8ad6adb5,data_ml,p_count_2,robo,3,27 Jan 2026 23:16:19
697948703033c05f8ad6adb6,data_ml,p_count_2,robo,2,27 Jan 2026 23:21:20
6979499c3033c05f8ad6adb7,data_ml,p_count_2,robo,3,27 Jan 2026 23:26:20
69794ac93033c05f8ad6adb8,data_ml,p_count_2,robo,3,27 Jan 2026 23:31:21
69794bf63033c05f8ad6adb9,data_ml,p_count_2,robo,4,27 Jan 2026 23:36:22
69794d223033c05f8ad6adba,data_ml,p_count_2,robo,1,27 Jan 2026 23:41:22
69794e4f3033c05f8ad6adbb,data_ml,p_count_2,robo,3,27 Jan 2026 23:46:23
69794f7b3033c05f8ad6adbc,data_ml,p_count_2,robo,1,27 Jan 2026 23:51:23
697950a83033c05f8ad6adbd,data_ml,p_count_2,robo,4,27 Jan 2026 23:56:24
697951d43033c05f8ad6adbe,data_ml,p_count_2,robo,2,28 Jan 2026 0:1:24
697953013033c05f8ad6adbf,data_ml,p_count_2,robo,2,28 Jan 2026 0:6:25
6979542d3033c05f8ad6adc0,data_ml,p_count_2,robo,4,28 Jan 2026 0:11:25
6979555a3033c05f8ad6adc1,data_ml,p_count_2,robo,4,28 Jan 2026 0:16:26
697956863033c05f8ad6adc2,data_ml,p_count_2,robo,0,28 Jan 2026 0:21:26
697957b33033c05f8ad6adc3,data_ml,p_count_2,robo,2,28 Jan 2026 0:26:27
697958df3033c05f8ad6adc4,data_ml,p_count_2,robo,6,28 Jan 2026 0:31:27
69795a0c3033c05f8ad6adc5,data_ml,p_count_2,robo,3,28 Jan 2026 0:36:28
69795b383033c05f8ad6adc6,data_ml,p_count_2,robo,1,28 Jan 2026 0:41:28
69795c653033c05f8ad6adc7,data_ml,p_count_2,robo,3,28 Jan 2026 0:46:29
69795d913033c05f8ad6adc8,data_ml,p_count_2,robo,1,28 Jan 2026 0:51:29
69795ebe3033c05f8ad6adc9,data_ml,p_count_2,robo,1,28 Jan 2026 0:56:30
69795feb3033c05f8ad6adca,data_ml,p_count_2,robo,1,28 Jan 2026 1:1:31
697961173033c05f8ad6adcb,data_ml,p_count_2,robo,4,28 Jan 2026 1:6:31
697962443033c05f8ad6adcc,data_ml,p_count_2,robo,7,28 Jan 2026 1:11:32
697963703033c05f8ad6adcd,data_ml,p_count_2,robo,1,28 Jan 2026 1:16:32
6979649d3033c05f8ad6adce,data_ml,p_count_2,robo,6,28 Jan 2026 1:21:33
697965c93033c05f8ad6adcf,data_ml,p_count_2,robo,3,28 Jan 2026 1:26:33
697966f63033c05f8ad6add0,data_ml,p_count_2,robo,1,28 Jan 2026 1:31:34
697968223033c05f8ad6add1,data_ml,p_count_2,robo,4,28 Jan 2026 1:36:34
6979694f3033c05f8ad6add2,data_ml,p_count_2,robo,3,28 Jan 2026 1:41:35
69796a7b3033c05f8ad6add3,data_ml,p_count_2,robo,6,28 Jan 2026 1:46:35
69796ba83033c05f8ad6add4,data_ml,p_count_2,robo,1,28 Jan 2026 1:51:36
69796cd43033c05f8ad6add5,data_ml,p_count_2,robo,2,28 Jan 2026 1:56:36
69796e013033c05f8ad6add6,data_ml,p_count_2,robo,2,28 Jan 2026 2:1:37
69796f2d3033c05f8ad6add7,data_ml,p_count_2,robo,4,28 Jan 2026 2:6:37
6979705a3033c05f8ad6add8,data_ml,p_count_2,robo,4,28 Jan 2026 2:11:38
697971873033c05f8ad6add9,data_ml,p_count_2,robo,4,28 Jan 2026 2:16:39
697972b33033c05f8ad6adda,data_ml,p_count_2,robo,4,28 Jan 2026 2:21:39
697973e03033c05f8ad6addb,data_ml,p_count_2,robo,1,28 Jan 2026 2:26:40
6979750c3033c05f8ad6addc,data_ml,p_count_2,robo,2,28 Jan 2026 2:31:40
697976393033c05f8ad6addd,data_ml,p_count_2,robo,3,28 Jan 2026 2:36:41
697977653033c05f8ad6adde,data_ml,p_count_2,robo,4,28 Jan 2026 2:41:41
697978923033c05f8ad6addf,data_ml,p_count_2,robo,2,28 Jan 2026 2:46:42
697979be3033c05f8ad6ade0,data_ml,p_count_2,robo,1,28 Jan 2026 2:51:42
69797aeb3033c05f8ad6ade1,data_ml,p_count_2,robo,0,28 Jan 2026 2:56:43
69797c173033c05f8ad6ade2,data_ml,p_count_2,robo,3,28 Jan 2026 3:1:43
69797d443033c05f8ad6ade3,data_ml,p_count_2,robo,1,28 Jan 2026 3:6:44
69797e713033c05f8ad6ade4,data_ml,p_count_2,robo,0,28 Jan 2026 3:11:45
69797f9d3033c05f8ad6ade5,data_ml,p_count_2,robo,5,28 Jan 2026 3:16:45
697980ca3033c05f8ad6ade6,data_ml,p_count_2,robo,3,28 Jan 2026 3:21:46
697981f63033c05f8ad6ade7,data_ml,p_count_2,robo,1,28 Jan 2026 3:26:46
697983233033c05f8ad6ade8,data_ml,p_count_2,robo,3,28 Jan 2026 3:31:47
6979844f3033c05f8ad6ade9,data_ml,p_count_2,robo,1,28 Jan 2026 3:36:47
6979857c3033c05f8ad6adea,data_ml,p_count_2,robo,4,28 Jan 2026 3:41:48
697986a93033c05f8ad6adeb,data_ml,p_count_2,robo,1,28 Jan 2026 3:46:49
697987d53033c05f8ad6adec,data_ml,p_count_2,robo,5,28 Jan 2026 3:51:49
697989023033c05f8ad6aded,data_ml,p_count_2,robo,3,28 Jan 2026 3:56:50
69798a2e3033c05f8ad6adee,data_ml,p_count_2,robo,1,28 Jan 2026 4:1:50
69798b5b3033c05f8ad6adef,data_ml,p_count_2,robo,5,28 Jan 2026 4:6:51
69798c873033c05f8ad6adf0,data_ml,p_count_2,robo,3,28 Jan 2026 4:11:51
69798db43033c05f8ad6adf1,data_ml,p_count_2,robo,1,28 Jan 2026 4:16:52
69798ee03033c05f8ad6adf2,data_ml,p_count_2,robo,5,28 Jan 2026 4:21:52
6979900d3033c05f8ad6adf3,data_ml,p_count_2,robo,2,28 Jan 2026 4:26:53
697991393033c05f8ad6adf4,data_ml,p_count_2,robo,2,28 Jan 2026 4:31:53
697992663033c05f8ad6adf5,data_ml,p_count_2,robo,2,28 Jan 2026 4:36:54
697993923033c05f8ad6adf6,data_ml,p_count_2,robo,4,28 Jan 2026 4:41:54
697994bf3033c05f8ad6adf7,data_ml,p_count_2,robo,3,28 Jan 2026 4:46:55
697995eb3033c05f8ad6adf8,data_ml,p_count_2,robo,4,28 Jan 2026 4:51:55
697997183033c05f8ad6adf9,data_ml,p_count_2,robo,3,28 Jan 2026 4:56:56
697998453033c05f8ad6adfa,data_ml,p_count_2,robo,2,28 Jan 2026 5:1:57
697999713033c05f8ad6adfb,data_ml,p_count_2,robo,4,28 Jan 2026 5:6:57
69799a9e3033c05f8ad6adfc,data_ml,p_count_2,robo,4,28 Jan 2026 5:11:58
69799bca3033c05f8ad6adfd,data_ml,p_count_2,robo,2,28 Jan 2026 5:16:58
69799cf73033c05f8ad6adfe,data_ml,p_count_2,robo,3,28 Jan 2026 5:21:59
69799e233033c05f8ad6adff,data_ml,p_count_2,robo,1,28 Jan 2026 5:26:59
69799f503033c05f8ad6ae00,data_ml,p_count_2,robo,3,28 Jan 2026 5:32:0
6979a07c3033c05f8ad6ae01,data_ml,p_count_2,robo,3,28 Jan 2026 5:37:0
6979a1a93033c05f8ad6ae02,data_ml,p_count_2,robo,1,28 Jan 2026 5:42:1
6979a2d53033c05f8ad6ae03,data_ml,p_count_2,robo,3,28 Jan 2026 5:47:1
6979a4023033c05f8ad6ae04,data_ml,p_count_2,robo,2,28 Jan 2026 5:52:2
6979a52e3033c05f8ad6ae05,data_ml,p_count_2,robo,10,28 Jan 2026 5:57:2
6979a65b3033c05f8ad6ae06,data_ml,p_count_2,robo,2,28 Jan 2026 6:2:3
6979a7873033c05f8ad6ae07,data_ml,p_count_2,robo,5,28 Jan 2026 6:7:3
6979a8b43033c05f8ad6ae08,data_ml,p_count_2,robo,1,28 Jan 2026 6:12:4
6979a9e13033c05f8ad6ae09,data_ml,p_count_2,robo,5,28 Jan 2026 6:17:5
6979ab0d3033c05f8ad6ae0a,data_ml,p_count_2,robo,5,28 Jan 2026 6:22:5
6979ac3a3033c05f8ad6ae0b,data_ml,p_count_2,robo,3,28 Jan 2026 6:27:6
6979ad663033c05f8ad6ae0c,data_ml,p_count_2,robo,4,28 Jan 2026 6:32:6
6979ae933033c05f8ad6ae0d,data_ml,p_count_2,robo,2,28 Jan 2026 6:37:7
6979afbf3033c05f8ad6ae0e,data_ml,p_count_2,robo,2,28 Jan 2026 6:42:7
6979b0ec3033c05f8ad6ae0f,data_ml,p_count_2,robo,4,28 Jan 2026 6:47:8
6979b2183033c05f8ad6ae10,data_ml,p_count_2,robo,1,28 Jan 2026 6:52:8
6979b3453033c05f8ad6ae11,data_ml,p_count_2,robo,2,28 Jan 2026 6:57:9
6979b4713033c05f8ad6ae12,data_ml,p_count_2,robo,1,28 Jan 2026 7:2:9
6979b59e3033c05f8ad6ae13,data_ml,p_count_2,robo,2,28 Jan 2026 7:7:10
6979b6ca3033c05f8ad6ae14,data_ml,p_count_2,robo,1,28 Jan 2026 7:12:10
6979b7f73033c05f8ad6ae15,data_ml,p_count_2,robo,2,28 Jan 2026 7:17:11
6979b9243033c05f8ad6ae16,data_ml,p_count_2,robo,2,28 Jan 2026 7:22:12
6979ba503033c05f8ad6ae17,data_ml,p_count_2,robo,2,28 Jan 2026 7:27:12
6979bb7d3033c05f8ad6ae18,data_ml,p_count_2,robo,4,28 Jan 2026 7:32:13
6979bca93033c05f8ad6ae19,data_ml,p_count_2,robo,5,28 Jan 2026 7:37:13
6979bdd63033c05f8ad6ae1a,data_ml,p_count_2,robo,3,28 Jan 2026 7:42:14
6979bf023033c05f8ad6ae1b,data_ml,p_count_2,robo,4,28 Jan 2026 7:47:14
6979c02f3033c05f8ad6ae1c,data_ml,p_count_2,robo,5,28 Jan 2026 7:52:15
6979c15b3033c05f8ad6ae1d,data_ml,p_count_2,robo,5,28 Jan 2026 7:57:15
6979c2883033c05f8ad6ae1e,data_ml,p_count_2,robo,0,28 Jan 2026 8:2:16
6979c3b43033c05f8ad6ae1f,data_ml,p_count_2,robo,4,28 Jan 2026 8:7:16
6979c4e13033c05f8ad6ae20,data_ml,p_count_2,robo,6,28 Jan 2026 8:12:17
6979c60e3033c05f8ad6ae21,data_ml,p_count_2,robo,5,28 Jan 2026 8:17:18
6979c73a3033c05f8ad6ae22,data_ml,p_count_2,robo,4,28 Jan 2026 8:22:18
6979c8673033c05f8ad6ae23,data_ml,p_count_2,robo,6,28 Jan 2026 8:27:19
6979c9933033c05f8ad6ae24,data_ml,p_count_2,robo,3,28 Jan 2026 8:32:19
6979cac03033c05f8ad6ae25,data_ml,p_count_2,robo,4,28 Jan 2026 8:37:20
6979cbec3033c05f8ad6ae26,data_ml,p_count_2,robo,2,28 Jan 2026 8:42:20
6979cd193033c05f8ad6ae27,data_ml,p_count_2,robo,5,28 Jan 2026 8:47:21
6979ce463033c05f8ad6ae28,data_ml,p_count_2,robo,5,28 Jan 2026 8:52:22
6979cf723033c05f8ad6ae29,data_ml,p_count_2,robo,2,28 Jan 2026 8:57:22
6979d09f3033c05f8ad6ae2a,data_ml,p_count_2,robo,1,28 Jan 2026 9:2:23
6979d1cb3033c05f8ad6ae2b,data_ml,p_count_2,robo,1,28 Jan 2026 9:7:23
6979d2f83033c05f8ad6ae2c,data_ml,p_count_2,robo,2,28 Jan 2026 9:12:24
6979d4243033c05f8ad6ae2d,data_ml,p_count_2,robo,3,28 Jan 2026 9:17:24
6979d5513033c05f8ad6ae2e,data_ml,p_count_2,robo,1,28 Jan 2026 9:22:25
6979d67d3033c05f8ad6ae2f,data_ml,p_count_2,robo,1,28 Jan 2026 9:27:25
6979d7aa3033c05f8ad6ae30,data_ml,p_count_2,robo,4,28 Jan 2026 9:32:26
6979d8d63033c05f8ad6ae31,data_ml,p_count_2,robo,3,28 Jan 2026 9:37:26
6979da033033c05f8ad6ae32,data_ml,p_count_2,robo,2,28 Jan 2026 9:42:27
6979db2f3033c05f8ad6ae33,data_ml,p_count_2,robo,3,28 Jan 2026 9:47:27
6979dc5c3033c05f8ad6ae34,data_ml,p_count_2,robo,1,28 Jan 2026 9:52:28
6979dd883033c05f8ad6ae35,data_ml,p_count_2,robo,5,28 Jan 2026 9:57:28
6979deb53033c05f8ad6ae36,data_ml,p_count_2,robo,2,28 Jan 2026 10:2:29
6979dfe13033c05f8ad6ae37,data_ml,p_count_2,robo,2,28 Jan 2026 10:7:29
6979e10e3033c05f8ad6ae38,data_ml,p_count_2,robo,6,28 Jan 2026 10:12:30
6979e23b3033c05f8ad6ae39,data_ml,p_count_2,robo,1,28 Jan 2026 10:17:31
6979e3673033c05f8ad6ae3a,data_ml,p_count_2,robo,3,28 Jan 2026 10:22:31
6979e4943033c05f8ad6ae3b,data_ml,p_count_2,robo,2,28 Jan 2026 10:27:32
6979e5c03033c05f8ad6ae3c,data_ml,p_count_2,robo,5,28 Jan 2026 10:32:32
6979e6ed3033c05f8ad6ae3d,data_ml,p_count_2,robo,1,28 Jan 2026 10:37:33
6979e8193033c05f8ad6ae3e,data_ml,p_count_2,robo,9,28 Jan 2026 10:42:33
6979e9463033c05f8ad6ae3f,data_ml,p_count_2,robo,2,28 Jan 2026 10:47:34
6979ea723033c05f8ad6ae40,data_ml,p_count_2,robo,2,28 Jan 2026 10:52:34
6979eb9f3033c05f8ad6ae41,data_ml,p_count_2,robo,1,28 Jan 2026 10:57:35
6979eccc3033c05f8ad6ae42,data_ml,p_count_2,robo,5,28 Jan 2026 11:2:36
6979edf83033c05f8ad6ae43,data_ml,p_count_2,robo,5,28 Jan 2026 11:7:36
6979ef253033c05f8ad6ae44,data_ml,p_count_2,robo,3,28 Jan 2026 11:12:37
6979f0513033c05f8ad6ae45,data_ml,p_count_2,robo,2,28 Jan 2026 11:17:37
6979f17e3033c05f8ad6ae46,data_ml,p_count_2,robo,2,28 Jan 2026 11:22:38
6979f2aa3033c05f8ad6ae47,data_ml,p_count_2,robo,4,28 Jan 2026 11:27:38
6979f3d73033c05f8ad6ae48,data_ml,p_count_2,robo,5,28 Jan 2026 11:32:39
6979f5043033c05f8ad6ae49,data_ml,p_count_2,robo,2,28 Jan 2026 11:37:40
6979f6303033c05f8ad6ae4a,data_ml,p_count_2,robo,3,28 Jan 2026 11:42:40
6979f75d3033c05f8ad6ae4b,data_ml,p_count_2,robo,5,28 Jan 2026 11:47:41
6979f8893033c05f8ad6ae4c,data_ml,p_count_2,robo,4,28 Jan 2026 11:52:41
6979f9b63033c05f8ad6ae4d,data_ml,p_count_2,robo,2,28 Jan 2026 11:57:42
6979fae23033c05f8ad6ae4e,data_ml,p_count_2,robo,5,28 Jan 2026 12:2:42
6979fc0f3033c05f8ad6ae4f,data_ml,p_count_2,robo,3,28 Jan 2026 12:7:43
6979fd3c3033c05f8ad6ae50,data_ml,p_count_2,robo,2,28 Jan 2026 12:12:44
6979fe683033c05f8ad6ae51,data_ml,p_count_2,robo,4,28 Jan 2026 12:17:44
6979ff953033c05f8ad6ae52,data_ml,p_count_2,robo,3,28 Jan 2026 12:22:45
697a00c13033c05f8ad6ae53,data_ml,p_count_2,robo,6,28 Jan 2026 12:27:45
697a01ee3033c05f8ad6ae54,data_ml,p_count_2,robo,3,28 Jan 2026 12:32:46
697a031a3033c05f8ad6ae55,data_ml,p_count_2,robo,3,28 Jan 2026 12:37:46
697a04473033c05f8ad6ae56,data_ml,p_count_2,robo,5,28 Jan 2026 12:42:47
697a05733033c05f8ad6ae57,data_ml,p_count_2,robo,2,28 Jan 2026 12:47:47
697a06a03033c05f8ad6ae58,data_ml,p_count_2,robo,1,28 Jan 2026 12:52:48
697a07cc3033c05f8ad6ae59,data_ml,p_count_2,robo,4,28 Jan 2026 12:57:48
697a08f93033c05f8ad6ae5a,data_ml,p_count_2,robo,7,28 Jan 2026 13:2:49
697a0a263033c05f8ad6ae5b,data_ml,p_count_2,robo,2,28 Jan 2026 13:7:50
697a0b523033c05f8ad6ae5c,data_ml,p_count_2,robo,1,28 Jan 2026 13:12:50
697a0c7f3033c05f8ad6ae5d,data_ml,p_count_2,robo,2,28 Jan 2026 13:17:51
697a0dab3033c05f8ad6ae5e,data_ml,p_count_2,robo,3,28 Jan 2026 13:22:51
697a0ed83033c05f8ad6ae5f,data_ml,p_count_2,robo,4,28 Jan 2026 13:27:52
697a10043033c05f8ad6ae60,data_ml,p_count_2,robo,2,28 Jan 2026 13:32:52
697a11313033c05f8ad6ae61,data_ml,p_count_2,robo,1,28 Jan 2026 13:37:53
697a125d3033c05f8ad6ae62,data_ml,p_count_2,robo,2,28 Jan 2026 13:42:53
697a138a3033c05f8ad6ae63,data_ml,p_count_2,robo,4,28 Jan 2026 13:47:54
697a14b63033c05f8ad6ae64,data_ml,p_count_2,robo,2,28 Jan 2026 13:52:54
697a15e33033c05f8ad6ae65,data_ml,p_count_2,robo,5,28 Jan 2026 13:57:55
697a170f3033c05f8ad6ae66,data_ml,p_count_2,robo,1,28 Jan 2026 14:2:55
697a183c3033c05f8ad6ae67,data_ml,p_count_2,robo,2,28 Jan 2026 14:7:56
697a19683033c05f8ad6ae68,data_ml,p_count_2,robo,5,28 Jan 2026 14:12:56
697a1a953033c05f8ad6ae69,data_ml,p_count_2,robo,2,28 Jan 2026 14:17:57
697a1bc23033c05f8ad6ae6a,data_ml,p_count_2,robo,1,28 Jan 2026 14:22:58
697a1cee3033c05f8ad6ae6b,data_ml,p_count_2,robo,5,28 Jan 2026 14:27:58
697a1e1b3033c05f8ad6ae6c,data_ml,p_count_2,robo,2,28 Jan 2026 14:32:59
697a1f473033c05f8ad6ae6d,data_ml,p_count_2,robo,2,28 Jan 2026 14:37:59
697a20743033c05f8ad6ae6e,data_ml,p_count_2,robo,2,28 Jan 2026 14:43:0
697a21a03033c05f8ad6ae6f,data_ml,p_count_2,robo,2,28 Jan 2026 14:48:0
697a22cd3033c05f8ad6ae70,data_ml,p_count_2,robo,2,28 Jan 2026 14:53:1
697a23f93033c05f8ad6ae71,data_ml,p_count_2,robo,3,28 Jan 2026 14:58:1
697a25263033c05f8ad6ae72,data_ml,p_count_2,robo,4,28 Jan 2026 15:3:2
697a26523033c05f8ad6ae73,data_ml,p_count_2,robo,3,28 Jan 2026 15:8:2
697a277f3033c05f8ad6ae74,data_ml,p_count_2,robo,2,28 Jan 2026 15:13:3
697a28ab3033c05f8ad6ae75,data_ml,p_count_2,robo,1,28 Jan 2026 15:18:3
697a29d83033c05f8ad6ae76,data_ml,p_count_2,robo,4,28 Jan 2026 15:23:4
697a2b043033c05f8ad6ae77,data_ml,p_count_2,robo,2,28 Jan 2026 15:28:4
697a2c313033c05f8ad6ae78,data_ml,p_count_2,robo,5,28 Jan 2026 15:33:5
697a2d5d3033c05f8ad6ae79,data_ml,p_count_2,robo,1,28 Jan 2026 15:38:5
697a2e893033c05f8ad6ae7a,data_ml,p_count_2,robo,4,28 Jan 2026 15:43:5
697a2fb63033c05f8ad6ae7b,data_ml,p_count_2,robo,4,28 Jan 2026 15:48:6
697a30e33033c05f8ad6ae7c,data_ml,p_count_2,robo,1,28 Jan 2026 15:53:7
697a320f3033c05f8ad6ae7d,data_ml,p_count_2,robo,2,28 Jan 2026 15:58:7
697a333b3033c05f8ad6ae7e,data_ml,p_count_2,robo,5,28 Jan 2026 16:3:7
697a34683033c05f8ad6ae7f,data_ml,p_count_2,robo,0,28 Jan 2026 16:8:8
697a35953033c05f8ad6ae80,data_ml,p_count_2,robo,1,28 Jan 2026 16:13:9
697a36c13033c05f8ad6ae81,data_ml,p_count_2,robo,1,28 Jan 2026 16:18:9
697a37ee3033c05f8ad6ae82,data_ml,p_count_2,robo,2,28 Jan 2026 16:23:10
697a391a3033c05f8ad6ae83,data_ml,p_count_2,robo,3,28 Jan 2026 16:28:10
697a3a473033c05f8ad6ae84,data_ml,p_count_2,robo,2,28 Jan 2026 16:33:11
697a3b733033c05f8ad6ae85,data_ml,p_count_2,robo,2,28 Jan 2026 16:38:11
697a3ca03033c05f8ad6ae86,data_ml,p_count_2,robo,2,28 Jan 2026 16:43:12
697a3dcc3033c05f8ad6ae87,data_ml,p_count_2,robo,3,28 Jan 2026 16:48:12
697a3ef93033c05f8ad6ae88,data_ml,p_count_2,robo,3,28 Jan 2026 16:53:13
697a40253033c05f8ad6ae89,data_ml,p_count_2,robo,5,28 Jan 2026 16:58:13
697a41523033c05f8ad6ae8a,data_ml,p_count_2,robo,3,28 Jan 2026 17:3:14
697a427e3033c05f8ad6ae8b,data_ml,p_count_2,robo,5,28 Jan 2026 17:8:14
697a43ab170e635e64eebcf0,data_ml,p_count_2,robo,5,28 Jan 2026 17:13:15
697a44d7170e635e64eebcf1,data_ml,p_count_2,robo,2,28 Jan 2026 17:18:15
697a4604170e635e64eebcf2,data_ml,p_count_2,robo,3,28 Jan 2026 17:23:16
697a4730170e635e64eebcf3,data_ml,p_count_2,robo,4,28 Jan 2026 17:28:16
697a485d170e635e64eebcf4,data_ml,p_count_2,robo,4,28 Jan 2026 17:33:17
697a4989170e635e64eebcf5,data_ml,p_count_2,robo,4,28 Jan 2026 17:38:17
697a4ab6170e635e64eebcf6,data_ml,p_count_2,robo,2,28 Jan 2026 17:43:18
697a4be2170e635e64eebcf7,data_ml,p_count_2,robo,2,28 Jan 2026 17:48:18
697a4d0f170e635e64eebcf8,data_ml,p_count_2,robo,1,28 Jan 2026 17:53:19
697a4e3b170e635e64eebcf9,data_ml,p_count_2,robo,4,28 Jan 2026 17:58:19
697a4f68170e635e64eebcfa,data_ml,p_count_2,robo,3,28 Jan 2026 18:3:20
697a5094170e635e64eebcfb,data_ml,p_count_2,robo,2,28 Jan 2026 18:8:20
697a51c1170e635e64eebcfc,data_ml,p_count_2,robo,3,28 Jan 2026 18:13:21
697a52ed170e635e64eebcfd,data_ml,p_count_2,robo,1,28 Jan 2026 18:18:21
697a541a170e635e64eebcfe,data_ml,p_count_2,robo,3,28 Jan 2026 18:23:22
697a5546170e635e64eebcff,data_ml,p_count_2,robo,3,28 Jan 2026 18:28:22
697a5673170e635e64eebd00,data_ml,p_count_2,robo,3,28 Jan 2026 18:33:23
697a579f170e635e64eebd01,data_ml,p_count_2,robo,2,28 Jan 2026 18:38:23
697a58cc170e635e64eebd02,data_ml,p_count_2,robo,5,28 Jan 2026 18:43:24
697a59f8170e635e64eebd03,data_ml,p_count_2,robo,3,28 Jan 2026 18:48:24
697a5b25170e635e64eebd04,data_ml,p_count_2,robo,4,28 Jan 2026 18:53:25
697a5c51170e635e64eebd05,data_ml,p_count_2,robo,2,28 Jan 2026 18:58:25
697a5d7e170e635e64eebd06,data_ml,p_count_2,robo,7,28 Jan 2026 19:3:26
697a5eaa170e635e64eebd07,data_ml,p_count_2,robo,2,28 Jan 2026 19:8:26
697a5fd7170e635e64eebd08,data_ml,p_count_2,robo,2,28 Jan 2026 19:13:27
697a6103170e635e64eebd09,data_ml,p_count_2,robo,5,28 Jan 2026 19:18:27
697a6230170e635e64eebd0a,data_ml,p_count_2,robo,4,28 Jan 2026 19:23:28
697a635c170e635e64eebd0b,data_ml,p_count_2,robo,2,28 Jan 2026 19:28:28
697a6489170e635e64eebd0c,data_ml,p_count_2,robo,2,28 Jan 2026 19:33:29
697a65b5170e635e64eebd0d,data_ml,p_count_2,robo,0,28 Jan 2026 19:38:29
697a66e2170e635e64eebd0e,data_ml,p_count_2,robo,3,28 Jan 2026 19:43:30
697a680e170e635e64eebd0f,data_ml,p_count_2,robo,1,28 Jan 2026 19:48:30
697a693b170e635e64eebd10,data_ml,p_count_2,robo,5,28 Jan 2026 19:53:31
697a6a67170e635e64eebd11,data_ml,p_count_2,robo,3,28 Jan 2026 19:58:31
697a6b94170e635e64eebd12,data_ml,p_count_2,robo,0,28 Jan 2026 20:3:32
697a6cc0170e635e64eebd13,data_ml,p_count_2,robo,3,28 Jan 2026 20:8:32
697a6ded170e635e64eebd14,data_ml,p_count_2,robo,2,28 Jan 2026 20:13:33
697a6f19170e635e64eebd15,data_ml,p_count_2,robo,3,28 Jan 2026 20:18:33
697a7046170e635e64eebd16,data_ml,p_count_2,robo,4,28 Jan 2026 20:23:34
697a7172170e635e64eebd17,data_ml,p_count_2,robo,0,28 Jan 2026 20:28:34
697a729f170e635e64eebd18,data_ml,p_count_2,robo,5,28 Jan 2026 20:33:35
697a73cb170e635e64eebd19,data_ml,p_count_2,robo,2,28 Jan 2026 20:38:35
697a74f8170e635e64eebd1a,data_ml,p_count_2,robo,2,28 Jan 2026 20:43:36
697a7624170e635e64eebd1b,data_ml,p_count_2,robo,5,28 Jan 2026 20:48:36
697a7751170e635e64eebd1c,data_ml,p_count_2,robo,3,28 Jan 2026 20:53:37
697a787e170e635e64eebd1d,data_ml,p_count_2,robo,5,28 Jan 2026 20:58:38
697a79aa170e635e64eebd1e,data_ml,p_count_2,robo,2,28 Jan 2026 21:3:38
697a7ad6170e635e64eebd1f,data_ml,p_count_2,robo,2,28 Jan 2026 21:8:38
697a7c03170e635e64eebd20,data_ml,p_count_2,robo,2,28 Jan 2026 21:13:39
697a7d2f170e635e64eebd21,data_ml,p_count_2,robo,2,28 Jan 2026 21:18:39
697a7e5c170e635e64eebd22,data_ml,p_count_2,robo,0,28 Jan 2026 21:23:40
697a7f88170e635e64eebd23,data_ml,p_count_2,robo,3,28 Jan 2026 21:28:40
697a80b5170e635e64eebd24,data_ml,p_count_2,robo,4,28 Jan 2026 21:33:41
697a81e1170e635e64eebd25,data_ml,p_count_2,robo,1,28 Jan 2026 21:38:41
697a830e170e635e64eebd26,data_ml,p_count_2,robo,1,28 Jan 2026 21:43:42
697a843a170e635e64eebd27,data_ml,p_count_2,robo,2,28 Jan 2026 21:48:42
697a8567170e635e64eebd28,data_ml,p_count_2,robo,3,28 Jan 2026 21:53:43
697a8693170e635e64eebd29,data_ml,p_count_2,robo,5,28 Jan 2026 21:58:43
697a87c0170e635e64eebd2a,data_ml,p_count_2,robo,4,28 Jan 2026 22:3:44
697a88ec170e635e64eebd2b,data_ml,p_count_2,robo,4,28 Jan 2026 22:8:44
697a8a19170e635e64eebd2c,data_ml,p_count_2,robo,3,28 Jan 2026 22:13:45
697a8b45170e635e64eebd2d,data_ml,p_count_2,robo,3,28 Jan 2026 22:18:45
697a8c72170e635e64eebd2e,data_ml,p_count_2,robo,2,28 Jan 2026 22:23:46
697a8d9e170e635e64eebd2f,data_ml,p_count_2,robo,2,28 Jan 2026 22:28:46
697a8ecb170e635e64eebd30,data_ml,p_count_2,robo,1,28 Jan 2026 22:33:47
697a8ff7170e635e64eebd31,data_ml,p_count_2,robo,2,28 Jan 2026 22:38:47
697a9124170e635e64eebd32,data_ml,p_count_2,robo,6,28 Jan 2026 22:43:48
697a9250170e635e64eebd33,data_ml,p_count_2,robo,1,28 Jan 2026 22:48:48
697a937d170e635e64eebd34,data_ml,p_count_2,robo,5,28 Jan 2026 22:53:49
697a94a9170e635e64eebd35,data_ml,p_count_2,robo,3,28 Jan 2026 22:58:49
697a95d6170e635e64eebd36,data_ml,p_count_2,robo,1,28 Jan 2026 23:3:50
697a9702170e635e64eebd37,data_ml,p_count_2,robo,2,28 Jan 2026 23:8:50
697a982f170e635e64eebd38,data_ml,p_count_2,robo,1,28 Jan 2026 23:13:51
697a995c170e635e64eebd39,data_ml,p_count_2,robo,2,28 Jan 2026 23:18:52
697a9a88170e635e64eebd3a,data_ml,p_count_2,robo,8,28 Jan 2026 23:23:52
697a9bb5170e635e64eebd3b,data_ml,p_count_2,robo,4,28 Jan 2026 23:28:53
697a9ce1170e635e64eebd3c,data_ml,p_count_2,robo,1,28 Jan 2026 23:33:53
697a9e0e170e635e64eebd3d,data_ml,p_count_2,robo,1,28 Jan 2026 23:38:54
697a9f3a170e635e64eebd3e,data_ml,p_count_2,robo,0,28 Jan 2026 23:43:54
697aa066170e635e64eebd3f,data_ml,p_count_2,robo,3,28 Jan 2026 23:48:54
697aa193170e635e64eebd40,data_ml,p_count_2,robo,3,28 Jan 2026 23:53:55
697aa2c0170e635e64eebd41,data_ml,p_count_2,robo,2,28 Jan 2026 23:58:56
697aa3ec170e635e64eebd42,data_ml,p_count_2,robo,0,29 Jan 2026 0:3:56
697aa519170e635e64eebd43,data_ml,p_count_2,robo,2,29 Jan 2026 0:8:57
697aa645170e635e64eebd44,data_ml,p_count_2,robo,3,29 Jan 2026 0:13:57
697aa772170e635e64eebd45,data_ml,p_count_2,robo,2,29 Jan 2026 0:18:58
697aa89e170e635e64eebd46,data_ml,p_count_2,robo,1,29 Jan 2026 0:23:58
697aa9cb170e635e64eebd47,data_ml,p_count_2,robo,2,29 Jan 2026 0:28:59
697aaaf7170e635e64eebd48,data_ml,p_count_2,robo,5,29 Jan 2026 0:33:59
697aac24170e635e64eebd49,data_ml,p_count_2,robo,3,29 Jan 2026 0:39:0
697aad50170e635e64eebd4a,data_ml,p_count_2,robo,2,29 Jan 2026 0:44:0
697aae7d170e635e64eebd4b,data_ml,p_count_2,robo,0,29 Jan 2026 0:49:1
697aafa9170e635e64eebd4c,data_ml,p_count_2,robo,2,29 Jan 2026 0:54:1
697ab0d6170e635e64eebd4d,data_ml,p_count_2,robo,2,29 Jan 2026 0:59:2
697ab202170e635e64eebd4e,data_ml,p_count_2,robo,1,29 Jan 2026 1:4:2
697ab32f170e635e64eebd4f,data_ml,p_count_2,robo,4,29 Jan 2026 1:9:3
697ab45b170e635e64eebd50,data_ml,p_count_2,robo,2,29 Jan 2026 1:14:3
697ab588170e635e64eebd51,data_ml,p_count_2,robo,2,29 Jan 2026 1:19:4
697ab6b4170e635e64eebd52,data_ml,p_count_2,robo,1,29 Jan 2026 1:24:4
697ab7e1170e635e64eebd53,data_ml,p_count_2,robo,6,29 Jan 2026 1:29:5
697ab90d170e635e64eebd54,data_ml,p_count_2,robo,2,29 Jan 2026 1:34:5
697aba3a170e635e64eebd55,data_ml,p_count_2,robo,4,29 Jan 2026 1:39:6
697abb66170e635e64eebd56,data_ml,p_count_2,robo,3,29 Jan 2026 1:44:6
697abc93170e635e64eebd57,data_ml,p_count_2,robo,2,29 Jan 2026 1:49:7
697abdbf170e635e64eebd58,data_ml,p_count_2,robo,1,29 Jan 2026 1:54:7
697abeec170e635e64eebd59,data_ml,p_count_2,robo,3,29 Jan 2026 1:59:8
697ac018170e635e64eebd5a,data_ml,p_count_2,robo,0,29 Jan 2026 2:4:8
697ac145170e635e64eebd5b,data_ml,p_count_2,robo,3,29 Jan 2026 2:9:9
697ac271170e635e64eebd5c,data_ml,p_count_2,robo,3,29 Jan 2026 2:14:9
697ac39e170e635e64eebd5d,data_ml,p_count_2,robo,3,29 Jan 2026 2:19:10
697ac4ca170e635e64eebd5e,data_ml,p_count_2,robo,0,29 Jan 2026 2:24:10
697ac5f7170e635e64eebd5f,data_ml,p_count_2,robo,2,29 Jan 2026 2:29:11
697ac723170e635e64eebd60,data_ml,p_count_2,robo,3,29 Jan 2026 2:34:11
697ac850170e635e64eebd61,data_ml,p_count_2,robo,3,29 Jan 2026 2:39:12
697ac97c170e635e64eebd62,data_ml,p_count_2,robo,7,29 Jan 2026 2:44:12
697acaa9170e635e64eebd63,data_ml,p_count_2,robo,1,29 Jan 2026 2:49:13
697acbd5170e635e64eebd64,data_ml,p_count_2,robo,3,29 Jan 2026 2:54:13
697acd02170e635e64eebd65,data_ml,p_count_2,robo,3,29 Jan 2026 2:59:14
697ace2e170e635e64eebd66,data_ml,p_count_2,robo,3,29 Jan 2026 3:4:14
697acf5b170e635e64eebd67,data_ml,p_count_2,robo,1,29 Jan 2026 3:9:15
697ad087170e635e64eebd68,data_ml,p_count_2,robo,6,29 Jan 2026 3:14:15
697ad1b4170e635e64eebd69,data_ml,p_count_2,robo,4,29 Jan 2026 3:19:16
697ad2e0170e635e64eebd6a,data_ml,p_count_2,robo,4,29 Jan 2026 3:24:16
697ad40d170e635e64eebd6b,data_ml,p_count_2,robo,4,29 Jan 2026 3:29:17
697ad53a170e635e64eebd6c,data_ml,p_count_2,robo,1,29 Jan 2026 3:34:18
697ad666170e635e64eebd6d,data_ml,p_count_2,robo,2,29 Jan 2026 3:39:18
697ad793170e635e64eebd6e,data_ml,p_count_2,robo,1,29 Jan 2026 3:44:19
697ad8bf170e635e64eebd6f,data_ml,p_count_2,robo,3,29 Jan 2026 3:49:19
697ad9ec170e635e64eebd70,data_ml,p_count_2,robo,2,29 Jan 2026 3:54:20
697adb18170e635e64eebd71,data_ml,p_count_2,robo,1,29 Jan 2026 3:59:20
697adc45170e635e64eebd72,data_ml,p_count_2,robo,3,29 Jan 2026 4:4:21
697add71170e635e64eebd73,data_ml,p_count_2,robo,1,29 Jan 2026 4:9:21
697ade9e170e635e64eebd74,data_ml,p_count_2,robo,4,29 Jan 2026 4:14:22
697adfca170e635e64eebd75,data_ml,p_count_2,robo,1,29 Jan 2026 4:19:22
697ae0f7170e635e64eebd76,data_ml,p_count_2,robo,2,29 Jan 2026 4:24:23
697ae224170e635e64eebd77,data_ml,p_count_2,robo,1,29 Jan 2026 4:29:24
697ae350170e635e64eebd78,data_ml,p_count_2,robo,2,29 Jan 2026 4:34:24
697ae47d170e635e64eebd79,data_ml,p_count_2,robo,3,29 Jan 2026 4:39:25
697ae5a9170e635e64eebd7a,data_ml,p_count_2,robo,1,29 Jan 2026 4:44:25
697ae6d6170e635e64eebd7b,data_ml,p_count_2,robo,2,29 Jan 2026 4:49:26
697ae802170e635e64eebd7c,data_ml,p_count_2,robo,0,29 Jan 2026 4:54:26
697ae92f170e635e64eebd7d,data_ml,p_count_2,robo,2,29 Jan 2026 4:59:27
697aea5b170e635e64eebd7e,data_ml,p_count_2,robo,4,29 Jan 2026 5:4:27
697aeb88170e635e64eebd7f,data_ml,p_count_2,robo,3,29 Jan 2026 5:9:28
697aecb4170e635e64eebd80,data_ml,p_count_2,robo,1,29 Jan 2026 5:14:28
697aede1170e635e64eebd81,data_ml,p_count_2,robo,2,29 Jan 2026 5:19:29
697aef0d170e635e64eebd82,data_ml,p_count_2,robo,3,29 Jan 2026 5:24:29
697af03a170e635e64eebd83,data_ml,p_count_2,robo,1,29 Jan 2026 5:29:30
697af167170e635e64eebd84,data_ml,p_count_2,robo,1,29 Jan 2026 5:34:31
697af293170e635e64eebd85,data_ml,p_count_2,robo,0,29 Jan 2026 5:39:31
697af3c0170e635e64eebd86,data_ml,p_count_2,robo,2,29 Jan 2026 5:44:32
697af4ec170e635e64eebd87,data_ml,p_count_2,robo,3,29 Jan 2026 5:49:32
697af619170e635e64eebd88,data_ml,p_count_2,robo,3,29 Jan 2026 5:54:33
697af745170e635e64eebd89,data_ml,p_count_2,robo,4,29 Jan 2026 5:59:33
697af872170e635e64eebd8a,data_ml,p_count_2,robo,5,29 Jan 2026 6:4:34
697af99e170e635e64eebd8b,data_ml,p_count_2,robo,1,29 Jan 2026 6:9:34
697afacb170e635e64eebd8c,data_ml,p_count_2,robo,2,29 Jan 2026 6:14:35
697afbf7170e635e64eebd8d,data_ml,p_count_2,robo,5,29 Jan 2026 6:19:35
697afd24170e635e64eebd8e,data_ml,p_count_2,robo,5,29 Jan 2026 6:24:36
697afe50170e635e64eebd8f,data_ml,p_count_2,robo,7,29 Jan 2026 6:29:36
697aff7d170e635e64eebd90,data_ml,p_count_2,robo,5,29 Jan 2026 6:34:37
697b00aa170e635e64eebd91,data_ml,p_count_2,robo,3,29 Jan 2026 6:39:38
697b01d6170e635e64eebd92,data_ml,p_count_2,robo,4,29 Jan 2026 6:44:38
697b0303170e635e64eebd93,data_ml,p_count_2,robo,1,29 Jan 2026 6:49:39
697b042f170e635e64eebd94,data_ml,p_count_2,robo,3,29 Jan 2026 6:54:39
697b055c170e635e64eebd95,data_ml,p_count_2,robo,1,29 Jan 2026 6:59:40
697b0688170e635e64eebd96,data_ml,p_count_2,robo,32,29 Jan 2026 7:4:40
697b07b5170e635e64eebd97,data_ml,p_count_2,robo,0,29 Jan 2026 7:9:41
697b08e1170e635e64eebd98,data_ml,p_count_2,robo,1,29 Jan 2026 7:14:41
697b0a0e170e635e64eebd99,data_ml,p_count_2,robo,1,29 Jan 2026 7:19:42
697b0b3a170e635e64eebd9a,data_ml,p_count_2,robo,3,29 Jan 2026 7:24:42
697b0c67170e635e64eebd9b,data_ml,p_count_2,robo,6,29 Jan 2026 7:29:43
697b0d94170e635e64eebd9c,data_ml,p_count_2,robo,4,29 Jan 2026 7:34:44
697b0ec0170e635e64eebd9d,data_ml,p_count_2,robo,5,29 Jan 2026 7:39:44
697b0fed170e635e64eebd9e,data_ml,p_count_2,robo,1,29 Jan 2026 7:44:45
697b1119170e635e64eebd9f,data_ml,p_count_2,robo,2,29 Jan 2026 7:49:45
697b1246170e635e64eebda0,data_ml,p_count_2,robo,4,29 Jan 2026 7:54:46
697b1372170e635e64eebda1,data_ml,p_count_2,robo,2,29 Jan 2026 7:59:46
697b1e18170e635e64eebda2,data_ml,p_count_2,robo,0,29 Jan 2026 8:45:12
697b1f44170e635e64eebda3,data_ml,p_count_2,robo,0,29 Jan 2026 8:50:12
697b2071170e635e64eebda4,data_ml,p_count_2,robo,0,29 Jan 2026 8:55:13
697b219d170e635e64eebda5,data_ml,p_count_2,robo,0,29 Jan 2026 9:0:13
697b22ca170e635e64eebda6,data_ml,p_count_2,robo,0,29 Jan 2026 9:5:14
697b23f6170e635e64eebda7,data_ml,p_count_2,robo,0,29 Jan 2026 9:10:14
697b2523170e635e64eebda8,data_ml,p_count_2,robo,0,29 Jan 2026 9:15:15
697b264f170e635e64eebda9,data_ml,p_count_2,robo,0,29 Jan 2026 9:20:15
697b277c170e635e64eebdaa,data_ml,p_count_2,robo,0,29 Jan 2026 9:25:16
697b28a9170e635e64eebdab,data_ml,p_count_2,robo,0,29 Jan 2026 9:30:17
697b29d5170e635e64eebdac,data_ml,p_count_2,robo,0,29 Jan 2026 9:35:17
697b2b02170e635e64eebdad,data_ml,p_count_2,robo,0,29 Jan 2026 9:40:18
697b2c2e170e635e64eebdae,data_ml,p_count_2,robo,0,29 Jan 2026 9:45:18
697b2d5b170e635e64eebdaf,data_ml,p_count_2,robo,0,29 Jan 2026 9:50:19
697b2e87170e635e64eebdb0,data_ml,p_count_2,robo,0,29 Jan 2026 9:55:19
697b2fb4170e635e64eebdb1,data_ml,p_count_2,robo,0,29 Jan 2026 10:0:20
697b30e1170e635e64eebdb2,data_ml,p_count_2,robo,0,29 Jan 2026 10:5:21
697b320d170e635e64eebdb3,data_ml,p_count_2,robo,20,29 Jan 2026 10:10:21
697b333a170e635e64eebdb4,data_ml,p_count_2,robo,0,29 Jan 2026 10:15:22
697b3466170e635e64eebdb5,data_ml,p_count_2,robo,0,29 Jan 2026 10:20:22
697b3593170e635e64eebdb6,data_ml,p_count_2,robo,0,29 Jan 2026 10:25:23
697b36bf170e635e64eebdb7,data_ml,p_count_2,robo,0,29 Jan 2026 10:30:23
697b37ec170e635e64eebdb8,data_ml,p_count_2,robo,0,29 Jan 2026 10:35:24
697b3919170e635e64eebdb9,data_ml,p_count_2,robo,0,29 Jan 2026 10:40:25
697b3a45170e635e64eebdba,data_ml,p_count_2,robo,0,29 Jan 2026 10:45:25
697b3b72170e635e64eebdbb,data_ml,p_count_2,robo,0,29 Jan 2026 10:50:26
697b3c9e170e635e64eebdbc,data_ml,p_count_2,robo,0,29 Jan 2026 10:55:26
697b3dcb170e635e64eebdbd,data_ml,p_count_2,robo,0,29 Jan 2026 11:0:27
697b3ef7170e635e64eebdbe,data_ml,p_count_2,robo,0,29 Jan 2026 11:5:27
697b4024170e635e64eebdbf,data_ml,p_count_2,robo,0,29 Jan 2026 11:10:28
697b4150170e635e64eebdc0,data_ml,p_count_2,robo,0,29 Jan 2026 11:15:28
697b427d170e635e64eebdc1,data_ml,p_count_2,robo,0,29 Jan 2026 11:20:29
697b43aa170e635e64eebdc2,data_ml,p_count_2,robo,0,29 Jan 2026 11:25:30
697b44d6170e635e64eebdc3,data_ml,p_count_2,robo,0,29 Jan 2026 11:30:30
697b4603170e635e64eebdc4,data_ml,p_count_2,robo,0,29 Jan 2026 11:35:31
697b472f170e635e64eebdc5,data_ml,p_count_2,robo,0,29 Jan 2026 11:40:31
697b485c170e635e64eebdc6,data_ml,p_count_2,robo,0,29 Jan 2026 11:45:32
697b4989170e635e64eebdc7,data_ml,p_count_2,robo,0,29 Jan 2026 11:50:33
697b4ab5170e635e64eebdc8,data_ml,p_count_2,robo,0,29 Jan 2026 11:55:33
697b4be2170e635e64eebdc9,data_ml,p_count_2,robo,1,29 Jan 2026 12:0:34
697b4d0e170e635e64eebdca,data_ml,p_count_2,robo,0,29 Jan 2026 12:5:34
697b4e3b170e635e64eebdcb,data_ml,p_count_2,robo,0,29 Jan 2026 12:10:35
697b4f67170e635e64eebdcc,data_ml,p_count_2,robo,0,29 Jan 2026 12:15:35
697b5094170e635e64eebdcd,data_ml,p_count_2,robo,0,29 Jan 2026 12:20:36
697b51c0170e635e64eebdce,data_ml,p_count_2,robo,0,29 Jan 2026 12:25:36
697b52ed170e635e64eebdcf,data_ml,p_count_2,robo,0,29 Jan 2026 12:30:37
697b5419170e635e64eebdd0,data_ml,p_count_2,robo,0,29 Jan 2026 12:35:37
697b5546170e635e64eebdd1,data_ml,p_count_2,robo,0,29 Jan 2026 12:40:38
697b5672170e635e64eebdd2,data_ml,p_count_2,robo,0,29 Jan 2026 12:45:38
697b579f170e635e64eebdd3,data_ml,p_count_2,robo,0,29 Jan 2026 12:50:39
697b58cc170e635e64eebdd4,data_ml,p_count_2,robo,0,29 Jan 2026 12:55:40
697b59f8170e635e64eebdd5,data_ml,p_count_2,robo,0,29 Jan 2026 13:0:40
697b5b25170e635e64eebdd6,data_ml,p_count_2,robo,0,29 Jan 2026 13:5:41
697b5c51170e635e64eebdd7,data_ml,p_count_2,robo,0,29 Jan 2026 13:10:41
697b5d7e170e635e64eebdd8,data_ml,p_count_2,robo,0,29 Jan 2026 13:15:42
697b5eaa170e635e64eebdd9,data_ml,p_count_2,robo,0,29 Jan 2026 13:20:42
697b5fd7170e635e64eebdda,data_ml,p_count_2,robo,0,29 Jan 2026 13:25:43
697b6103170e635e64eebddb,data_ml,p_count_2,robo,0,29 Jan 2026 13:30:43
697b6230170e635e64eebddc,data_ml,p_count_2,robo,0,29 Jan 2026 13:35:44
697b635d170e635e64eebddd,data_ml,p_count_2,robo,0,29 Jan 2026 13:40:45
697b6489170e635e64eebdde,data_ml,p_count_2,robo,0,29 Jan 2026 13:45:45
697b65b6170e635e64eebddf,data_ml,p_count_2,robo,0,29 Jan 2026 13:50:46
697b66e2170e635e64eebde0,data_ml,p_count_2,robo,0,29 Jan 2026 13:55:46
697b680f170e635e64eebde1,data_ml,p_count_2,robo,0,29 Jan 2026 14:0:47
697b693b170e635e64eebde2,data_ml,p_count_2,robo,0,29 Jan 2026 14:5:47
697b6a68170e635e64eebde3,data_ml,p_count_2,robo,1,29 Jan 2026 14:10:48
697b6b95170e635e64eebde4,data_ml,p_count_2,robo,0,29 Jan 2026 14:15:49
697b6cc1170e635e64eebde5,data_ml,p_count_2,robo,0,29 Jan 2026 14:20:49
697b6dee170e635e64eebde6,data_ml,p_count_2,robo,0,29 Jan 2026 14:25:50
697b6f1a170e635e64eebde9,data_ml,p_count_2,robo,2,29 Jan 2026 14:30:50
697b7047170e635e64eebdea,data_ml,p_count_2,robo,0,29 Jan 2026 14:35:51
697b7173170e635e64eebdeb,data_ml,p_count_2,robo,0,29 Jan 2026 14:40:51
697b72a0170e635e64eebdec,data_ml,p_count_2,robo,0,29 Jan 2026 14:45:52
697b73cc170e635e64eebded,data_ml,p_count_2,robo,0,29 Jan 2026 14:50:52
697b74f9170e635e64eebdee,data_ml,p_count_2,robo,1,29 Jan 2026 14:55:53
697b762696d79a09d6b0fe94,data_ml,p_count_2,robo,0,29 Jan 2026 15:0:54
697b775296d79a09d6b0fe95,data_ml,p_count_2,robo,0,29 Jan 2026 15:5:54
697b787f96d79a09d6b0fe96,data_ml,p_count_2,robo,0,29 Jan 2026 15:10:55
697b79ab96d79a09d6b0fe97,data_ml,p_count_2,robo,0,29 Jan 2026 15:15:55
697b7ad896d79a09d6b0fe98,data_ml,p_count_2,robo,0,29 Jan 2026 15:20:56
697b7c0596d79a09d6b0fe99,data_ml,p_count_2,robo,0,29 Jan 2026 15:25:57
697b7d3196d79a09d6b0fe9a,data_ml,p_count_2,robo,0,29 Jan 2026 15:30:57
697b7e5e96d79a09d6b0fe9b,data_ml,p_count_2,robo,0,29 Jan 2026 15:35:58
697b7f8a96d79a09d6b0fe9c,data_ml,p_count_2,robo,0,29 Jan 2026 15:40:58
697b80b796d79a09d6b0fe9d,data_ml,p_count_2,robo,0,29 Jan 2026 15:45:59
697b81e396d79a09d6b0fe9e,data_ml,p_count_2,robo,0,29 Jan 2026 15:50:59
697b831096d79a09d6b0fe9f,data_ml,p_count_2,robo,0,29 Jan 2026 15:56:0
697b843d96d79a09d6b0fea0,data_ml,p_count_2,robo,0,29 Jan 2026 16:1:1
697b856996d79a09d6b0fea1,data_ml,p_count_2,robo,0,29 Jan 2026 16:6:1
697b869696d79a09d6b0fea2,data_ml,p_count_2,robo,0,29 Jan 2026 16:11:2
697b87c296d79a09d6b0fea3,data_ml,p_count_2,robo,0,29 Jan 2026 16:16:2
697b88ef96d79a09d6b0fea4,data_ml,p_count_2,robo,0,29 Jan 2026 16:21:3
697b8a1b96d79a09d6b0fea5,data_ml,p_count_2,robo,0,29 Jan 2026 16:26:3
697b8b4896d79a09d6b0fea6,data_ml,p_count_2,robo,0,29 Jan 2026 16:31:4
697b8c7596d79a09d6b0fea7,data_ml,p_count_2,robo,0,29 Jan 2026 16:36:5
697b8da196d79a09d6b0fea8,data_ml,p_count_2,robo,0,29 Jan 2026 16:41:5
697b8ece96d79a09d6b0fea9,data_ml,p_count_2,robo,0,29 Jan 2026 16:46:6
697b8ffa3e859cb8f3f45b52,data_ml,p_count_2,robo,4,29 Jan 2026 16:51:6
697b91273e859cb8f3f45b53,data_ml,p_count_2,robo,0,29 Jan 2026 16:56:7
697b92533e859cb8f3f45b54,data_ml,p_count_2,robo,1,29 Jan 2026 17:1:7
697b93803e859cb8f3f45b55,data_ml,p_count_2,robo,0,29 Jan 2026 17:6:8
697b94ad3e859cb8f3f45b56,data_ml,p_count_2,robo,0,29 Jan 2026 17:11:9
697b95d93e859cb8f3f45b57,data_ml,p_count_2,robo,0,29 Jan 2026 17:16:9
697b97063e859cb8f3f45b58,data_ml,p_count_2,robo,0,29 Jan 2026 17:21:10
697b98323e859cb8f3f45b59,data_ml,p_count_2,robo,0,29 Jan 2026 17:26:10
697b995f3e859cb8f3f45b5a,data_ml,p_count_2,robo,0,29 Jan 2026 17:31:11
697b9a8b3e859cb8f3f45b5b,data_ml,p_count_2,robo,0,29 Jan 2026 17:36:11
697b9bb83e859cb8f3f45b5c,data_ml,p_count_2,robo,0,29 Jan 2026 17:41:12
697b9ce53e859cb8f3f45b5d,data_ml,p_count_2,robo,1,29 Jan 2026 17:46:13
697b9e113e859cb8f3f45b5e,data_ml,p_count_2,robo,0,29 Jan 2026 17:51:13
697b9f3e3e859cb8f3f45b5f,data_ml,p_count_2,robo,0,29 Jan 2026 17:56:14
697ba06a3e859cb8f3f45b60,data_ml,p_count_2,robo,0,29 Jan 2026 18:1:14
697ba1973e859cb8f3f45b61,data_ml,p_count_2,robo,0,29 Jan 2026 18:6:15
697ba2c33e859cb8f3f45b62,data_ml,p_count_2,robo,0,29 Jan 2026 18:11:15
697ba3f03e859cb8f3f45b63,data_ml,p_count_2,robo,0,29 Jan 2026 18:16:16
697ba51c3e859cb8f3f45b64,data_ml,p_count_2,robo,0,29 Jan 2026 18:21:16
697ba6493e859cb8f3f45b65,data_ml,p_count_2,robo,0,29 Jan 2026 18:26:17
697ba7763e859cb8f3f45b66,data_ml,p_count_2,robo,0,29 Jan 2026 18:31:18
697ba8a23e859cb8f3f45b67,data_ml,p_count_2,robo,1,29 Jan 2026 18:36:18
697ba9cf3e859cb8f3f45b68,data_ml,p_count_2,robo,0,29 Jan 2026 18:41:19
697baafb3e859cb8f3f45b69,data_ml,p_count_2,robo,0,29 Jan 2026 18:46:19
697bac283e859cb8f3f45b6a,data_ml,p_count_2,robo,0,29 Jan 2026 18:51:20
697bad543e859cb8f3f45b6b,data_ml,p_count_2,robo,0,29 Jan 2026 18:56:20
697bae813e859cb8f3f45b6c,data_ml,p_count_2,robo,0,29 Jan 2026 19:1:21
697bafad3e859cb8f3f45b6d,data_ml,p_count_2,robo,0,29 Jan 2026 19:6:21
697bb0da3e859cb8f3f45b6e,data_ml,p_count_2,robo,0,29 Jan 2026 19:11:22
697bb2063e859cb8f3f45b6f,data_ml,p_count_2,robo,0,29 Jan 2026 19:16:22
697bb3333e859cb8f3f45b70,data_ml,p_count_2,robo,0,29 Jan 2026 19:21:23
697bb4603e859cb8f3f45b71,data_ml,p_count_2,robo,0,29 Jan 2026 19:26:24
697bb58c3e859cb8f3f45b72,data_ml,p_count_2,robo,0,29 Jan 2026 19:31:24
697bb6b93e859cb8f3f45b73,data_ml,p_count_2,robo,0,29 Jan 2026 19:36:25
697bb7e53e859cb8f3f45b74,data_ml,p_count_2,robo,0,29 Jan 2026 19:41:25
697bb9123e859cb8f3f45b75,data_ml,p_count_2,robo,0,29 Jan 2026 19:46:26
697bba3e3e859cb8f3f45b76,data_ml,p_count_2,robo,0,29 Jan 2026 19:51:26
697bbb6b3e859cb8f3f45b77,data_ml,p_count_2,robo,0,29 Jan 2026 19:56:27
697bbc973e859cb8f3f45b78,data_ml,p_count_2,robo,0,29 Jan 2026 20:1:27
697bbdc43e859cb8f3f45b79,data_ml,p_count_2,robo,0,29 Jan 2026 20:6:28
697bbef03e859cb8f3f45b7a,data_ml,p_count_2,robo,0,29 Jan 2026 20:11:28
697bc01d3e859cb8f3f45b7b,data_ml,p_count_2,robo,0,29 Jan 2026 20:16:29
697bc1493e859cb8f3f45b7c,data_ml,p_count_2,robo,0,29 Jan 2026 20:21:29
697bc2763e859cb8f3f45b7d,data_ml,p_count_2,robo,0,29 Jan 2026 20:26:30
697bc3a23e859cb8f3f45b7e,data_ml,p_count_2,robo,0,29 Jan 2026 20:31:30
697bc4cf3e859cb8f3f45b7f,data_ml,p_count_2,robo,0,29 Jan 2026 20:36:31
697bc5fb3e859cb8f3f45b80,data_ml,p_count_2,robo,0,29 Jan 2026 20:41:31
697bc7283e859cb8f3f45b81,data_ml,p_count_2,robo,0,29 Jan 2026 20:46:32
697bc8543e859cb8f3f45b82,data_ml,p_count_2,robo,0,29 Jan 2026 20:51:32
697bc9813e859cb8f3f45b83,data_ml,p_count_2,robo,0,29 Jan 2026 20:56:33
697bcaae3e859cb8f3f45b84,data_ml,p_count_2,robo,0,29 Jan 2026 21:1:34
697bcbda3e859cb8f3f45b85,data_ml,p_count_2,robo,0,29 Jan 2026 21:6:34
697bcd073e859cb8f3f45b86,data_ml,p_count_2,robo,0,29 Jan 2026 21:11:35
697bce333e859cb8f3f45b87,data_ml,p_count_2,robo,0,29 Jan 2026 21:16:35
697bcf603e859cb8f3f45b88,data_ml,p_count_2,robo,0,29 Jan 2026 21:21:36
697bd08c3e859cb8f3f45b89,data_ml,p_count_2,robo,0,29 Jan 2026 21:26:36
697bd1b93e859cb8f3f45b8a,data_ml,p_count_2,robo,0,29 Jan 2026 21:31:37
697bd2e53e859cb8f3f45b8b,data_ml,p_count_2,robo,0,29 Jan 2026 21:36:37
697bd4123e859cb8f3f45b8c,data_ml,p_count_2,robo,0,29 Jan 2026 21:41:38
697bd53e3e859cb8f3f45b8d,data_ml,p_count_2,robo,0,29 Jan 2026 21:46:38
697bd66b3e859cb8f3f45b8e,data_ml,p_count_2,robo,0,29 Jan 2026 21:51:39
697bd7973e859cb8f3f45b8f,data_ml,p_count_2,robo,0,29 Jan 2026 21:56:39
697bd8c43e859cb8f3f45b90,data_ml,p_count_2,robo,0,29 Jan 2026 22:1:40
697bd9f03e859cb8f3f45b91,data_ml,p_count_2,robo,0,29 Jan 2026 22:6:40
697bdb1d3e859cb8f3f45b92,data_ml,p_count_2,robo,0,29 Jan 2026 22:11:41
697bdc493e859cb8f3f45b93,data_ml,p_count_2,robo,0,29 Jan 2026 22:16:41
697bdd763e859cb8f3f45b94,data_ml,p_count_2,robo,0,29 Jan 2026 22:21:42
697bdea23e859cb8f3f45b95,data_ml,p_count_2,robo,0,29 Jan 2026 22:26:42
697bdfcf3e859cb8f3f45b96,data_ml,p_count_2,robo,0,29 Jan 2026 22:31:43
697be0fc3e859cb8f3f45b97,data_ml,p_count_2,robo,0,29 Jan 2026 22:36:44
697be2283e859cb8f3f45b98,data_ml,p_count_2,robo,0,29 Jan 2026 22:41:44
697be3553e859cb8f3f45b99,data_ml,p_count_2,robo,0,29 Jan 2026 22:46:45
697be4813e859cb8f3f45b9a,data_ml,p_count_2,robo,0,29 Jan 2026 22:51:45
697be5ae3e859cb8f3f45b9b,data_ml,p_count_2,robo,0,29 Jan 2026 22:56:46
697be6da3e859cb8f3f45b9c,data_ml,p_count_2,robo,0,29 Jan 2026 23:1:46
697be8073e859cb8f3f45b9d,data_ml,p_count_2,robo,0,29 Jan 2026 23:6:47
697be9333e859cb8f3f45b9e,data_ml,p_count_2,robo,0,29 Jan 2026 23:11:47
697bea603e859cb8f3f45b9f,data_ml,p_count_2,robo,0,29 Jan 2026 23:16:48
697beb8c3e859cb8f3f45ba0,data_ml,p_count_2,robo,0,29 Jan 2026 23:21:48
697becb93e859cb8f3f45ba1,data_ml,p_count_2,robo,0,29 Jan 2026 23:26:49
697bede53e859cb8f3f45ba2,data_ml,p_count_2,robo,0,29 Jan 2026 23:31:49
697bef123e859cb8f3f45ba3,data_ml,p_count_2,robo,0,29 Jan 2026 23:36:50
697bf03e3e859cb8f3f45ba4,data_ml,p_count_2,robo,0,29 Jan 2026 23:41:50
697bf16b3e859cb8f3f45ba5,data_ml,p_count_2,robo,0,29 Jan 2026 23:46:51
697bf2983e859cb8f3f45ba6,data_ml,p_count_2,robo,0,29 Jan 2026 23:51:52
697bf3c43e859cb8f3f45ba7,data_ml,p_count_2,robo,0,29 Jan 2026 23:56:52
697bf4f13e859cb8f3f45ba8,data_ml,p_count_2,robo,0,30 Jan 2026 0:1:53
697bf61d3e859cb8f3f45ba9,data_ml,p_count_2,robo,0,30 Jan 2026 0:6:53
697bf74a3e859cb8f3f45baa,data_ml,p_count_2,robo,0,30 Jan 2026 0:11:54
697bf8763e859cb8f3f45bab,data_ml,p_count_2,robo,0,30 Jan 2026 0:16:54
697bf9a33e859cb8f3f45bac,data_ml,p_count_2,robo,0,30 Jan 2026 0:21:55
697bfacf3e859cb8f3f45bad,data_ml,p_count_2,robo,0,30 Jan 2026 0:26:55
697bfbfc3e859cb8f3f45bae,data_ml,p_count_2,robo,0,30 Jan 2026 0:31:56
697bfd293e859cb8f3f45baf,data_ml,p_count_2,robo,0,30 Jan 2026 0:36:57
697bfe553e859cb8f3f45bb0,data_ml,p_count_2,robo,0,30 Jan 2026 0:41:57
697bff823e859cb8f3f45bb1,data_ml,p_count_2,robo,0,30 Jan 2026 0:46:58
697c00ae3e859cb8f3f45bb2,data_ml,p_count_2,robo,0,30 Jan 2026 0:51:58
697c01db3e859cb8f3f45bb3,data_ml,p_count_2,robo,0,30 Jan 2026 0:56:59
697c03073e859cb8f3f45bb4,data_ml,p_count_2,robo,0,30 Jan 2026 1:1:59
697c04343e859cb8f3f45bb5,data_ml,p_count_2,robo,0,30 Jan 2026 1:7:0
697c05613e859cb8f3f45bb6,data_ml,p_count_2,robo,0,30 Jan 2026 1:12:1
697c068d3e859cb8f3f45bb7,data_ml,p_count_2,robo,0,30 Jan 2026 1:17:1
697c07ba3e859cb8f3f45bb8,data_ml,p_count_2,robo,0,30 Jan 2026 1:22:2
697c08e63e859cb8f3f45bb9,data_ml,p_count_2,robo,0,30 Jan 2026 1:27:2
697c0a133e859cb8f3f45bba,data_ml,p_count_2,robo,0,30 Jan 2026 1:32:3
697c0b3f3e859cb8f3f45bbb,data_ml,p_count_2,robo,0,30 Jan 2026 1:37:3
697c0c6c3e859cb8f3f45bbc,data_ml,p_count_2,robo,0,30 Jan 2026 1:42:4
697c0d993e859cb8f3f45bbd,data_ml,p_count_2,robo,0,30 Jan 2026 1:47:5
697c0ec53e859cb8f3f45bbe,data_ml,p_count_2,robo,0,30 Jan 2026 1:52:5
697c0ff23e859cb8f3f45bbf,data_ml,p_count_2,robo,0,30 Jan 2026 1:57:6
697c111e3e859cb8f3f45bc0,data_ml,p_count_2,robo,0,30 Jan 2026 2:2:6
697c124b3e859cb8f3f45bc1,data_ml,p_count_2,robo,0,30 Jan 2026 2:7:7
697c13773e859cb8f3f45bc2,data_ml,p_count_2,robo,0,30 Jan 2026 2:12:7
697c14a43e859cb8f3f45bc3,data_ml,p_count_2,robo,0,30 Jan 2026 2:17:8
697c15d13e859cb8f3f45bc4,data_ml,p_count_2,robo,0,30 Jan 2026 2:22:9
697c16fd3e859cb8f3f45bc5,data_ml,p_count_2,robo,0,30 Jan 2026 2:27:9
697c182a3e859cb8f3f45bc6,data_ml,p_count_2,robo,0,30 Jan 2026 2:32:10
697c19563e859cb8f3f45bc7,data_ml,p_count_2,robo,0,30 Jan 2026 2:37:10
697c1a833e859cb8f3f45bc8,data_ml,p_count_2,robo,0,30 Jan 2026 2:42:11
697c1bb03e859cb8f3f45bc9,data_ml,p_count_2,robo,0,30 Jan 2026 2:47:12
697c1cdc3e859cb8f3f45bca,data_ml,p_count_2,robo,0,30 Jan 2026 2:52:12
697c1e093e859cb8f3f45bcb,data_ml,p_count_2,robo,0,30 Jan 2026 2:57:13
697c1f353e859cb8f3f45bcc,data_ml,p_count_2,robo,0,30 Jan 2026 3:2:13
697c20623e859cb8f3f45bcd,data_ml,p_count_2,robo,0,30 Jan 2026 3:7:14
697c218e3e859cb8f3f45bce,data_ml,p_count_2,robo,0,30 Jan 2026 3:12:14
697c22bb3e859cb8f3f45bcf,data_ml,p_count_2,robo,0,30 Jan 2026 3:17:15
697c23e83e859cb8f3f45bd0,data_ml,p_count_2,robo,0,30 Jan 2026 3:22:16
697c25143e859cb8f3f45bd1,data_ml,p_count_2,robo,0,30 Jan 2026 3:27:16
697c26413e859cb8f3f45bd2,data_ml,p_count_2,robo,0,30 Jan 2026 3:32:17
697c276d3e859cb8f3f45bd3,data_ml,p_count_2,robo,0,30 Jan 2026 3:37:17
697c289a3e859cb8f3f45bd4,data_ml,p_count_2,robo,0,30 Jan 2026 3:42:18
697c29c73e859cb8f3f45bd5,data_ml,p_count_2,robo,0,30 Jan 2026 3:47:19
697c2af33e859cb8f3f45bd6,data_ml,p_count_2,robo,0,30 Jan 2026 3:52:19
697c2c203e859cb8f3f45bd7,data_ml,p_count_2,robo,0,30 Jan 2026 3:57:20
697c2d4c3e859cb8f3f45bd8,data_ml,p_count_2,robo,0,30 Jan 2026 4:2:20
697c2e793e859cb8f3f45bd9,data_ml,p_count_2,robo,0,30 Jan 2026 4:7:21
697c2fa53e859cb8f3f45bda,data_ml,p_count_2,robo,0,30 Jan 2026 4:12:21
697c30d23e859cb8f3f45bdb,data_ml,p_count_2,robo,0,30 Jan 2026 4:17:22
697c31fe3e859cb8f3f45bdc,data_ml,p_count_2,robo,0,30 Jan 2026 4:22:22
697c332b3e859cb8f3f45bdd,data_ml,p_count_2,robo,0,30 Jan 2026 4:27:23
697c34583e859cb8f3f45bde,data_ml,p_count_2,robo,0,30 Jan 2026 4:32:24
697c35843e859cb8f3f45bdf,data_ml,p_count_2,robo,0,30 Jan 2026 4:37:24
697c36b13e859cb8f3f45be0,data_ml,p_count_2,robo,0,30 Jan 2026 4:42:25
697c37dd3e859cb8f3f45be1,data_ml,p_count_2,robo,0,30 Jan 2026 4:47:25
697c390a3e859cb8f3f45be2,data_ml,p_count_2,robo,0,30 Jan 2026 4:52:26
697c3a363e859cb8f3f45be3,data_ml,p_count_2,robo,0,30 Jan 2026 4:57:26
697c3b643e859cb8f3f45be4,data_ml,p_count_2,robo,0,30 Jan 2026 5:2:28
697c3c903e859cb8f3f45be5,data_ml,p_count_2,robo,0,30 Jan 2026 5:7:28
697c3dbc3e859cb8f3f45be6,data_ml,p_count_2,robo,0,30 Jan 2026 5:12:28
697c3ee93e859cb8f3f45be7,data_ml,p_count_2,robo,0,30 Jan 2026 5:17:29
697c40153e859cb8f3f45be8,data_ml,p_count_2,robo,0,30 Jan 2026 5:22:29
697c41423e859cb8f3f45be9,data_ml,p_count_2,robo,0,30 Jan 2026 5:27:30
697c426f3e859cb8f3f45bea,data_ml,p_count_2,robo,0,30 Jan 2026 5:32:31
697c439b3e859cb8f3f45beb,data_ml,p_count_2,robo,0,30 Jan 2026 5:37:31
697c44c83e859cb8f3f45bec,data_ml,p_count_2,robo,0,30 Jan 2026 5:42:32
697c45f43e859cb8f3f45bed,data_ml,p_count_2,robo,0,30 Jan 2026 5:47:32
697c47213e859cb8f3f45bee,data_ml,p_count_2,robo,0,30 Jan 2026 5:52:33
697c484d3e859cb8f3f45bef,data_ml,p_count_2,robo,0,30 Jan 2026 5:57:33
697c497a3e859cb8f3f45bf0,data_ml,p_count_2,robo,0,30 Jan 2026 6:2:34
697c4aa63e859cb8f3f45bf1,data_ml,p_count_2,robo,1,30 Jan 2026 6:7:34
697c4bd33e859cb8f3f45bf2,data_ml,p_count_2,robo,0,30 Jan 2026 6:12:35
697c4d003e859cb8f3f45bf3,data_ml,p_count_2,robo,0,30 Jan 2026 6:17:36
697c4e2c3e859cb8f3f45bf4,data_ml,p_count_2,robo,0,30 Jan 2026 6:22:36
697c4f593e859cb8f3f45bf5,data_ml,p_count_2,robo,0,30 Jan 2026 6:27:37
697c50853e859cb8f3f45bf6,data_ml,p_count_2,robo,0,30 Jan 2026 6:32:37
697c51b23e859cb8f3f45bf7,data_ml,p_count_2,robo,0,30 Jan 2026 6:37:38
697c52de3e859cb8f3f45bf8,data_ml,p_count_2,robo,0,30 Jan 2026 6:42:38
697c540b3e859cb8f3f45bf9,data_ml,p_count_2,robo,0,30 Jan 2026 6:47:39
697c55383e859cb8f3f45bfa,data_ml,p_count_2,robo,0,30 Jan 2026 6:52:40
697c56643e859cb8f3f45bfb,data_ml,p_count_2,robo,0,30 Jan 2026 6:57:40
697c57913e859cb8f3f45bfc,data_ml,p_count_2,robo,0,30 Jan 2026 7:2:41
697c58bd3e859cb8f3f45bfd,data_ml,p_count_2,robo,0,30 Jan 2026 7:7:41
697c59ea3e859cb8f3f45bfe,data_ml,p_count_2,robo,0,30 Jan 2026 7:12:42
697c5b163e859cb8f3f45bff,data_ml,p_count_2,robo,1,30 Jan 2026 7:17:42
697c5c433e859cb8f3f45c00,data_ml,p_count_2,robo,0,30 Jan 2026 7:22:43
697c5d703e859cb8f3f45c01,data_ml,p_count_2,robo,0,30 Jan 2026 7:27:44
697c5e9c3e859cb8f3f45c02,data_ml,p_count_2,robo,0,30 Jan 2026 7:32:44
697c5fc93e859cb8f3f45c03,data_ml,p_count_2,robo,0,30 Jan 2026 7:37:45
697c60f53e859cb8f3f45c04,data_ml,p_count_2,robo,0,30 Jan 2026 7:42:45
697c62223e859cb8f3f45c05,data_ml,p_count_2,robo,0,30 Jan 2026 7:47:46
697c634f3e859cb8f3f45c06,data_ml,p_count_2,robo,1,30 Jan 2026 7:52:47
697c647b3e859cb8f3f45c07,data_ml,p_count_2,robo,0,30 Jan 2026 7:57:47
697c65a83e859cb8f3f45c08,data_ml,p_count_2,robo,0,30 Jan 2026 8:2:48
697c66d43e859cb8f3f45c09,data_ml,p_count_2,robo,0,30 Jan 2026 8:7:48
697c68013e859cb8f3f45c0a,data_ml,p_count_2,robo,0,30 Jan 2026 8:12:49
697c692d3e859cb8f3f45c0b,data_ml,p_count_2,robo,0,30 Jan 2026 8:17:49
697c6a5a3e859cb8f3f45c0c,data_ml,p_count_2,robo,0,30 Jan 2026 8:22:50
697c6b873e859cb8f3f45c0d,data_ml,p_count_2,robo,0,30 Jan 2026 8:27:51
697c6cb33e859cb8f3f45c0e,data_ml,p_count_2,robo,4,30 Jan 2026 8:32:51
697c6de03e859cb8f3f45c0f,data_ml,p_count_2,robo,0,30 Jan 2026 8:37:52
697c6f0c3e859cb8f3f45c10,data_ml,p_count_2,robo,0,30 Jan 2026 8:42:52
697c70393e859cb8f3f45c11,data_ml,p_count_2,robo,0,30 Jan 2026 8:47:53
697c71663e859cb8f3f45c12,data_ml,p_count_2,robo,0,30 Jan 2026 8:52:54
697c72923e859cb8f3f45c13,data_ml,p_count_2,robo,0,30 Jan 2026 8:57:54
697c73bf3e859cb8f3f45c14,data_ml,p_count_2,robo,0,30 Jan 2026 9:2:55
697c74eb3e859cb8f3f45c15,data_ml,p_count_2,robo,1,30 Jan 2026 9:7:55
697c76183e859cb8f3f45c16,data_ml,p_count_2,robo,2,30 Jan 2026 9:12:56
697c77453e859cb8f3f45c17,data_ml,p_count_2,robo,0,30 Jan 2026 9:17:57
697c78713e859cb8f3f45c18,data_ml,p_count_2,robo,0,30 Jan 2026 9:22:57
697c799e3e859cb8f3f45c19,data_ml,p_count_2,robo,0,30 Jan 2026 9:27:58
697c7aca3e859cb8f3f45c1a,data_ml,p_count_2,robo,0,30 Jan 2026 9:32:58
697c7bf73e859cb8f3f45c1b,data_ml,p_count_2,robo,0,30 Jan 2026 9:37:59
697c7d243e859cb8f3f45c1c,data_ml,p_count_2,robo,0,30 Jan 2026 9:43:0
697c7e503e859cb8f3f45c1d,data_ml,p_count_2,robo,0,30 Jan 2026 9:48:0
697c7f7d3e859cb8f3f45c1e,data_ml,p_count_2,robo,2,30 Jan 2026 9:53:1
697c80a93e859cb8f3f45c1f,data_ml,p_count_2,robo,0,30 Jan 2026 9:58:1
697c81d63e859cb8f3f45c20,data_ml,p_count_2,robo,2,30 Jan 2026 10:3:2
697c83033e859cb8f3f45c21,data_ml,p_count_2,robo,0,30 Jan 2026 10:8:3
697c842f3e859cb8f3f45c22,data_ml,p_count_2,robo,0,30 Jan 2026 10:13:3
697c855c3e859cb8f3f45c26,data_ml,p_count_2,robo,0,30 Jan 2026 10:18:4
697c86883e859cb8f3f45c27,data_ml,p_count_2,robo,0,30 Jan 2026 10:23:4
697c87b53e859cb8f3f45c28,data_ml,p_count_2,robo,0,30 Jan 2026 10:28:5
697c88e23e859cb8f3f45c2a,data_ml,p_count_2,robo,1,30 Jan 2026 10:33:6
697c8a0e3e859cb8f3f45c2c,data_ml,p_count_2,robo,1,30 Jan 2026 10:38:6
697c8fcd3e859cb8f3f45c30,data_ml,p_count_2,robo,13,30 Jan 2026 11:2:37
697c8fec3e859cb8f3f45c31,data_ml,p_count_2,robo,28,30 Jan 2026 11:3:8
697c900a3e859cb8f3f45c32,data_ml,p_count_2,robo,29,30 Jan 2026 11:3:38
697c93133e859cb8f3f45c36,data_ml,p_count_2,robo,5,30 Jan 2026 11:16:35
697c94403e859cb8f3f45c38,data_ml,p_count_2,robo,9,30 Jan 2026 11:21:36
697c956c3e859cb8f3f45c3a,data_ml,p_count_2,robo,5,30 Jan 2026 11:26:36
697c96993e859cb8f3f45c3c,data_ml,p_count_2,robo,18,30 Jan 2026 11:31:37
697c97c53e859cb8f3f45c3e,data_ml,p_count_2,robo,5,30 Jan 2026 11:36:37
697c98f23e859cb8f3f45c40,data_ml,p_count_2,robo,6,30 Jan 2026 11:41:38
697c9a1e3e859cb8f3f45c42,data_ml,p_count_2,robo,1,30 Jan 2026 11:46:38
697c9b4b3e859cb8f3f45c44,data_ml,p_count_2,robo,36,30 Jan 2026 11:51:39
697c9c773e859cb8f3f45c46,data_ml,p_count_2,robo,6,30 Jan 2026 11:56:39
697c9da43e859cb8f3f45c48,data_ml,p_count_2,robo,13,30 Jan 2026 12:1:40
697c9ed13e859cb8f3f45c4a,data_ml,p_count_2,robo,7,30 Jan 2026 12:6:41
697c9ffd3e859cb8f3f45c4c,data_ml,p_count_2,robo,0,30 Jan 2026 12:11:41
697ca12a3e859cb8f3f45c4e,data_ml,p_count_2,robo,0,30 Jan 2026 12:16:42
697ca2563e859cb8f3f45c50,data_ml,p_count_2,robo,2,30 Jan 2026 12:21:42
697ca3833e859cb8f3f45c52,data_ml,p_count_2,robo,5,30 Jan 2026 12:26:43
697ca4af3e859cb8f3f45c54,data_ml,p_count_2,robo,3,30 Jan 2026 12:31:43
697ca5dc3e859cb8f3f45c56,data_ml,p_count_2,robo,2,30 Jan 2026 12:36:44
697ca7083e859cb8f3f45c58,data_ml,p_count_2,robo,3,30 Jan 2026 12:41:44
697ca8353e859cb8f3f45c5a,data_ml,p_count_2,robo,1,30 Jan 2026 12:46:45
697ca9613e859cb8f3f45c5c,data_ml,p_count_2,robo,3,30 Jan 2026 12:51:45
697caa8e3e859cb8f3f45c5e,data_ml,p_count_2,robo,10,30 Jan 2026 12:56:46
697cabbb3e859cb8f3f45c60,data_ml,p_count_2,robo,0,30 Jan 2026 13:1:47
697cace73e859cb8f3f45c62,data_ml,p_count_2,robo,11,30 Jan 2026 13:6:47
697cae143e859cb8f3f45c64,data_ml,p_count_2,robo,7,30 Jan 2026 13:11:48
697caf403e859cb8f3f45c66,data_ml,p_count_2,robo,4,30 Jan 2026 13:16:48
697cb06d3e859cb8f3f45c68,data_ml,p_count_2,robo,17,30 Jan 2026 13:21:49
697cb1993e859cb8f3f45c6a,data_ml,p_count_2,robo,0,30 Jan 2026 13:26:49
697cb2c63e859cb8f3f45c6c,data_ml,p_count_2,robo,5,30 Jan 2026 13:31:50
697cb3f23e859cb8f3f45c6e,data_ml,p_count_2,robo,7,30 Jan 2026 13:36:50
697cb51f3e859cb8f3f45c70,data_ml,p_count_2,robo,6,30 Jan 2026 13:41:51
697cb64c3e859cb8f3f45c72,data_ml,p_count_2,robo,13,30 Jan 2026 13:46:52
697cb7783e859cb8f3f45c74,data_ml,p_count_2,robo,1,30 Jan 2026 13:51:52
697cb8a53e859cb8f3f45c76,data_ml,p_count_2,robo,1,30 Jan 2026 13:56:53
697cb9d13e859cb8f3f45c78,data_ml,p_count_2,robo,3,30 Jan 2026 14:1:53
697cbafe3e859cb8f3f45c7a,data_ml,p_count_2,robo,0,30 Jan 2026 14:6:54
697cbc2a3e859cb8f3f45c7c,data_ml,p_count_2,robo,4,30 Jan 2026 14:11:54
697cbd573e859cb8f3f45c7e,data_ml,p_count_2,robo,8,30 Jan 2026 14:16:55
697cbe833e859cb8f3f45c80,data_ml,p_count_2,robo,7,30 Jan 2026 14:21:55
697cbfb03e859cb8f3f45c82,data_ml,p_count_2,robo,6,30 Jan 2026 14:26:56
697cc0dd3e859cb8f3f45c84,data_ml,p_count_2,robo,20,30 Jan 2026 14:31:57
697cc2093e859cb8f3f45c86,data_ml,p_count_2,robo,26,30 Jan 2026 14:36:57
697cc3363e859cb8f3f45c88,data_ml,p_count_2,robo,1,30 Jan 2026 14:41:58
697cc4623e859cb8f3f45c8a,data_ml,p_count_2,robo,14,30 Jan 2026 14:46:58
697cc58f3e859cb8f3f45c8c,data_ml,p_count_2,robo,2,30 Jan 2026 14:51:59
697cc6bb3e859cb8f3f45c8e,data_ml,p_count_2,robo,4,30 Jan 2026 14:56:59
697cc7e83e859cb8f3f45c90,data_ml,p_count_2,robo,10,30 Jan 2026 15:2:0
697cc9153e859cb8f3f45c92,data_ml,p_count_2,robo,1,30 Jan 2026 15:7:1
697cca413e859cb8f3f45c94,data_ml,p_count_2,robo,5,30 Jan 2026 15:12:1
697ccb6e3e859cb8f3f45c96,data_ml,p_count_2,robo,7,30 Jan 2026 15:17:2
697ccc9b3e859cb8f3f45c98,data_ml,p_count_2,robo,159,30 Jan 2026 15:22:3
697ccdc83e859cb8f3f45c9a,data_ml,p_count_2,robo,284,30 Jan 2026 15:27:4
697ccef63e859cb8f3f45c9c,data_ml,p_count_2,robo,289,30 Jan 2026 15:32:6
697cd0233e859cb8f3f45c9e,data_ml,p_count_2,robo,286,30 Jan 2026 15:37:7
697cd1503e859cb8f3f45ca0,data_ml,p_count_2,robo,289,30 Jan 2026 15:42:8
697cd27d3e859cb8f3f45ca2,data_ml,p_count_2,robo,289,30 Jan 2026 15:47:9
697cd3aa3e859cb8f3f45ca4,data_ml,p_count_2,robo,289,30 Jan 2026 15:52:10
697cd4d83e859cb8f3f45ca6,data_ml,p_count_2,robo,289,30 Jan 2026 15:57:12
697cd6053e859cb8f3f45ca8,data_ml,p_count_2,robo,289,30 Jan 2026 16:2:13
697cd7323e859cb8f3f45caa,data_ml,p_count_2,robo,289,30 Jan 2026 16:7:14
697cd85f3e859cb8f3f45cac,data_ml,p_count_2,robo,289,30 Jan 2026 16:12:15
697cd98c3e859cb8f3f45cae,data_ml,p_count_2,robo,289,30 Jan 2026 16:17:16
697cdab93e859cb8f3f45cb0,data_ml,p_count_2,robo,289,30 Jan 2026 16:22:17
697cdbe63e859cb8f3f45cb2,data_ml,p_count_2,robo,211,30 Jan 2026 16:27:18
697cdd133e859cb8f3f45cb4,data_ml,p_count_2,robo,140,30 Jan 2026 16:32:19
697cde403e859cb8f3f45cb6,data_ml,p_count_2,robo,289,30 Jan 2026 16:37:20
697cdf6d3e859cb8f3f45cb8,data_ml,p_count_2,robo,289,30 Jan 2026 16:42:21
697ce09a3e859cb8f3f45cba,data_ml,p_count_2,robo,289,30 Jan 2026 16:47:22
697ce1c73e859cb8f3f45cbc,data_ml,p_count_2,robo,289,30 Jan 2026 16:52:23
697ce2f53e859cb8f3f45cbe,data_ml,p_count_2,robo,289,30 Jan 2026 16:57:25
697ce42262e6fa86acbc885c,data_ml,p_count_2,robo,289,30 Jan 2026 17:2:26
697ce54f62e6fa86acbc885e,data_ml,p_count_2,robo,289,30 Jan 2026 17:7:27
697ce67b62e6fa86acbc8860,data_ml,p_count_2,robo,286,30 Jan 2026 17:12:27
697ce7a862e6fa86acbc8862,data_ml,p_count_2,robo,289,30 Jan 2026 17:17:28
697ce8d662e6fa86acbc8864,data_ml,p_count_2,robo,289,30 Jan 2026 17:22:30
697cea0362e6fa86acbc8866,data_ml,p_count_2,robo,289,30 Jan 2026 17:27:31
697ceb3062e6fa86acbc8868,data_ml,p_count_2,robo,289,30 Jan 2026 17:32:32
697cec5d62e6fa86acbc886a,data_ml,p_count_2,robo,289,30 Jan 2026 17:37:33
697ced8a62e6fa86acbc886c,data_ml,p_count_2,robo,289,30 Jan 2026 17:42:34
697ceeb762e6fa86acbc886e,data_ml,p_count_2,robo,289,30 Jan 2026 17:47:35
697cefe462e6fa86acbc8870,data_ml,p_count_2,robo,289,30 Jan 2026 17:52:36
697cf11162e6fa86acbc8872,data_ml,p_count_2,robo,289,30 Jan 2026 17:57:37
697cf23f62e6fa86acbc8874,data_ml,p_count_2,robo,289,30 Jan 2026 18:2:39
697cf36c62e6fa86acbc8876,data_ml,p_count_2,robo,289,30 Jan 2026 18:7:40
697cf49962e6fa86acbc8878,data_ml,p_count_2,robo,289,30 Jan 2026 18:12:41
697cf5c662e6fa86acbc887a,data_ml,p_count_2,robo,267,30 Jan 2026 18:17:42
697cf6f262e6fa86acbc887c,data_ml,p_count_2,robo,9,30 Jan 2026 18:22:42
697cf81f62e6fa86acbc887e,data_ml,p_count_2,robo,97,30 Jan 2026 18:27:43
697cf94c62e6fa86acbc8880,data_ml,p_count_2,robo,289,30 Jan 2026 18:32:44
697cfa7a62e6fa86acbc8882,data_ml,p_count_2,robo,289,30 Jan 2026 18:37:46
697cfba762e6fa86acbc8884,data_ml,p_count_2,robo,289,30 Jan 2026 18:42:47
697cfcd462e6fa86acbc8886,data_ml,p_count_2,robo,289,30 Jan 2026 18:47:48
697cfe0162e6fa86acbc8888,data_ml,p_count_2,robo,289,30 Jan 2026 18:52:49
697cff2e62e6fa86acbc888a,data_ml,p_count_2,robo,289,30 Jan 2026 18:57:50
697d005b62e6fa86acbc888c,data_ml,p_count_2,robo,289,30 Jan 2026 19:2:51
697d018962e6fa86acbc888e,data_ml,p_count_2,robo,289,30 Jan 2026 19:7:53
697d02b662e6fa86acbc8890,data_ml,p_count_2,robo,289,30 Jan 2026 19:12:54
697d03e362e6fa86acbc8892,data_ml,p_count_2,robo,289,30 Jan 2026 19:17:55
697d051062e6fa86acbc8894,data_ml,p_count_2,robo,289,30 Jan 2026 19:22:56
697d063d62e6fa86acbc8896,data_ml,p_count_2,robo,289,30 Jan 2026 19:27:57
697d076a62e6fa86acbc8898,data_ml,p_count_2,robo,289,30 Jan 2026 19:32:58
697d089862e6fa86acbc889a,data_ml,p_count_2,robo,289,30 Jan 2026 19:38:0
697d09c562e6fa86acbc889c,data_ml,p_count_2,robo,289,30 Jan 2026 19:43:1
697d0af262e6fa86acbc889e,data_ml,p_count_2,robo,289,30 Jan 2026 19:48:2
697d0c1f62e6fa86acbc88a0,data_ml,p_count_2,robo,289,30 Jan 2026 19:53:3
697d0d4c62e6fa86acbc88a2,data_ml,p_count_2,robo,289,30 Jan 2026 19:58:4
697d0e7962e6fa86acbc88a4,data_ml,p_count_2,robo,289,30 Jan 2026 20:3:5
697d0fa762e6fa86acbc88a6,data_ml,p_count_2,robo,289,30 Jan 2026 20:8:7
697d10d462e6fa86acbc88a8,data_ml,p_count_2,robo,289,30 Jan 2026 20:13:8
697d120162e6fa86acbc88aa,data_ml,p_count_2,robo,289,30 Jan 2026 20:18:9
697d132e62e6fa86acbc88ac,data_ml,p_count_2,robo,289,30 Jan 2026 20:23:10
697d145b62e6fa86acbc88ae,data_ml,p_count_2,robo,289,30 Jan 2026 20:28:11
697d158862e6fa86acbc88b0,data_ml,p_count_2,robo,289,30 Jan 2026 20:33:12
697d16b662e6fa86acbc88b2,data_ml,p_count_2,robo,289,30 Jan 2026 20:38:14
697d17e362e6fa86acbc88b4,data_ml,p_count_2,robo,289,30 Jan 2026 20:43:15
697d191062e6fa86acbc88b6,data_ml,p_count_2,robo,289,30 Jan 2026 20:48:16
697d1a3d62e6fa86acbc88b8,data_ml,p_count_2,robo,289,30 Jan 2026 20:53:17
697d1b6a62e6fa86acbc88ba,data_ml,p_count_2,robo,289,30 Jan 2026 20:58:18
697d1c9862e6fa86acbc88bc,data_ml,p_count_2,robo,289,30 Jan 2026 21:3:20
697d1dc562e6fa86acbc88be,data_ml,p_count_2,robo,289,30 Jan 2026 21:8:21
697d1ef262e6fa86acbc88c0,data_ml,p_count_2,robo,289,30 Jan 2026 21:13:22
697d201f62e6fa86acbc88c2,data_ml,p_count_2,robo,289,30 Jan 2026 21:18:23
697d214c62e6fa86acbc88c4,data_ml,p_count_2,robo,289,30 Jan 2026 21:23:24
697d227962e6fa86acbc88c6,data_ml,p_count_2,robo,289,30 Jan 2026 21:28:25
697d23a762e6fa86acbc88c8,data_ml,p_count_2,robo,289,30 Jan 2026 21:33:27
697d24d462e6fa86acbc88ca,data_ml,p_count_2,robo,289,30 Jan 2026 21:38:28
697d260162e6fa86acbc88cc,data_ml,p_count_2,robo,289,30 Jan 2026 21:43:29
697d272e62e6fa86acbc88ce,data_ml,p_count_2,robo,289,30 Jan 2026 21:48:30
697d285b62e6fa86acbc88d0,data_ml,p_count_2,robo,289,30 Jan 2026 21:53:31
697d298862e6fa86acbc88d2,data_ml,p_count_2,robo,289,30 Jan 2026 21:58:32
697d2ab562e6fa86acbc88d4,data_ml,p_count_2,robo,289,30 Jan 2026 22:3:33
697d2be362e6fa86acbc88d6,data_ml,p_count_2,robo,289,30 Jan 2026 22:8:35
697d2d1062e6fa86acbc88d8,data_ml,p_count_2,robo,289,30 Jan 2026 22:13:36
697d2e3d62e6fa86acbc88da,data_ml,p_count_2,robo,289,30 Jan 2026 22:18:37
697d2f6a62e6fa86acbc88dc,data_ml,p_count_2,robo,289,30 Jan 2026 22:23:38
697d309762e6fa86acbc88de,data_ml,p_count_2,robo,289,30 Jan 2026 22:28:39
697d31c462e6fa86acbc88e0,data_ml,p_count_2,robo,289,30 Jan 2026 22:33:40
697d32f262e6fa86acbc88e2,data_ml,p_count_2,robo,289,30 Jan 2026 22:38:42
697d341f62e6fa86acbc88e4,data_ml,p_count_2,robo,289,30 Jan 2026 22:43:43
697d354c62e6fa86acbc88e6,data_ml,p_count_2,robo,289,30 Jan 2026 22:48:44
697d367962e6fa86acbc88e8,data_ml,p_count_2,robo,289,30 Jan 2026 22:53:45
697d37a662e6fa86acbc88ea,data_ml,p_count_2,robo,289,30 Jan 2026 22:58:46
697d38d362e6fa86acbc88ec,data_ml,p_count_2,robo,289,30 Jan 2026 23:3:47
697d3a0162e6fa86acbc88ee,data_ml,p_count_2,robo,289,30 Jan 2026 23:8:49
697d3b2e62e6fa86acbc88f0,data_ml,p_count_2,robo,289,30 Jan 2026 23:13:50
697d3c5b62e6fa86acbc88f2,data_ml,p_count_2,robo,289,30 Jan 2026 23:18:51
697d3d8862e6fa86acbc88f4,data_ml,p_count_2,robo,289,30 Jan 2026 23:23:52
697d3eb562e6fa86acbc88f6,data_ml,p_count_2,robo,289,30 Jan 2026 23:28:53
697d3fe262e6fa86acbc88f8,data_ml,p_count_2,robo,289,30 Jan 2026 23:33:54
697d410f62e6fa86acbc88fa,data_ml,p_count_2,robo,289,30 Jan 2026 23:38:55
697d423d62e6fa86acbc88fc,data_ml,p_count_2,robo,289,30 Jan 2026 23:43:57
697d436a62e6fa86acbc88fe,data_ml,p_count_2,robo,289,30 Jan 2026 23:48:58
697d449762e6fa86acbc8900,data_ml,p_count_2,robo,289,30 Jan 2026 23:53:59
697d45c462e6fa86acbc8902,data_ml,p_count_2,robo,289,30 Jan 2026 23:59:0
697d46f162e6fa86acbc8904,data_ml,p_count_2,robo,289,31 Jan 2026 0:4:1
697d481e62e6fa86acbc8906,data_ml,p_count_2,robo,289,31 Jan 2026 0:9:2
697d494b62e6fa86acbc8908,data_ml,p_count_2,robo,289,31 Jan 2026 0:14:3
697d4a7962e6fa86acbc890a,data_ml,p_count_2,robo,289,31 Jan 2026 0:19:5
697d4ba662e6fa86acbc890c,data_ml,p_count_2,robo,289,31 Jan 2026 0:24:6
697d4cd362e6fa86acbc890e,data_ml,p_count_2,robo,289,31 Jan 2026 0:29:7
697d4e0062e6fa86acbc8910,data_ml,p_count_2,robo,289,31 Jan 2026 0:34:8
697d4f2d62e6fa86acbc8912,data_ml,p_count_2,robo,289,31 Jan 2026 0:39:9
697d505a62e6fa86acbc8914,data_ml,p_count_2,robo,289,31 Jan 2026 0:44:10
697d518862e6fa86acbc8916,data_ml,p_count_2,robo,289,31 Jan 2026 0:49:12
697d52b562e6fa86acbc8918,data_ml,p_count_2,robo,289,31 Jan 2026 0:54:13
697d53e262e6fa86acbc891a,data_ml,p_count_2,robo,289,31 Jan 2026 0:59:14
697d550f62e6fa86acbc891c,data_ml,p_count_2,robo,289,31 Jan 2026 1:4:15
697d563c62e6fa86acbc891e,data_ml,p_count_2,robo,289,31 Jan 2026 1:9:16
697d576962e6fa86acbc8920,data_ml,p_count_2,robo,289,31 Jan 2026 1:14:17
697d589662e6fa86acbc8922,data_ml,p_count_2,robo,289,31 Jan 2026 1:19:18
697d59c462e6fa86acbc8924,data_ml,p_count_2,robo,289,31 Jan 2026 1:24:20
697d5af162e6fa86acbc8926,data_ml,p_count_2,robo,289,31 Jan 2026 1:29:21
697d5c1e62e6fa86acbc8928,data_ml,p_count_2,robo,289,31 Jan 2026 1:34:22
697d5d4b62e6fa86acbc892a,data_ml,p_count_2,robo,289,31 Jan 2026 1:39:23
697d5e7862e6fa86acbc892c,data_ml,p_count_2,robo,289,31 Jan 2026 1:44:24
697d5fa562e6fa86acbc892e,data_ml,p_count_2,robo,289,31 Jan 2026 1:49:25
697d60d262e6fa86acbc8930,data_ml,p_count_2,robo,289,31 Jan 2026 1:54:26
697d620062e6fa86acbc8932,data_ml,p_count_2,robo,289,31 Jan 2026 1:59:28
697d632d62e6fa86acbc8934,data_ml,p_count_2,robo,289,31 Jan 2026 2:4:29
697d645a62e6fa86acbc8936,data_ml,p_count_2,robo,289,31 Jan 2026 2:9:30
697d658762e6fa86acbc8938,data_ml,p_count_2,robo,289,31 Jan 2026 2:14:31
697d66b462e6fa86acbc893a,data_ml,p_count_2,robo,289,31 Jan 2026 2:19:32
697d67e162e6fa86acbc893c,data_ml,p_count_2,robo,289,31 Jan 2026 2:24:33
697d690e62e6fa86acbc893e,data_ml,p_count_2,robo,289,31 Jan 2026 2:29:34
697d6a3c62e6fa86acbc8940,data_ml,p_count_2,robo,289,31 Jan 2026 2:34:36
697d6b6962e6fa86acbc8942,data_ml,p_count_2,robo,289,31 Jan 2026 2:39:37
697d6c9662e6fa86acbc8944,data_ml,p_count_2,robo,289,31 Jan 2026 2:44:38
697d6dc362e6fa86acbc8946,data_ml,p_count_2,robo,289,31 Jan 2026 2:49:39
697d6ef062e6fa86acbc8948,data_ml,p_count_2,robo,289,31 Jan 2026 2:54:40
697d701d62e6fa86acbc894a,data_ml,p_count_2,robo,289,31 Jan 2026 2:59:41
697d714a62e6fa86acbc894c,data_ml,p_count_2,robo,289,31 Jan 2026 3:4:42
697d727862e6fa86acbc894e,data_ml,p_count_2,robo,289,31 Jan 2026 3:9:44
697d73a562e6fa86acbc8950,data_ml,p_count_2,robo,289,31 Jan 2026 3:14:45
697d74d262e6fa86acbc8952,data_ml,p_count_2,robo,289,31 Jan 2026 3:19:46
697d75ff62e6fa86acbc8955,data_ml,p_count_2,robo,289,31 Jan 2026 3:24:47
697d772c62e6fa86acbc8957,data_ml,p_count_2,robo,289,31 Jan 2026 3:29:48
697d785962e6fa86acbc8959,data_ml,p_count_2,robo,289,31 Jan 2026 3:34:49
697d798662e6fa86acbc895b,data_ml,p_count_2,robo,289,31 Jan 2026 3:39:50
697d7ab462e6fa86acbc895d,data_ml,p_count_2,robo,289,31 Jan 2026 3:44:52
697d7be162e6fa86acbc895f,data_ml,p_count_2,robo,289,31 Jan 2026 3:49:53
697d7d0e62e6fa86acbc8961,data_ml,p_count_2,robo,289,31 Jan 2026 3:54:54
697d7e3b62e6fa86acbc8963,data_ml,p_count_2,robo,289,31 Jan 2026 3:59:55
697d7f6862e6fa86acbc8965,data_ml,p_count_2,robo,289,31 Jan 2026 4:4:56
697d809562e6fa86acbc8967,data_ml,p_count_2,robo,289,31 Jan 2026 4:9:57
697d81c262e6fa86acbc8969,data_ml,p_count_2,robo,289,31 Jan 2026 4:14:58
697d82f062e6fa86acbc896b,data_ml,p_count_2,robo,289,31 Jan 2026 4:20:0
697d841d62e6fa86acbc896d,data_ml,p_count_2,robo,289,31 Jan 2026 4:25:1
697d854a62e6fa86acbc896f,data_ml,p_count_2,robo,289,31 Jan 2026 4:30:2
697d867762e6fa86acbc8971,data_ml,p_count_2,robo,289,31 Jan 2026 4:35:3
697d87a462e6fa86acbc8973,data_ml,p_count_2,robo,289,31 Jan 2026 4:40:4
697d88d162e6fa86acbc8975,data_ml,p_count_2,robo,289,31 Jan 2026 4:45:5
697d89fe62e6fa86acbc8977,data_ml,p_count_2,robo,289,31 Jan 2026 4:50:6
697d8b2c62e6fa86acbc8979,data_ml,p_count_2,robo,289,31 Jan 2026 4:55:8
697d8c5962e6fa86acbc897b,data_ml,p_count_2,robo,289,31 Jan 2026 5:0:9
697d8d8662e6fa86acbc897d,data_ml,p_count_2,robo,289,31 Jan 2026 5:5:10
697d8eb362e6fa86acbc897f,data_ml,p_count_2,robo,289,31 Jan 2026 5:10:11
697d8fe062e6fa86acbc8981,data_ml,p_count_2,robo,289,31 Jan 2026 5:15:12
697d910d62e6fa86acbc8983,data_ml,p_count_2,robo,289,31 Jan 2026 5:20:13
697d923b62e6fa86acbc8985,data_ml,p_count_2,robo,289,31 Jan 2026 5:25:15
697d936862e6fa86acbc8987,data_ml,p_count_2,robo,289,31 Jan 2026 5:30:16
697d949562e6fa86acbc8989,data_ml,p_count_2,robo,289,31 Jan 2026 5:35:17
697d95c262e6fa86acbc898b,data_ml,p_count_2,robo,289,31 Jan 2026 5:40:18
697d96ef62e6fa86acbc898d,data_ml,p_count_2,robo,289,31 Jan 2026 5:45:19
697d981c62e6fa86acbc898f,data_ml,p_count_2,robo,289,31 Jan 2026 5:50:20
697d994962e6fa86acbc8991,data_ml,p_count_2,robo,289,31 Jan 2026 5:55:21
697d9a7762e6fa86acbc8993,data_ml,p_count_2,robo,289,31 Jan 2026 6:0:23
697d9ba462e6fa86acbc8995,data_ml,p_count_2,robo,289,31 Jan 2026 6:5:24
697d9cd162e6fa86acbc8997,data_ml,p_count_2,robo,289,31 Jan 2026 6:10:25
697d9dfe62e6fa86acbc8999,data_ml,p_count_2,robo,289,31 Jan 2026 6:15:26
697d9f2b62e6fa86acbc899b,data_ml,p_count_2,robo,289,31 Jan 2026 6:20:27
697da05862e6fa86acbc899d,data_ml,p_count_2,robo,289,31 Jan 2026 6:25:28
697da18562e6fa86acbc899f,data_ml,p_count_2,robo,289,31 Jan 2026 6:30:29
697da2b362e6fa86acbc89a1,data_ml,p_count_2,robo,289,31 Jan 2026 6:35:31
697da3e062e6fa86acbc89a3,data_ml,p_count_2,robo,289,31 Jan 2026 6:40:32
697da50d62e6fa86acbc89a5,data_ml,p_count_2,robo,289,31 Jan 2026 6:45:33
697da63a62e6fa86acbc89a7,data_ml,p_count_2,robo,289,31 Jan 2026 6:50:34
697da76762e6fa86acbc89a9,data_ml,p_count_2,robo,289,31 Jan 2026 6:55:35
697da89462e6fa86acbc89ab,data_ml,p_count_2,robo,289,31 Jan 2026 7:0:36
697da9c162e6fa86acbc89ad,data_ml,p_count_2,robo,289,31 Jan 2026 7:5:37
697daaee62e6fa86acbc89af,data_ml,p_count_2,robo,289,31 Jan 2026 7:10:38
697dac1c62e6fa86acbc89b1,data_ml,p_count_2,robo,289,31 Jan 2026 7:15:40
697dad4962e6fa86acbc89b3,data_ml,p_count_2,robo,289,31 Jan 2026 7:20:41
697dae7662e6fa86acbc89b5,data_ml,p_count_2,robo,289,31 Jan 2026 7:25:42
697dafa362e6fa86acbc89b7,data_ml,p_count_2,robo,289,31 Jan 2026 7:30:43
697db0d062e6fa86acbc89b9,data_ml,p_count_2,robo,289,31 Jan 2026 7:35:44
697db1fd62e6fa86acbc89bb,data_ml,p_count_2,robo,289,31 Jan 2026 7:40:45
697db32a62e6fa86acbc89bd,data_ml,p_count_2,robo,289,31 Jan 2026 7:45:46
697db45762e6fa86acbc89bf,data_ml,p_count_2,robo,289,31 Jan 2026 7:50:47
697db58562e6fa86acbc89c1,data_ml,p_count_2,robo,289,31 Jan 2026 7:55:49
697db6b262e6fa86acbc89c3,data_ml,p_count_2,robo,289,31 Jan 2026 8:0:50
697db7df62e6fa86acbc89c5,data_ml,p_count_2,robo,289,31 Jan 2026 8:5:51
697db90c62e6fa86acbc89c7,data_ml,p_count_2,robo,289,31 Jan 2026 8:10:52
697dba3962e6fa86acbc89c9,data_ml,p_count_2,robo,289,31 Jan 2026 8:15:53
697dbb6662e6fa86acbc89cb,data_ml,p_count_2,robo,289,31 Jan 2026 8:20:54
697dbc9362e6fa86acbc89cd,data_ml,p_count_2,robo,289,31 Jan 2026 8:25:55
697dbdc062e6fa86acbc89cf,data_ml,p_count_2,robo,289,31 Jan 2026 8:30:56
697dbeee62e6fa86acbc89d1,data_ml,p_count_2,robo,289,31 Jan 2026 8:35:58
697dc01b62e6fa86acbc89d3,data_ml,p_count_2,robo,289,31 Jan 2026 8:40:59
697dc14862e6fa86acbc89d5,data_ml,p_count_2,robo,289,31 Jan 2026 8:46:0
697dc27562e6fa86acbc89d7,data_ml,p_count_2,robo,289,31 Jan 2026 8:51:1
697dc3a262e6fa86acbc89d9,data_ml,p_count_2,robo,289,31 Jan 2026 8:56:2
697dc4cf62e6fa86acbc89db,data_ml,p_count_2,robo,289,31 Jan 2026 9:1:3
697dc5fc62e6fa86acbc89dd,data_ml,p_count_2,robo,289,31 Jan 2026 9:6:4
697dc72a62e6fa86acbc89df,data_ml,p_count_2,robo,289,31 Jan 2026 9:11:6
697dc85762e6fa86acbc89e1,data_ml,p_count_2,robo,289,31 Jan 2026 9:16:7
697dc98462e6fa86acbc89e3,data_ml,p_count_2,robo,289,31 Jan 2026 9:21:8
697dcab162e6fa86acbc89e5,data_ml,p_count_2,robo,289,31 Jan 2026 9:26:9
697dcd2f62e6fa86acbc89e7,data_ml,p_count_2,robo,256,31 Jan 2026 9:36:47
697dce5c62e6fa86acbc89e9,data_ml,p_count_2,robo,289,31 Jan 2026 9:41:48
697dcf8962e6fa86acbc89eb,data_ml,p_count_2,robo,289,31 Jan 2026 9:46:49
697dd0b662e6fa86acbc89ed,data_ml,p_count_2,robo,289,31 Jan 2026 9:51:50
697dd1e362e6fa86acbc89ef,data_ml,p_count_2,robo,289,31 Jan 2026 9:56:51
697dd31062e6fa86acbc89f1,data_ml,p_count_2,robo,289,31 Jan 2026 10:1:52
697dd43d62e6fa86acbc89f3,data_ml,p_count_2,robo,289,31 Jan 2026 10:6:53
697dd56b62e6fa86acbc89f5,data_ml,p_count_2,robo,289,31 Jan 2026 10:11:55
697dd69862e6fa86acbc89f7,data_ml,p_count_2,robo,289,31 Jan 2026 10:16:56
697dd7c562e6fa86acbc89f9,data_ml,p_count_2,robo,289,31 Jan 2026 10:21:57
697dd8f262e6fa86acbc89fb,data_ml,p_count_2,robo,289,31 Jan 2026 10:26:58
697dda1f62e6fa86acbc89fd,data_ml,p_count_2,robo,289,31 Jan 2026 10:31:59
697ddb4c62e6fa86acbc89ff,data_ml,p_count_2,robo,289,31 Jan 2026 10:37:0
697ddc7a62e6fa86acbc8a01,data_ml,p_count_2,robo,289,31 Jan 2026 10:42:2
697ddda762e6fa86acbc8a03,data_ml,p_count_2,robo,289,31 Jan 2026 10:47:3
697dded462e6fa86acbc8a05,data_ml,p_count_2,robo,289,31 Jan 2026 10:52:4
697de00162e6fa86acbc8a07,data_ml,p_count_2,robo,289,31 Jan 2026 10:57:5
697de12e62e6fa86acbc8a09,data_ml,p_count_2,robo,289,31 Jan 2026 11:2:6
697de25b62e6fa86acbc8a0b,data_ml,p_count_2,robo,289,31 Jan 2026 11:7:7
697de38862e6fa86acbc8a0d,data_ml,p_count_2,robo,289,31 Jan 2026 11:12:8
697de4b662e6fa86acbc8a0f,data_ml,p_count_2,robo,289,31 Jan 2026 11:17:10
697de5e362e6fa86acbc8a11,data_ml,p_count_2,robo,289,31 Jan 2026 11:22:11
697de71062e6fa86acbc8a13,data_ml,p_count_2,robo,289,31 Jan 2026 11:27:12
697de83d62e6fa86acbc8a15,data_ml,p_count_2,robo,289,31 Jan 2026 11:32:13
697de96a62e6fa86acbc8a17,data_ml,p_count_2,robo,289,31 Jan 2026 11:37:14
697dea9762e6fa86acbc8a19,data_ml,p_count_2,robo,289,31 Jan 2026 11:42:15
697debc462e6fa86acbc8a1b,data_ml,p_count_2,robo,289,31 Jan 2026 11:47:16
697decf262e6fa86acbc8a1d,data_ml,p_count_2,robo,289,31 Jan 2026 11:52:18
697dee1f62e6fa86acbc8a1f,data_ml,p_count_2,robo,289,31 Jan 2026 11:57:19
697def4c62e6fa86acbc8a21,data_ml,p_count_2,robo,289,31 Jan 2026 12:2:20
697df07962e6fa86acbc8a23,data_ml,p_count_2,robo,289,31 Jan 2026 12:7:21
697df1a662e6fa86acbc8a25,data_ml,p_count_2,robo,289,31 Jan 2026 12:12:22
697df2d362e6fa86acbc8a27,data_ml,p_count_2,robo,289,31 Jan 2026 12:17:23
697df40162e6fa86acbc8a29,data_ml,p_count_2,robo,289,31 Jan 2026 12:22:25
697df52e62e6fa86acbc8a2b,data_ml,p_count_2,robo,289,31 Jan 2026 12:27:26
697df65b62e6fa86acbc8a2d,data_ml,p_count_2,robo,289,31 Jan 2026 12:32:27
697df78862e6fa86acbc8a2f,data_ml,p_count_2,robo,289,31 Jan 2026 12:37:28
697df8b562e6fa86acbc8a31,data_ml,p_count_2,robo,289,31 Jan 2026 12:42:29
697df9e262e6fa86acbc8a33,data_ml,p_count_2,robo,289,31 Jan 2026 12:47:30
697dfb0f62e6fa86acbc8a35,data_ml,p_count_2,robo,289,31 Jan 2026 12:52:31
697dfc3d62e6fa86acbc8a37,data_ml,p_count_2,robo,289,31 Jan 2026 12:57:33
697dfd6a62e6fa86acbc8a39,data_ml,p_count_2,robo,289,31 Jan 2026 13:2:34
697dfe9762e6fa86acbc8a3b,data_ml,p_count_2,robo,289,31 Jan 2026 13:7:35
697dffc462e6fa86acbc8a3d,data_ml,p_count_2,robo,289,31 Jan 2026 13:12:36
697e00f162e6fa86acbc8a3f,data_ml,p_count_2,robo,289,31 Jan 2026 13:17:37
697e021e62e6fa86acbc8a41,data_ml,p_count_2,robo,289,31 Jan 2026 13:22:38
697e034b62e6fa86acbc8a43,data_ml,p_count_2,robo,289,31 Jan 2026 13:27:39
697e047962e6fa86acbc8a45,data_ml,p_count_2,robo,289,31 Jan 2026 13:32:41
697e05a662e6fa86acbc8a47,data_ml,p_count_2,robo,289,31 Jan 2026 13:37:42
697e06d362e6fa86acbc8a49,data_ml,p_count_2,robo,289,31 Jan 2026 13:42:43
697e080062e6fa86acbc8a4b,data_ml,p_count_2,robo,289,31 Jan 2026 13:47:44
697e092d62e6fa86acbc8a4d,data_ml,p_count_2,robo,289,31 Jan 2026 13:52:45
697e0a5a62e6fa86acbc8a4f,data_ml,p_count_2,robo,289,31 Jan 2026 13:57:46
697e0b8862e6fa86acbc8a51,data_ml,p_count_2,robo,289,31 Jan 2026 14:2:48
697e0cb562e6fa86acbc8a53,data_ml,p_count_2,robo,289,31 Jan 2026 14:7:49
697e0de262e6fa86acbc8a55,data_ml,p_count_2,robo,289,31 Jan 2026 14:12:50
697e0f0f62e6fa86acbc8a57,data_ml,p_count_2,robo,289,31 Jan 2026 14:17:51
697e103c62e6fa86acbc8a59,data_ml,p_count_2,robo,289,31 Jan 2026 14:22:52
697e116962e6fa86acbc8a5b,data_ml,p_count_2,robo,289,31 Jan 2026 14:27:53
697e129762e6fa86acbc8a5d,data_ml,p_count_2,robo,289,31 Jan 2026 14:32:55
697e13c462e6fa86acbc8a5f,data_ml,p_count_2,robo,289,31 Jan 2026 14:37:56
697e14f162e6fa86acbc8a61,data_ml,p_count_2,robo,289,31 Jan 2026 14:42:57
697e161e62e6fa86acbc8a63,data_ml,p_count_2,robo,289,31 Jan 2026 14:47:58
697e174b62e6fa86acbc8a65,data_ml,p_count_2,robo,289,31 Jan 2026 14:52:59
697e187862e6fa86acbc8a67,data_ml,p_count_2,robo,289,31 Jan 2026 14:58:0
697e19a662e6fa86acbc8a69,data_ml,p_count_2,robo,289,31 Jan 2026 15:3:2
697e1ad362e6fa86acbc8a6b,data_ml,p_count_2,robo,289,31 Jan 2026 15:8:3
697e1c0062e6fa86acbc8a6d,data_ml,p_count_2,robo,289,31 Jan 2026 15:13:4
697e1d2d62e6fa86acbc8a6f,data_ml,p_count_2,robo,289,31 Jan 2026 15:18:5
697e1e5a62e6fa86acbc8a71,data_ml,p_count_2,robo,289,31 Jan 2026 15:23:6
697e1f8762e6fa86acbc8a73,data_ml,p_count_2,robo,289,31 Jan 2026 15:28:7
697e20b562e6fa86acbc8a75,data_ml,p_count_2,robo,289,31 Jan 2026 15:33:9
697e21e262e6fa86acbc8a77,data_ml,p_count_2,robo,289,31 Jan 2026 15:38:10
697e230f62e6fa86acbc8a79,data_ml,p_count_2,robo,289,31 Jan 2026 15:43:11
697e243c62e6fa86acbc8a7b,data_ml,p_count_2,robo,289,31 Jan 2026 15:48:12
697e256962e6fa86acbc8a7d,data_ml,p_count_2,robo,289,31 Jan 2026 15:53:13
697e269662e6fa86acbc8a7f,data_ml,p_count_2,robo,289,31 Jan 2026 15:58:14
697e27c462e6fa86acbc8a81,data_ml,p_count_2,robo,289,31 Jan 2026 16:3:16
697e28f162e6fa86acbc8a83,data_ml,p_count_2,robo,289,31 Jan 2026 16:8:17
697e2a1e62e6fa86acbc8a85,data_ml,p_count_2,robo,289,31 Jan 2026 16:13:18
697e2b4b62e6fa86acbc8a87,data_ml,p_count_2,robo,289,31 Jan 2026 16:18:19
697e2c7862e6fa86acbc8a89,data_ml,p_count_2,robo,289,31 Jan 2026 16:23:20
697e2da562e6fa86acbc8a8b,data_ml,p_count_2,robo,289,31 Jan 2026 16:28:21
697e2ed362e6fa86acbc8a8d,data_ml,p_count_2,robo,289,31 Jan 2026 16:33:23
697e300062e6fa86acbc8a8f,data_ml,p_count_2,robo,289,31 Jan 2026 16:38:24
697e312d62e6fa86acbc8a91,data_ml,p_count_2,robo,289,31 Jan 2026 16:43:25
697e325a62e6fa86acbc8a93,data_ml,p_count_2,robo,289,31 Jan 2026 16:48:26
697e338762e6fa86acbc8a95,data_ml,p_count_2,robo,289,31 Jan 2026 16:53:27
697e34b462e6fa86acbc8a97,data_ml,p_count_2,robo,289,31 Jan 2026 16:58:28
697e35e262e6fa86acbc8a99,data_ml,p_count_2,robo,289,31 Jan 2026 17:3:30
697e370f62e6fa86acbc8a9b,data_ml,p_count_2,robo,289,31 Jan 2026 17:8:31
697e383c62e6fa86acbc8a9d,data_ml,p_count_2,robo,289,31 Jan 2026 17:13:32
697e396962e6fa86acbc8a9f,data_ml,p_count_2,robo,289,31 Jan 2026 17:18:33
697e3a9662e6fa86acbc8aa1,data_ml,p_count_2,robo,289,31 Jan 2026 17:23:34
697e3bc362e6fa86acbc8aa3,data_ml,p_count_2,robo,289,31 Jan 2026 17:28:35
697e3cf1dffb5babfa206d9f,data_ml,p_count_2,robo,289,31 Jan 2026 17:33:37
697e3e1edffb5babfa206da1,data_ml,p_count_2,robo,289,31 Jan 2026 17:38:38
697e3f4bdffb5babfa206da3,data_ml,p_count_2,robo,289,31 Jan 2026 17:43:39
697e4078dffb5babfa206da5,data_ml,p_count_2,robo,289,31 Jan 2026 17:48:40
697e41a5dffb5babfa206da7,data_ml,p_count_2,robo,289,31 Jan 2026 17:53:41
697e42d2dffb5babfa206da9,data_ml,p_count_2,robo,289,31 Jan 2026 17:58:42
697e4400dffb5babfa206dab,data_ml,p_count_2,robo,289,31 Jan 2026 18:3:44
697e452ddffb5babfa206dad,data_ml,p_count_2,robo,289,31 Jan 2026 18:8:45
697e465adffb5babfa206daf,data_ml,p_count_2,robo,289,31 Jan 2026 18:13:46
697e4787dffb5babfa206db1,data_ml,p_count_2,robo,289,31 Jan 2026 18:18:47
697e48b4dffb5babfa206db3,data_ml,p_count_2,robo,289,31 Jan 2026 18:23:48
697e49e1dffb5babfa206db5,data_ml,p_count_2,robo,289,31 Jan 2026 18:28:49
697e4b0fdffb5babfa206db7,data_ml,p_count_2,robo,289,31 Jan 2026 18:33:51
697e4c3cdffb5babfa206db9,data_ml,p_count_2,robo,289,31 Jan 2026 18:38:52
697e4d69dffb5babfa206dbb,data_ml,p_count_2,robo,289,31 Jan 2026 18:43:53
697e4e96dffb5babfa206dbd,data_ml,p_count_2,robo,289,31 Jan 2026 18:48:54
697e4fc3dffb5babfa206dbf,data_ml,p_count_2,robo,289,31 Jan 2026 18:53:55
697e50f0dffb5babfa206dc1,data_ml,p_count_2,robo,289,31 Jan 2026 18:58:56
697e521edffb5babfa206dc3,data_ml,p_count_2,robo,289,31 Jan 2026 19:3:58
697e534bdffb5babfa206dc5,data_ml,p_count_2,robo,289,31 Jan 2026 19:8:59
697e5478dffb5babfa206dc7,data_ml,p_count_2,robo,289,31 Jan 2026 19:14:0
697e55a5dffb5babfa206dc9,data_ml,p_count_2,robo,289,31 Jan 2026 19:19:1
697e56d2dffb5babfa206dcb,data_ml,p_count_2,robo,289,31 Jan 2026 19:24:2
697e5800dffb5babfa206dcd,data_ml,p_count_2,robo,289,31 Jan 2026 19:29:4
697e592ddffb5babfa206dcf,data_ml,p_count_2,robo,289,31 Jan 2026 19:34:5
697e5a5adffb5babfa206dd1,data_ml,p_count_2,robo,289,31 Jan 2026 19:39:6
697e5b87dffb5babfa206dd3,data_ml,p_count_2,robo,289,31 Jan 2026 19:44:7
697e5cb4dffb5babfa206dd5,data_ml,p_count_2,robo,289,31 Jan 2026 19:49:8
697e5de1dffb5babfa206dd7,data_ml,p_count_2,robo,289,31 Jan 2026 19:54:9
697e5f0fdffb5babfa206dd9,data_ml,p_count_2,robo,289,31 Jan 2026 19:59:11
697e603cdffb5babfa206ddb,data_ml,p_count_2,robo,289,31 Jan 2026 20:4:12
697e6169dffb5babfa206ddd,data_ml,p_count_2,robo,289,31 Jan 2026 20:9:13
697e6296dffb5babfa206ddf,data_ml,p_count_2,robo,289,31 Jan 2026 20:14:14
697e63c3dffb5babfa206de1,data_ml,p_count_2,robo,289,31 Jan 2026 20:19:15
697e64f0dffb5babfa206de3,data_ml,p_count_2,robo,289,31 Jan 2026 20:24:16
697e661edffb5babfa206de5,data_ml,p_count_2,robo,289,31 Jan 2026 20:29:18
697e674bdffb5babfa206de7,data_ml,p_count_2,robo,289,31 Jan 2026 20:34:19
697e6878dffb5babfa206de9,data_ml,p_count_2,robo,289,31 Jan 2026 20:39:20
697e69a5dffb5babfa206deb,data_ml,p_count_2,robo,289,31 Jan 2026 20:44:21
697e6ad2dffb5babfa206ded,data_ml,p_count_2,robo,289,31 Jan 2026 20:49:22
697e6bffdffb5babfa206def,data_ml,p_count_2,robo,289,31 Jan 2026 20:54:23
697e6d2cdffb5babfa206df1,data_ml,p_count_2,robo,289,31 Jan 2026 20:59:24
697e6e5adffb5babfa206df3,data_ml,p_count_2,robo,289,31 Jan 2026 21:4:26
697e6f87dffb5babfa206df5,data_ml,p_count_2,robo,289,31 Jan 2026 21:9:27
697e70b4dffb5babfa206df7,data_ml,p_count_2,robo,289,31 Jan 2026 21:14:28
697e71e1dffb5babfa206df9,data_ml,p_count_2,robo,289,31 Jan 2026 21:19:29
697e730edffb5babfa206dfb,data_ml,p_count_2,robo,289,31 Jan 2026 21:24:30
697e743bdffb5babfa206dfd,data_ml,p_count_2,robo,289,31 Jan 2026 21:29:31
697e7568dffb5babfa206dff,data_ml,p_count_2,robo,289,31 Jan 2026 21:34:32
697e7696dffb5babfa206e01,data_ml,p_count_2,robo,289,31 Jan 2026 21:39:34
697e77c3dffb5babfa206e03,data_ml,p_count_2,robo,289,31 Jan 2026 21:44:35
697e78f0dffb5babfa206e05,data_ml,p_count_2,robo,289,31 Jan 2026 21:49:36
697e7a1ddffb5babfa206e07,data_ml,p_count_2,robo,289,31 Jan 2026 21:54:37
697e7b4adffb5babfa206e09,data_ml,p_count_2,robo,289,31 Jan 2026 21:59:38
697e7c77dffb5babfa206e0b,data_ml,p_count_2,robo,289,31 Jan 2026 22:4:39
697e7da5dffb5babfa206e0d,data_ml,p_count_2,robo,289,31 Jan 2026 22:9:41
697e7ed2dffb5babfa206e0f,data_ml,p_count_2,robo,289,31 Jan 2026 22:14:42
697e7fffdffb5babfa206e11,data_ml,p_count_2,robo,289,31 Jan 2026 22:19:43
697e812cdffb5babfa206e13,data_ml,p_count_2,robo,289,31 Jan 2026 22:24:44
697e8259dffb5babfa206e15,data_ml,p_count_2,robo,289,31 Jan 2026 22:29:45
697e8386dffb5babfa206e17,data_ml,p_count_2,robo,289,31 Jan 2026 22:34:46
697e84b3dffb5babfa206e19,data_ml,p_count_2,robo,289,31 Jan 2026 22:39:47
697e85e1dffb5babfa206e1b,data_ml,p_count_2,robo,289,31 Jan 2026 22:44:49
697e870edffb5babfa206e1d,data_ml,p_count_2,robo,289,31 Jan 2026 22:49:50
697e883bdffb5babfa206e1f,data_ml,p_count_2,robo,289,31 Jan 2026 22:54:51
697e8968dffb5babfa206e21,data_ml,p_count_2,robo,289,31 Jan 2026 22:59:52
697e8a95dffb5babfa206e23,data_ml,p_count_2,robo,289,31 Jan 2026 23:4:53
697e8bc2dffb5babfa206e25,data_ml,p_count_2,robo,289,31 Jan 2026 23:9:54
697e8cefdffb5babfa206e27,data_ml,p_count_2,robo,289,31 Jan 2026 23:14:55
697e8e1ddffb5babfa206e29,data_ml,p_count_2,robo,289,31 Jan 2026 23:19:57
697e8f4adffb5babfa206e2b,data_ml,p_count_2,robo,289,31 Jan 2026 23:24:58
697e9077dffb5babfa206e2d,data_ml,p_count_2,robo,289,31 Jan 2026 23:29:59
697e91a4dffb5babfa206e2f,data_ml,p_count_2,robo,289,31 Jan 2026 23:35:0
697e92d1dffb5babfa206e31,data_ml,p_count_2,robo,289,31 Jan 2026 23:40:1
697e93fedffb5babfa206e33,data_ml,p_count_2,robo,289,31 Jan 2026 23:45:2
697e952cdffb5babfa206e35,data_ml,p_count_2,robo,289,31 Jan 2026 23:50:4
697e9659dffb5babfa206e37,data_ml,p_count_2,robo,289,31 Jan 2026 23:55:5
697e9786dffb5babfa206e39,data_ml,p_count_2,robo,289,1 Feb 2026 0:0:6
697e98b3dffb5babfa206e3b,data_ml,p_count_2,robo,289,1 Feb 2026 0:5:7
697e99e0dffb5babfa206e3d,data_ml,p_count_2,robo,289,1 Feb 2026 0:10:8
697e9b0ddffb5babfa206e3f,data_ml,p_count_2,robo,289,1 Feb 2026 0:15:9
697e9c3adffb5babfa206e41,data_ml,p_count_2,robo,289,1 Feb 2026 0:20:10
697e9d68dffb5babfa206e43,data_ml,p_count_2,robo,289,1 Feb 2026 0:25:12
697e9e95dffb5babfa206e45,data_ml,p_count_2,robo,289,1 Feb 2026 0:30:13
697e9fc2dffb5babfa206e47,data_ml,p_count_2,robo,289,1 Feb 2026 0:35:14
697ea0efdffb5babfa206e49,data_ml,p_count_2,robo,289,1 Feb 2026 0:40:15
697ea21cdffb5babfa206e4b,data_ml,p_count_2,robo,289,1 Feb 2026 0:45:16
697ea349dffb5babfa206e4d,data_ml,p_count_2,robo,289,1 Feb 2026 0:50:17
697ea477dffb5babfa206e4f,data_ml,p_count_2,robo,289,1 Feb 2026 0:55:19
697ea5a4dffb5babfa206e51,data_ml,p_count_2,robo,289,1 Feb 2026 1:0:20
697ea6d1dffb5babfa206e53,data_ml,p_count_2,robo,289,1 Feb 2026 1:5:21
697ea7fedffb5babfa206e55,data_ml,p_count_2,robo,289,1 Feb 2026 1:10:22
697ea92bdffb5babfa206e57,data_ml,p_count_2,robo,289,1 Feb 2026 1:15:23
697eaa59dffb5babfa206e59,data_ml,p_count_2,robo,289,1 Feb 2026 1:20:25
697eab86dffb5babfa206e5b,data_ml,p_count_2,robo,289,1 Feb 2026 1:25:26
697eacb3dffb5babfa206e5d,data_ml,p_count_2,robo,289,1 Feb 2026 1:30:27
697eade0dffb5babfa206e5f,data_ml,p_count_2,robo,289,1 Feb 2026 1:35:28
697eaf0ddffb5babfa206e61,data_ml,p_count_2,robo,289,1 Feb 2026 1:40:29
697eb03adffb5babfa206e63,data_ml,p_count_2,robo,289,1 Feb 2026 1:45:30
697eb168dffb5babfa206e65,data_ml,p_count_2,robo,289,1 Feb 2026 1:50:32
697eb295dffb5babfa206e67,data_ml,p_count_2,robo,289,1 Feb 2026 1:55:33
697eb3c2dffb5babfa206e69,data_ml,p_count_2,robo,289,1 Feb 2026 2:0:34
697eb4efdffb5babfa206e6b,data_ml,p_count_2,robo,289,1 Feb 2026 2:5:35
697eb61cdffb5babfa206e6d,data_ml,p_count_2,robo,289,1 Feb 2026 2:10:36
697eb749dffb5babfa206e6f,data_ml,p_count_2,robo,289,1 Feb 2026 2:15:37
697eb877dffb5babfa206e71,data_ml,p_count_2,robo,289,1 Feb 2026 2:20:39
697eb9a4dffb5babfa206e73,data_ml,p_count_2,robo,289,1 Feb 2026 2:25:40
697ebad1dffb5babfa206e75,data_ml,p_count_2,robo,289,1 Feb 2026 2:30:41
697ebbfedffb5babfa206e77,data_ml,p_count_2,robo,289,1 Feb 2026 2:35:42
697ebd2bdffb5babfa206e79,data_ml,p_count_2,robo,289,1 Feb 2026 2:40:43
697ebe58dffb5babfa206e7b,data_ml,p_count_2,robo,289,1 Feb 2026 2:45:44
697ebf86dffb5babfa206e7d,data_ml,p_count_2,robo,289,1 Feb 2026 2:50:46
697ec0b3dffb5babfa206e7f,data_ml,p_count_2,robo,289,1 Feb 2026 2:55:47
697ec1e0dffb5babfa206e81,data_ml,p_count_2,robo,289,1 Feb 2026 3:0:48
697ec30ddffb5babfa206e83,data_ml,p_count_2,robo,289,1 Feb 2026 3:5:49
697ec43adffb5babfa206e85,data_ml,p_count_2,robo,289,1 Feb 2026 3:10:50
697ec568dffb5babfa206e87,data_ml,p_count_2,robo,289,1 Feb 2026 3:15:52
697ec695dffb5babfa206e89,data_ml,p_count_2,robo,289,1 Feb 2026 3:20:53
697ec7c2dffb5babfa206e8b,data_ml,p_count_2,robo,289,1 Feb 2026 3:25:54
697ec8efdffb5babfa206e8d,data_ml,p_count_2,robo,289,1 Feb 2026 3:30:55
697eca1cdffb5babfa206e8f,data_ml,p_count_2,robo,289,1 Feb 2026 3:35:56
697ecb49dffb5babfa206e91,data_ml,p_count_2,robo,289,1 Feb 2026 3:40:57
697ecc77dffb5babfa206e93,data_ml,p_count_2,robo,289,1 Feb 2026 3:45:59
697ecda4dffb5babfa206e95,data_ml,p_count_2,robo,289,1 Feb 2026 3:51:0
697eced1dffb5babfa206e97,data_ml,p_count_2,robo,289,1 Feb 2026 3:56:1
697ecffedffb5babfa206e99,data_ml,p_count_2,robo,289,1 Feb 2026 4:1:2
697ed12bdffb5babfa206e9b,data_ml,p_count_2,robo,289,1 Feb 2026 4:6:3
697ed258dffb5babfa206e9d,data_ml,p_count_2,robo,289,1 Feb 2026 4:11:4
697ed385dffb5babfa206e9f,data_ml,p_count_2,robo,289,1 Feb 2026 4:16:5
697ed4b3dffb5babfa206ea1,data_ml,p_count_2,robo,289,1 Feb 2026 4:21:7
697ed5e0dffb5babfa206ea3,data_ml,p_count_2,robo,289,1 Feb 2026 4:26:8
697ed70ddffb5babfa206ea5,data_ml,p_count_2,robo,289,1 Feb 2026 4:31:9
697ed83adffb5babfa206ea7,data_ml,p_count_2,robo,289,1 Feb 2026 4:36:10
697ed967dffb5babfa206ea9,data_ml,p_count_2,robo,289,1 Feb 2026 4:41:11
697eda95dffb5babfa206eab,data_ml,p_count_2,robo,289,1 Feb 2026 4:46:13
697edbc2dffb5babfa206ead,data_ml,p_count_2,robo,289,1 Feb 2026 4:51:14
697edcefdffb5babfa206eaf,data_ml,p_count_2,robo,289,1 Feb 2026 4:56:15
697ede1cdffb5babfa206eb1,data_ml,p_count_2,robo,289,1 Feb 2026 5:1:16
697edf49dffb5babfa206eb3,data_ml,p_count_2,robo,289,1 Feb 2026 5:6:17
697ee076dffb5babfa206eb5,data_ml,p_count_2,robo,289,1 Feb 2026 5:11:18
697ee1a4dffb5babfa206eb7,data_ml,p_count_2,robo,289,1 Feb 2026 5:16:20
697ee2d1dffb5babfa206eb9,data_ml,p_count_2,robo,289,1 Feb 2026 5:21:21
697ee3fedffb5babfa206ebb,data_ml,p_count_2,robo,289,1 Feb 2026 5:26:22
697ee52bdffb5babfa206ebd,data_ml,p_count_2,robo,289,1 Feb 2026 5:31:23
697ee658dffb5babfa206ebf,data_ml,p_count_2,robo,289,1 Feb 2026 5:36:24
697ee785dffb5babfa206ec1,data_ml,p_count_2,robo,289,1 Feb 2026 5:41:25
697ee8b3dffb5babfa206ec3,data_ml,p_count_2,robo,289,1 Feb 2026 5:46:27
697ee9e0dffb5babfa206ec5,data_ml,p_count_2,robo,289,1 Feb 2026 5:51:28
697eeb0ddffb5babfa206ec7,data_ml,p_count_2,robo,289,1 Feb 2026 5:56:29
697eec3adffb5babfa206ec9,data_ml,p_count_2,robo,289,1 Feb 2026 6:1:30
697eed67dffb5babfa206ecb,data_ml,p_count_2,robo,289,1 Feb 2026 6:6:31
697eee94dffb5babfa206ecd,data_ml,p_count_2,robo,289,1 Feb 2026 6:11:32
697eefc2dffb5babfa206ecf,data_ml,p_count_2,robo,289,1 Feb 2026 6:16:34
697ef0efdffb5babfa206ed1,data_ml,p_count_2,robo,289,1 Feb 2026 6:21:35
697ef21cdffb5babfa206ed3,data_ml,p_count_2,robo,289,1 Feb 2026 6:26:36
697ef349dffb5babfa206ed5,data_ml,p_count_2,robo,289,1 Feb 2026 6:31:37
697ef476dffb5babfa206ed7,data_ml,p_count_2,robo,289,1 Feb 2026 6:36:38
697ef5a3dffb5babfa206ed9,data_ml,p_count_2,robo,289,1 Feb 2026 6:41:39
697ef6d1dffb5babfa206edb,data_ml,p_count_2,robo,289,1 Feb 2026 6:46:41
697ef7fedffb5babfa206edd,data_ml,p_count_2,robo,289,1 Feb 2026 6:51:42
697ef92bdffb5babfa206edf,data_ml,p_count_2,robo,289,1 Feb 2026 6:56:43
697efa58dffb5babfa206ee1,data_ml,p_count_2,robo,289,1 Feb 2026 7:1:44
697efb85dffb5babfa206ee3,data_ml,p_count_2,robo,289,1 Feb 2026 7:6:45
697efcb2dffb5babfa206ee5,data_ml,p_count_2,robo,289,1 Feb 2026 7:11:46
697efde0dffb5babfa206ee8,data_ml,p_count_2,robo,289,1 Feb 2026 7:16:48
697eff0ddffb5babfa206eea,data_ml,p_count_2,robo,289,1 Feb 2026 7:21:49
697f003adffb5babfa206eec,data_ml,p_count_2,robo,289,1 Feb 2026 7:26:50
697f0167dffb5babfa206eee,data_ml,p_count_2,robo,289,1 Feb 2026 7:31:51
697f0294dffb5babfa206ef0,data_ml,p_count_2,robo,289,1 Feb 2026 7:36:52
697f03c2dffb5babfa206ef2,data_ml,p_count_2,robo,289,1 Feb 2026 7:41:54
697f04efdffb5babfa206ef4,data_ml,p_count_2,robo,289,1 Feb 2026 7:46:55
697f061cdffb5babfa206ef6,data_ml,p_count_2,robo,289,1 Feb 2026 7:51:56
697f0749dffb5babfa206ef8,data_ml,p_count_2,robo,289,1 Feb 2026 7:56:57
697f0876dffb5babfa206efa,data_ml,p_count_2,robo,289,1 Feb 2026 8:1:58
697f09a3dffb5babfa206efc,data_ml,p_count_2,robo,289,1 Feb 2026 8:6:59
697f0ad1dffb5babfa206efe,data_ml,p_count_2,robo,289,1 Feb 2026 8:12:1
697f0bfedffb5babfa206f00,data_ml,p_count_2,robo,289,1 Feb 2026 8:17:2
697f0d2bdffb5babfa206f02,data_ml,p_count_2,robo,289,1 Feb 2026 8:22:3
697f0e58dffb5babfa206f04,data_ml,p_count_2,robo,289,1 Feb 2026 8:27:4
697f0f85dffb5babfa206f06,data_ml,p_count_2,robo,289,1 Feb 2026 8:32:5
697f10b2dffb5babfa206f08,data_ml,p_count_2,robo,289,1 Feb 2026 8:37:6
697f11dfdffb5babfa206f0a,data_ml,p_count_2,robo,289,1 Feb 2026 8:42:7
697f130ddffb5babfa206f0c,data_ml,p_count_2,robo,289,1 Feb 2026 8:47:9
697f143adffb5babfa206f0e,data_ml,p_count_2,robo,289,1 Feb 2026 8:52:10
697f1567dffb5babfa206f10,data_ml,p_count_2,robo,289,1 Feb 2026 8:57:11
697f1694dffb5babfa206f12,data_ml,p_count_2,robo,289,1 Feb 2026 9:2:12
697f17c1dffb5babfa206f14,data_ml,p_count_2,robo,289,1 Feb 2026 9:7:13
697f18eedffb5babfa206f16,data_ml,p_count_2,robo,289,1 Feb 2026 9:12:14
697f1a1cdffb5babfa206f18,data_ml,p_count_2,robo,289,1 Feb 2026 9:17:16
697f1b49dffb5babfa206f1a,data_ml,p_count_2,robo,289,1 Feb 2026 9:22:17
697f1c76dffb5babfa206f1c,data_ml,p_count_2,robo,289,1 Feb 2026 9:27:18
697f1da3dffb5babfa206f1e,data_ml,p_count_2,robo,289,1 Feb 2026 9:32:19
697f1ed0dffb5babfa206f20,data_ml,p_count_2,robo,289,1 Feb 2026 9:37:20
697f1ffddffb5babfa206f22,data_ml,p_count_2,robo,289,1 Feb 2026 9:42:21
697f212bdffb5babfa206f24,data_ml,p_count_2,robo,289,1 Feb 2026 9:47:23
697f2258dffb5babfa206f26,data_ml,p_count_2,robo,289,1 Feb 2026 9:52:24
697f2385dffb5babfa206f28,data_ml,p_count_2,robo,289,1 Feb 2026 9:57:25
697f24b2dffb5babfa206f2a,data_ml,p_count_2,robo,289,1 Feb 2026 10:2:26
697f25dfdffb5babfa206f2c,data_ml,p_count_2,robo,289,1 Feb 2026 10:7:27
697f270cdffb5babfa206f2e,data_ml,p_count_2,robo,289,1 Feb 2026 10:12:28
697f2839dffb5babfa206f30,data_ml,p_count_2,robo,289,1 Feb 2026 10:17:29
697f2967dffb5babfa206f32,data_ml,p_count_2,robo,289,1 Feb 2026 10:22:31
697f2a94dffb5babfa206f34,data_ml,p_count_2,robo,289,1 Feb 2026 10:27:32
697f2bc1dffb5babfa206f36,data_ml,p_count_2,robo,289,1 Feb 2026 10:32:33
697f2ceedffb5babfa206f38,data_ml,p_count_2,robo,289,1 Feb 2026 10:37:34
697f2e1bdffb5babfa206f3a,data_ml,p_count_2,robo,289,1 Feb 2026 10:42:35
697f2f48dffb5babfa206f3c,data_ml,p_count_2,robo,289,1 Feb 2026 10:47:36
697f3076dffb5babfa206f3e,data_ml,p_count_2,robo,289,1 Feb 2026 10:52:38
697f31a3dffb5babfa206f40,data_ml,p_count_2,robo,289,1 Feb 2026 10:57:39
697f32d0dffb5babfa206f42,data_ml,p_count_2,robo,289,1 Feb 2026 11:2:40
697f33fddffb5babfa206f44,data_ml,p_count_2,robo,289,1 Feb 2026 11:7:41
697f352adffb5babfa206f46,data_ml,p_count_2,robo,289,1 Feb 2026 11:12:42
697f3657dffb5babfa206f48,data_ml,p_count_2,robo,289,1 Feb 2026 11:17:43
697f3785dffb5babfa206f4a,data_ml,p_count_2,robo,289,1 Feb 2026 11:22:45
697f38b2dffb5babfa206f4c,data_ml,p_count_2,robo,289,1 Feb 2026 11:27:46
697f39dfdffb5babfa206f4e,data_ml,p_count_2,robo,289,1 Feb 2026 11:32:47
697f3b0cdffb5babfa206f50,data_ml,p_count_2,robo,289,1 Feb 2026 11:37:48
697f3c39dffb5babfa206f52,data_ml,p_count_2,robo,289,1 Feb 2026 11:42:49
697f3d66dffb5babfa206f54,data_ml,p_count_2,robo,289,1 Feb 2026 11:47:50
697f3e94dffb5babfa206f56,data_ml,p_count_2,robo,289,1 Feb 2026 11:52:52
697f3fc1dffb5babfa206f58,data_ml,p_count_2,robo,289,1 Feb 2026 11:57:53
697f40eedffb5babfa206f5a,data_ml,p_count_2,robo,289,1 Feb 2026 12:2:54
697f421bdffb5babfa206f5c,data_ml,p_count_2,robo,289,1 Feb 2026 12:7:55
697f4348dffb5babfa206f5e,data_ml,p_count_2,robo,289,1 Feb 2026 12:12:56
697f4475dffb5babfa206f60,data_ml,p_count_2,robo,289,1 Feb 2026 12:17:57
697f45a3dffb5babfa206f62,data_ml,p_count_2,robo,289,1 Feb 2026 12:22:59
697f46d0dffb5babfa206f64,data_ml,p_count_2,robo,289,1 Feb 2026 12:28:0
697f47fddffb5babfa206f66,data_ml,p_count_2,robo,289,1 Feb 2026 12:33:1
697f492adffb5babfa206f68,data_ml,p_count_2,robo,289,1 Feb 2026 12:38:2
697f4a57dffb5babfa206f6a,data_ml,p_count_2,robo,289,1 Feb 2026 12:43:3
697f4b85dffb5babfa206f6c,data_ml,p_count_2,robo,289,1 Feb 2026 12:48:5
697f4cb2dffb5babfa206f6e,data_ml,p_count_2,robo,289,1 Feb 2026 12:53:6
697f4ddfdffb5babfa206f70,data_ml,p_count_2,robo,289,1 Feb 2026 12:58:7
697f4f0cdffb5babfa206f72,data_ml,p_count_2,robo,289,1 Feb 2026 13:3:8
697f5039dffb5babfa206f74,data_ml,p_count_2,robo,289,1 Feb 2026 13:8:9
697f5166dffb5babfa206f76,data_ml,p_count_2,robo,289,1 Feb 2026 13:13:10
697f5294dffb5babfa206f78,data_ml,p_count_2,robo,289,1 Feb 2026 13:18:12
697f53c1dffb5babfa206f7a,data_ml,p_count_2,robo,289,1 Feb 2026 13:23:13
697f54eedffb5babfa206f7c,data_ml,p_count_2,robo,289,1 Feb 2026 13:28:14
697f561bdffb5babfa206f7e,data_ml,p_count_2,robo,289,1 Feb 2026 13:33:15
697f5748dffb5babfa206f80,data_ml,p_count_2,robo,289,1 Feb 2026 13:38:16
697f5876dffb5babfa206f82,data_ml,p_count_2,robo,289,1 Feb 2026 13:43:18
697f59a3dffb5babfa206f84,data_ml,p_count_2,robo,289,1 Feb 2026 13:48:19
697f5ad0dffb5babfa206f86,data_ml,p_count_2,robo,289,1 Feb 2026 13:53:20
697f5bfddffb5babfa206f88,data_ml,p_count_2,robo,289,1 Feb 2026 13:58:21
697f5d2adffb5babfa206f8a,data_ml,p_count_2,robo,289,1 Feb 2026 14:3:22
697f5e58dffb5babfa206f8c,data_ml,p_count_2,robo,289,1 Feb 2026 14:8:24
697f5f85dffb5babfa206f8e,data_ml,p_count_2,robo,289,1 Feb 2026 14:13:25
697f60b2dffb5babfa206f90,data_ml,p_count_2,robo,289,1 Feb 2026 14:18:26
697f61dfdffb5babfa206f92,data_ml,p_count_2,robo,289,1 Feb 2026 14:23:27
697f630cdffb5babfa206f94,data_ml,p_count_2,robo,289,1 Feb 2026 14:28:28
697f6439dffb5babfa206f96,data_ml,p_count_2,robo,289,1 Feb 2026 14:33:29
697f6567dffb5babfa206f98,data_ml,p_count_2,robo,289,1 Feb 2026 14:38:31
697f6694dffb5babfa206f9a,data_ml,p_count_2,robo,289,1 Feb 2026 14:43:32
697f67c1dffb5babfa206f9c,data_ml,p_count_2,robo,289,1 Feb 2026 14:48:33
697f68eedffb5babfa206f9e,data_ml,p_count_2,robo,289,1 Feb 2026 14:53:34
697f6a1bdffb5babfa206fa0,data_ml,p_count_2,robo,289,1 Feb 2026 14:58:35
697f6b49dffb5babfa206fa2,data_ml,p_count_2,robo,289,1 Feb 2026 15:3:37
697f6c76dffb5babfa206fa4,data_ml,p_count_2,robo,289,1 Feb 2026 15:8:38
697f6da3dffb5babfa206fa6,data_ml,p_count_2,robo,289,1 Feb 2026 15:13:39
697f6ed0dffb5babfa206fa8,data_ml,p_count_2,robo,289,1 Feb 2026 15:18:40
697f6ffddffb5babfa206faa,data_ml,p_count_2,robo,289,1 Feb 2026 15:23:41
697f712bdffb5babfa206fac,data_ml,p_count_2,robo,289,1 Feb 2026 15:28:43
697f7258dffb5babfa206fae,data_ml,p_count_2,robo,289,1 Feb 2026 15:33:44
697f7385dffb5babfa206fb0,data_ml,p_count_2,robo,289,1 Feb 2026 15:38:45
697f74b2dffb5babfa206fb2,data_ml,p_count_2,robo,289,1 Feb 2026 15:43:46
697f75dfdffb5babfa206fb4,data_ml,p_count_2,robo,289,1 Feb 2026 15:48:47
697f770ddffb5babfa206fb6,data_ml,p_count_2,robo,289,1 Feb 2026 15:53:49
697f783adffb5babfa206fb8,data_ml,p_count_2,robo,289,1 Feb 2026 15:58:50
697f7967dffb5babfa206fba,data_ml,p_count_2,robo,289,1 Feb 2026 16:3:51
697f7a94dffb5babfa206fbc,data_ml,p_count_2,robo,289,1 Feb 2026 16:8:52
697f7bc1dffb5babfa206fbe,data_ml,p_count_2,robo,289,1 Feb 2026 16:13:53
697f7cefdffb5babfa206fc0,data_ml,p_count_2,robo,289,1 Feb 2026 16:18:55
697f7e1cdffb5babfa206fc2,data_ml,p_count_2,robo,289,1 Feb 2026 16:23:56
697f7f49dffb5babfa206fc4,data_ml,p_count_2,robo,289,1 Feb 2026 16:28:57
697f8076dffb5babfa206fc6,data_ml,p_count_2,robo,289,1 Feb 2026 16:33:58
697f81a3dffb5babfa206fc8,data_ml,p_count_2,robo,289,1 Feb 2026 16:38:59
697f82d0dffb5babfa206fca,data_ml,p_count_2,robo,289,1 Feb 2026 16:44:0
697f83fedffb5babfa206fcc,data_ml,p_count_2,robo,289,1 Feb 2026 16:49:2
697f852bdffb5babfa206fce,data_ml,p_count_2,robo,289,1 Feb 2026 16:54:3
697f8658dffb5babfa206fd0,data_ml,p_count_2,robo,289,1 Feb 2026 16:59:4
697f8785dffb5babfa206fd2,data_ml,p_count_2,robo,289,1 Feb 2026 17:4:5
697f88b2dffb5babfa206fd4,data_ml,p_count_2,robo,289,1 Feb 2026 17:9:6
697f89e0dffb5babfa206fd6,data_ml,p_count_2,robo,289,1 Feb 2026 17:14:8
697f8b0ddffb5babfa206fd8,data_ml,p_count_2,robo,289,1 Feb 2026 17:19:9
697f8c3adffb5babfa206fda,data_ml,p_count_2,robo,289,1 Feb 2026 17:24:10
697f8d67dffb5babfa206fdc,data_ml,p_count_2,robo,289,1 Feb 2026 17:29:11
697f8e94dffb5babfa206fde,data_ml,p_count_2,robo,289,1 Feb 2026 17:34:12
697f8fc1dffb5babfa206fe0,data_ml,p_count_2,robo,289,1 Feb 2026 17:39:13
697f90efdffb5babfa206fe2,data_ml,p_count_2,robo,289,1 Feb 2026 17:44:15
697f921cdffb5babfa206fe4,data_ml,p_count_2,robo,289,1 Feb 2026 17:49:16
697f9349dffb5babfa206fe6,data_ml,p_count_2,robo,289,1 Feb 2026 17:54:17
697f9476dffb5babfa206fe8,data_ml,p_count_2,robo,289,1 Feb 2026 17:59:18
697f95a3dffb5babfa206fea,data_ml,p_count_2,robo,289,1 Feb 2026 18:4:19
697f96d0dffb5babfa206fec,data_ml,p_count_2,robo,289,1 Feb 2026 18:9:20
697f97fedffb5babfa206fee,data_ml,p_count_2,robo,289,1 Feb 2026 18:14:22
697f992bdffb5babfa206ff0,data_ml,p_count_2,robo,289,1 Feb 2026 18:19:23
697f9a5845f2e1787939521d,data_ml,p_count_2,robo,289,1 Feb 2026 18:24:24
697f9b8545f2e1787939521f,data_ml,p_count_2,robo,289,1 Feb 2026 18:29:25
697f9cb245f2e17879395221,data_ml,p_count_2,robo,289,1 Feb 2026 18:34:26
697f9ddf45f2e17879395223,data_ml,p_count_2,robo,289,1 Feb 2026 18:39:27
697f9f0d45f2e17879395225,data_ml,p_count_2,robo,289,1 Feb 2026 18:44:29
697fa03a45f2e17879395227,data_ml,p_count_2,robo,289,1 Feb 2026 18:49:30
697fa16745f2e17879395229,data_ml,p_count_2,robo,289,1 Feb 2026 18:54:31
697fa29445f2e1787939522b,data_ml,p_count_2,robo,289,1 Feb 2026 18:59:32
697fa3c145f2e1787939522d,data_ml,p_count_2,robo,289,1 Feb 2026 19:4:33
697fa4ef45f2e1787939522f,data_ml,p_count_2,robo,289,1 Feb 2026 19:9:35
697fa61c45f2e17879395231,data_ml,p_count_2,robo,289,1 Feb 2026 19:14:36
697fa74945f2e17879395233,data_ml,p_count_2,robo,289,1 Feb 2026 19:19:37
697fa87645f2e17879395235,data_ml,p_count_2,robo,289,1 Feb 2026 19:24:38
697fa9a345f2e17879395237,data_ml,p_count_2,robo,289,1 Feb 2026 19:29:39
697faad045f2e17879395239,data_ml,p_count_2,robo,289,1 Feb 2026 19:34:40
697fabfe45f2e1787939523b,data_ml,p_count_2,robo,289,1 Feb 2026 19:39:42
697fad2b45f2e1787939523d,data_ml,p_count_2,robo,289,1 Feb 2026 19:44:43
697fae5845f2e1787939523f,data_ml,p_count_2,robo,289,1 Feb 2026 19:49:44
697faf8545f2e17879395241,data_ml,p_count_2,robo,289,1 Feb 2026 19:54:45
697fb0b245f2e17879395243,data_ml,p_count_2,robo,289,1 Feb 2026 19:59:46
697fb1e045f2e17879395245,data_ml,p_count_2,robo,289,1 Feb 2026 20:4:48
697fb30d45f2e17879395247,data_ml,p_count_2,robo,289,1 Feb 2026 20:9:49
697fb43a45f2e17879395249,data_ml,p_count_2,robo,289,1 Feb 2026 20:14:50
697fb56745f2e1787939524b,data_ml,p_count_2,robo,289,1 Feb 2026 20:19:51
697fb69445f2e1787939524d,data_ml,p_count_2,robo,289,1 Feb 2026 20:24:52
697fb7c245f2e1787939524f,data_ml,p_count_2,robo,289,1 Feb 2026 20:29:54
697fb8ef45f2e17879395251,data_ml,p_count_2,robo,289,1 Feb 2026 20:34:55
697fba1c45f2e17879395253,data_ml,p_count_2,robo,289,1 Feb 2026 20:39:56
697fbb4945f2e17879395255,data_ml,p_count_2,robo,289,1 Feb 2026 20:44:57
697fbc7645f2e17879395257,data_ml,p_count_2,robo,289,1 Feb 2026 20:49:58
697fbda445f2e17879395259,data_ml,p_count_2,robo,289,1 Feb 2026 20:55:0
697fbed145f2e1787939525b,data_ml,p_count_2,robo,289,1 Feb 2026 21:0:1
697fbffe45f2e1787939525d,data_ml,p_count_2,robo,289,1 Feb 2026 21:5:2
697fc12b45f2e1787939525f,data_ml,p_count_2,robo,289,1 Feb 2026 21:10:3
697fc25845f2e17879395261,data_ml,p_count_2,robo,289,1 Feb 2026 21:15:4
697fc38545f2e17879395263,data_ml,p_count_2,robo,289,1 Feb 2026 21:20:5
697fc4b345f2e17879395265,data_ml,p_count_2,robo,289,1 Feb 2026 21:25:7
697fc5e045f2e17879395267,data_ml,p_count_2,robo,289,1 Feb 2026 21:30:8
697fc70d45f2e17879395269,data_ml,p_count_2,robo,289,1 Feb 2026 21:35:9
697fc83a45f2e1787939526b,data_ml,p_count_2,robo,289,1 Feb 2026 21:40:10
697fc96745f2e1787939526d,data_ml,p_count_2,robo,289,1 Feb 2026 21:45:11
697fca9445f2e1787939526f,data_ml,p_count_2,robo,289,1 Feb 2026 21:50:12
697fcbc245f2e17879395271,data_ml,p_count_2,robo,289,1 Feb 2026 21:55:14
697fccef45f2e17879395273,data_ml,p_count_2,robo,289,1 Feb 2026 22:0:15
697fce1c45f2e17879395275,data_ml,p_count_2,robo,289,1 Feb 2026 22:5:16
697fcf4945f2e17879395277,data_ml,p_count_2,robo,289,1 Feb 2026 22:10:17
697fd07645f2e17879395279,data_ml,p_count_2,robo,289,1 Feb 2026 22:15:18
697fd1a445f2e1787939527b,data_ml,p_count_2,robo,289,1 Feb 2026 22:20:20
697fd2d145f2e1787939527d,data_ml,p_count_2,robo,289,1 Feb 2026 22:25:21
697fd3fe45f2e1787939527f,data_ml,p_count_2,robo,289,1 Feb 2026 22:30:22
697fd52b45f2e17879395281,data_ml,p_count_2,robo,289,1 Feb 2026 22:35:23
697fd65845f2e17879395283,data_ml,p_count_2,robo,289,1 Feb 2026 22:40:24
697fd78645f2e17879395285,data_ml,p_count_2,robo,289,1 Feb 2026 22:45:26
697fd8b345f2e17879395287,data_ml,p_count_2,robo,289,1 Feb 2026 22:50:27
697fd9e045f2e17879395289,data_ml,p_count_2,robo,289,1 Feb 2026 22:55:28
697fdb0d45f2e1787939528b,data_ml,p_count_2,robo,289,1 Feb 2026 23:0:29
697fdc3b45f2e1787939528d,data_ml,p_count_2,robo,289,1 Feb 2026 23:5:31
697fdd6845f2e1787939528f,data_ml,p_count_2,robo,289,1 Feb 2026 23:10:32
697fde9545f2e17879395291,data_ml,p_count_2,robo,289,1 Feb 2026 23:15:33
697fdfc245f2e17879395293,data_ml,p_count_2,robo,289,1 Feb 2026 23:20:34
697fe0ef45f2e17879395295,data_ml,p_count_2,robo,289,1 Feb 2026 23:25:35
697fe21d45f2e17879395297,data_ml,p_count_2,robo,289,1 Feb 2026 23:30:37
697fe34a45f2e17879395299,data_ml,p_count_2,robo,289,1 Feb 2026 23:35:38
697fe47745f2e1787939529b,data_ml,p_count_2,robo,289,1 Feb 2026 23:40:39
697fe5a445f2e1787939529d,data_ml,p_count_2,robo,289,1 Feb 2026 23:45:40
697fe6d145f2e1787939529f,data_ml,p_count_2,robo,289,1 Feb 2026 23:50:41
697fe7ff45f2e178793952a1,data_ml,p_count_2,robo,289,1 Feb 2026 23:55:43
697fe92c45f2e178793952a3,data_ml,p_count_2,robo,289,2 Feb 2026 0:0:44
697fea5945f2e178793952a5,data_ml,p_count_2,robo,289,2 Feb 2026 0:5:45
697feb8645f2e178793952a7,data_ml,p_count_2,robo,289,2 Feb 2026 0:10:46
697fecb345f2e178793952a9,data_ml,p_count_2,robo,289,2 Feb 2026 0:15:47
697fede145f2e178793952ab,data_ml,p_count_2,robo,289,2 Feb 2026 0:20:49
697fef0e45f2e178793952ad,data_ml,p_count_2,robo,289,2 Feb 2026 0:25:50
697ff03b45f2e178793952af,data_ml,p_count_2,robo,289,2 Feb 2026 0:30:51
697ff16845f2e178793952b1,data_ml,p_count_2,robo,289,2 Feb 2026 0:35:52
697ff29645f2e178793952b3,data_ml,p_count_2,robo,289,2 Feb 2026 0:40:54
697ff3c345f2e178793952b5,data_ml,p_count_2,robo,289,2 Feb 2026 0:45:55
697ff4f045f2e178793952b7,data_ml,p_count_2,robo,289,2 Feb 2026 0:50:56
697ff61d45f2e178793952b9,data_ml,p_count_2,robo,289,2 Feb 2026 0:55:57
697ff74b45f2e178793952bb,data_ml,p_count_2,robo,289,2 Feb 2026 1:0:59
697ff87845f2e178793952bd,data_ml,p_count_2,robo,289,2 Feb 2026 1:6:0
697ff9a545f2e178793952bf,data_ml,p_count_2,robo,289,2 Feb 2026 1:11:1
697ffad245f2e178793952c1,data_ml,p_count_2,robo,289,2 Feb 2026 1:16:2
697ffbff45f2e178793952c3,data_ml,p_count_2,robo,289,2 Feb 2026 1:21:3
697ffd2d45f2e178793952c5,data_ml,p_count_2,robo,289,2 Feb 2026 1:26:5
697ffe5a45f2e178793952c7,data_ml,p_count_2,robo,289,2 Feb 2026 1:31:6
697fff8745f2e178793952c9,data_ml,p_count_2,robo,289,2 Feb 2026 1:36:7
698000b445f2e178793952cb,data_ml,p_count_2,robo,289,2 Feb 2026 1:41:8
698001e245f2e178793952cd,data_ml,p_count_2,robo,289,2 Feb 2026 1:46:10
6980030f45f2e178793952cf,data_ml,p_count_2,robo,289,2 Feb 2026 1:51:11
6980043c45f2e178793952d1,data_ml,p_count_2,robo,289,2 Feb 2026 1:56:12
6980056945f2e178793952d3,data_ml,p_count_2,robo,289,2 Feb 2026 2:1:13
6980069645f2e178793952d5,data_ml,p_count_2,robo,289,2 Feb 2026 2:6:14
698007c345f2e178793952d7,data_ml,p_count_2,robo,289,2 Feb 2026 2:11:15
698008f145f2e178793952d9,data_ml,p_count_2,robo,289,2 Feb 2026 2:16:17
69800a1e45f2e178793952db,data_ml,p_count_2,robo,289,2 Feb 2026 2:21:18
69800b4b45f2e178793952dd,data_ml,p_count_2,robo,289,2 Feb 2026 2:26:19
69800c7845f2e178793952df,data_ml,p_count_2,robo,289,2 Feb 2026 2:31:20
69800da545f2e178793952e1,data_ml,p_count_2,robo,289,2 Feb 2026 2:36:21
69800ed345f2e178793952e3,data_ml,p_count_2,robo,289,2 Feb 2026 2:41:23
6980100045f2e178793952e5,data_ml,p_count_2,robo,289,2 Feb 2026 2:46:24
6980112d45f2e178793952e7,data_ml,p_count_2,robo,289,2 Feb 2026 2:51:25
6980125a45f2e178793952e9,data_ml,p_count_2,robo,289,2 Feb 2026 2:56:26
6980138745f2e178793952eb,data_ml,p_count_2,robo,289,2 Feb 2026 3:1:27
698014b545f2e178793952ed,data_ml,p_count_2,robo,289,2 Feb 2026 3:6:29
698015e245f2e178793952ef,data_ml,p_count_2,robo,289,2 Feb 2026 3:11:30
6980170f45f2e178793952f1,data_ml,p_count_2,robo,289,2 Feb 2026 3:16:31
6980183c45f2e178793952f3,data_ml,p_count_2,robo,289,2 Feb 2026 3:21:32
6980196945f2e178793952f5,data_ml,p_count_2,robo,289,2 Feb 2026 3:26:33
69801a9745f2e178793952f7,data_ml,p_count_2,robo,289,2 Feb 2026 3:31:35
69801bc445f2e178793952f9,data_ml,p_count_2,robo,289,2 Feb 2026 3:36:36
69801cf145f2e178793952fb,data_ml,p_count_2,robo,289,2 Feb 2026 3:41:37
69801e1e45f2e178793952fd,data_ml,p_count_2,robo,289,2 Feb 2026 3:46:38
69801f4b45f2e178793952ff,data_ml,p_count_2,robo,289,2 Feb 2026 3:51:39
6980207945f2e17879395301,data_ml,p_count_2,robo,289,2 Feb 2026 3:56:41
698021a645f2e17879395303,data_ml,p_count_2,robo,289,2 Feb 2026 4:1:42
698022d345f2e17879395305,data_ml,p_count_2,robo,289,2 Feb 2026 4:6:43
6980240045f2e17879395307,data_ml,p_count_2,robo,289,2 Feb 2026 4:11:44
6980252d45f2e17879395309,data_ml,p_count_2,robo,289,2 Feb 2026 4:16:45
6980265b45f2e1787939530b,data_ml,p_count_2,robo,289,2 Feb 2026 4:21:47
6980278845f2e1787939530d,data_ml,p_count_2,robo,289,2 Feb 2026 4:26:48
698028b545f2e1787939530f,data_ml,p_count_2,robo,289,2 Feb 2026 4:31:49
698029e245f2e17879395311,data_ml,p_count_2,robo,289,2 Feb 2026 4:36:50
69802b0f45f2e17879395313,data_ml,p_count_2,robo,289,2 Feb 2026 4:41:51
69802c3c45f2e17879395315,data_ml,p_count_2,robo,289,2 Feb 2026 4:46:52
69802d6a45f2e17879395317,data_ml,p_count_2,robo,289,2 Feb 2026 4:51:54
69802e9745f2e17879395319,data_ml,p_count_2,robo,289,2 Feb 2026 4:56:55
69802fc445f2e1787939531b,data_ml,p_count_2,robo,289,2 Feb 2026 5:1:56
698030f145f2e1787939531d,data_ml,p_count_2,robo,289,2 Feb 2026 5:6:57
6980321e45f2e1787939531f,data_ml,p_count_2,robo,289,2 Feb 2026 5:11:58
6980334c45f2e17879395322,data_ml,p_count_2,robo,289,2 Feb 2026 5:17:0
6980347945f2e17879395324,data_ml,p_count_2,robo,289,2 Feb 2026 5:22:1
698035a645f2e17879395326,data_ml,p_count_2,robo,289,2 Feb 2026 5:27:2
698036d345f2e17879395328,data_ml,p_count_2,robo,289,2 Feb 2026 5:32:3
6980380045f2e1787939532a,data_ml,p_count_2,robo,289,2 Feb 2026 5:37:4
6980392e45f2e1787939532c,data_ml,p_count_2,robo,289,2 Feb 2026 5:42:6
69803a5b45f2e1787939532e,data_ml,p_count_2,robo,288,2 Feb 2026 5:47:7
69803b8845f2e17879395330,data_ml,p_count_2,robo,286,2 Feb 2026 5:52:8
69803cb445f2e17879395332,data_ml,p_count_2,robo,285,2 Feb 2026 5:57:8
69803de245f2e17879395334,data_ml,p_count_2,robo,289,2 Feb 2026 6:2:10
69803f0f45f2e17879395336,data_ml,p_count_2,robo,289,2 Feb 2026 6:7:11
6980403c45f2e17879395338,data_ml,p_count_2,robo,289,2 Feb 2026 6:12:12
6980416945f2e1787939533a,data_ml,p_count_2,robo,289,2 Feb 2026 6:17:13
6980429745f2e1787939533c,data_ml,p_count_2,robo,286,2 Feb 2026 6:22:15
698043c445f2e1787939533e,data_ml,p_count_2,robo,286,2 Feb 2026 6:27:16
698044f145f2e17879395340,data_ml,p_count_2,robo,286,2 Feb 2026 6:32:17
6980461f45f2e17879395342,data_ml,p_count_2,robo,288,2 Feb 2026 6:37:19
6980474c45f2e17879395344,data_ml,p_count_2,robo,289,2 Feb 2026 6:42:20
6980487945f2e17879395346,data_ml,p_count_2,robo,288,2 Feb 2026 6:47:21
698049a645f2e17879395348,data_ml,p_count_2,robo,289,2 Feb 2026 6:52:22
69804ad445f2e1787939534a,data_ml,p_count_2,robo,289,2 Feb 2026 6:57:24
69804c0145f2e1787939534c,data_ml,p_count_2,robo,287,2 Feb 2026 7:2:25
69804d2e45f2e1787939534e,data_ml,p_count_2,robo,286,2 Feb 2026 7:7:26
69804e5b45f2e17879395350,data_ml,p_count_2,robo,288,2 Feb 2026 7:12:27
69804f8845f2e17879395352,data_ml,p_count_2,robo,289,2 Feb 2026 7:17:28
698050b645f2e17879395354,data_ml,p_count_2,robo,277,2 Feb 2026 7:22:30
698051e345f2e17879395356,data_ml,p_count_2,robo,289,2 Feb 2026 7:27:31
6980531045f2e17879395358,data_ml,p_count_2,robo,286,2 Feb 2026 7:32:32
6980543d45f2e1787939535a,data_ml,p_count_2,robo,288,2 Feb 2026 7:37:33
6980556b45f2e1787939535c,data_ml,p_count_2,robo,287,2 Feb 2026 7:42:35
6980569845f2e1787939535e,data_ml,p_count_2,robo,289,2 Feb 2026 7:47:36
698057c545f2e17879395360,data_ml,p_count_2,robo,286,2 Feb 2026 7:52:37
698058f345f2e17879395361,data_ml,p_count_2,robo,288,2 Feb 2026 7:57:39
69805a1f45f2e17879395363,data_ml,p_count_2,robo,282,2 Feb 2026 8:2:39
69805b4d45f2e17879395364,data_ml,p_count_2,robo,285,2 Feb 2026 8:7:41
69805c7a45f2e17879395365,data_ml,p_count_2,robo,288,2 Feb 2026 8:12:42
69805da645f2e1787939536c,data_ml,p_count_2,robo,61,2 Feb 2026 8:17:42
69805ed345f2e17879395374,data_ml,p_count_2,robo,6,2 Feb 2026 8:22:43
69805fff45f2e1787939537b,data_ml,p_count_2,robo,26,2 Feb 2026 8:27:43
6980612c45f2e17879395382,data_ml,p_count_2,robo,0,2 Feb 2026 8:32:44
6980625845f2e17879395384,data_ml,p_count_2,robo,0,2 Feb 2026 8:37:44
6980641a45f2e17879395387,data_ml,p_count_2,robo,0,2 Feb 2026 8:45:14
698066f645f2e1787939538a,data_ml,p_count_2,robo,0,2 Feb 2026 8:57:26
6980682245f2e1787939538c,data_ml,p_count_2,robo,5,2 Feb 2026 9:2:26
6980694f45f2e1787939538e,data_ml,p_count_2,robo,5,2 Feb 2026 9:7:27
69806a7c45f2e17879395390,data_ml,p_count_2,robo,1,2 Feb 2026 9:12:28
69806ba845f2e17879395392,data_ml,p_count_2,robo,3,2 Feb 2026 9:17:28
69806cd545f2e17879395393,data_ml,p_count_2,robo,0,2 Feb 2026 9:22:29
69806e0145f2e17879395394,data_ml,p_count_2,robo,3,2 Feb 2026 9:27:29
69806f2e45f2e17879395395,data_ml,p_count_2,robo,0,2 Feb 2026 9:32:30
6980705a45f2e17879395397,data_ml,p_count_2,robo,4,2 Feb 2026 9:37:30
6980718745f2e17879395399,data_ml,p_count_2,robo,3,2 Feb 2026 9:42:31
698072b445f2e1787939539b,data_ml,p_count_2,robo,1,2 Feb 2026 9:47:32
698073e045f2e1787939539d,data_ml,p_count_2,robo,0,2 Feb 2026 9:52:32
6980750d45f2e1787939539f,data_ml,p_count_2,robo,0,2 Feb 2026 9:57:33
6980763945f2e178793953a1,data_ml,p_count_2,robo,2,2 Feb 2026 10:2:33
6980776645f2e178793953a3,data_ml,p_count_2,robo,11,2 Feb 2026 10:7:34
6980789345f2e178793953a5,data_ml,p_count_2,robo,0,2 Feb 2026 10:12:35
698079bf45f2e178793953a7,data_ml,p_count_2,robo,8,2 Feb 2026 10:17:35
69807aec45f2e178793953a9,data_ml,p_count_2,robo,1,2 Feb 2026 10:22:36
69807c1845f2e178793953ab,data_ml,p_count_2,robo,0,2 Feb 2026 10:27:36
69807d4545f2e178793953ad,data_ml,p_count_2,robo,5,2 Feb 2026 10:32:37
69807e7145f2e178793953af,data_ml,p_count_2,robo,3,2 Feb 2026 10:37:37
69807f9e45f2e178793953b1,data_ml,p_count_2,robo,3,2 Feb 2026 10:42:38
698080cb45f2e178793953b3,data_ml,p_count_2,robo,12,2 Feb 2026 10:47:39
698081f745f2e178793953b5,data_ml,p_count_2,robo,3,2 Feb 2026 10:52:39
6980832445f2e178793953b7,data_ml,p_count_2,robo,4,2 Feb 2026 10:57:40
6980845045f2e178793953b9,data_ml,p_count_2,robo,5,2 Feb 2026 11:2:40
6980857d45f2e178793953bb,data_ml,p_count_2,robo,9,2 Feb 2026 11:7:41
698086aa45f2e178793953bd,data_ml,p_count_2,robo,2,2 Feb 2026 11:12:42
698087d645f2e178793953bf,data_ml,p_count_2,robo,2,2 Feb 2026 11:17:42
6980890345f2e178793953c1,data_ml,p_count_2,robo,5,2 Feb 2026 11:22:43
69808a3045f2e178793953c3,data_ml,p_count_2,robo,0,2 Feb 2026 11:27:44
6980900fe6e3bb7f5c494910,data_ml,p_count_2,robo,12,2 Feb 2026 11:52:47
698095eec3000a9cd10187b8,data_ml,p_count_2,robo,25,2 Feb 2026 12:17:50
6980971ac3000a9cd10187ba,data_ml,p_count_2,robo,3,2 Feb 2026 12:22:50
69809847c3000a9cd10187bc,data_ml,p_count_2,robo,0,2 Feb 2026 12:27:51
69809973c3000a9cd10187be,data_ml,p_count_2,robo,9,2 Feb 2026 12:32:51
69809aa0c3000a9cd10187c0,data_ml,p_count_2,robo,28,2 Feb 2026 12:37:52
69809bccc3000a9cd10187c2,data_ml,p_count_2,robo,13,2 Feb 2026 12:42:52
69809cf9c3000a9cd10187c4,data_ml,p_count_2,robo,3,2 Feb 2026 12:47:53
69809e25c3000a9cd10187c6,data_ml,p_count_2,robo,1,2 Feb 2026 12:52:53
69809f52c3000a9cd10187c8,data_ml,p_count_2,robo,0,2 Feb 2026 12:57:54
6980a07fc3000a9cd10187ca,data_ml,p_count_2,robo,1,2 Feb 2026 13:2:55
6980a1abc3000a9cd10187cc,data_ml,p_count_2,robo,8,2 Feb 2026 13:7:55
6980a2d8c3000a9cd10187ce,data_ml,p_count_2,robo,0,2 Feb 2026 13:12:56
6980a404c3000a9cd10187d0,data_ml,p_count_2,robo,0,2 Feb 2026 13:17:56
6980a531c3000a9cd10187d2,data_ml,p_count_2,robo,0,2 Feb 2026 13:22:57
6980a65dc3000a9cd10187d4,data_ml,p_count_2,robo,12,2 Feb 2026 13:27:57
6980a78ac3000a9cd10187d6,data_ml,p_count_2,robo,0,2 Feb 2026 13:32:58
6980a8b7c3000a9cd10187d8,data_ml,p_count_2,robo,4,2 Feb 2026 13:37:59
6980a9e3c3000a9cd10187da,data_ml,p_count_2,robo,0,2 Feb 2026 13:42:59
6980ab10c3000a9cd10187dc,data_ml,p_count_2,robo,0,2 Feb 2026 13:48:0
6980ac3cc3000a9cd10187de,data_ml,p_count_2,robo,77,2 Feb 2026 13:53:0
6980ad69c3000a9cd10187e0,data_ml,p_count_2,robo,0,2 Feb 2026 13:58:1
6980ae96c3000a9cd10187e2,data_ml,p_count_2,robo,0,2 Feb 2026 14:3:2
6980afc3c3000a9cd10187e4,data_ml,p_count_2,robo,0,2 Feb 2026 14:8:3
6980b0efc3000a9cd10187e6,data_ml,p_count_2,robo,1,2 Feb 2026 14:13:3
6980b21cc3000a9cd10187e8,data_ml,p_count_2,robo,0,2 Feb 2026 14:18:4
6980b348c3000a9cd10187ea,data_ml,p_count_2,robo,0,2 Feb 2026 14:23:4
6980b475c3000a9cd10187ec,data_ml,p_count_2,robo,0,2 Feb 2026 14:28:5
6980b5a1c3000a9cd10187ed,data_ml,p_count_2,robo,0,2 Feb 2026 14:33:5
6980b6cec3000a9cd10187ef,data_ml,p_count_2,robo,9,2 Feb 2026 14:38:6
6980b7fbc3000a9cd10187f1,data_ml,p_count_2,robo,2,2 Feb 2026 14:43:7
6980b927c3000a9cd10187f3,data_ml,p_count_2,robo,5,2 Feb 2026 14:48:7
6980ba54c3000a9cd10187f5,data_ml,p_count_2,robo,1,2 Feb 2026 14:53:8
6980bb80c3000a9cd10187f7,data_ml,p_count_2,robo,0,2 Feb 2026 14:58:8
6980bcadc3000a9cd10187f9,data_ml,p_count_2,robo,4,2 Feb 2026 15:3:9
6980bdd9c3000a9cd10187fb,data_ml,p_count_2,robo,2,2 Feb 2026 15:8:9
6980bf06c3000a9cd10187fd,data_ml,p_count_2,robo,0,2 Feb 2026 15:13:10
6980c033c3000a9cd10187ff,data_ml,p_count_2,robo,2,2 Feb 2026 15:18:11
6980c15fc3000a9cd1018801,data_ml,p_count_2,robo,0,2 Feb 2026 15:23:11
6980c28cc3000a9cd1018803,data_ml,p_count_2,robo,0,2 Feb 2026 15:28:12
6980c3b8c3000a9cd1018805,data_ml,p_count_2,robo,1,2 Feb 2026 15:33:12
6980c4e5c3000a9cd1018807,data_ml,p_count_2,robo,0,2 Feb 2026 15:38:13
6980c611c3000a9cd1018809,data_ml,p_count_2,robo,5,2 Feb 2026 15:43:13
6980c73ec3000a9cd101880b,data_ml,p_count_2,robo,1,2 Feb 2026 15:48:14
6981c3fbd8d586d52cccd2c4,data_ml,p_count_2,robo,4,3 Feb 2026 9:46:35
6981c527d8d586d52cccd2c6,data_ml,p_count_2,robo,6,3 Feb 2026 9:51:35
6981c654d8d586d52cccd2c8,data_ml,p_count_2,robo,6,3 Feb 2026 9:56:36
6981c780d8d586d52cccd2ca,data_ml,p_count_2,robo,1,3 Feb 2026 10:1:36
6981c8add8d586d52cccd2cc,data_ml,p_count_2,robo,13,3 Feb 2026 10:6:37
6981c9d9d8d586d52cccd2ce,data_ml,p_count_2,robo,1,3 Feb 2026 10:11:37
6981cb06d8d586d52cccd2d0,data_ml,p_count_2,robo,5,3 Feb 2026 10:16:38
6981cc33d8d586d52cccd2d2,data_ml,p_count_2,robo,4,3 Feb 2026 10:21:39
6981cd5fd8d586d52cccd2d4,data_ml,p_count_2,robo,1,3 Feb 2026 10:26:39
6981ce8cd8d586d52cccd2d6,data_ml,p_count_2,robo,11,3 Feb 2026 10:31:40
6981cfb8d8d586d52cccd2d8,data_ml,p_count_2,robo,1,3 Feb 2026 10:36:40
6981d0e5d8d586d52cccd2dc,data_ml,p_count_2,robo,4,3 Feb 2026 10:41:41
6981d211d8d586d52cccd2e0,data_ml,p_count_2,robo,2,3 Feb 2026 10:46:41
6981d33ed8d586d52cccd2e6,data_ml,p_count_2,robo,72,3 Feb 2026 10:51:42
6981d46bd8d586d52cccd2ed,data_ml,p_count_2,robo,2,3 Feb 2026 10:56:43
6981d597d8d586d52cccd2f4,data_ml,p_count_2,robo,0,3 Feb 2026 11:1:43
6981d6c4d8d586d52cccd2fb,data_ml,p_count_2,robo,1,3 Feb 2026 11:6:44
6981d7f0d8d586d52cccd302,data_ml,p_count_2,robo,28,3 Feb 2026 11:11:44
6981d91dd8d586d52cccd309,data_ml,p_count_2,robo,7,3 Feb 2026 11:16:45
6981da49d8d586d52cccd310,data_ml,p_count_2,robo,18,3 Feb 2026 11:21:45
6981db76d8d586d52cccd317,data_ml,p_count_2,robo,7,3 Feb 2026 11:26:46
6981dca2d8d586d52cccd31e,data_ml,p_count_2,robo,2,3 Feb 2026 11:31:46
6981ddcfd8d586d52cccd325,data_ml,p_count_2,robo,0,3 Feb 2026 11:36:47
6981defbd8d586d52cccd32c,data_ml,p_count_2,robo,0,3 Feb 2026 11:41:47
6981e028d8d586d52cccd334,data_ml,p_count_2,robo,0,3 Feb 2026 11:46:48
6981e155d8d586d52cccd33b,data_ml,p_count_2,robo,0,3 Feb 2026 11:51:49
6981e281d8d586d52cccd342,data_ml,p_count_2,robo,1,3 Feb 2026 11:56:49
6981e3ae53a9dacbd602d02a,data_ml,p_count_2,robo,3,3 Feb 2026 12:1:50
6981e4da53a9dacbd602d031,data_ml,p_count_2,robo,10,3 Feb 2026 12:6:50
6981e734fb54d67117b73995,data_ml,p_count_2,robo,1,3 Feb 2026 12:16:52
6981e860fb54d67117b7399c,data_ml,p_count_2,robo,5,3 Feb 2026 12:21:52
6981e98dfb54d67117b739a3,data_ml,p_count_2,robo,1,3 Feb 2026 12:26:53
6981eab9fb54d67117b739aa,data_ml,p_count_2,robo,1,3 Feb 2026 12:31:53
6981ebe6fb54d67117b739b1,data_ml,p_count_2,robo,2,3 Feb 2026 12:36:54
6981ed13fb54d67117b739b8,data_ml,p_count_2,robo,1,3 Feb 2026 12:41:55
6981ee3ffb54d67117b739bf,data_ml,p_count_2,robo,2,3 Feb 2026 12:46:55
6981ef6cfb54d67117b739c6,data_ml,p_count_2,robo,1,3 Feb 2026 12:51:56
6981f098fb54d67117b739cd,data_ml,p_count_2,robo,2,3 Feb 2026 12:56:56
6981f1c5fb54d67117b739d4,data_ml,p_count_2,robo,3,3 Feb 2026 13:1:57
6981f2f1fb54d67117b739db,data_ml,p_count_2,robo,3,3 Feb 2026 13:6:57
6981f41efb54d67117b739e2,data_ml,p_count_2,robo,0,3 Feb 2026 13:11:58
6981f54bfb54d67117b739e9,data_ml,p_count_2,robo,0,3 Feb 2026 13:16:59
6981f677fb54d67117b739f0,data_ml,p_count_2,robo,11,3 Feb 2026 13:21:59
6981f7a4fb54d67117b739f7,data_ml,p_count_2,robo,12,3 Feb 2026 13:27:0
6981f8d0fb54d67117b739fe,data_ml,p_count_2,robo,1,3 Feb 2026 13:32:0
6981f9fdfb54d67117b73a05,data_ml,p_count_2,robo,7,3 Feb 2026 13:37:1
6981fb29fb54d67117b73a0c,data_ml,p_count_2,robo,3,3 Feb 2026 13:42:1
6981fc56fb54d67117b73a13,data_ml,p_count_2,robo,0,3 Feb 2026 13:47:2
6981fd83fb54d67117b73a1a,data_ml,p_count_2,robo,2,3 Feb 2026 13:52:3
6981feaffb54d67117b73a21,data_ml,p_count_2,robo,3,3 Feb 2026 13:57:3
6981ffdcfb54d67117b73a28,data_ml,p_count_2,robo,2,3 Feb 2026 14:2:4
69820108fb54d67117b73a2f,data_ml,p_count_2,robo,0,3 Feb 2026 14:7:4
69820235fb54d67117b73a36,data_ml,p_count_2,robo,0,3 Feb 2026 14:12:5
69820361fb54d67117b73a3d,data_ml,p_count_2,robo,1,3 Feb 2026 14:17:5
6982048efb54d67117b73a44,data_ml,p_count_2,robo,1,3 Feb 2026 14:22:6
698205bafb54d67117b73a4b,data_ml,p_count_2,robo,0,3 Feb 2026 14:27:6
698206e7fb54d67117b73a52,data_ml,p_count_2,robo,3,3 Feb 2026 14:32:7
69820813fb54d67117b73a59,data_ml,p_count_2,robo,2,3 Feb 2026 14:37:7
69820940fb54d67117b73a5f,data_ml,p_count_2,robo,10,3 Feb 2026 14:42:8
69820a6dfb54d67117b73a66,data_ml,p_count_2,robo,0,3 Feb 2026 14:47:9
69820b9afb54d67117b73a6d,data_ml,p_count_2,robo,1,3 Feb 2026 14:52:10
69820cc6fb54d67117b73a74,data_ml,p_count_2,robo,3,3 Feb 2026 14:57:10
69820df3fb54d67117b73a7b,data_ml,p_count_2,robo,0,3 Feb 2026 15:2:11
69820f1ffb54d67117b73a82,data_ml,p_count_2,robo,3,3 Feb 2026 15:7:11
6982104cfb54d67117b73a89,data_ml,p_count_2,robo,2,3 Feb 2026 15:12:12
69821179fb54d67117b73a90,data_ml,p_count_2,robo,0,3 Feb 2026 15:17:13
698212a5fb54d67117b73a97,data_ml,p_count_2,robo,0,3 Feb 2026 15:22:13
698213d2fb54d67117b73a9e,data_ml,p_count_2,robo,0,3 Feb 2026 15:27:14
698214fefb54d67117b73aa5,data_ml,p_count_2,robo,0,3 Feb 2026 15:32:14
6982162bfb54d67117b73aac,data_ml,p_count_2,robo,0,3 Feb 2026 15:37:15
69821757fb54d67117b73ab3,data_ml,p_count_2,robo,0,3 Feb 2026 15:42:15
69821884fb54d67117b73aba,data_ml,p_count_2,robo,0,3 Feb 2026 15:47:16
698219b0fb54d67117b73ac1,data_ml,p_count_2,robo,1,3 Feb 2026 15:52:16
69821addfb54d67117b73ac8,data_ml,p_count_2,robo,1,3 Feb 2026 15:57:17
69821c09fb54d67117b73acf,data_ml,p_count_2,robo,0,3 Feb 2026 16:2:17
69821d36fb54d67117b73ad6,data_ml,p_count_2,robo,0,3 Feb 2026 16:7:18
69821e63fb54d67117b73add,data_ml,p_count_2,robo,1,3 Feb 2026 16:12:19
69821f8ffb54d67117b73ae4,data_ml,p_count_2,robo,2,3 Feb 2026 16:17:19
698220bcfb54d67117b73aeb,data_ml,p_count_2,robo,0,3 Feb 2026 16:22:20
698221e8fb54d67117b73af2,data_ml,p_count_2,robo,2,3 Feb 2026 16:27:20
69822315fb54d67117b73af9,data_ml,p_count_2,robo,0,3 Feb 2026 16:32:21
69822442fb54d67117b73b00,data_ml,p_count_2,robo,0,3 Feb 2026 16:37:22
6982256efb54d67117b73b07,data_ml,p_count_2,robo,8,3 Feb 2026 16:42:22
6982269bfb54d67117b73b0e,data_ml,p_count_2,robo,0,3 Feb 2026 16:47:23
698227c7fb54d67117b73b15,data_ml,p_count_2,robo,0,3 Feb 2026 16:52:23
698228f4fb54d67117b73b1c,data_ml,p_count_2,robo,3,3 Feb 2026 16:57:24
69822a20fb54d67117b73b23,data_ml,p_count_2,robo,3,3 Feb 2026 17:2:24
69822b4dfb54d67117b73b2a,data_ml,p_count_2,robo,1,3 Feb 2026 17:7:25
69822c7afb54d67117b73b30,data_ml,p_count_2,robo,6,3 Feb 2026 17:12:26
69822da7fb54d67117b73b37,data_ml,p_count_2,robo,0,3 Feb 2026 17:17:27
69822ed3fb54d67117b73b3e,data_ml,p_count_2,robo,3,3 Feb 2026 17:22:27
69823000fb54d67117b73b45,data_ml,p_count_2,robo,1,3 Feb 2026 17:27:28
6982312cfb54d67117b73b4c,data_ml,p_count_2,robo,4,3 Feb 2026 17:32:28
69823259fb54d67117b73b53,data_ml,p_count_2,robo,0,3 Feb 2026 17:37:29
69823386fb54d67117b73b5a,data_ml,p_count_2,robo,1,3 Feb 2026 17:42:30
698234b2fb54d67117b73b61,data_ml,p_count_2,robo,2,3 Feb 2026 17:47:30
698235dffb54d67117b73b68,data_ml,p_count_2,robo,7,3 Feb 2026 17:52:31
6982370bfb54d67117b73b6f,data_ml,p_count_2,robo,2,3 Feb 2026 17:57:31
69823838e3cd84d339b441f6,data_ml,p_count_2,robo,0,3 Feb 2026 18:2:32
69823964e3cd84d339b441fd,data_ml,p_count_2,robo,2,3 Feb 2026 18:7:32
69823a91e3cd84d339b44204,data_ml,p_count_2,robo,7,3 Feb 2026 18:12:33
69823bbde3cd84d339b4420b,data_ml,p_count_2,robo,1,3 Feb 2026 18:17:33
69823ceae3cd84d339b44212,data_ml,p_count_2,robo,2,3 Feb 2026 18:22:34
69823e17e3cd84d339b44219,data_ml,p_count_2,robo,7,3 Feb 2026 18:27:35
69823f43e3cd84d339b44220,data_ml,p_count_2,robo,24,3 Feb 2026 18:32:35
69824070e3cd84d339b44227,data_ml,p_count_2,robo,13,3 Feb 2026 18:37:36
6982419ce3cd84d339b4422e,data_ml,p_count_2,robo,6,3 Feb 2026 18:42:36
698242c9e3cd84d339b44235,data_ml,p_count_2,robo,16,3 Feb 2026 18:47:37
698243f5e3cd84d339b4423c,data_ml,p_count_2,robo,11,3 Feb 2026 18:52:37
69824522e3cd84d339b44243,data_ml,p_count_2,robo,32,3 Feb 2026 18:57:38
6982464fe3cd84d339b4424a,data_ml,p_count_2,robo,16,3 Feb 2026 19:2:39
6982477be3cd84d339b44251,data_ml,p_count_2,robo,19,3 Feb 2026 19:7:39
698248a8e3cd84d339b44258,data_ml,p_count_2,robo,9,3 Feb 2026 19:12:40
698249d4e3cd84d339b4425f,data_ml,p_count_2,robo,25,3 Feb 2026 19:17:40
69824b01e3cd84d339b44266,data_ml,p_count_2,robo,15,3 Feb 2026 19:22:41
69824c2de3cd84d339b4426d,data_ml,p_count_2,robo,17,3 Feb 2026 19:27:41
69824d5ae3cd84d339b44274,data_ml,p_count_2,robo,19,3 Feb 2026 19:32:42
69824e87e3cd84d339b4427b,data_ml,p_count_2,robo,26,3 Feb 2026 19:37:43
69824fb3e3cd84d339b44281,data_ml,p_count_2,robo,28,3 Feb 2026 19:42:43
698250e0e3cd84d339b44288,data_ml,p_count_2,robo,31,3 Feb 2026 19:47:44
6982520de3cd84d339b4428f,data_ml,p_count_2,robo,21,3 Feb 2026 19:52:45
69825339e3cd84d339b44296,data_ml,p_count_2,robo,14,3 Feb 2026 19:57:45
69825466e3cd84d339b4429d,data_ml,p_count_2,robo,26,3 Feb 2026 20:2:46
69825593e3cd84d339b442a4,data_ml,p_count_2,robo,11,3 Feb 2026 20:7:47
698256bfe3cd84d339b442ab,data_ml,p_count_2,robo,7,3 Feb 2026 20:12:47
698257ece3cd84d339b442b2,data_ml,p_count_2,robo,19,3 Feb 2026 20:17:48
69825918e3cd84d339b442b9,data_ml,p_count_2,robo,4,3 Feb 2026 20:22:48
69825a45e3cd84d339b442c0,data_ml,p_count_2,robo,16,3 Feb 2026 20:27:49
69825b71e3cd84d339b442c7,data_ml,p_count_2,robo,8,3 Feb 2026 20:32:49
69825c9ee3cd84d339b442ce,data_ml,p_count_2,robo,13,3 Feb 2026 20:37:50
69825dcae3cd84d339b442d5,data_ml,p_count_2,robo,9,3 Feb 2026 20:42:50
69825ef7e3cd84d339b442dc,data_ml,p_count_2,robo,11,3 Feb 2026 20:47:51
69826024e3cd84d339b442e3,data_ml,p_count_2,robo,8,3 Feb 2026 20:52:52
69826150e3cd84d339b442ea,data_ml,p_count_2,robo,15,3 Feb 2026 20:57:52
6982627de3cd84d339b442f1,data_ml,p_count_2,robo,12,3 Feb 2026 21:2:53
698263a9e3cd84d339b442f8,data_ml,p_count_2,robo,8,3 Feb 2026 21:7:53
698264d6e3cd84d339b442ff,data_ml,p_count_2,robo,14,3 Feb 2026 21:12:54
69826602e3cd84d339b44306,data_ml,p_count_2,robo,18,3 Feb 2026 21:17:54
6982672fe3cd84d339b4430e,data_ml,p_count_2,robo,19,3 Feb 2026 21:22:55
6982685ce3cd84d339b44315,data_ml,p_count_2,robo,24,3 Feb 2026 21:27:56
69826988e3cd84d339b4431c,data_ml,p_count_2,robo,15,3 Feb 2026 21:32:56
69826ab5e3cd84d339b44323,data_ml,p_count_2,robo,17,3 Feb 2026 21:37:57
69826be1e3cd84d339b4432a,data_ml,p_count_2,robo,24,3 Feb 2026 21:42:57
69826d0ee3cd84d339b44331,data_ml,p_count_2,robo,15,3 Feb 2026 21:47:58
69826e3be3cd84d339b44338,data_ml,p_count_2,robo,26,3 Feb 2026 21:52:59
69826f67e3cd84d339b4433f,data_ml,p_count_2,robo,38,3 Feb 2026 21:57:59
69827094e3cd84d339b44346,data_ml,p_count_2,robo,62,3 Feb 2026 22:3:0
698271c0e3cd84d339b4434d,data_ml,p_count_2,robo,46,3 Feb 2026 22:8:0
698272ede3cd84d339b44353,data_ml,p_count_2,robo,19,3 Feb 2026 22:13:1
6982741ae3cd84d339b4435a,data_ml,p_count_2,robo,20,3 Feb 2026 22:18:2
69827546e3cd84d339b44361,data_ml,p_count_2,robo,20,3 Feb 2026 22:23:2
69827673e3cd84d339b44368,data_ml,p_count_2,robo,14,3 Feb 2026 22:28:3
6982779fe3cd84d339b4436f,data_ml,p_count_2,robo,11,3 Feb 2026 22:33:3
698278cce3cd84d339b44376,data_ml,p_count_2,robo,14,3 Feb 2026 22:38:4
698279f9e3cd84d339b4437d,data_ml,p_count_2,robo,9,3 Feb 2026 22:43:5
69827b25e3cd84d339b44384,data_ml,p_count_2,robo,11,3 Feb 2026 22:48:5
69827c52e3cd84d339b4438b,data_ml,p_count_2,robo,13,3 Feb 2026 22:53:6
69827d7ee3cd84d339b44392,data_ml,p_count_2,robo,11,3 Feb 2026 22:58:6
69827eabe3cd84d339b44399,data_ml,p_count_2,robo,14,3 Feb 2026 23:3:7
69827fd7e3cd84d339b443a0,data_ml,p_count_2,robo,16,3 Feb 2026 23:8:7
69828104e3cd84d339b443a7,data_ml,p_count_2,robo,15,3 Feb 2026 23:13:8
69828230e3cd84d339b443ae,data_ml,p_count_2,robo,19,3 Feb 2026 23:18:8
6982835de3cd84d339b443b5,data_ml,p_count_2,robo,15,3 Feb 2026 23:23:9
6982848ae3cd84d339b443bc,data_ml,p_count_2,robo,13,3 Feb 2026 23:28:10
698285b6e3cd84d339b443c3,data_ml,p_count_2,robo,11,3 Feb 2026 23:33:10
698286e3e3cd84d339b443ca,data_ml,p_count_2,robo,15,3 Feb 2026 23:38:11
6982880fe3cd84d339b443d1,data_ml,p_count_2,robo,14,3 Feb 2026 23:43:11
6982893ce3cd84d339b443d8,data_ml,p_count_2,robo,12,3 Feb 2026 23:48:12
69828a68e3cd84d339b443df,data_ml,p_count_2,robo,24,3 Feb 2026 23:53:12
69828b95e3cd84d339b443e6,data_ml,p_count_2,robo,17,3 Feb 2026 23:58:13
69828cc1e3cd84d339b443ed,data_ml,p_count_2,robo,15,4 Feb 2026 0:3:13
69828deee3cd84d339b443f4,data_ml,p_count_2,robo,17,4 Feb 2026 0:8:14
69828f1be3cd84d339b443fb,data_ml,p_count_2,robo,9,4 Feb 2026 0:13:15
69829047e3cd84d339b44402,data_ml,p_count_2,robo,15,4 Feb 2026 0:18:15
69829174e3cd84d339b44409,data_ml,p_count_2,robo,8,4 Feb 2026 0:23:16
698292a0e3cd84d339b44410,data_ml,p_count_2,robo,14,4 Feb 2026 0:28:16
698293cde3cd84d339b44417,data_ml,p_count_2,robo,25,4 Feb 2026 0:33:17
698294f9e3cd84d339b4441e,data_ml,p_count_2,robo,23,4 Feb 2026 0:38:17
69829626e3cd84d339b44424,data_ml,p_count_2,robo,16,4 Feb 2026 0:43:18
69829753e3cd84d339b4442b,data_ml,p_count_2,robo,15,4 Feb 2026 0:48:19
69829880e3cd84d339b44432,data_ml,p_count_2,robo,20,4 Feb 2026 0:53:20
698299ace3cd84d339b44439,data_ml,p_count_2,robo,20,4 Feb 2026 0:58:20
69829ad9e3cd84d339b44440,data_ml,p_count_2,robo,37,4 Feb 2026 1:3:21
69829c05e3cd84d339b44447,data_ml,p_count_2,robo,25,4 Feb 2026 1:8:21
69829d32e3cd84d339b4444e,data_ml,p_count_2,robo,28,4 Feb 2026 1:13:22
69829e5fe3cd84d339b44455,data_ml,p_count_2,robo,27,4 Feb 2026 1:18:23
69829f8be3cd84d339b4445c,data_ml,p_count_2,robo,20,4 Feb 2026 1:23:23
6982a0b8e3cd84d339b44463,data_ml,p_count_2,robo,10,4 Feb 2026 1:28:24
6982a1e4e3cd84d339b4446a,data_ml,p_count_2,robo,8,4 Feb 2026 1:33:24
6982a311e3cd84d339b44471,data_ml,p_count_2,robo,11,4 Feb 2026 1:38:25
6982a43de3cd84d339b44478,data_ml,p_count_2,robo,34,4 Feb 2026 1:43:25
6982a56ae3cd84d339b4447f,data_ml,p_count_2,robo,49,4 Feb 2026 1:48:26
6982a696e3cd84d339b44486,data_ml,p_count_2,robo,43,4 Feb 2026 1:53:26
6982a7c3e3cd84d339b4448d,data_ml,p_count_2,robo,25,4 Feb 2026 1:58:27
6982a8efe3cd84d339b44494,data_ml,p_count_2,robo,12,4 Feb 2026 2:3:27
6982aa1ce3cd84d339b4449b,data_ml,p_count_2,robo,13,4 Feb 2026 2:8:28
6982ab48e3cd84d339b444a2,data_ml,p_count_2,robo,9,4 Feb 2026 2:13:28
6982ac75e3cd84d339b444a9,data_ml,p_count_2,robo,11,4 Feb 2026 2:18:29
6982ada1e3cd84d339b444b0,data_ml,p_count_2,robo,13,4 Feb 2026 2:23:29
6982aecee3cd84d339b444b7,data_ml,p_count_2,robo,13,4 Feb 2026 2:28:30
6982affbe3cd84d339b444be,data_ml,p_count_2,robo,15,4 Feb 2026 2:33:31
6982b127e3cd84d339b444c5,data_ml,p_count_2,robo,9,4 Feb 2026 2:38:31
6982b254e3cd84d339b444cc,data_ml,p_count_2,robo,15,4 Feb 2026 2:43:32
6982b380e3cd84d339b444d3,data_ml,p_count_2,robo,15,4 Feb 2026 2:48:32
6982b4ade3cd84d339b444da,data_ml,p_count_2,robo,13,4 Feb 2026 2:53:33
6982b5d9e3cd84d339b444e1,data_ml,p_count_2,robo,14,4 Feb 2026 2:58:33
6982b706e3cd84d339b444e8,data_ml,p_count_2,robo,13,4 Feb 2026 3:3:34
6982b832e3cd84d339b444ef,data_ml,p_count_2,robo,21,4 Feb 2026 3:8:34
6982b95fe3cd84d339b444f5,data_ml,p_count_2,robo,20,4 Feb 2026 3:13:35
6982ba8ce3cd84d339b444fc,data_ml,p_count_2,robo,18,4 Feb 2026 3:18:36
6982bbb8e3cd84d339b44503,data_ml,p_count_2,robo,11,4 Feb 2026 3:23:36
6982bce5e3cd84d339b4450a,data_ml,p_count_2,robo,21,4 Feb 2026 3:28:37
6982be12e3cd84d339b44511,data_ml,p_count_2,robo,19,4 Feb 2026 3:33:38
6982bf3ee3cd84d339b44518,data_ml,p_count_2,robo,26,4 Feb 2026 3:38:38
6982c06be3cd84d339b4451f,data_ml,p_count_2,robo,25,4 Feb 2026 3:43:39
6982c197e3cd84d339b44526,data_ml,p_count_2,robo,21,4 Feb 2026 3:48:39
6982c2c4e3cd84d339b4452d,data_ml,p_count_2,robo,15,4 Feb 2026 3:53:40
6982c3f0e3cd84d339b44534,data_ml,p_count_2,robo,18,4 Feb 2026 3:58:40
6982c51de3cd84d339b4453b,data_ml,p_count_2,robo,10,4 Feb 2026 4:3:41
6982c649e3cd84d339b44542,data_ml,p_count_2,robo,8,4 Feb 2026 4:8:41
6982c776e3cd84d339b44549,data_ml,p_count_2,robo,12,4 Feb 2026 4:13:42
6982c8a2e3cd84d339b44550,data_ml,p_count_2,robo,16,4 Feb 2026 4:18:42
6982c9cfe3cd84d339b44557,data_ml,p_count_2,robo,25,4 Feb 2026 4:23:43
6982cafbe3cd84d339b4455e,data_ml,p_count_2,robo,20,4 Feb 2026 4:28:43
6982cc28e3cd84d339b44565,data_ml,p_count_2,robo,21,4 Feb 2026 4:33:44
6982cd54e3cd84d339b4456c,data_ml,p_count_2,robo,19,4 Feb 2026 4:38:44
6982ce81e3cd84d339b44573,data_ml,p_count_2,robo,13,4 Feb 2026 4:43:45
6982cfaee3cd84d339b4457a,data_ml,p_count_2,robo,17,4 Feb 2026 4:48:46
6982d0dae3cd84d339b44581,data_ml,p_count_2,robo,22,4 Feb 2026 4:53:46
6982d207e3cd84d339b44588,data_ml,p_count_2,robo,11,4 Feb 2026 4:58:47
6982d333e3cd84d339b4458f,data_ml,p_count_2,robo,40,4 Feb 2026 5:3:47
6982d460e3cd84d339b44596,data_ml,p_count_2,robo,39,4 Feb 2026 5:8:48
6982d58ce3cd84d339b4459d,data_ml,p_count_2,robo,13,4 Feb 2026 5:13:48
6982d6b9e3cd84d339b445a4,data_ml,p_count_2,robo,6,4 Feb 2026 5:18:49
6982d7e5e3cd84d339b445ab,data_ml,p_count_2,robo,7,4 Feb 2026 5:23:49
6982d912e3cd84d339b445b2,data_ml,p_count_2,robo,16,4 Feb 2026 5:28:50
6982da3ee3cd84d339b445b9,data_ml,p_count_2,robo,24,4 Feb 2026 5:33:50
6982db6be3cd84d339b445c0,data_ml,p_count_2,robo,30,4 Feb 2026 5:38:51
6982dc97e3cd84d339b445c6,data_ml,p_count_2,robo,29,4 Feb 2026 5:43:51
6982ddc4e3cd84d339b445cd,data_ml,p_count_2,robo,30,4 Feb 2026 5:48:52
6982def1e3cd84d339b445d4,data_ml,p_count_2,robo,32,4 Feb 2026 5:53:53
6982e01de3cd84d339b445db,data_ml,p_count_2,robo,40,4 Feb 2026 5:58:53
6982e14ae3cd84d339b445e2,data_ml,p_count_2,robo,23,4 Feb 2026 6:3:54
6982e276e3cd84d339b445e9,data_ml,p_count_2,robo,28,4 Feb 2026 6:8:54
6982e3a3e3cd84d339b445f0,data_ml,p_count_2,robo,22,4 Feb 2026 6:13:55
6982e4d0e3cd84d339b445f7,data_ml,p_count_2,robo,45,4 Feb 2026 6:18:56
6982e5fce3cd84d339b445fe,data_ml,p_count_2,robo,21,4 Feb 2026 6:23:56
6982e729e3cd84d339b44605,data_ml,p_count_2,robo,27,4 Feb 2026 6:28:57
6982e855e3cd84d339b4460c,data_ml,p_count_2,robo,30,4 Feb 2026 6:33:57
6982e982e3cd84d339b44613,data_ml,p_count_2,robo,18,4 Feb 2026 6:38:58
6982eaaee3cd84d339b4461a,data_ml,p_count_2,robo,17,4 Feb 2026 6:43:58
6982ebdbe3cd84d339b44621,data_ml,p_count_2,robo,8,4 Feb 2026 6:48:59
6982ed07e3cd84d339b44628,data_ml,p_count_2,robo,5,4 Feb 2026 6:53:59
6982ee34e3cd84d339b4462f,data_ml,p_count_2,robo,16,4 Feb 2026 6:59:0
6982ef60e3cd84d339b44636,data_ml,p_count_2,robo,22,4 Feb 2026 7:4:0
6982f08de3cd84d339b4463d,data_ml,p_count_2,robo,18,4 Feb 2026 7:9:1
6982f1bae3cd84d339b44644,data_ml,p_count_2,robo,14,4 Feb 2026 7:14:2
6982f2e6e3cd84d339b4464b,data_ml,p_count_2,robo,33,4 Feb 2026 7:19:2
6982f413e3cd84d339b44652,data_ml,p_count_2,robo,19,4 Feb 2026 7:24:3
6982f540e3cd84d339b4465a,data_ml,p_count_2,robo,4,4 Feb 2026 7:29:4
6982f66ce3cd84d339b44661,data_ml,p_count_2,robo,17,4 Feb 2026 7:34:4
6982f799e3cd84d339b44668,data_ml,p_count_2,robo,13,4 Feb 2026 7:39:5
6982f8c5e3cd84d339b4466f,data_ml,p_count_2,robo,21,4 Feb 2026 7:44:5
6982f9f2e3cd84d339b44676,data_ml,p_count_2,robo,10,4 Feb 2026 7:49:6
6982fb1ee3cd84d339b4467d,data_ml,p_count_2,robo,25,4 Feb 2026 7:54:6
6982fc4be3cd84d339b44684,data_ml,p_count_2,robo,13,4 Feb 2026 7:59:7
6982fd77e3cd84d339b4468b,data_ml,p_count_2,robo,14,4 Feb 2026 8:4:7
6982fea4e3cd84d339b44692,data_ml,p_count_2,robo,9,4 Feb 2026 8:9:8
6982ffd0e3cd84d339b44698,data_ml,p_count_2,robo,4,4 Feb 2026 8:14:8
698300fde3cd84d339b4469f,data_ml,p_count_2,robo,0,4 Feb 2026 8:19:9
6983022ae3cd84d339b446a6,data_ml,p_count_2,robo,8,4 Feb 2026 8:24:10
69830357e3cd84d339b446ad,data_ml,p_count_2,robo,13,4 Feb 2026 8:29:11
69830483e3cd84d339b446b4,data_ml,p_count_2,robo,21,4 Feb 2026 8:34:11
698305b0e3cd84d339b446bb,data_ml,p_count_2,robo,18,4 Feb 2026 8:39:12
698306dce3cd84d339b446c2,data_ml,p_count_2,robo,15,4 Feb 2026 8:44:12
69830809e3cd84d339b446c9,data_ml,p_count_2,robo,22,4 Feb 2026 8:49:13
69830935a3847c83af7833e5,data_ml,p_count_2,robo,10,4 Feb 2026 8:54:13
69830a62a3847c83af7833ed,data_ml,p_count_2,robo,3,4 Feb 2026 8:59:14
69830b8ea3847c83af7833f7,data_ml,p_count_2,robo,4,4 Feb 2026 9:4:14
69830cbba3847c83af7833fe,data_ml,p_count_2,robo,1,4 Feb 2026 9:9:15
69830de7a3847c83af783405,data_ml,p_count_2,robo,7,4 Feb 2026 9:14:15
69830f14a3847c83af78340c,data_ml,p_count_2,robo,3,4 Feb 2026 9:19:16
69831041a3847c83af783413,data_ml,p_count_2,robo,18,4 Feb 2026 9:24:17
6983158ea3847c83af78342f,data_ml,p_count_2,robo,1,4 Feb 2026 9:46:54
698316bba3847c83af783436,data_ml,p_count_2,robo,6,4 Feb 2026 9:51:55
698317e8a3847c83af78343d,data_ml,p_count_2,robo,1,4 Feb 2026 9:56:56
69831914a3847c83af783444,data_ml,p_count_2,robo,1,4 Feb 2026 10:1:56
69831a41a3847c83af78344b,data_ml,p_count_2,robo,3,4 Feb 2026 10:6:57
69831b6da3847c83af783452,data_ml,p_count_2,robo,1,4 Feb 2026 10:11:57
69831c9aa3847c83af783459,data_ml,p_count_2,robo,7,4 Feb 2026 10:16:58
69831dc6a3847c83af783460,data_ml,p_count_2,robo,0,4 Feb 2026 10:21:58
69831ef3a3847c83af783467,data_ml,p_count_2,robo,0,4 Feb 2026 10:26:59
69832020a3847c83af78346e,data_ml,p_count_2,robo,5,4 Feb 2026 10:32:0
6983214ca3847c83af783475,data_ml,p_count_2,robo,0,4 Feb 2026 10:37:0
69832279a3847c83af78347b,data_ml,p_count_2,robo,0,4 Feb 2026 10:42:1
698323a5a3847c83af783482,data_ml,p_count_2,robo,1,4 Feb 2026 10:47:1
698324d2a3847c83af783489,data_ml,p_count_2,robo,0,4 Feb 2026 10:52:2
698325fea3847c83af783490,data_ml,p_count_2,robo,1,4 Feb 2026 10:57:2
6983272ba3847c83af783497,data_ml,p_count_2,robo,9,4 Feb 2026 11:2:3
69832858a3847c83af78349e,data_ml,p_count_2,robo,3,4 Feb 2026 11:7:4
69832984a3847c83af7834a5,data_ml,p_count_2,robo,5,4 Feb 2026 11:12:4
69832ab1a3847c83af7834ac,data_ml,p_count_2,robo,1,4 Feb 2026 11:17:5
69832bdda3847c83af7834b3,data_ml,p_count_2,robo,1,4 Feb 2026 11:22:5
69832d0aa3847c83af7834ba,data_ml,p_count_2,robo,2,4 Feb 2026 11:27:6
69832e36a3847c83af7834c1,data_ml,p_count_2,robo,0,4 Feb 2026 11:32:6
69832f63a3847c83af7834c8,data_ml,p_count_2,robo,0,4 Feb 2026 11:37:7
69833090a3847c83af7834cf,data_ml,p_count_2,robo,0,4 Feb 2026 11:42:8
698331bca3847c83af7834d6,data_ml,p_count_2,robo,1,4 Feb 2026 11:47:8
698332e9a3847c83af7834dd,data_ml,p_count_2,robo,2,4 Feb 2026 11:52:9
69833415a3847c83af7834e4,data_ml,p_count_2,robo,1,4 Feb 2026 11:57:9
69833542a3847c83af7834eb,data_ml,p_count_2,robo,3,4 Feb 2026 12:2:10
6983366ea3847c83af7834f2,data_ml,p_count_2,robo,1,4 Feb 2026 12:7:10
6983379ba3847c83af7834f9,data_ml,p_count_2,robo,0,4 Feb 2026 12:12:11
698338c8a3847c83af783500,data_ml,p_count_2,robo,2,4 Feb 2026 12:17:12
698339f5a3847c83af783507,data_ml,p_count_2,robo,0,4 Feb 2026 12:22:13
69833b21a3847c83af78350e,data_ml,p_count_2,robo,0,4 Feb 2026 12:27:13
69833c4ea3847c83af783515,data_ml,p_count_2,robo,0,4 Feb 2026 12:32:14
69833d7aa3847c83af78351c,data_ml,p_count_2,robo,0,4 Feb 2026 12:37:14
69833ea7a3847c83af783523,data_ml,p_count_2,robo,0,4 Feb 2026 12:42:15
69833fd3a3847c83af78352a,data_ml,p_count_2,robo,0,4 Feb 2026 12:47:15
69834100a3847c83af783531,data_ml,p_count_2,robo,2,4 Feb 2026 12:52:16
6983422da3847c83af783538,data_ml,p_count_2,robo,0,4 Feb 2026 12:57:17
69834359a3847c83af78353f,data_ml,p_count_2,robo,1,4 Feb 2026 13:2:17
69834486a3847c83af783546,data_ml,p_count_2,robo,3,4 Feb 2026 13:7:18
698345b2a3847c83af78354c,data_ml,p_count_2,robo,2,4 Feb 2026 13:12:18
698346dfa3847c83af783553,data_ml,p_count_2,robo,1,4 Feb 2026 13:17:19
6983480ba3847c83af78355a,data_ml,p_count_2,robo,58,4 Feb 2026 13:22:19
69834938a3847c83af783561,data_ml,p_count_2,robo,0,4 Feb 2026 13:27:20
69834a65a3847c83af783568,data_ml,p_count_2,robo,1,4 Feb 2026 13:32:21
69834b91a3847c83af78356f,data_ml,p_count_2,robo,0,4 Feb 2026 13:37:21
69834cbea3847c83af783576,data_ml,p_count_2,robo,0,4 Feb 2026 13:42:22
69834deaa3847c83af78357d,data_ml,p_count_2,robo,0,4 Feb 2026 13:47:22
69834f17a3847c83af783584,data_ml,p_count_2,robo,4,4 Feb 2026 13:52:23
69835044a3847c83af78358b,data_ml,p_count_2,robo,0,4 Feb 2026 13:57:24
69835170a3847c83af783592,data_ml,p_count_2,robo,0,4 Feb 2026 14:2:24
6983529da3847c83af783599,data_ml,p_count_2,robo,0,4 Feb 2026 14:7:25
698353c9a3847c83af7835a0,data_ml,p_count_2,robo,0,4 Feb 2026 14:12:25
698354f6a3847c83af7835a7,data_ml,p_count_2,robo,1,4 Feb 2026 14:17:26
69835622a3847c83af7835ae,data_ml,p_count_2,robo,3,4 Feb 2026 14:22:26
6983574fa3847c83af7835b5,data_ml,p_count_2,robo,0,4 Feb 2026 14:27:27
6983587ca3847c83af7835bc,data_ml,p_count_2,robo,0,4 Feb 2026 14:32:28
698359a8a3847c83af7835c3,data_ml,p_count_2,robo,0,4 Feb 2026 14:37:28
69835ad5a3847c83af7835ca,data_ml,p_count_2,robo,0,4 Feb 2026 14:42:29
69835c02a3847c83af7835d1,data_ml,p_count_2,robo,3,4 Feb 2026 14:47:30
69835d2ea3847c83af7835d8,data_ml,p_count_2,robo,0,4 Feb 2026 14:52:30
69835e5ba3847c83af7835df,data_ml,p_count_2,robo,2,4 Feb 2026 14:57:31
69835f87a3847c83af7835e6,data_ml,p_count_2,robo,1,4 Feb 2026 15:2:31
698360b4a3847c83af7835ed,data_ml,p_count_2,robo,1,4 Feb 2026 15:7:32
698361e0a3847c83af7835f4,data_ml,p_count_2,robo,3,4 Feb 2026 15:12:32
6983630da3847c83af7835fb,data_ml,p_count_2,robo,0,4 Feb 2026 15:17:33
6983643aa3847c83af783602,data_ml,p_count_2,robo,0,4 Feb 2026 15:22:34
69836566a3847c83af783609,data_ml,p_count_2,robo,0,4 Feb 2026 15:27:34
69836693a3847c83af783610,data_ml,p_count_2,robo,0,4 Feb 2026 15:32:35
698367bfa3847c83af783617,data_ml,p_count_2,robo,0,4 Feb 2026 15:37:35
698368eca3847c83af78361d,data_ml,p_count_2,robo,0,4 Feb 2026 15:42:36
69836a18a3847c83af783624,data_ml,p_count_2,robo,1,4 Feb 2026 15:47:36
69836b45a3847c83af78362b,data_ml,p_count_2,robo,1,4 Feb 2026 15:52:37
69836c72a3847c83af783632,data_ml,p_count_2,robo,0,4 Feb 2026 15:57:38
69836d9ea3847c83af783639,data_ml,p_count_2,robo,1,4 Feb 2026 16:2:38
69837124229def68c2aa602c,data_ml,p_count_2,robo,0,4 Feb 2026 16:17:40
69837250229def68c2aa6033,data_ml,p_count_2,robo,0,4 Feb 2026 16:22:40
6983737d229def68c2aa603a,data_ml,p_count_2,robo,0,4 Feb 2026 16:27:41
698374aa229def68c2aa6041,data_ml,p_count_2,robo,0,4 Feb 2026 16:32:42
698375d6229def68c2aa6048,data_ml,p_count_2,robo,5,4 Feb 2026 16:37:42
69837703229def68c2aa604f,data_ml,p_count_2,robo,0,4 Feb 2026 16:42:43
6983782f229def68c2aa6056,data_ml,p_count_2,robo,0,4 Feb 2026 16:47:43
6983795c229def68c2aa605d,data_ml,p_count_2,robo,1,4 Feb 2026 16:52:44
69837a88229def68c2aa6064,data_ml,p_count_2,robo,1,4 Feb 2026 16:57:44
69837bb5229def68c2aa606b,data_ml,p_count_2,robo,0,4 Feb 2026 17:2:45
69837ce2229def68c2aa6072,data_ml,p_count_2,robo,0,4 Feb 2026 17:7:46
69837e0e229def68c2aa6079,data_ml,p_count_2,robo,0,4 Feb 2026 17:12:46
69837f3b229def68c2aa6080,data_ml,p_count_2,robo,1,4 Feb 2026 17:17:47
69838068229def68c2aa6087,data_ml,p_count_2,robo,1,4 Feb 2026 17:22:48
69838194229def68c2aa608e,data_ml,p_count_2,robo,1,4 Feb 2026 17:27:48
698382c1229def68c2aa6095,data_ml,p_count_2,robo,0,4 Feb 2026 17:32:49
698383ed229def68c2aa609c,data_ml,p_count_2,robo,0,4 Feb 2026 17:37:49
6983851a229def68c2aa60a3,data_ml,p_count_2,robo,0,4 Feb 2026 17:42:50
69838647229def68c2aa60aa,data_ml,p_count_2,robo,4,4 Feb 2026 17:47:51
69838773229def68c2aa60b1,data_ml,p_count_2,robo,3,4 Feb 2026 17:52:51
698388a0229def68c2aa60b8,data_ml,p_count_2,robo,0,4 Feb 2026 17:57:52
698389cc229def68c2aa60bf,data_ml,p_count_2,robo,3,4 Feb 2026 18:2:52
69838af9229def68c2aa60c6,data_ml,p_count_2,robo,0,4 Feb 2026 18:7:53
69838c25229def68c2aa60cc,data_ml,p_count_2,robo,0,4 Feb 2026 18:12:53
69838d52229def68c2aa60d4,data_ml,p_count_2,robo,0,4 Feb 2026 18:17:54
69838e7f229def68c2aa60db,data_ml,p_count_2,robo,0,4 Feb 2026 18:22:55
69838fab229def68c2aa60e2,data_ml,p_count_2,robo,0,4 Feb 2026 18:27:55
698390d8229def68c2aa60e9,data_ml,p_count_2,robo,0,4 Feb 2026 18:32:56
69839204229def68c2aa60f0,data_ml,p_count_2,robo,0,4 Feb 2026 18:37:56
69839331229def68c2aa60f7,data_ml,p_count_2,robo,0,4 Feb 2026 18:42:57
6983945d229def68c2aa60fe,data_ml,p_count_2,robo,0,4 Feb 2026 18:47:57
6983958a229def68c2aa6105,data_ml,p_count_2,robo,0,4 Feb 2026 18:52:58
698396b7229def68c2aa610c,data_ml,p_count_2,robo,0,4 Feb 2026 18:57:59
698397e3229def68c2aa6113,data_ml,p_count_2,robo,0,4 Feb 2026 19:2:59
69839910229def68c2aa611a,data_ml,p_count_2,robo,0,4 Feb 2026 19:8:0
69839a3c229def68c2aa6121,data_ml,p_count_2,robo,0,4 Feb 2026 19:13:0
69839b69229def68c2aa6128,data_ml,p_count_2,robo,0,4 Feb 2026 19:18:1
69839c95798bc4c9f27b9f04,data_ml,p_count_2,robo,0,4 Feb 2026 19:23:1
69839dc2798bc4c9f27b9f0b,data_ml,p_count_2,robo,5,4 Feb 2026 19:28:2
69839eee798bc4c9f27b9f12,data_ml,p_count_2,robo,0,4 Feb 2026 19:33:2
6983a01b798bc4c9f27b9f19,data_ml,p_count_2,robo,0,4 Feb 2026 19:38:3
6983a148798bc4c9f27b9f20,data_ml,p_count_2,robo,0,4 Feb 2026 19:43:4
6983a275798bc4c9f27b9f27,data_ml,p_count_2,robo,0,4 Feb 2026 19:48:5
6983a3a1798bc4c9f27b9f2e,data_ml,p_count_2,robo,0,4 Feb 2026 19:53:5
6983a4ce798bc4c9f27b9f35,data_ml,p_count_2,robo,0,4 Feb 2026 19:58:6
6983a5fb798bc4c9f27b9f3c,data_ml,p_count_2,robo,0,4 Feb 2026 20:3:7
6983a727798bc4c9f27b9f43,data_ml,p_count_2,robo,0,4 Feb 2026 20:8:7
6983a854798bc4c9f27b9f4a,data_ml,p_count_2,robo,0,4 Feb 2026 20:13:8
6983a980798bc4c9f27b9f51,data_ml,p_count_2,robo,0,4 Feb 2026 20:18:8
6983aaad798bc4c9f27b9f58,data_ml,p_count_2,robo,0,4 Feb 2026 20:23:9
6983abd9798bc4c9f27b9f5f,data_ml,p_count_2,robo,0,4 Feb 2026 20:28:9
6983ad06798bc4c9f27b9f66,data_ml,p_count_2,robo,0,4 Feb 2026 20:33:10
6983ae33798bc4c9f27b9f6d,data_ml,p_count_2,robo,0,4 Feb 2026 20:38:11
6983af5f798bc4c9f27b9f73,data_ml,p_count_2,robo,0,4 Feb 2026 20:43:11
6983b08c798bc4c9f27b9f7a,data_ml,p_count_2,robo,0,4 Feb 2026 20:48:12
6983b1b8798bc4c9f27b9f81,data_ml,p_count_2,robo,0,4 Feb 2026 20:53:12
6983b2e5798bc4c9f27b9f88,data_ml,p_count_2,robo,0,4 Feb 2026 20:58:13
6983b411798bc4c9f27b9f8f,data_ml,p_count_2,robo,0,4 Feb 2026 21:3:13
6983b53e798bc4c9f27b9f96,data_ml,p_count_2,robo,0,4 Feb 2026 21:8:14
6983b66b798bc4c9f27b9f9d,data_ml,p_count_2,robo,0,4 Feb 2026 21:13:15
6983b797798bc4c9f27b9fa4,data_ml,p_count_2,robo,0,4 Feb 2026 21:18:15
6983b8c4798bc4c9f27b9fab,data_ml,p_count_2,robo,0,4 Feb 2026 21:23:16
6983b9f0798bc4c9f27b9fb2,data_ml,p_count_2,robo,0,4 Feb 2026 21:28:16
6983bb1d798bc4c9f27b9fb9,data_ml,p_count_2,robo,0,4 Feb 2026 21:33:17
6983bc49798bc4c9f27b9fc0,data_ml,p_count_2,robo,0,4 Feb 2026 21:38:17
6983bd76798bc4c9f27b9fc7,data_ml,p_count_2,robo,0,4 Feb 2026 21:43:18
6983bea2798bc4c9f27b9fce,data_ml,p_count_2,robo,0,4 Feb 2026 21:48:18
6983bfcf798bc4c9f27b9fd5,data_ml,p_count_2,robo,0,4 Feb 2026 21:53:19
6983c0fc798bc4c9f27b9fdc,data_ml,p_count_2,robo,0,4 Feb 2026 21:58:20
6983c228798bc4c9f27b9fe3,data_ml,p_count_2,robo,0,4 Feb 2026 22:3:20
6983c355798bc4c9f27b9fea,data_ml,p_count_2,robo,0,4 Feb 2026 22:8:21
6983c481798bc4c9f27b9ff1,data_ml,p_count_2,robo,0,4 Feb 2026 22:13:21
6983c5ae798bc4c9f27b9ff8,data_ml,p_count_2,robo,0,4 Feb 2026 22:18:22
6983c6db798bc4c9f27b9fff,data_ml,p_count_2,robo,0,4 Feb 2026 22:23:23
6983c808798bc4c9f27ba006,data_ml,p_count_2,robo,0,4 Feb 2026 22:28:24
6983c934798bc4c9f27ba00d,data_ml,p_count_2,robo,0,4 Feb 2026 22:33:24
6983ca61798bc4c9f27ba014,data_ml,p_count_2,robo,0,4 Feb 2026 22:38:25
6983cb8d798bc4c9f27ba01b,data_ml,p_count_2,robo,0,4 Feb 2026 22:43:25
6983ccba798bc4c9f27ba022,data_ml,p_count_2,robo,0,4 Feb 2026 22:48:26
6983cde6798bc4c9f27ba029,data_ml,p_count_2,robo,0,4 Feb 2026 22:53:26
6983cf13798bc4c9f27ba030,data_ml,p_count_2,robo,0,4 Feb 2026 22:58:27
6983d040798bc4c9f27ba037,data_ml,p_count_2,robo,0,4 Feb 2026 23:3:28
6983d16c798bc4c9f27ba03e,data_ml,p_count_2,robo,0,4 Feb 2026 23:8:28
6983d299798bc4c9f27ba044,data_ml,p_count_2,robo,0,4 Feb 2026 23:13:29
6983d3c5798bc4c9f27ba04b,data_ml,p_count_2,robo,0,4 Feb 2026 23:18:29
6983d4f2798bc4c9f27ba052,data_ml,p_count_2,robo,0,4 Feb 2026 23:23:30
6983d61e798bc4c9f27ba059,data_ml,p_count_2,robo,0,4 Feb 2026 23:28:30
6983d74b798bc4c9f27ba060,data_ml,p_count_2,robo,0,4 Feb 2026 23:33:31
6983d878798bc4c9f27ba067,data_ml,p_count_2,robo,0,4 Feb 2026 23:38:32
6983d9a4798bc4c9f27ba06e,data_ml,p_count_2,robo,0,4 Feb 2026 23:43:32
6983dad1798bc4c9f27ba075,data_ml,p_count_2,robo,0,4 Feb 2026 23:48:33
6983dbfd798bc4c9f27ba07c,data_ml,p_count_2,robo,0,4 Feb 2026 23:53:33
6983dd2a798bc4c9f27ba083,data_ml,p_count_2,robo,0,4 Feb 2026 23:58:34
6983de56798bc4c9f27ba08a,data_ml,p_count_2,robo,0,5 Feb 2026 0:3:34
6983df83798bc4c9f27ba091,data_ml,p_count_2,robo,0,5 Feb 2026 0:8:35
6983e0b0798bc4c9f27ba098,data_ml,p_count_2,robo,0,5 Feb 2026 0:13:36
6983e1dc798bc4c9f27ba09f,data_ml,p_count_2,robo,0,5 Feb 2026 0:18:36
6983e309798bc4c9f27ba0a6,data_ml,p_count_2,robo,0,5 Feb 2026 0:23:37
6983e436798bc4c9f27ba0ad,data_ml,p_count_2,robo,0,5 Feb 2026 0:28:38
6983e562798bc4c9f27ba0b4,data_ml,p_count_2,robo,0,5 Feb 2026 0:33:38
6983e68f798bc4c9f27ba0bb,data_ml,p_count_2,robo,0,5 Feb 2026 0:38:39
6983e7bb798bc4c9f27ba0c2,data_ml,p_count_2,robo,0,5 Feb 2026 0:43:39
6983e8e8798bc4c9f27ba0c9,data_ml,p_count_2,robo,0,5 Feb 2026 0:48:40
6983ea15798bc4c9f27ba0d0,data_ml,p_count_2,robo,0,5 Feb 2026 0:53:41
6983eb41798bc4c9f27ba0d7,data_ml,p_count_2,robo,0,5 Feb 2026 0:58:41
6983ec6e798bc4c9f27ba0de,data_ml,p_count_2,robo,0,5 Feb 2026 1:3:42
6983ed9b798bc4c9f27ba0e5,data_ml,p_count_2,robo,0,5 Feb 2026 1:8:43
6983eec7798bc4c9f27ba0ec,data_ml,p_count_2,robo,0,5 Feb 2026 1:13:43
6983eff4798bc4c9f27ba0f3,data_ml,p_count_2,robo,0,5 Feb 2026 1:18:44
6983f120798bc4c9f27ba0fa,data_ml,p_count_2,robo,0,5 Feb 2026 1:23:44
6983f24d798bc4c9f27ba101,data_ml,p_count_2,robo,0,5 Feb 2026 1:28:45
6983f379798bc4c9f27ba108,data_ml,p_count_2,robo,0,5 Feb 2026 1:33:45
6983f4a6798bc4c9f27ba10f,data_ml,p_count_2,robo,0,5 Feb 2026 1:38:46
6983f5d2798bc4c9f27ba115,data_ml,p_count_2,robo,0,5 Feb 2026 1:43:46
6983f6ff798bc4c9f27ba11c,data_ml,p_count_2,robo,0,5 Feb 2026 1:48:47
6983f82c798bc4c9f27ba123,data_ml,p_count_2,robo,0,5 Feb 2026 1:53:48
6983f958798bc4c9f27ba12a,data_ml,p_count_2,robo,0,5 Feb 2026 1:58:48
6983fa85798bc4c9f27ba131,data_ml,p_count_2,robo,0,5 Feb 2026 2:3:49
6983fbb1798bc4c9f27ba138,data_ml,p_count_2,robo,0,5 Feb 2026 2:8:49
6983fcde798bc4c9f27ba13f,data_ml,p_count_2,robo,0,5 Feb 2026 2:13:50
6983fe0a798bc4c9f27ba146,data_ml,p_count_2,robo,0,5 Feb 2026 2:18:50
6983ff37798bc4c9f27ba14d,data_ml,p_count_2,robo,0,5 Feb 2026 2:23:51
69840063798bc4c9f27ba154,data_ml,p_count_2,robo,0,5 Feb 2026 2:28:51
69840190798bc4c9f27ba15b,data_ml,p_count_2,robo,0,5 Feb 2026 2:33:52
698402bd798bc4c9f27ba162,data_ml,p_count_2,robo,0,5 Feb 2026 2:38:53
698403e9798bc4c9f27ba169,data_ml,p_count_2,robo,0,5 Feb 2026 2:43:53
69840516798bc4c9f27ba170,data_ml,p_count_2,robo,0,5 Feb 2026 2:48:54
69840642798bc4c9f27ba177,data_ml,p_count_2,robo,0,5 Feb 2026 2:53:54
6984076f798bc4c9f27ba17e,data_ml,p_count_2,robo,0,5 Feb 2026 2:58:55
6984089c798bc4c9f27ba185,data_ml,p_count_2,robo,0,5 Feb 2026 3:3:56
698409c8798bc4c9f27ba18c,data_ml,p_count_2,robo,0,5 Feb 2026 3:8:56
69840af5798bc4c9f27ba193,data_ml,p_count_2,robo,0,5 Feb 2026 3:13:57
69840c22798bc4c9f27ba19a,data_ml,p_count_2,robo,0,5 Feb 2026 3:18:58
69840d4e798bc4c9f27ba1a1,data_ml,p_count_2,robo,0,5 Feb 2026 3:23:58
69840e7b798bc4c9f27ba1a8,data_ml,p_count_2,robo,0,5 Feb 2026 3:28:59
69840fa7798bc4c9f27ba1af,data_ml,p_count_2,robo,0,5 Feb 2026 3:33:59
698410d4798bc4c9f27ba1b7,data_ml,p_count_2,robo,0,5 Feb 2026 3:39:0
69841201798bc4c9f27ba1be,data_ml,p_count_2,robo,0,5 Feb 2026 3:44:1
6984132d798bc4c9f27ba1c5,data_ml,p_count_2,robo,0,5 Feb 2026 3:49:1
6984145a798bc4c9f27ba1cc,data_ml,p_count_2,robo,0,5 Feb 2026 3:54:2
69841586798bc4c9f27ba1d3,data_ml,p_count_2,robo,0,5 Feb 2026 3:59:2
698416b3798bc4c9f27ba1da,data_ml,p_count_2,robo,0,5 Feb 2026 4:4:3
698417df798bc4c9f27ba1e1,data_ml,p_count_2,robo,0,5 Feb 2026 4:9:3
6984190c798bc4c9f27ba1e7,data_ml,p_count_2,robo,0,5 Feb 2026 4:14:4
69841a38798bc4c9f27ba1ee,data_ml,p_count_2,robo,0,5 Feb 2026 4:19:4
69841b65798bc4c9f27ba1f5,data_ml,p_count_2,robo,0,5 Feb 2026 4:24:5
69841c92798bc4c9f27ba1fc,data_ml,p_count_2,robo,0,5 Feb 2026 4:29:6
69841dbe798bc4c9f27ba203,data_ml,p_count_2,robo,0,5 Feb 2026 4:34:6
69841eeb798bc4c9f27ba20a,data_ml,p_count_2,robo,0,5 Feb 2026 4:39:7
69842017798bc4c9f27ba211,data_ml,p_count_2,robo,0,5 Feb 2026 4:44:7
69842144798bc4c9f27ba218,data_ml,p_count_2,robo,0,5 Feb 2026 4:49:8
69842270798bc4c9f27ba21f,data_ml,p_count_2,robo,0,5 Feb 2026 4:54:8
6984239d798bc4c9f27ba226,data_ml,p_count_2,robo,0,5 Feb 2026 4:59:9
698424c9798bc4c9f27ba22d,data_ml,p_count_2,robo,0,5 Feb 2026 5:4:9
698425f6798bc4c9f27ba234,data_ml,p_count_2,robo,0,5 Feb 2026 5:9:10
69842723798bc4c9f27ba23b,data_ml,p_count_2,robo,0,5 Feb 2026 5:14:11
6984284f798bc4c9f27ba242,data_ml,p_count_2,robo,0,5 Feb 2026 5:19:11
6984297c798bc4c9f27ba249,data_ml,p_count_2,robo,0,5 Feb 2026 5:24:12
69842aa8798bc4c9f27ba250,data_ml,p_count_2,robo,0,5 Feb 2026 5:29:12
69842bd5798bc4c9f27ba257,data_ml,p_count_2,robo,0,5 Feb 2026 5:34:13
69842d01798bc4c9f27ba25e,data_ml,p_count_2,robo,0,5 Feb 2026 5:39:13
69842e2e798bc4c9f27ba265,data_ml,p_count_2,robo,0,5 Feb 2026 5:44:14
69842f5b798bc4c9f27ba26c,data_ml,p_count_2,robo,0,5 Feb 2026 5:49:15
69843088798bc4c9f27ba273,data_ml,p_count_2,robo,0,5 Feb 2026 5:54:16
698431b4798bc4c9f27ba27a,data_ml,p_count_2,robo,0,5 Feb 2026 5:59:16
698432e1798bc4c9f27ba281,data_ml,p_count_2,robo,0,5 Feb 2026 6:4:17
6984340d798bc4c9f27ba288,data_ml,p_count_2,robo,0,5 Feb 2026 6:9:17
6984353a798bc4c9f27ba28f,data_ml,p_count_2,robo,0,5 Feb 2026 6:14:18
69843666798bc4c9f27ba296,data_ml,p_count_2,robo,0,5 Feb 2026 6:19:18
69843793798bc4c9f27ba29d,data_ml,p_count_2,robo,0,5 Feb 2026 6:24:19
698438c0798bc4c9f27ba2a4,data_ml,p_count_2,robo,0,5 Feb 2026 6:29:20
698439ec798bc4c9f27ba2ab,data_ml,p_count_2,robo,0,5 Feb 2026 6:34:20
69843b19798bc4c9f27ba2b2,data_ml,p_count_2,robo,0,5 Feb 2026 6:39:21
69843c45798bc4c9f27ba2b8,data_ml,p_count_2,robo,1,5 Feb 2026 6:44:21
69843d72798bc4c9f27ba2bf,data_ml,p_count_2,robo,1,5 Feb 2026 6:49:22
69843e9e798bc4c9f27ba2c6,data_ml,p_count_2,robo,1,5 Feb 2026 6:54:22
69843fcb798bc4c9f27ba2cd,data_ml,p_count_2,robo,1,5 Feb 2026 6:59:23
698440f7798bc4c9f27ba2d4,data_ml,p_count_2,robo,1,5 Feb 2026 7:4:23
69844224798bc4c9f27ba2db,data_ml,p_count_2,robo,0,5 Feb 2026 7:9:24
69844351798bc4c9f27ba2e2,data_ml,p_count_2,robo,1,5 Feb 2026 7:14:25
6984447d798bc4c9f27ba2e9,data_ml,p_count_2,robo,2,5 Feb 2026 7:19:25
698445aa798bc4c9f27ba2f0,data_ml,p_count_2,robo,4,5 Feb 2026 7:24:26
698446d6798bc4c9f27ba2f7,data_ml,p_count_2,robo,2,5 Feb 2026 7:29:26
69844803798bc4c9f27ba2fe,data_ml,p_count_2,robo,0,5 Feb 2026 7:34:27
6984492f798bc4c9f27ba305,data_ml,p_count_2,robo,0,5 Feb 2026 7:39:27
69844a5c798bc4c9f27ba30c,data_ml,p_count_2,robo,0,5 Feb 2026 7:44:28
69844b89798bc4c9f27ba313,data_ml,p_count_2,robo,0,5 Feb 2026 7:49:29
69844cb5798bc4c9f27ba31a,data_ml,p_count_2,robo,0,5 Feb 2026 7:54:29
69844de2798bc4c9f27ba321,data_ml,p_count_2,robo,2,5 Feb 2026 7:59:30
69844f0e798bc4c9f27ba328,data_ml,p_count_2,robo,0,5 Feb 2026 8:4:30
6984503b798bc4c9f27ba32f,data_ml,p_count_2,robo,0,5 Feb 2026 8:9:31
69845167798bc4c9f27ba336,data_ml,p_count_2,robo,0,5 Feb 2026 8:14:31
69845295798bc4c9f27ba33d,data_ml,p_count_2,robo,0,5 Feb 2026 8:19:33
698453c1798bc4c9f27ba344,data_ml,p_count_2,robo,2,5 Feb 2026 8:24:33
698454ee798bc4c9f27ba34b,data_ml,p_count_2,robo,1,5 Feb 2026 8:29:34
6984561a798bc4c9f27ba352,data_ml,p_count_2,robo,0,5 Feb 2026 8:34:34
69845747798bc4c9f27ba359,data_ml,p_count_2,robo,3,5 Feb 2026 8:39:35
69845873798bc4c9f27ba360,data_ml,p_count_2,robo,1,5 Feb 2026 8:44:35
698459a0798bc4c9f27ba367,data_ml,p_count_2,robo,0,5 Feb 2026 8:49:36
69845acc798bc4c9f27ba36e,data_ml,p_count_2,robo,4,5 Feb 2026 8:54:36
69845bf9798bc4c9f27ba375,data_ml,p_count_2,robo,0,5 Feb 2026 8:59:37
69845d25798bc4c9f27ba37c,data_ml,p_count_2,robo,0,5 Feb 2026 9:4:37
69845e52798bc4c9f27ba383,data_ml,p_count_2,robo,0,5 Feb 2026 9:9:38
69845f7e798bc4c9f27ba389,data_ml,p_count_2,robo,5,5 Feb 2026 9:14:38
698460ab798bc4c9f27ba390,data_ml,p_count_2,robo,3,5 Feb 2026 9:19:39
698461d8798bc4c9f27ba397,data_ml,p_count_2,robo,4,5 Feb 2026 9:24:40
69846304798bc4c9f27ba39e,data_ml,p_count_2,robo,3,5 Feb 2026 9:29:40
69846431798bc4c9f27ba3a5,data_ml,p_count_2,robo,1,5 Feb 2026 9:34:41
6984655d798bc4c9f27ba3ac,data_ml,p_count_2,robo,9,5 Feb 2026 9:39:41
6984668a798bc4c9f27ba3b3,data_ml,p_count_2,robo,6,5 Feb 2026 9:44:42
698467b6798bc4c9f27ba3ba,data_ml,p_count_2,robo,3,5 Feb 2026 9:49:42
698468e3798bc4c9f27ba3c1,data_ml,p_count_2,robo,0,5 Feb 2026 9:54:43
69846a0f798bc4c9f27ba3c8,data_ml,p_count_2,robo,0,5 Feb 2026 9:59:43
69846b3c798bc4c9f27ba3cf,data_ml,p_count_2,robo,0,5 Feb 2026 10:4:44
69846c69798bc4c9f27ba3d6,data_ml,p_count_2,robo,2,5 Feb 2026 10:9:45
69846d95798bc4c9f27ba3dd,data_ml,p_count_2,robo,0,5 Feb 2026 10:14:45
69846ec2798bc4c9f27ba3e4,data_ml,p_count_2,robo,0,5 Feb 2026 10:19:46
69846fee798bc4c9f27ba3eb,data_ml,p_count_2,robo,0,5 Feb 2026 10:24:46
6984711b798bc4c9f27ba3f2,data_ml,p_count_2,robo,0,5 Feb 2026 10:29:47
69847247798bc4c9f27ba3f9,data_ml,p_count_2,robo,1,5 Feb 2026 10:34:47
69847374798bc4c9f27ba400,data_ml,p_count_2,robo,0,5 Feb 2026 10:39:48
698474a0798bc4c9f27ba407,data_ml,p_count_2,robo,0,5 Feb 2026 10:44:48
698475cd798bc4c9f27ba40e,data_ml,p_count_2,robo,2,5 Feb 2026 10:49:49
698476fa798bc4c9f27ba415,data_ml,p_count_2,robo,2,5 Feb 2026 10:54:50
69847827798bc4c9f27ba41c,data_ml,p_count_2,robo,0,5 Feb 2026 10:59:51
69847953798bc4c9f27ba423,data_ml,p_count_2,robo,1,5 Feb 2026 11:4:51
69847a80798bc4c9f27ba42a,data_ml,p_count_2,robo,0,5 Feb 2026 11:9:52
69847bac798bc4c9f27ba431,data_ml,p_count_2,robo,3,5 Feb 2026 11:14:52
69847cd9798bc4c9f27ba438,data_ml,p_count_2,robo,0,5 Feb 2026 11:19:53
69847e05798bc4c9f27ba43f,data_ml,p_count_2,robo,3,5 Feb 2026 11:24:53
69847f32798bc4c9f27ba446,data_ml,p_count_2,robo,4,5 Feb 2026 11:29:54
6984805e798bc4c9f27ba44d,data_ml,p_count_2,robo,1,5 Feb 2026 11:34:54
6984818b798bc4c9f27ba454,data_ml,p_count_2,robo,3,5 Feb 2026 11:39:55
698482b7798bc4c9f27ba45a,data_ml,p_count_2,robo,5,5 Feb 2026 11:44:55
698483e4798bc4c9f27ba461,data_ml,p_count_2,robo,1,5 Feb 2026 11:49:56
69848511798bc4c9f27ba468,data_ml,p_count_2,robo,0,5 Feb 2026 11:54:57
6984863d798bc4c9f27ba46f,data_ml,p_count_2,robo,0,5 Feb 2026 11:59:57
6984876a798bc4c9f27ba476,data_ml,p_count_2,robo,0,5 Feb 2026 12:4:58
69848896798bc4c9f27ba47d,data_ml,p_count_2,robo,0,5 Feb 2026 12:9:58
698489c3798bc4c9f27ba484,data_ml,p_count_2,robo,4,5 Feb 2026 12:14:59
69848aef798bc4c9f27ba48b,data_ml,p_count_2,robo,1,5 Feb 2026 12:19:59
69848c1c798bc4c9f27ba492,data_ml,p_count_2,robo,0,5 Feb 2026 12:25:0
69848d49798bc4c9f27ba499,data_ml,p_count_2,robo,0,5 Feb 2026 12:30:1
69848e75798bc4c9f27ba4a0,data_ml,p_count_2,robo,3,5 Feb 2026 12:35:1
69848fa2798bc4c9f27ba4a7,data_ml,p_count_2,robo,11,5 Feb 2026 12:40:2
698490ce798bc4c9f27ba4ae,data_ml,p_count_2,robo,3,5 Feb 2026 12:45:2
698491fb798bc4c9f27ba4b5,data_ml,p_count_2,robo,0,5 Feb 2026 12:50:3
69849327798bc4c9f27ba4bc,data_ml,p_count_2,robo,2,5 Feb 2026 12:55:3
69849454798bc4c9f27ba4c3,data_ml,p_count_2,robo,4,5 Feb 2026 13:0:4
69849580798bc4c9f27ba4ca,data_ml,p_count_2,robo,0,5 Feb 2026 13:5:4
698496ad798bc4c9f27ba4d1,data_ml,p_count_2,robo,2,5 Feb 2026 13:10:5
698497d9798bc4c9f27ba4d8,data_ml,p_count_2,robo,0,5 Feb 2026 13:15:5
69849906798bc4c9f27ba4df,data_ml,p_count_2,robo,0,5 Feb 2026 13:20:6
69849a33798bc4c9f27ba4e6,data_ml,p_count_2,robo,0,5 Feb 2026 13:25:7
69849b5f798bc4c9f27ba4ed,data_ml,p_count_2,robo,0,5 Feb 2026 13:30:7
69849c8c798bc4c9f27ba4f4,data_ml,p_count_2,robo,0,5 Feb 2026 13:35:8
69849db9798bc4c9f27ba4fb,data_ml,p_count_2,robo,3,5 Feb 2026 13:40:9
69849ee5798bc4c9f27ba502,data_ml,p_count_2,robo,4,5 Feb 2026 13:45:9
6984a012798bc4c9f27ba509,data_ml,p_count_2,robo,0,5 Feb 2026 13:50:10
6984a13e798bc4c9f27ba510,data_ml,p_count_2,robo,0,5 Feb 2026 13:55:10
6984a26b798bc4c9f27ba517,data_ml,p_count_2,robo,7,5 Feb 2026 14:0:11
6984a397798bc4c9f27ba51e,data_ml,p_count_2,robo,1,5 Feb 2026 14:5:11
6984a4c4798bc4c9f27ba525,data_ml,p_count_2,robo,0,5 Feb 2026 14:10:12
6984a5f0798bc4c9f27ba52b,data_ml,p_count_2,robo,0,5 Feb 2026 14:15:12
6984a71d798bc4c9f27ba532,data_ml,p_count_2,robo,1,5 Feb 2026 14:20:13
6984a849798bc4c9f27ba539,data_ml,p_count_2,robo,1,5 Feb 2026 14:25:13
6984a976798bc4c9f27ba540,data_ml,p_count_2,robo,4,5 Feb 2026 14:30:14
6984aaa2798bc4c9f27ba547,data_ml,p_count_2,robo,0,5 Feb 2026 14:35:14
6984abcf798bc4c9f27ba54e,data_ml,p_count_2,robo,0,5 Feb 2026 14:40:15
6984acfb798bc4c9f27ba555,data_ml,p_count_2,robo,0,5 Feb 2026 14:45:15
6984ae28798bc4c9f27ba55c,data_ml,p_count_2,robo,1,5 Feb 2026 14:50:16
6984af55798bc4c9f27ba563,data_ml,p_count_2,robo,17,5 Feb 2026 14:55:17
6984b081798bc4c9f27ba56a,data_ml,p_count_2,robo,0,5 Feb 2026 15:0:17
6984b1ae798bc4c9f27ba571,data_ml,p_count_2,robo,0,5 Feb 2026 15:5:18
6984b2da798bc4c9f27ba578,data_ml,p_count_2,robo,0,5 Feb 2026 15:10:18
6984b407798bc4c9f27ba57f,data_ml,p_count_2,robo,0,5 Feb 2026 15:15:19
6984b533798bc4c9f27ba586,data_ml,p_count_2,robo,0,5 Feb 2026 15:20:19
6984b660798bc4c9f27ba58d,data_ml,p_count_2,robo,0,5 Feb 2026 15:25:20
6984b78c798bc4c9f27ba593,data_ml,p_count_2,robo,0,5 Feb 2026 15:30:20
6984b8b9798bc4c9f27ba599,data_ml,p_count_2,robo,1,5 Feb 2026 15:35:21
6984b9e5798bc4c9f27ba59f,data_ml,p_count_2,robo,1,5 Feb 2026 15:40:21
6984bb12798bc4c9f27ba5a5,data_ml,p_count_2,robo,2,5 Feb 2026 15:45:22
6984bc3f798bc4c9f27ba5ab,data_ml,p_count_2,robo,0,5 Feb 2026 15:50:23
6984bd6c798bc4c9f27ba5b1,data_ml,p_count_2,robo,0,5 Feb 2026 15:55:24
6984be98798bc4c9f27ba5b7,data_ml,p_count_2,robo,0,5 Feb 2026 16:0:24
6984bfc5798bc4c9f27ba5bd,data_ml,p_count_2,robo,0,5 Feb 2026 16:5:25
6984c0f1798bc4c9f27ba5c3,data_ml,p_count_2,robo,0,5 Feb 2026 16:10:25
6984c21e798bc4c9f27ba5c9,data_ml,p_count_2,robo,0,5 Feb 2026 16:15:26
6984c34a798bc4c9f27ba5cf,data_ml,p_count_2,robo,0,5 Feb 2026 16:20:26
6984c477798bc4c9f27ba5d5,data_ml,p_count_2,robo,3,5 Feb 2026 16:25:27
6984c5a3924ec81f6b86edbe,data_ml,p_count_2,robo,1,5 Feb 2026 16:30:27
6984c5a3798bc4c9f27ba5db,data_ml,p_count_2,robo,1,5 Feb 2026 16:30:27
6984c6d0798bc4c9f27ba5e1,data_ml,p_count_2,robo,0,5 Feb 2026 16:35:28
6984c7fc798bc4c9f27ba5e7,data_ml,p_count_2,robo,0,5 Feb 2026 16:40:28
6984c9290954537897d8b64c,data_ml,p_count_2,robo,0,5 Feb 2026 16:45:29
6984ca550954537897d8b652,data_ml,p_count_2,robo,0,5 Feb 2026 16:50:29
6984cb820954537897d8b658,data_ml,p_count_2,robo,0,5 Feb 2026 16:55:30
6984ccaf0954537897d8b65e,data_ml,p_count_2,robo,2,5 Feb 2026 17:0:31
6984cddb0954537897d8b664,data_ml,p_count_2,robo,1,5 Feb 2026 17:5:31
6984cf080954537897d8b66a,data_ml,p_count_2,robo,0,5 Feb 2026 17:10:32
6984d0340954537897d8b670,data_ml,p_count_2,robo,0,5 Feb 2026 17:15:32
6984d1610954537897d8b676,data_ml,p_count_2,robo,0,5 Feb 2026 17:20:33
6984d28d0954537897d8b67c,data_ml,p_count_2,robo,0,5 Feb 2026 17:25:33
6984d3ba0954537897d8b682,data_ml,p_count_2,robo,0,5 Feb 2026 17:30:34
6984d4e60954537897d8b688,data_ml,p_count_2,robo,0,5 Feb 2026 17:35:34
6984d6130954537897d8b68e,data_ml,p_count_2,robo,0,5 Feb 2026 17:40:35
6984d7400954537897d8b694,data_ml,p_count_2,robo,0,5 Feb 2026 17:45:36
6984d86c0954537897d8b69a,data_ml,p_count_2,robo,0,5 Feb 2026 17:50:36
6984d9990954537897d8b6a0,data_ml,p_count_2,robo,0,5 Feb 2026 17:55:37
6984dac50954537897d8b6a6,data_ml,p_count_2,robo,0,5 Feb 2026 18:0:37
6984dbf20954537897d8b6ac,data_ml,p_count_2,robo,0,5 Feb 2026 18:5:38
6984dd1e0954537897d8b6b2,data_ml,p_count_2,robo,0,5 Feb 2026 18:10:38
6984de4b0954537897d8b6b8,data_ml,p_count_2,robo,0,5 Feb 2026 18:15:39
6984df780954537897d8b6be,data_ml,p_count_2,robo,0,5 Feb 2026 18:20:40
6984e0a50954537897d8b6c4,data_ml,p_count_2,robo,2,5 Feb 2026 18:25:41
6984e1d10954537897d8b6ca,data_ml,p_count_2,robo,0,5 Feb 2026 18:30:41
6984e2fe0954537897d8b6d0,data_ml,p_count_2,robo,0,5 Feb 2026 18:35:42
6984e42a0954537897d8b6d6,data_ml,p_count_2,robo,0,5 Feb 2026 18:40:42
6984e5570954537897d8b6dc,data_ml,p_count_2,robo,0,5 Feb 2026 18:45:43
6984e6830954537897d8b6e2,data_ml,p_count_2,robo,0,5 Feb 2026 18:50:43
6984e7b00954537897d8b6e8,data_ml,p_count_2,robo,0,5 Feb 2026 18:55:44
6984e8dc0954537897d8b6ee,data_ml,p_count_2,robo,0,5 Feb 2026 19:0:44
6984ea090954537897d8b6f4,data_ml,p_count_2,robo,0,5 Feb 2026 19:5:45
6984eb350954537897d8b6fb,data_ml,p_count_2,robo,0,5 Feb 2026 19:10:45
6984ec620954537897d8b701,data_ml,p_count_2,robo,0,5 Feb 2026 19:15:46
6984ed8f0954537897d8b707,data_ml,p_count_2,robo,0,5 Feb 2026 19:20:47
6984eebb0954537897d8b70d,data_ml,p_count_2,robo,0,5 Feb 2026 19:25:47
6984efe80954537897d8b713,data_ml,p_count_2,robo,0,5 Feb 2026 19:30:48
6984f1140954537897d8b719,data_ml,p_count_2,robo,0,5 Feb 2026 19:35:48
6984f2410954537897d8b71f,data_ml,p_count_2,robo,0,5 Feb 2026 19:40:49
6984f36d0954537897d8b725,data_ml,p_count_2,robo,0,5 Feb 2026 19:45:49
6984f49a0954537897d8b72b,data_ml,p_count_2,robo,0,5 Feb 2026 19:50:50
6984f5c70954537897d8b731,data_ml,p_count_2,robo,0,5 Feb 2026 19:55:51
6984f6f30954537897d8b737,data_ml,p_count_2,robo,0,5 Feb 2026 20:0:51
6984f8200954537897d8b73d,data_ml,p_count_2,robo,0,5 Feb 2026 20:5:52
6984f94c0954537897d8b743,data_ml,p_count_2,robo,0,5 Feb 2026 20:10:52
6984fa790954537897d8b749,data_ml,p_count_2,robo,0,5 Feb 2026 20:15:53
6984fba50954537897d8b74f,data_ml,p_count_2,robo,0,5 Feb 2026 20:20:53
6984fcd20954537897d8b755,data_ml,p_count_2,robo,0,5 Feb 2026 20:25:54
6984fdfe0954537897d8b75b,data_ml,p_count_2,robo,0,5 Feb 2026 20:30:54
6984ff2b0954537897d8b761,data_ml,p_count_2,robo,0,5 Feb 2026 20:35:55
698500580954537897d8b767,data_ml,p_count_2,robo,0,5 Feb 2026 20:40:56
698501840954537897d8b76d,data_ml,p_count_2,robo,0,5 Feb 2026 20:45:56
698502b10954537897d8b773,data_ml,p_count_2,robo,0,5 Feb 2026 20:50:57
698503de0954537897d8b779,data_ml,p_count_2,robo,0,5 Feb 2026 20:55:58
6985050a0954537897d8b77f,data_ml,p_count_2,robo,0,5 Feb 2026 21:0:58
698506370954537897d8b785,data_ml,p_count_2,robo,0,5 Feb 2026 21:5:59
698507630954537897d8b78b,data_ml,p_count_2,robo,0,5 Feb 2026 21:10:59
698508900954537897d8b791,data_ml,p_count_2,robo,0,5 Feb 2026 21:16:0
698509bd0954537897d8b797,data_ml,p_count_2,robo,0,5 Feb 2026 21:21:1
69850ae90954537897d8b79d,data_ml,p_count_2,robo,0,5 Feb 2026 21:26:1
69850c160954537897d8b7a3,data_ml,p_count_2,robo,0,5 Feb 2026 21:31:2
69850d420954537897d8b7a9,data_ml,p_count_2,robo,0,5 Feb 2026 21:36:2
69850e6f0954537897d8b7af,data_ml,p_count_2,robo,0,5 Feb 2026 21:41:3
69850f9c0954537897d8b7b5,data_ml,p_count_2,robo,0,5 Feb 2026 21:46:4
698510c80954537897d8b7bb,data_ml,p_count_2,robo,0,5 Feb 2026 21:51:4
698511f50954537897d8b7c1,data_ml,p_count_2,robo,0,5 Feb 2026 21:56:5
698513210954537897d8b7c7,data_ml,p_count_2,robo,0,5 Feb 2026 22:1:5
6985144e0954537897d8b7cd,data_ml,p_count_2,robo,0,5 Feb 2026 22:6:6
6985157a0954537897d8b7d3,data_ml,p_count_2,robo,0,5 Feb 2026 22:11:6
698516a70954537897d8b7d9,data_ml,p_count_2,robo,0,5 Feb 2026 22:16:7
698517d30954537897d8b7df,data_ml,p_count_2,robo,0,5 Feb 2026 22:21:7
698519000954537897d8b7e5,data_ml,p_count_2,robo,0,5 Feb 2026 22:26:8
69851a2d0954537897d8b7eb,data_ml,p_count_2,robo,0,5 Feb 2026 22:31:9
69851b590954537897d8b7f1,data_ml,p_count_2,robo,0,5 Feb 2026 22:36:9
69851c860954537897d8b7f7,data_ml,p_count_2,robo,0,5 Feb 2026 22:41:10
69851db20954537897d8b7fd,data_ml,p_count_2,robo,0,5 Feb 2026 22:46:10
69851edf0954537897d8b803,data_ml,p_count_2,robo,0,5 Feb 2026 22:51:11
6985200b0954537897d8b809,data_ml,p_count_2,robo,0,5 Feb 2026 22:56:11
698521380954537897d8b80f,data_ml,p_count_2,robo,0,5 Feb 2026 23:1:12
698522640954537897d8b815,data_ml,p_count_2,robo,0,5 Feb 2026 23:6:12
698523910954537897d8b81b,data_ml,p_count_2,robo,0,5 Feb 2026 23:11:13
698524bd0954537897d8b821,data_ml,p_count_2,robo,0,5 Feb 2026 23:16:13
698525ea0954537897d8b827,data_ml,p_count_2,robo,0,5 Feb 2026 23:21:14
698527170954537897d8b82d,data_ml,p_count_2,robo,0,5 Feb 2026 23:26:15
698528440954537897d8b833,data_ml,p_count_2,robo,0,5 Feb 2026 23:31:16
698529700954537897d8b839,data_ml,p_count_2,robo,0,5 Feb 2026 23:36:16
69852a9d0954537897d8b83f,data_ml,p_count_2,robo,0,5 Feb 2026 23:41:17
69852bc90954537897d8b845,data_ml,p_count_2,robo,0,5 Feb 2026 23:46:17
69852cf60954537897d8b84b,data_ml,p_count_2,robo,0,5 Feb 2026 23:51:18
69852e220954537897d8b851,data_ml,p_count_2,robo,0,5 Feb 2026 23:56:18
69852f4f0954537897d8b857,data_ml,p_count_2,robo,0,6 Feb 2026 0:1:19
6985307b0954537897d8b85d,data_ml,p_count_2,robo,0,6 Feb 2026 0:6:19
698531a80954537897d8b863,data_ml,p_count_2,robo,0,6 Feb 2026 0:11:20
698532d40954537897d8b869,data_ml,p_count_2,robo,0,6 Feb 2026 0:16:20
698534010954537897d8b86f,data_ml,p_count_2,robo,0,6 Feb 2026 0:21:21
6985352d0954537897d8b875,data_ml,p_count_2,robo,0,6 Feb 2026 0:26:21
6985365a0954537897d8b87b,data_ml,p_count_2,robo,0,6 Feb 2026 0:31:22
698537870954537897d8b881,data_ml,p_count_2,robo,0,6 Feb 2026 0:36:23
698538b30954537897d8b887,data_ml,p_count_2,robo,0,6 Feb 2026 0:41:23
698539e00954537897d8b88d,data_ml,p_count_2,robo,0,6 Feb 2026 0:46:24
69853b0c0954537897d8b893,data_ml,p_count_2,robo,0,6 Feb 2026 0:51:24
69853c390954537897d8b899,data_ml,p_count_2,robo,0,6 Feb 2026 0:56:25
69853d650954537897d8b89f,data_ml,p_count_2,robo,0,6 Feb 2026 1:1:25
69853e920954537897d8b8a5,data_ml,p_count_2,robo,0,6 Feb 2026 1:6:26
69853fbe0954537897d8b8ab,data_ml,p_count_2,robo,0,6 Feb 2026 1:11:26
698540eb0954537897d8b8b1,data_ml,p_count_2,robo,0,6 Feb 2026 1:16:27
698542180954537897d8b8b7,data_ml,p_count_2,robo,0,6 Feb 2026 1:21:28
698543440954537897d8b8bd,data_ml,p_count_2,robo,0,6 Feb 2026 1:26:28
698544710954537897d8b8c3,data_ml,p_count_2,robo,0,6 Feb 2026 1:31:29
6985459d0954537897d8b8c9,data_ml,p_count_2,robo,0,6 Feb 2026 1:36:29
698546ca0954537897d8b8cf,data_ml,p_count_2,robo,0,6 Feb 2026 1:41:30
698547f60954537897d8b8d5,data_ml,p_count_2,robo,0,6 Feb 2026 1:46:30
698549230954537897d8b8db,data_ml,p_count_2,robo,0,6 Feb 2026 1:51:31
69854a500954537897d8b8e1,data_ml,p_count_2,robo,0,6 Feb 2026 1:56:32
69854b7d0954537897d8b8e7,data_ml,p_count_2,robo,0,6 Feb 2026 2:1:33
69854ca90954537897d8b8ed,data_ml,p_count_2,robo,0,6 Feb 2026 2:6:33
69854dd60954537897d8b8f3,data_ml,p_count_2,robo,0,6 Feb 2026 2:11:34
69854f020954537897d8b8f9,data_ml,p_count_2,robo,0,6 Feb 2026 2:16:34
6985502f0954537897d8b8ff,data_ml,p_count_2,robo,0,6 Feb 2026 2:21:35
6985515b0954537897d8b905,data_ml,p_count_2,robo,0,6 Feb 2026 2:26:35
698552880954537897d8b90b,data_ml,p_count_2,robo,0,6 Feb 2026 2:31:36
698553b40954537897d8b911,data_ml,p_count_2,robo,0,6 Feb 2026 2:36:36
698554e10954537897d8b917,data_ml,p_count_2,robo,0,6 Feb 2026 2:41:37
6985560d0954537897d8b91d,data_ml,p_count_2,robo,0,6 Feb 2026 2:46:37
6985573a0954537897d8b923,data_ml,p_count_2,robo,0,6 Feb 2026 2:51:38
698558660954537897d8b929,data_ml,p_count_2,robo,0,6 Feb 2026 2:56:38
698559930954537897d8b92f,data_ml,p_count_2,robo,0,6 Feb 2026 3:1:39
69855ac00954537897d8b935,data_ml,p_count_2,robo,0,6 Feb 2026 3:6:40
69855bec0954537897d8b93b,data_ml,p_count_2,robo,0,6 Feb 2026 3:11:40
69855d190954537897d8b941,data_ml,p_count_2,robo,0,6 Feb 2026 3:16:41
69855e450954537897d8b947,data_ml,p_count_2,robo,0,6 Feb 2026 3:21:41
69855f720954537897d8b94d,data_ml,p_count_2,robo,0,6 Feb 2026 3:26:42
6985609e0954537897d8b953,data_ml,p_count_2,robo,0,6 Feb 2026 3:31:42
698561cb0954537897d8b959,data_ml,p_count_2,robo,0,6 Feb 2026 3:36:43
698562f80954537897d8b95f,data_ml,p_count_2,robo,0,6 Feb 2026 3:41:44
698564240954537897d8b965,data_ml,p_count_2,robo,0,6 Feb 2026 3:46:44
698565510954537897d8b96b,data_ml,p_count_2,robo,0,6 Feb 2026 3:51:45
6985667d0954537897d8b971,data_ml,p_count_2,robo,0,6 Feb 2026 3:56:45
698567aa0954537897d8b977,data_ml,p_count_2,robo,0,6 Feb 2026 4:1:46
698568d60954537897d8b97d,data_ml,p_count_2,robo,0,6 Feb 2026 4:6:46
69856a030954537897d8b983,data_ml,p_count_2,robo,0,6 Feb 2026 4:11:47
69856b2f0954537897d8b989,data_ml,p_count_2,robo,0,6 Feb 2026 4:16:47
69856c5d0954537897d8b98f,data_ml,p_count_2,robo,0,6 Feb 2026 4:21:49
69856d890954537897d8b995,data_ml,p_count_2,robo,0,6 Feb 2026 4:26:49
69856eb60954537897d8b99b,data_ml,p_count_2,robo,0,6 Feb 2026 4:31:50
69856fe20954537897d8b9a1,data_ml,p_count_2,robo,0,6 Feb 2026 4:36:50
6985710f0954537897d8b9a7,data_ml,p_count_2,robo,0,6 Feb 2026 4:41:51
6985723b0954537897d8b9ad,data_ml,p_count_2,robo,0,6 Feb 2026 4:46:51
698573680954537897d8b9b4,data_ml,p_count_2,robo,0,6 Feb 2026 4:51:52
698574950954537897d8b9ba,data_ml,p_count_2,robo,0,6 Feb 2026 4:56:53
698575c10954537897d8b9c0,data_ml,p_count_2,robo,0,6 Feb 2026 5:1:53
698576ee0954537897d8b9c6,data_ml,p_count_2,robo,0,6 Feb 2026 5:6:54
6985781a0954537897d8b9cc,data_ml,p_count_2,robo,0,6 Feb 2026 5:11:54
698579470954537897d8b9d2,data_ml,p_count_2,robo,0,6 Feb 2026 5:16:55
69857a740954537897d8b9d8,data_ml,p_count_2,robo,0,6 Feb 2026 5:21:56
69857ba00954537897d8b9de,data_ml,p_count_2,robo,0,6 Feb 2026 5:26:56
69857ccd0954537897d8b9e4,data_ml,p_count_2,robo,0,6 Feb 2026 5:31:57
69857df90954537897d8b9ea,data_ml,p_count_2,robo,0,6 Feb 2026 5:36:57
69857f260954537897d8b9f0,data_ml,p_count_2,robo,0,6 Feb 2026 5:41:58
698580520954537897d8b9f6,data_ml,p_count_2,robo,0,6 Feb 2026 5:46:58
6985817f0954537897d8b9fc,data_ml,p_count_2,robo,0,6 Feb 2026 5:51:59
698582ac0954537897d8ba02,data_ml,p_count_2,robo,0,6 Feb 2026 5:57:0
698583d80954537897d8ba08,data_ml,p_count_2,robo,0,6 Feb 2026 6:2:0
698585050954537897d8ba0e,data_ml,p_count_2,robo,0,6 Feb 2026 6:7:1
698586310954537897d8ba14,data_ml,p_count_2,robo,0,6 Feb 2026 6:12:1
6985875e0954537897d8ba1a,data_ml,p_count_2,robo,0,6 Feb 2026 6:17:2
6985888a0954537897d8ba20,data_ml,p_count_2,robo,0,6 Feb 2026 6:22:2
698589b70954537897d8ba26,data_ml,p_count_2,robo,0,6 Feb 2026 6:27:3
69858ae40954537897d8ba2c,data_ml,p_count_2,robo,1,6 Feb 2026 6:32:4
69858c100954537897d8ba32,data_ml,p_count_2,robo,1,6 Feb 2026 6:37:4
69858d3d0954537897d8ba38,data_ml,p_count_2,robo,1,6 Feb 2026 6:42:5
69858e690954537897d8ba3e,data_ml,p_count_2,robo,0,6 Feb 2026 6:47:5
69858f960954537897d8ba44,data_ml,p_count_2,robo,0,6 Feb 2026 6:52:6
698590c30954537897d8ba4a,data_ml,p_count_2,robo,2,6 Feb 2026 6:57:7
698591ef0954537897d8ba50,data_ml,p_count_2,robo,0,6 Feb 2026 7:2:7
6985931c0954537897d8ba56,data_ml,p_count_2,robo,0,6 Feb 2026 7:7:8
698594490954537897d8ba5c,data_ml,p_count_2,robo,1,6 Feb 2026 7:12:9
698595750954537897d8ba62,data_ml,p_count_2,robo,1,6 Feb 2026 7:17:9
698596a20954537897d8ba68,data_ml,p_count_2,robo,0,6 Feb 2026 7:22:10
698597ce0954537897d8ba6e,data_ml,p_count_2,robo,0,6 Feb 2026 7:27:10
698598fb0954537897d8ba74,data_ml,p_count_2,robo,0,6 Feb 2026 7:32:11
69859a270954537897d8ba7a,data_ml,p_count_2,robo,0,6 Feb 2026 7:37:11
69859b540954537897d8ba80,data_ml,p_count_2,robo,0,6 Feb 2026 7:42:12
69859c800954537897d8ba86,data_ml,p_count_2,robo,1,6 Feb 2026 7:47:12
69859dad0954537897d8ba8c,data_ml,p_count_2,robo,3,6 Feb 2026 7:52:13
69859eda0954537897d8ba92,data_ml,p_count_2,robo,2,6 Feb 2026 7:57:14
6985a0060954537897d8ba98,data_ml,p_count_2,robo,2,6 Feb 2026 8:2:14
6985a1330954537897d8ba9e,data_ml,p_count_2,robo,1,6 Feb 2026 8:7:15
6985a25f0954537897d8baa4,data_ml,p_count_2,robo,3,6 Feb 2026 8:12:15
6985a38c0954537897d8baaa,data_ml,p_count_2,robo,1,6 Feb 2026 8:17:16
6985a4b80954537897d8bab0,data_ml,p_count_2,robo,5,6 Feb 2026 8:22:16
6985a5e50954537897d8bab6,data_ml,p_count_2,robo,19,6 Feb 2026 8:27:17
6985a7120954537897d8babc,data_ml,p_count_2,robo,3,6 Feb 2026 8:32:18
6985a83e0954537897d8bac2,data_ml,p_count_2,robo,4,6 Feb 2026 8:37:18
6985a96b0954537897d8bac8,data_ml,p_count_2,robo,0,6 Feb 2026 8:42:19
6985aa970954537897d8bace,data_ml,p_count_2,robo,2,6 Feb 2026 8:47:19
6985abc40954537897d8bad4,data_ml,p_count_2,robo,0,6 Feb 2026 8:52:20
6985acf00954537897d8bada,data_ml,p_count_2,robo,2,6 Feb 2026 8:57:20
6985ae1d0954537897d8bae0,data_ml,p_count_2,robo,13,6 Feb 2026 9:2:21
6985af4a0954537897d8bae6,data_ml,p_count_2,robo,5,6 Feb 2026 9:7:22
6985b0760954537897d8baec,data_ml,p_count_2,robo,21,6 Feb 2026 9:12:22
6985b1a30954537897d8baf2,data_ml,p_count_2,robo,10,6 Feb 2026 9:17:23
6985b2d00954537897d8baf8,data_ml,p_count_2,robo,0,6 Feb 2026 9:22:24
6985b3fc0954537897d8bafe,data_ml,p_count_2,robo,0,6 Feb 2026 9:27:24
6985b5290954537897d8bb04,data_ml,p_count_2,robo,1,6 Feb 2026 9:32:25
6985b6550954537897d8bb0a,data_ml,p_count_2,robo,3,6 Feb 2026 9:37:25
6985b7820954537897d8bb10,data_ml,p_count_2,robo,0,6 Feb 2026 9:42:26
6985b8af0954537897d8bb16,data_ml,p_count_2,robo,1,6 Feb 2026 9:47:27
6985b9db0954537897d8bb1c,data_ml,p_count_2,robo,0,6 Feb 2026 9:52:27
6985bb080954537897d8bb22,data_ml,p_count_2,robo,0,6 Feb 2026 9:57:28
6985bc340954537897d8bb28,data_ml,p_count_2,robo,0,6 Feb 2026 10:2:28
6985bd610954537897d8bb2e,data_ml,p_count_2,robo,0,6 Feb 2026 10:7:29
6985be8d0954537897d8bb34,data_ml,p_count_2,robo,0,6 Feb 2026 10:12:29
6985bfba0954537897d8bb3a,data_ml,p_count_2,robo,0,6 Feb 2026 10:17:30
6985c0e60954537897d8bb40,data_ml,p_count_2,robo,0,6 Feb 2026 10:22:30
6985c2130954537897d8bb46,data_ml,p_count_2,robo,0,6 Feb 2026 10:27:31
6985c33f0954537897d8bb4c,data_ml,p_count_2,robo,0,6 Feb 2026 10:32:31
6985c46c0954537897d8bb52,data_ml,p_count_2,robo,0,6 Feb 2026 10:37:32
6985c5990954537897d8bb58,data_ml,p_count_2,robo,0,6 Feb 2026 10:42:33
6985c6c50954537897d8bb5e,data_ml,p_count_2,robo,0,6 Feb 2026 10:47:33
6985c7f20954537897d8bb64,data_ml,p_count_2,robo,3,6 Feb 2026 10:52:34
6985c91e0954537897d8bb6a,data_ml,p_count_2,robo,0,6 Feb 2026 10:57:34
6985ca4b0954537897d8bb70,data_ml,p_count_2,robo,1,6 Feb 2026 11:2:35
6985cb770954537897d8bb76,data_ml,p_count_2,robo,2,6 Feb 2026 11:7:35
6985cca40954537897d8bb7c,data_ml,p_count_2,robo,1,6 Feb 2026 11:12:36
6985cdd10954537897d8bb82,data_ml,p_count_2,robo,4,6 Feb 2026 11:17:37
6985cefd0954537897d8bb88,data_ml,p_count_2,robo,7,6 Feb 2026 11:22:37
6985d02a0954537897d8bb8e,data_ml,p_count_2,robo,9,6 Feb 2026 11:27:38
6985d1560954537897d8bb94,data_ml,p_count_2,robo,2,6 Feb 2026 11:32:38
6985d2830954537897d8bb9a,data_ml,p_count_2,robo,1,6 Feb 2026 11:37:39
6985d3af0954537897d8bba0,data_ml,p_count_2,robo,7,6 Feb 2026 11:42:39
6985d4dc0954537897d8bba6,data_ml,p_count_2,robo,2,6 Feb 2026 11:47:40
6985d6090954537897d8bbac,data_ml,p_count_2,robo,0,6 Feb 2026 11:52:41
6985d7360954537897d8bbb2,data_ml,p_count_2,robo,0,6 Feb 2026 11:57:42
6985d8620954537897d8bbb8,data_ml,p_count_2,robo,6,6 Feb 2026 12:2:42
6985d98f0954537897d8bbbe,data_ml,p_count_2,robo,2,6 Feb 2026 12:7:43
6985dabb0954537897d8bbc4,data_ml,p_count_2,robo,3,6 Feb 2026 12:12:43
6985dbe80954537897d8bbca,data_ml,p_count_2,robo,0,6 Feb 2026 12:17:44
6985dd140954537897d8bbd0,data_ml,p_count_2,robo,0,6 Feb 2026 12:22:44
6985de410954537897d8bbd6,data_ml,p_count_2,robo,0,6 Feb 2026 12:27:45
6985df6d0954537897d8bbdc,data_ml,p_count_2,robo,2,6 Feb 2026 12:32:45
6985e09a0954537897d8bbe2,data_ml,p_count_2,robo,1,6 Feb 2026 12:37:46
6985e1c60954537897d8bbe8,data_ml,p_count_2,robo,0,6 Feb 2026 12:42:46
6985e2f30954537897d8bbed,data_ml,p_count_2,robo,1,6 Feb 2026 12:47:47
6985e4200954537897d8bbf3,data_ml,p_count_2,robo,0,6 Feb 2026 12:52:48
6985e54c0954537897d8bbfa,data_ml,p_count_2,robo,1,6 Feb 2026 12:57:48
6985e6790954537897d8bc00,data_ml,p_count_2,robo,2,6 Feb 2026 13:2:49
6985e7a60954537897d8bc06,data_ml,p_count_2,robo,0,6 Feb 2026 13:7:50
6985e8d20954537897d8bc0c,data_ml,p_count_2,robo,2,6 Feb 2026 13:12:50
6985e9ff0954537897d8bc12,data_ml,p_count_2,robo,0,6 Feb 2026 13:17:51
6985eb2b0954537897d8bc18,data_ml,p_count_2,robo,1,6 Feb 2026 13:22:51
6985ec580954537897d8bc1e,data_ml,p_count_2,robo,1,6 Feb 2026 13:27:52
6985ed840954537897d8bc24,data_ml,p_count_2,robo,0,6 Feb 2026 13:32:52
6985eeb10954537897d8bc2a,data_ml,p_count_2,robo,0,6 Feb 2026 13:37:53
6985efdd0954537897d8bc30,data_ml,p_count_2,robo,0,6 Feb 2026 13:42:53
6985f10a0954537897d8bc36,data_ml,p_count_2,robo,1,6 Feb 2026 13:47:54
6985f2370954537897d8bc3c,data_ml,p_count_2,robo,2,6 Feb 2026 13:52:55
6985f3630954537897d8bc42,data_ml,p_count_2,robo,3,6 Feb 2026 13:57:55
6985f4900954537897d8bc48,data_ml,p_count_2,robo,2,6 Feb 2026 14:2:56
6985f5bc0954537897d8bc4f,data_ml,p_count_2,robo,2,6 Feb 2026 14:7:56
6985f6e80954537897d8bc56,data_ml,p_count_2,robo,0,6 Feb 2026 14:12:56
6985f8150954537897d8bc5d,data_ml,p_count_2,robo,0,6 Feb 2026 14:17:57
6985f9420954537897d8bc64,data_ml,p_count_2,robo,1,6 Feb 2026 14:22:58
6985fa6f0954537897d8bc6b,data_ml,p_count_2,robo,0,6 Feb 2026 14:27:59
6985fb9b0954537897d8bc72,data_ml,p_count_2,robo,0,6 Feb 2026 14:32:59
6985fcc80954537897d8bc79,data_ml,p_count_2,robo,0,6 Feb 2026 14:38:0
6985fdf40954537897d8bc80,data_ml,p_count_2,robo,0,6 Feb 2026 14:43:0
6985ff210954537897d8bc87,data_ml,p_count_2,robo,0,6 Feb 2026 14:48:1
6986004d0954537897d8bc8e,data_ml,p_count_2,robo,1,6 Feb 2026 14:53:1
6986017a0954537897d8bc95,data_ml,p_count_2,robo,0,6 Feb 2026 14:58:2
698602a60954537897d8bc9c,data_ml,p_count_2,robo,1,6 Feb 2026 15:3:2
698603d30954537897d8bca3,data_ml,p_count_2,robo,0,6 Feb 2026 15:8:3
698605000954537897d8bcaa,data_ml,p_count_2,robo,1,6 Feb 2026 15:13:4
6986062c0954537897d8bcb1,data_ml,p_count_2,robo,0,6 Feb 2026 15:18:4
698607590954537897d8bcb8,data_ml,p_count_2,robo,1,6 Feb 2026 15:23:5
698608850954537897d8bcbf,data_ml,p_count_2,robo,1,6 Feb 2026 15:28:5
698609b20954537897d8bcc6,data_ml,p_count_2,robo,2,6 Feb 2026 15:33:6
69860ade0954537897d8bccd,data_ml,p_count_2,robo,4,6 Feb 2026 15:38:6
69860c0b0954537897d8bcd4,data_ml,p_count_2,robo,2,6 Feb 2026 15:43:7
69860d370954537897d8bcdb,data_ml,p_count_2,robo,1,6 Feb 2026 15:48:7
69860e640954537897d8bce2,data_ml,p_count_2,robo,3,6 Feb 2026 15:53:8
69860f910954537897d8bce9,data_ml,p_count_2,robo,2,6 Feb 2026 15:58:9
698610bd0954537897d8bcf0,data_ml,p_count_2,robo,0,6 Feb 2026 16:3:9
698611ea0954537897d8bcf7,data_ml,p_count_2,robo,0,6 Feb 2026 16:8:10
698613160954537897d8bcfe,data_ml,p_count_2,robo,0,6 Feb 2026 16:13:10
698614430954537897d8bd05,data_ml,p_count_2,robo,0,6 Feb 2026 16:18:11
698615700954537897d8bd0c,data_ml,p_count_2,robo,0,6 Feb 2026 16:23:12
6986169c0954537897d8bd13,data_ml,p_count_2,robo,0,6 Feb 2026 16:28:12
698617c90954537897d8bd19,data_ml,p_count_2,robo,0,6 Feb 2026 16:33:13
698618f50954537897d8bd20,data_ml,p_count_2,robo,0,6 Feb 2026 16:38:13
69861a220954537897d8bd27,data_ml,p_count_2,robo,0,6 Feb 2026 16:43:14
69861b4e0954537897d8bd2e,data_ml,p_count_2,robo,0,6 Feb 2026 16:48:14
69861c7c0954537897d8bd35,data_ml,p_count_2,robo,0,6 Feb 2026 16:53:16
69861da80954537897d8bd3c,data_ml,p_count_2,robo,1,6 Feb 2026 16:58:16
69861ed50954537897d8bd43,data_ml,p_count_2,robo,1,6 Feb 2026 17:3:17
698620010954537897d8bd4a,data_ml,p_count_2,robo,1,6 Feb 2026 17:8:17
6986212e0954537897d8bd51,data_ml,p_count_2,robo,0,6 Feb 2026 17:13:18
6986225a0954537897d8bd58,data_ml,p_count_2,robo,0,6 Feb 2026 17:18:18
698623870954537897d8bd5f,data_ml,p_count_2,robo,0,6 Feb 2026 17:23:19
698624b40954537897d8bd66,data_ml,p_count_2,robo,0,6 Feb 2026 17:28:20
698625e015f88a96f6f92773,data_ml,p_count_2,robo,0,6 Feb 2026 17:33:20
6986270d15f88a96f6f9277a,data_ml,p_count_2,robo,0,6 Feb 2026 17:38:21
6986283915f88a96f6f92781,data_ml,p_count_2,robo,0,6 Feb 2026 17:43:21
6986296615f88a96f6f92788,data_ml,p_count_2,robo,0,6 Feb 2026 17:48:22
69862a9215f88a96f6f9278f,data_ml,p_count_2,robo,0,6 Feb 2026 17:53:22
69862bbf15f88a96f6f92796,data_ml,p_count_2,robo,0,6 Feb 2026 17:58:23
69862ceb15f88a96f6f9279d,data_ml,p_count_2,robo,0,6 Feb 2026 18:3:23
69862e1815f88a96f6f927a4,data_ml,p_count_2,robo,0,6 Feb 2026 18:8:24
69862f4415f88a96f6f927ab,data_ml,p_count_2,robo,0,6 Feb 2026 18:13:24
6986307115f88a96f6f927b2,data_ml,p_count_2,robo,0,6 Feb 2026 18:18:25
6986319e15f88a96f6f927b9,data_ml,p_count_2,robo,0,6 Feb 2026 18:23:26
698632ca15f88a96f6f927c0,data_ml,p_count_2,robo,0,6 Feb 2026 18:28:26
698633f715f88a96f6f927c7,data_ml,p_count_2,robo,0,6 Feb 2026 18:33:27
6986352315f88a96f6f927ce,data_ml,p_count_2,robo,0,6 Feb 2026 18:38:27
6986365015f88a96f6f927d5,data_ml,p_count_2,robo,0,6 Feb 2026 18:43:28
6986377c8be1165503096de0,data_ml,p_count_2,robo,0,6 Feb 2026 18:48:28
698638a98be1165503096df1,data_ml,p_count_2,robo,0,6 Feb 2026 18:53:29
698639d68be1165503096e02,data_ml,p_count_2,robo,0,6 Feb 2026 18:58:30
69863b028be1165503096e12,data_ml,p_count_2,robo,0,6 Feb 2026 19:3:30
69863c2f8be1165503096e23,data_ml,p_count_2,robo,0,6 Feb 2026 19:8:31
69863d5b8be1165503096e34,data_ml,p_count_2,robo,0,6 Feb 2026 19:13:31
69863e888be1165503096e45,data_ml,p_count_2,robo,0,6 Feb 2026 19:18:32
69863fb58be1165503096e56,data_ml,p_count_2,robo,0,6 Feb 2026 19:23:33
698640e28be1165503096e67,data_ml,p_count_2,robo,0,6 Feb 2026 19:28:34
6986420e8be1165503096e78,data_ml,p_count_2,robo,0,6 Feb 2026 19:33:34
6986433b8be1165503096e89,data_ml,p_count_2,robo,0,6 Feb 2026 19:38:35
698644678be1165503096e9a,data_ml,p_count_2,robo,0,6 Feb 2026 19:43:35
698645948be1165503096eab,data_ml,p_count_2,robo,0,6 Feb 2026 19:48:36
698646c08be1165503096ebc,data_ml,p_count_2,robo,0,6 Feb 2026 19:53:36
698647ed8be1165503096ecd,data_ml,p_count_2,robo,0,6 Feb 2026 19:58:37
6986491a8be1165503096ede,data_ml,p_count_2,robo,0,6 Feb 2026 20:3:38
69864a468be1165503096eef,data_ml,p_count_2,robo,0,6 Feb 2026 20:8:38
69864b738be1165503096f00,data_ml,p_count_2,robo,0,6 Feb 2026 20:13:39
69864c9f8be1165503096f11,data_ml,p_count_2,robo,0,6 Feb 2026 20:18:39
69864dcc8be1165503096f22,data_ml,p_count_2,robo,0,6 Feb 2026 20:23:40
69864ef88be1165503096f33,data_ml,p_count_2,robo,0,6 Feb 2026 20:28:40
698650258be1165503096f44,data_ml,p_count_2,robo,0,6 Feb 2026 20:33:41
698651528be1165503096f55,data_ml,p_count_2,robo,0,6 Feb 2026 20:38:42
6986527e8be1165503096f66,data_ml,p_count_2,robo,0,6 Feb 2026 20:43:42
698653ab8be1165503096f77,data_ml,p_count_2,robo,0,6 Feb 2026 20:48:43
698654d78be1165503096f88,data_ml,p_count_2,robo,0,6 Feb 2026 20:53:43
698656048be1165503096f99,data_ml,p_count_2,robo,0,6 Feb 2026 20:58:44
698657308be1165503096faa,data_ml,p_count_2,robo,0,6 Feb 2026 21:3:44
6986585d8be1165503096fbb,data_ml,p_count_2,robo,0,6 Feb 2026 21:8:45
698659898be1165503096fcc,data_ml,p_count_2,robo,0,6 Feb 2026 21:13:45
69865ab68be1165503096fdd,data_ml,p_count_2,robo,0,6 Feb 2026 21:18:46
69865be28be1165503096fee,data_ml,p_count_2,robo,0,6 Feb 2026 21:23:46
69865d0f8be1165503096fff,data_ml,p_count_2,robo,0,6 Feb 2026 21:28:47
69865e3b8be116550309700f,data_ml,p_count_2,robo,0,6 Feb 2026 21:33:47
69865f688be1165503097020,data_ml,p_count_2,robo,0,6 Feb 2026 21:38:48
698660948be1165503097031,data_ml,p_count_2,robo,0,6 Feb 2026 21:43:48
698661c18be1165503097042,data_ml,p_count_2,robo,0,6 Feb 2026 21:48:49
698662ee8be1165503097053,data_ml,p_count_2,robo,0,6 Feb 2026 21:53:50
6986641b8be1165503097064,data_ml,p_count_2,robo,0,6 Feb 2026 21:58:51
698665478be1165503097075,data_ml,p_count_2,robo,0,6 Feb 2026 22:3:51
698666748be1165503097086,data_ml,p_count_2,robo,0,6 Feb 2026 22:8:52
698667a08be1165503097097,data_ml,p_count_2,robo,0,6 Feb 2026 22:13:52
698668cd8be11655030970ab,data_ml,p_count_2,robo,0,6 Feb 2026 22:18:53
698669fa8be11655030970bc,data_ml,p_count_2,robo,0,6 Feb 2026 22:23:54
69866b268be11655030970cd,data_ml,p_count_2,robo,0,6 Feb 2026 22:28:54
69866c538be11655030970de,data_ml,p_count_2,robo,0,6 Feb 2026 22:33:55
69866d7f8be11655030970ef,data_ml,p_count_2,robo,0,6 Feb 2026 22:38:55
69866eac8be1165503097100,data_ml,p_count_2,robo,0,6 Feb 2026 22:43:56
69866fd98be1165503097111,data_ml,p_count_2,robo,0,6 Feb 2026 22:48:57
698671058be1165503097122,data_ml,p_count_2,robo,0,6 Feb 2026 22:53:57
698672328be1165503097133,data_ml,p_count_2,robo,0,6 Feb 2026 22:58:58
6986735e8be1165503097144,data_ml,p_count_2,robo,0,6 Feb 2026 23:3:58
6986748b8be1165503097155,data_ml,p_count_2,robo,0,6 Feb 2026 23:8:59
698675b78be1165503097166,data_ml,p_count_2,robo,0,6 Feb 2026 23:13:59
698676e48be1165503097177,data_ml,p_count_2,robo,0,6 Feb 2026 23:19:0
698678108be1165503097188,data_ml,p_count_2,robo,0,6 Feb 2026 23:24:0
6986793d8be1165503097199,data_ml,p_count_2,robo,0,6 Feb 2026 23:29:1
69867a6a8be11655030971aa,data_ml,p_count_2,robo,0,6 Feb 2026 23:34:2
69867b968be11655030971bb,data_ml,p_count_2,robo,0,6 Feb 2026 23:39:2
69867cc38be11655030971cc,data_ml,p_count_2,robo,0,6 Feb 2026 23:44:3
69867def8be11655030971dd,data_ml,p_count_2,robo,0,6 Feb 2026 23:49:3
69867f1c8be11655030971ee,data_ml,p_count_2,robo,0,6 Feb 2026 23:54:4
698680488be11655030971ff,data_ml,p_count_2,robo,0,6 Feb 2026 23:59:4
698681758be116550309720f,data_ml,p_count_2,robo,0,7 Feb 2026 0:4:5
698682a18be1165503097220,data_ml,p_count_2,robo,0,7 Feb 2026 0:9:5
698683ce8be1165503097231,data_ml,p_count_2,robo,0,7 Feb 2026 0:14:6
698684fa8be1165503097242,data_ml,p_count_2,robo,0,7 Feb 2026 0:19:6
698686288be1165503097253,data_ml,p_count_2,robo,0,7 Feb 2026 0:24:8
698687548be1165503097264,data_ml,p_count_2,robo,0,7 Feb 2026 0:29:8
698688818be1165503097275,data_ml,p_count_2,robo,0,7 Feb 2026 0:34:9
698689ad8be1165503097286,data_ml,p_count_2,robo,0,7 Feb 2026 0:39:9
69868ada8be1165503097297,data_ml,p_count_2,robo,0,7 Feb 2026 0:44:10
69868c068be11655030972a8,data_ml,p_count_2,robo,0,7 Feb 2026 0:49:10
69868d338be11655030972b9,data_ml,p_count_2,robo,0,7 Feb 2026 0:54:11
69868e608be11655030972ca,data_ml,p_count_2,robo,0,7 Feb 2026 0:59:12
69868f8c8be11655030972db,data_ml,p_count_2,robo,0,7 Feb 2026 1:4:12
698690b98be11655030972ec,data_ml,p_count_2,robo,0,7 Feb 2026 1:9:13
698691e58be11655030972fd,data_ml,p_count_2,robo,0,7 Feb 2026 1:14:13
698693128be116550309730e,data_ml,p_count_2,robo,0,7 Feb 2026 1:19:14
6986943f8be116550309731f,data_ml,p_count_2,robo,0,7 Feb 2026 1:24:15
6986956b8be1165503097330,data_ml,p_count_2,robo,0,7 Feb 2026 1:29:15
698696988be1165503097341,data_ml,p_count_2,robo,0,7 Feb 2026 1:34:16
698697c48be1165503097352,data_ml,p_count_2,robo,0,7 Feb 2026 1:39:16
698698f18be1165503097363,data_ml,p_count_2,robo,0,7 Feb 2026 1:44:17
69869a1d8be1165503097374,data_ml,p_count_2,robo,0,7 Feb 2026 1:49:17
69869b4a8be1165503097385,data_ml,p_count_2,robo,0,7 Feb 2026 1:54:18
69869c778be1165503097396,data_ml,p_count_2,robo,0,7 Feb 2026 1:59:19
69869da38be11655030973a7,data_ml,p_count_2,robo,0,7 Feb 2026 2:4:19
69869ed08be11655030973b8,data_ml,p_count_2,robo,0,7 Feb 2026 2:9:20
69869ffc8be11655030973c9,data_ml,p_count_2,robo,0,7 Feb 2026 2:14:20
6986a1298be11655030973da,data_ml,p_count_2,robo,0,7 Feb 2026 2:19:21
6986a2558be11655030973eb,data_ml,p_count_2,robo,0,7 Feb 2026 2:24:21
6986a3828be11655030973fc,data_ml,p_count_2,robo,0,7 Feb 2026 2:29:22
6986a4ae8be116550309740c,data_ml,p_count_2,robo,0,7 Feb 2026 2:34:22
6986a5db8be116550309741d,data_ml,p_count_2,robo,0,7 Feb 2026 2:39:23
6986a7088be116550309742e,data_ml,p_count_2,robo,0,7 Feb 2026 2:44:24
6986a8348be116550309743f,data_ml,p_count_2,robo,0,7 Feb 2026 2:49:24
6986a9618be1165503097450,data_ml,p_count_2,robo,0,7 Feb 2026 2:54:25
6986aa8e8be1165503097461,data_ml,p_count_2,robo,0,7 Feb 2026 2:59:26
6986abbb8be1165503097472,data_ml,p_count_2,robo,0,7 Feb 2026 3:4:27
6986ace78be1165503097483,data_ml,p_count_2,robo,0,7 Feb 2026 3:9:27
6986ae148be1165503097494,data_ml,p_count_2,robo,0,7 Feb 2026 3:14:28
6986af408be11655030974a5,data_ml,p_count_2,robo,0,7 Feb 2026 3:19:28
6986b06d8be11655030974b6,data_ml,p_count_2,robo,0,7 Feb 2026 3:24:29
6986b19a8be11655030974c7,data_ml,p_count_2,robo,0,7 Feb 2026 3:29:30
6986b2c68be11655030974d8,data_ml,p_count_2,robo,0,7 Feb 2026 3:34:30
6986b3f38be11655030974e9,data_ml,p_count_2,robo,0,7 Feb 2026 3:39:31
6986b51f8be11655030974fa,data_ml,p_count_2,robo,0,7 Feb 2026 3:44:31
6986b64c8be116550309750b,data_ml,p_count_2,robo,0,7 Feb 2026 3:49:32
6986b7788be116550309751c,data_ml,p_count_2,robo,0,7 Feb 2026 3:54:32
6986b8a58be116550309752d,data_ml,p_count_2,robo,0,7 Feb 2026 3:59:33
6986b9d28be116550309753e,data_ml,p_count_2,robo,0,7 Feb 2026 4:4:34
6986bafe8be116550309754f,data_ml,p_count_2,robo,0,7 Feb 2026 4:9:34
6986bc2b8be1165503097560,data_ml,p_count_2,robo,0,7 Feb 2026 4:14:35
6986bd578be1165503097571,data_ml,p_count_2,robo,0,7 Feb 2026 4:19:35
6986be848be1165503097582,data_ml,p_count_2,robo,0,7 Feb 2026 4:24:36
6986bfb08be1165503097593,data_ml,p_count_2,robo,0,7 Feb 2026 4:29:36
6986c0dd8be11655030975a4,data_ml,p_count_2,robo,0,7 Feb 2026 4:34:37
6986c2098be11655030975b5,data_ml,p_count_2,robo,0,7 Feb 2026 4:39:37
6986c3368be11655030975c6,data_ml,p_count_2,robo,0,7 Feb 2026 4:44:38
6986c4638be11655030975d7,data_ml,p_count_2,robo,0,7 Feb 2026 4:49:39
6986c58f8be11655030975e8,data_ml,p_count_2,robo,0,7 Feb 2026 4:54:39
6986c6bc8be11655030975f9,data_ml,p_count_2,robo,0,7 Feb 2026 4:59:40
6986c7e88be1165503097609,data_ml,p_count_2,robo,0,7 Feb 2026 5:4:40
6986c9158be116550309761a,data_ml,p_count_2,robo,0,7 Feb 2026 5:9:41
6986ca428be116550309762b,data_ml,p_count_2,robo,0,7 Feb 2026 5:14:42
6986cb6e8be116550309763c,data_ml,p_count_2,robo,0,7 Feb 2026 5:19:42
6986cc9b8be116550309764d,data_ml,p_count_2,robo,0,7 Feb 2026 5:24:43
6986cdc88be116550309765e,data_ml,p_count_2,robo,0,7 Feb 2026 5:29:44
6986cef48be116550309766f,data_ml,p_count_2,robo,0,7 Feb 2026 5:34:44
6986d0218be1165503097680,data_ml,p_count_2,robo,0,7 Feb 2026 5:39:45
6986d14e8be1165503097691,data_ml,p_count_2,robo,0,7 Feb 2026 5:44:46
6986d27a8be11655030976a2,data_ml,p_count_2,robo,0,7 Feb 2026 5:49:46
6986d3a78be11655030976b3,data_ml,p_count_2,robo,0,7 Feb 2026 5:54:47
6986d4d38be11655030976c4,data_ml,p_count_2,robo,0,7 Feb 2026 5:59:47
6986d6008be11655030976d5,data_ml,p_count_2,robo,0,7 Feb 2026 6:4:48
6986d72c8be11655030976e6,data_ml,p_count_2,robo,0,7 Feb 2026 6:9:48
6986d8598be11655030976f7,data_ml,p_count_2,robo,0,7 Feb 2026 6:14:49
6986d9868be1165503097708,data_ml,p_count_2,robo,0,7 Feb 2026 6:19:50
6986dab28be1165503097719,data_ml,p_count_2,robo,0,7 Feb 2026 6:24:50
6986dbdf8be116550309772a,data_ml,p_count_2,robo,0,7 Feb 2026 6:29:51
6986dd0b8be116550309773b,data_ml,p_count_2,robo,0,7 Feb 2026 6:34:51
6986de388be116550309774c,data_ml,p_count_2,robo,0,7 Feb 2026 6:39:52
6986df648be116550309775d,data_ml,p_count_2,robo,0,7 Feb 2026 6:44:52
6986e0918be116550309776e,data_ml,p_count_2,robo,0,7 Feb 2026 6:49:53
6986e1be8be116550309777f,data_ml,p_count_2,robo,0,7 Feb 2026 6:54:54
6986e2ea8be1165503097790,data_ml,p_count_2,robo,0,7 Feb 2026 6:59:54
6986e4178be11655030977a1,data_ml,p_count_2,robo,0,7 Feb 2026 7:4:55
6986e5438be11655030977b2,data_ml,p_count_2,robo,0,7 Feb 2026 7:9:55
6986e6708be11655030977c3,data_ml,p_count_2,robo,0,7 Feb 2026 7:14:56
6986e79c8be11655030977d4,data_ml,p_count_2,robo,0,7 Feb 2026 7:19:56
6986e8c98be11655030977e5,data_ml,p_count_2,robo,0,7 Feb 2026 7:24:57
6986e9f58be11655030977f6,data_ml,p_count_2,robo,0,7 Feb 2026 7:29:57
6986eb228be1165503097806,data_ml,p_count_2,robo,0,7 Feb 2026 7:34:58
6986ec4e8be1165503097817,data_ml,p_count_2,robo,0,7 Feb 2026 7:39:58
6986ed7b8be1165503097828,data_ml,p_count_2,robo,0,7 Feb 2026 7:44:59
6986eea88be1165503097839,data_ml,p_count_2,robo,0,7 Feb 2026 7:50:0
6986efd58be116550309784d,data_ml,p_count_2,robo,0,7 Feb 2026 7:55:1
6986f1018be116550309785e,data_ml,p_count_2,robo,0,7 Feb 2026 8:0:1
6986f22e8be116550309786f,data_ml,p_count_2,robo,0,7 Feb 2026 8:5:2
6986f35a8be1165503097880,data_ml,p_count_2,robo,0,7 Feb 2026 8:10:2
6986f4878be1165503097891,data_ml,p_count_2,robo,0,7 Feb 2026 8:15:3
6986f5b38be11655030978a2,data_ml,p_count_2,robo,0,7 Feb 2026 8:20:3
6986f6e08be11655030978b3,data_ml,p_count_2,robo,0,7 Feb 2026 8:25:4
6986f80d8be11655030978c4,data_ml,p_count_2,robo,0,7 Feb 2026 8:30:5
6986f9398be11655030978d5,data_ml,p_count_2,robo,0,7 Feb 2026 8:35:5
6986fa668be11655030978e6,data_ml,p_count_2,robo,0,7 Feb 2026 8:40:6
6986fb928be11655030978f7,data_ml,p_count_2,robo,0,7 Feb 2026 8:45:6
6986fcbf8be1165503097908,data_ml,p_count_2,robo,0,7 Feb 2026 8:50:7
6986fdeb8be1165503097919,data_ml,p_count_2,robo,0,7 Feb 2026 8:55:7
6986ff188be116550309792a,data_ml,p_count_2,robo,0,7 Feb 2026 9:0:8
698700458be116550309793b,data_ml,p_count_2,robo,0,7 Feb 2026 9:5:9
698701718be116550309794c,data_ml,p_count_2,robo,0,7 Feb 2026 9:10:9
6987029e8be116550309795d,data_ml,p_count_2,robo,0,7 Feb 2026 9:15:10
698703ca8be116550309796e,data_ml,p_count_2,robo,0,7 Feb 2026 9:20:10
698704f78be116550309797f,data_ml,p_count_2,robo,0,7 Feb 2026 9:25:11
698706238be1165503097990,data_ml,p_count_2,robo,0,7 Feb 2026 9:30:11
698707508be11655030979a1,data_ml,p_count_2,robo,0,7 Feb 2026 9:35:12
6987087c8be11655030979b2,data_ml,p_count_2,robo,0,7 Feb 2026 9:40:12
698709a98be11655030979c3,data_ml,p_count_2,robo,0,7 Feb 2026 9:45:13
69870ad58be11655030979d4,data_ml,p_count_2,robo,0,7 Feb 2026 9:50:13
69870c028be11655030979e5,data_ml,p_count_2,robo,0,7 Feb 2026 9:55:14
69870d2e8be11655030979f6,data_ml,p_count_2,robo,0,7 Feb 2026 10:0:14
69870e5b8be1165503097a06,data_ml,p_count_2,robo,0,7 Feb 2026 10:5:15
69870f888be1165503097a17,data_ml,p_count_2,robo,0,7 Feb 2026 10:10:16
698710b48be1165503097a28,data_ml,p_count_2,robo,0,7 Feb 2026 10:15:16
698711e18be1165503097a39,data_ml,p_count_2,robo,0,7 Feb 2026 10:20:17
6987130e8be1165503097a4a,data_ml,p_count_2,robo,0,7 Feb 2026 10:25:18
6987143a8be1165503097a5b,data_ml,p_count_2,robo,0,7 Feb 2026 10:30:18
698715678be1165503097a6c,data_ml,p_count_2,robo,0,7 Feb 2026 10:35:19
698716938be1165503097a7d,data_ml,p_count_2,robo,0,7 Feb 2026 10:40:19
698717c08be1165503097a8e,data_ml,p_count_2,robo,0,7 Feb 2026 10:45:20
698718ec8be1165503097a9f,data_ml,p_count_2,robo,0,7 Feb 2026 10:50:20
69871a198be1165503097ab0,data_ml,p_count_2,robo,0,7 Feb 2026 10:55:21
69871b468be1165503097ac1,data_ml,p_count_2,robo,0,7 Feb 2026 11:0:22
69871c728be1165503097ad2,data_ml,p_count_2,robo,0,7 Feb 2026 11:5:22
69871d9f8be1165503097ae3,data_ml,p_count_2,robo,0,7 Feb 2026 11:10:23
69871ecb8be1165503097af4,data_ml,p_count_2,robo,0,7 Feb 2026 11:15:23
69871ff88be1165503097b05,data_ml,p_count_2,robo,0,7 Feb 2026 11:20:24
698721248be1165503097b16,data_ml,p_count_2,robo,0,7 Feb 2026 11:25:24
698722518be1165503097b27,data_ml,p_count_2,robo,0,7 Feb 2026 11:30:25
6987237d8be1165503097b38,data_ml,p_count_2,robo,0,7 Feb 2026 11:35:25
698724aa8be1165503097b49,data_ml,p_count_2,robo,0,7 Feb 2026 11:40:26
698725d68be1165503097b5a,data_ml,p_count_2,robo,0,7 Feb 2026 11:45:26
698727038be1165503097b6b,data_ml,p_count_2,robo,0,7 Feb 2026 11:50:27
6987282f8be1165503097b7c,data_ml,p_count_2,robo,0,7 Feb 2026 11:55:27
6987295c8be1165503097b8d,data_ml,p_count_2,robo,0,7 Feb 2026 12:0:28
69872a898be1165503097b9e,data_ml,p_count_2,robo,0,7 Feb 2026 12:5:29
69872bb58be1165503097baf,data_ml,p_count_2,robo,0,7 Feb 2026 12:10:29
69872ce28be1165503097bc0,data_ml,p_count_2,robo,0,7 Feb 2026 12:15:30
69872e0e8be1165503097bd1,data_ml,p_count_2,robo,0,7 Feb 2026 12:20:30
69872f3b8be1165503097be2,data_ml,p_count_2,robo,0,7 Feb 2026 12:25:31
698730678be1165503097bf3,data_ml,p_count_2,robo,0,7 Feb 2026 12:30:31
698731948be1165503097c03,data_ml,p_count_2,robo,0,7 Feb 2026 12:35:32
698732c18be1165503097c14,data_ml,p_count_2,robo,0,7 Feb 2026 12:40:33
698733ed8be1165503097c25,data_ml,p_count_2,robo,0,7 Feb 2026 12:45:33
6987351a8be1165503097c36,data_ml,p_count_2,robo,0,7 Feb 2026 12:50:34
698736478be1165503097c47,data_ml,p_count_2,robo,0,7 Feb 2026 12:55:35
698737738be1165503097c58,data_ml,p_count_2,robo,0,7 Feb 2026 13:0:35
698738a08be1165503097c69,data_ml,p_count_2,robo,0,7 Feb 2026 13:5:36
698739cd8be1165503097c7a,data_ml,p_count_2,robo,0,7 Feb 2026 13:10:37
69873af98be1165503097c8b,data_ml,p_count_2,robo,0,7 Feb 2026 13:15:37
69873c268be1165503097c9c,data_ml,p_count_2,robo,0,7 Feb 2026 13:20:38
69873d528be1165503097ca2,data_ml,p_count_2,robo,0,7 Feb 2026 13:25:38
69873e7f8be1165503097ca9,data_ml,p_count_2,robo,0,7 Feb 2026 13:30:39
69873fab8be1165503097cb0,data_ml,p_count_2,robo,0,7 Feb 2026 13:35:39
698740d88be1165503097cb7,data_ml,p_count_2,robo,0,7 Feb 2026 13:40:40
698742058be1165503097cbe,data_ml,p_count_2,robo,0,7 Feb 2026 13:45:41
698743318be1165503097cc5,data_ml,p_count_2,robo,0,7 Feb 2026 13:50:41
6987445e8be1165503097ccc,data_ml,p_count_2,robo,0,7 Feb 2026 13:55:42
6987458a8be1165503097cd3,data_ml,p_count_2,robo,0,7 Feb 2026 14:0:42
698746b78be1165503097cda,data_ml,p_count_2,robo,0,7 Feb 2026 14:5:43
698747e38be1165503097ce1,data_ml,p_count_2,robo,0,7 Feb 2026 14:10:43
698749108be1165503097ce8,data_ml,p_count_2,robo,0,7 Feb 2026 14:15:44
69874a3c8be1165503097cef,data_ml,p_count_2,robo,0,7 Feb 2026 14:20:44
69874b698be1165503097cf6,data_ml,p_count_2,robo,0,7 Feb 2026 14:25:45
69874c968be1165503097cfd,data_ml,p_count_2,robo,0,7 Feb 2026 14:30:46
69874dc28be1165503097d04,data_ml,p_count_2,robo,0,7 Feb 2026 14:35:46
69874eef8be1165503097d0b,data_ml,p_count_2,robo,0,7 Feb 2026 14:40:47
6987501b8be1165503097d12,data_ml,p_count_2,robo,0,7 Feb 2026 14:45:47
698751488be1165503097d19,data_ml,p_count_2,robo,0,7 Feb 2026 14:50:48
698752748be1165503097d20,data_ml,p_count_2,robo,0,7 Feb 2026 14:55:48
698753a18be1165503097d27,data_ml,p_count_2,robo,0,7 Feb 2026 15:0:49
698754ce8be1165503097d2d,data_ml,p_count_2,robo,0,7 Feb 2026 15:5:50
698755fa8be1165503097d34,data_ml,p_count_2,robo,0,7 Feb 2026 15:10:50
698757278be1165503097d3b,data_ml,p_count_2,robo,0,7 Feb 2026 15:15:51
698758538be1165503097d42,data_ml,p_count_2,robo,0,7 Feb 2026 15:20:51
698759808be1165503097d49,data_ml,p_count_2,robo,0,7 Feb 2026 15:25:52
69875aad8be1165503097d50,data_ml,p_count_2,robo,0,7 Feb 2026 15:30:53
69875bd98be1165503097d57,data_ml,p_count_2,robo,0,7 Feb 2026 15:35:53
69875d068be1165503097d5e,data_ml,p_count_2,robo,0,7 Feb 2026 15:40:54
69875e328be1165503097d65,data_ml,p_count_2,robo,0,7 Feb 2026 15:45:54
69875f5f8be1165503097d6c,data_ml,p_count_2,robo,0,7 Feb 2026 15:50:55
6987608b8be1165503097d73,data_ml,p_count_2,robo,0,7 Feb 2026 15:55:55
698761b88be1165503097d7a,data_ml,p_count_2,robo,0,7 Feb 2026 16:0:56
698762e58be1165503097d81,data_ml,p_count_2,robo,0,7 Feb 2026 16:5:57
698764118be1165503097d88,data_ml,p_count_2,robo,0,7 Feb 2026 16:10:57
6987653e8be1165503097d8f,data_ml,p_count_2,robo,0,7 Feb 2026 16:15:58
6987666a8be1165503097d96,data_ml,p_count_2,robo,0,7 Feb 2026 16:20:58
698767978be1165503097d9d,data_ml,p_count_2,robo,0,7 Feb 2026 16:25:59
698768c38be1165503097da4,data_ml,p_count_2,robo,0,7 Feb 2026 16:30:59
698769f08be1165503097dab,data_ml,p_count_2,robo,0,7 Feb 2026 16:36:0
69876b1c8be1165503097db2,data_ml,p_count_2,robo,0,7 Feb 2026 16:41:0
69876c498be1165503097db9,data_ml,p_count_2,robo,0,7 Feb 2026 16:46:1
69876d758be1165503097dc0,data_ml,p_count_2,robo,0,7 Feb 2026 16:51:1
69876ea28be1165503097dc7,data_ml,p_count_2,robo,0,7 Feb 2026 16:56:2
69876fcf8be1165503097dce,data_ml,p_count_2,robo,0,7 Feb 2026 17:1:3
698770fb8be1165503097dd5,data_ml,p_count_2,robo,0,7 Feb 2026 17:6:3
698772288be1165503097ddc,data_ml,p_count_2,robo,0,7 Feb 2026 17:11:4
698773548be1165503097de3,data_ml,p_count_2,robo,0,7 Feb 2026 17:16:4
698774818be1165503097dea,data_ml,p_count_2,robo,0,7 Feb 2026 17:21:5
698775ad8be1165503097df1,data_ml,p_count_2,robo,0,7 Feb 2026 17:26:5
698776da8be1165503097df8,data_ml,p_count_2,robo,0,7 Feb 2026 17:31:6
698778068be1165503097dff,data_ml,p_count_2,robo,0,7 Feb 2026 17:36:6
698779338be1165503097e06,data_ml,p_count_2,robo,0,7 Feb 2026 17:41:7
69877a5f8be1165503097e0d,data_ml,p_count_2,robo,0,7 Feb 2026 17:46:7
69877b8c8be1165503097e14,data_ml,p_count_2,robo,0,7 Feb 2026 17:51:8
69877cb98be1165503097e1b,data_ml,p_count_2,robo,0,7 Feb 2026 17:56:9
69877de68be1165503097e22,data_ml,p_count_2,robo,0,7 Feb 2026 18:1:10
69877f128be1165503097e29,data_ml,p_count_2,robo,0,7 Feb 2026 18:6:10
6987803f8be1165503097e30,data_ml,p_count_2,robo,0,7 Feb 2026 18:11:11
6987816b8be1165503097e37,data_ml,p_count_2,robo,0,7 Feb 2026 18:16:11
698782988be1165503097e3e,data_ml,p_count_2,robo,0,7 Feb 2026 18:21:12
698783c48be1165503097e44,data_ml,p_count_2,robo,0,7 Feb 2026 18:26:12
698784f18be1165503097e4a,data_ml,p_count_2,robo,0,7 Feb 2026 18:31:13
6987861d8be1165503097e50,data_ml,p_count_2,robo,0,7 Feb 2026 18:36:13
6987874a8be1165503097e56,data_ml,p_count_2,robo,0,7 Feb 2026 18:41:14
698788778be1165503097e5c,data_ml,p_count_2,robo,0,7 Feb 2026 18:46:15
698789a38be1165503097e62,data_ml,p_count_2,robo,0,7 Feb 2026 18:51:15
69878ad08be1165503097e68,data_ml,p_count_2,robo,0,7 Feb 2026 18:56:16
69878bfc8be1165503097e6e,data_ml,p_count_2,robo,0,7 Feb 2026 19:1:16
69878d298be1165503097e75,data_ml,p_count_2,robo,0,7 Feb 2026 19:6:17
69878e55a3b1f59689c1c3bd,data_ml,p_count_2,robo,0,7 Feb 2026 19:11:17
69878f82a3b1f59689c1c3c4,data_ml,p_count_2,robo,0,7 Feb 2026 19:16:18
698790aea3b1f59689c1c3cb,data_ml,p_count_2,robo,0,7 Feb 2026 19:21:18
698791dba3b1f59689c1c3d2,data_ml,p_count_2,robo,0,7 Feb 2026 19:26:19
69879307a3b1f59689c1c3d9,data_ml,p_count_2,robo,0,7 Feb 2026 19:31:19
69879434a3b1f59689c1c3e0,data_ml,p_count_2,robo,0,7 Feb 2026 19:36:20
69879560a3b1f59689c1c3e7,data_ml,p_count_2,robo,0,7 Feb 2026 19:41:20
6987968da3b1f59689c1c3ee,data_ml,p_count_2,robo,0,7 Feb 2026 19:46:21
698797baa3b1f59689c1c3f5,data_ml,p_count_2,robo,0,7 Feb 2026 19:51:22
698798e6a3b1f59689c1c3fc,data_ml,p_count_2,robo,0,7 Feb 2026 19:56:22
69879a13a3b1f59689c1c403,data_ml,p_count_2,robo,0,7 Feb 2026 20:1:23
69879b3fa3b1f59689c1c40a,data_ml,p_count_2,robo,0,7 Feb 2026 20:6:23
69879c6ca3b1f59689c1c411,data_ml,p_count_2,robo,0,7 Feb 2026 20:11:24
69879d98a3b1f59689c1c418,data_ml,p_count_2,robo,0,7 Feb 2026 20:16:24
69879ec5a3b1f59689c1c41f,data_ml,p_count_2,robo,0,7 Feb 2026 20:21:25
69879ff2a3b1f59689c1c426,data_ml,p_count_2,robo,0,7 Feb 2026 20:26:26
6987a11ea3b1f59689c1c42d,data_ml,p_count_2,robo,0,7 Feb 2026 20:31:26
6987a24ba3b1f59689c1c434,data_ml,p_count_2,robo,0,7 Feb 2026 20:36:27
6987a377a3b1f59689c1c43b,data_ml,p_count_2,robo,0,7 Feb 2026 20:41:27
6987a4a4a3b1f59689c1c441,data_ml,p_count_2,robo,0,7 Feb 2026 20:46:28
6987a5d0a3b1f59689c1c448,data_ml,p_count_2,robo,0,7 Feb 2026 20:51:28
6987a6fda3b1f59689c1c44f,data_ml,p_count_2,robo,0,7 Feb 2026 20:56:29
6987a82aa3b1f59689c1c456,data_ml,p_count_2,robo,0,7 Feb 2026 21:1:30
6987a956a3b1f59689c1c45d,data_ml,p_count_2,robo,0,7 Feb 2026 21:6:30
6987aa83a3b1f59689c1c464,data_ml,p_count_2,robo,0,7 Feb 2026 21:11:31
6987abafa3b1f59689c1c46b,data_ml,p_count_2,robo,0,7 Feb 2026 21:16:31
6987acdca3b1f59689c1c472,data_ml,p_count_2,robo,0,7 Feb 2026 21:21:32
6987ae08a3b1f59689c1c479,data_ml,p_count_2,robo,0,7 Feb 2026 21:26:32
6987af35a3b1f59689c1c480,data_ml,p_count_2,robo,0,7 Feb 2026 21:31:33
6987b061a3b1f59689c1c487,data_ml,p_count_2,robo,0,7 Feb 2026 21:36:33
6987b18ea3b1f59689c1c48e,data_ml,p_count_2,robo,0,7 Feb 2026 21:41:34
6987b2baa3b1f59689c1c495,data_ml,p_count_2,robo,0,7 Feb 2026 21:46:34
6987b3e7a3b1f59689c1c49c,data_ml,p_count_2,robo,0,7 Feb 2026 21:51:35
6987b513a3b1f59689c1c4a3,data_ml,p_count_2,robo,0,7 Feb 2026 21:56:35
6987b640a3b1f59689c1c4aa,data_ml,p_count_2,robo,0,7 Feb 2026 22:1:36
6987b76ca3b1f59689c1c4b1,data_ml,p_count_2,robo,0,7 Feb 2026 22:6:36
6987b899a3b1f59689c1c4b8,data_ml,p_count_2,robo,0,7 Feb 2026 22:11:37
6987b9c5a3b1f59689c1c4bf,data_ml,p_count_2,robo,0,7 Feb 2026 22:16:37
6987baf2a3b1f59689c1c4c6,data_ml,p_count_2,robo,0,7 Feb 2026 22:21:38
6987bc1fa3b1f59689c1c4cd,data_ml,p_count_2,robo,0,7 Feb 2026 22:26:39
6987bd4ba3b1f59689c1c4d4,data_ml,p_count_2,robo,0,7 Feb 2026 22:31:39
6987be78a3b1f59689c1c4db,data_ml,p_count_2,robo,0,7 Feb 2026 22:36:40
6987bfa4a3b1f59689c1c4e2,data_ml,p_count_2,robo,0,7 Feb 2026 22:41:40
6987c0d1a3b1f59689c1c4e9,data_ml,p_count_2,robo,0,7 Feb 2026 22:46:41
6987c1fda3b1f59689c1c4f0,data_ml,p_count_2,robo,0,7 Feb 2026 22:51:41
6987c32aa3b1f59689c1c4f7,data_ml,p_count_2,robo,0,7 Feb 2026 22:56:42
6987c457a3b1f59689c1c4fe,data_ml,p_count_2,robo,0,7 Feb 2026 23:1:43
6987c583a3b1f59689c1c505,data_ml,p_count_2,robo,0,7 Feb 2026 23:6:43
6987c6b0a3b1f59689c1c50c,data_ml,p_count_2,robo,0,7 Feb 2026 23:11:44
6987c7dca3b1f59689c1c512,data_ml,p_count_2,robo,0,7 Feb 2026 23:16:44
6987c909a3b1f59689c1c519,data_ml,p_count_2,robo,0,7 Feb 2026 23:21:45
6987ca36a3b1f59689c1c520,data_ml,p_count_2,robo,0,7 Feb 2026 23:26:46
6987cb62a3b1f59689c1c527,data_ml,p_count_2,robo,0,7 Feb 2026 23:31:46
6987cc8fa3b1f59689c1c52e,data_ml,p_count_2,robo,0,7 Feb 2026 23:36:47
6987cdbba3b1f59689c1c535,data_ml,p_count_2,robo,0,7 Feb 2026 23:41:47
6987cee8a3b1f59689c1c53c,data_ml,p_count_2,robo,0,7 Feb 2026 23:46:48
6987d014a3b1f59689c1c543,data_ml,p_count_2,robo,0,7 Feb 2026 23:51:48
6987d141a3b1f59689c1c54a,data_ml,p_count_2,robo,0,7 Feb 2026 23:56:49
6987d26da3b1f59689c1c551,data_ml,p_count_2,robo,0,8 Feb 2026 0:1:49
6987d39aa3b1f59689c1c558,data_ml,p_count_2,robo,0,8 Feb 2026 0:6:50
6987d4c6a3b1f59689c1c55f,data_ml,p_count_2,robo,0,8 Feb 2026 0:11:50
6987d5f3a3b1f59689c1c566,data_ml,p_count_2,robo,0,8 Feb 2026 0:16:51
6987d71fa3b1f59689c1c56d,data_ml,p_count_2,robo,0,8 Feb 2026 0:21:51
6987d84ca3b1f59689c1c574,data_ml,p_count_2,robo,0,8 Feb 2026 0:26:52
6987d978a3b1f59689c1c57b,data_ml,p_count_2,robo,0,8 Feb 2026 0:31:52
6987daa5a3b1f59689c1c582,data_ml,p_count_2,robo,0,8 Feb 2026 0:36:53
6987dbd2a3b1f59689c1c589,data_ml,p_count_2,robo,0,8 Feb 2026 0:41:54
6987dcfea3b1f59689c1c590,data_ml,p_count_2,robo,0,8 Feb 2026 0:46:54
6987de2ba3b1f59689c1c597,data_ml,p_count_2,robo,0,8 Feb 2026 0:51:55
6987df57a3b1f59689c1c59e,data_ml,p_count_2,robo,0,8 Feb 2026 0:56:55
6987e084a3b1f59689c1c5a5,data_ml,p_count_2,robo,0,8 Feb 2026 1:1:56
6987e1b0a3b1f59689c1c5ac,data_ml,p_count_2,robo,0,8 Feb 2026 1:6:56
6987e2dda3b1f59689c1c5b3,data_ml,p_count_2,robo,0,8 Feb 2026 1:11:57
6987e409a3b1f59689c1c5ba,data_ml,p_count_2,robo,0,8 Feb 2026 1:16:57
6987e536a3b1f59689c1c5c1,data_ml,p_count_2,robo,0,8 Feb 2026 1:21:58
6987e663a3b1f59689c1c5c8,data_ml,p_count_2,robo,0,8 Feb 2026 1:26:59
6987e78fa3b1f59689c1c5cf,data_ml,p_count_2,robo,0,8 Feb 2026 1:31:59
6987e8bca3b1f59689c1c5d6,data_ml,p_count_2,robo,0,8 Feb 2026 1:37:0
6987e9e9a3b1f59689c1c5dd,data_ml,p_count_2,robo,0,8 Feb 2026 1:42:1
6987eb15a3b1f59689c1c5e3,data_ml,p_count_2,robo,0,8 Feb 2026 1:47:1
6987ec42a3b1f59689c1c5ea,data_ml,p_count_2,robo,0,8 Feb 2026 1:52:2
6987ed6ea3b1f59689c1c5f1,data_ml,p_count_2,robo,0,8 Feb 2026 1:57:2
6987ee9ba3b1f59689c1c5f8,data_ml,p_count_2,robo,0,8 Feb 2026 2:2:3
6987efc7a3b1f59689c1c5ff,data_ml,p_count_2,robo,0,8 Feb 2026 2:7:3
6987f0f4a3b1f59689c1c606,data_ml,p_count_2,robo,0,8 Feb 2026 2:12:4
6987f220a3b1f59689c1c60d,data_ml,p_count_2,robo,0,8 Feb 2026 2:17:4
6987f34da3b1f59689c1c614,data_ml,p_count_2,robo,0,8 Feb 2026 2:22:5
6987f479a3b1f59689c1c61b,data_ml,p_count_2,robo,0,8 Feb 2026 2:27:5
6987f5a6a3b1f59689c1c622,data_ml,p_count_2,robo,0,8 Feb 2026 2:32:6
6987f6d4a3b1f59689c1c629,data_ml,p_count_2,robo,0,8 Feb 2026 2:37:8
6987f7ffa3b1f59689c1c630,data_ml,p_count_2,robo,0,8 Feb 2026 2:42:7
6987f92ba3b1f59689c1c637,data_ml,p_count_2,robo,0,8 Feb 2026 2:47:7
6987fa58a3b1f59689c1c63e,data_ml,p_count_2,robo,0,8 Feb 2026 2:52:8
6987fb85a3b1f59689c1c645,data_ml,p_count_2,robo,0,8 Feb 2026 2:57:9
6987fcb1a3b1f59689c1c64c,data_ml,p_count_2,robo,0,8 Feb 2026 3:2:9
6987fddea3b1f59689c1c653,data_ml,p_count_2,robo,0,8 Feb 2026 3:7:10
6987ff0aa3b1f59689c1c65a,data_ml,p_count_2,robo,0,8 Feb 2026 3:12:10
69880037a3b1f59689c1c661,data_ml,p_count_2,robo,0,8 Feb 2026 3:17:11
69880163a3b1f59689c1c668,data_ml,p_count_2,robo,0,8 Feb 2026 3:22:11
69880290a3b1f59689c1c66f,data_ml,p_count_2,robo,0,8 Feb 2026 3:27:12
698803bca3b1f59689c1c676,data_ml,p_count_2,robo,0,8 Feb 2026 3:32:12
698804e9a3b1f59689c1c67d,data_ml,p_count_2,robo,0,8 Feb 2026 3:37:13
69880616a3b1f59689c1c684,data_ml,p_count_2,robo,0,8 Feb 2026 3:42:14
69880743a3b1f59689c1c68c,data_ml,p_count_2,robo,0,8 Feb 2026 3:47:15
6988086fa3b1f59689c1c693,data_ml,p_count_2,robo,0,8 Feb 2026 3:52:15
6988099ca3b1f59689c1c69a,data_ml,p_count_2,robo,0,8 Feb 2026 3:57:16
69880ac9a3b1f59689c1c6a1,data_ml,p_count_2,robo,0,8 Feb 2026 4:2:17
69880bf5a3b1f59689c1c6a8,data_ml,p_count_2,robo,0,8 Feb 2026 4:7:17
69880d22a3b1f59689c1c6af,data_ml,p_count_2,robo,0,8 Feb 2026 4:12:18
69880e4ea3b1f59689c1c6b5,data_ml,p_count_2,robo,0,8 Feb 2026 4:17:18
69880f7ba3b1f59689c1c6bc,data_ml,p_count_2,robo,0,8 Feb 2026 4:22:19
698810a7a3b1f59689c1c6c3,data_ml,p_count_2,robo,0,8 Feb 2026 4:27:19
698811d4a3b1f59689c1c6ca,data_ml,p_count_2,robo,0,8 Feb 2026 4:32:20
69881301a3b1f59689c1c6d1,data_ml,p_count_2,robo,0,8 Feb 2026 4:37:21
6988142da3b1f59689c1c6d8,data_ml,p_count_2,robo,0,8 Feb 2026 4:42:21
6988155aa3b1f59689c1c6df,data_ml,p_count_2,robo,0,8 Feb 2026 4:47:22
69881686a3b1f59689c1c6e6,data_ml,p_count_2,robo,0,8 Feb 2026 4:52:22
698817b3a3b1f59689c1c6ed,data_ml,p_count_2,robo,0,8 Feb 2026 4:57:23
698818dfa3b1f59689c1c6f4,data_ml,p_count_2,robo,0,8 Feb 2026 5:2:23
69881a0ca3b1f59689c1c6fb,data_ml,p_count_2,robo,0,8 Feb 2026 5:7:24
69881b38a3b1f59689c1c702,data_ml,p_count_2,robo,0,8 Feb 2026 5:12:24
69881c65a3b1f59689c1c709,data_ml,p_count_2,robo,0,8 Feb 2026 5:17:25
69881d91a3b1f59689c1c710,data_ml,p_count_2,robo,0,8 Feb 2026 5:22:25
69881ebea3b1f59689c1c717,data_ml,p_count_2,robo,0,8 Feb 2026 5:27:26
69881feaa3b1f59689c1c71e,data_ml,p_count_2,robo,0,8 Feb 2026 5:32:26
69882117a3b1f59689c1c725,data_ml,p_count_2,robo,0,8 Feb 2026 5:37:27
69882243a3b1f59689c1c72c,data_ml,p_count_2,robo,0,8 Feb 2026 5:42:27
69882370a3b1f59689c1c733,data_ml,p_count_2,robo,0,8 Feb 2026 5:47:28
6988249da3b1f59689c1c73a,data_ml,p_count_2,robo,0,8 Feb 2026 5:52:29
698825c9a3b1f59689c1c741,data_ml,p_count_2,robo,0,8 Feb 2026 5:57:29
698826f6a3b1f59689c1c748,data_ml,p_count_2,robo,0,8 Feb 2026 6:2:30
69882822a3b1f59689c1c74f,data_ml,p_count_2,robo,0,8 Feb 2026 6:7:30
6988294fa3b1f59689c1c756,data_ml,p_count_2,robo,0,8 Feb 2026 6:12:31
69882a7ba3b1f59689c1c75d,data_ml,p_count_2,robo,0,8 Feb 2026 6:17:31
69882ba8a3b1f59689c1c764,data_ml,p_count_2,robo,0,8 Feb 2026 6:22:32
69882cd5a3b1f59689c1c76b,data_ml,p_count_2,robo,0,8 Feb 2026 6:27:33
69882e01a3b1f59689c1c772,data_ml,p_count_2,robo,0,8 Feb 2026 6:32:33
69882f2ea3b1f59689c1c779,data_ml,p_count_2,robo,0,8 Feb 2026 6:37:34
6988305aa3b1f59689c1c780,data_ml,p_count_2,robo,0,8 Feb 2026 6:42:34
69883187a3b1f59689c1c786,data_ml,p_count_2,robo,0,8 Feb 2026 6:47:35
698832b3a3b1f59689c1c78d,data_ml,p_count_2,robo,0,8 Feb 2026 6:52:35
698833e0a3b1f59689c1c794,data_ml,p_count_2,robo,0,8 Feb 2026 6:57:36
6988350ca3b1f59689c1c79b,data_ml,p_count_2,robo,0,8 Feb 2026 7:2:36
69883639a3b1f59689c1c7a2,data_ml,p_count_2,robo,0,8 Feb 2026 7:7:37
69883765a3b1f59689c1c7a9,data_ml,p_count_2,robo,0,8 Feb 2026 7:12:37
69883892a3b1f59689c1c7b0,data_ml,p_count_2,robo,0,8 Feb 2026 7:17:38
698839bea3b1f59689c1c7b7,data_ml,p_count_2,robo,0,8 Feb 2026 7:22:38
69883aeba3b1f59689c1c7be,data_ml,p_count_2,robo,0,8 Feb 2026 7:27:39
69883c18a3b1f59689c1c7c5,data_ml,p_count_2,robo,0,8 Feb 2026 7:32:40
69883d44a3b1f59689c1c7cc,data_ml,p_count_2,robo,0,8 Feb 2026 7:37:40
69883e71a3b1f59689c1c7d3,data_ml,p_count_2,robo,0,8 Feb 2026 7:42:41
69883f9da3b1f59689c1c7da,data_ml,p_count_2,robo,0,8 Feb 2026 7:47:41
698840caa3b1f59689c1c7e1,data_ml,p_count_2,robo,0,8 Feb 2026 7:52:42
698841f6a3b1f59689c1c7e8,data_ml,p_count_2,robo,0,8 Feb 2026 7:57:42
69884323a3b1f59689c1c7ef,data_ml,p_count_2,robo,0,8 Feb 2026 8:2:43
6988444fa3b1f59689c1c7f6,data_ml,p_count_2,robo,0,8 Feb 2026 8:7:43
6988457ca3b1f59689c1c7fd,data_ml,p_count_2,robo,0,8 Feb 2026 8:12:44
698846a8a3b1f59689c1c804,data_ml,p_count_2,robo,0,8 Feb 2026 8:17:44
698847d5a3b1f59689c1c80b,data_ml,p_count_2,robo,0,8 Feb 2026 8:22:45
69884901a3b1f59689c1c812,data_ml,p_count_2,robo,0,8 Feb 2026 8:27:45
69884a2ea3b1f59689c1c819,data_ml,p_count_2,robo,0,8 Feb 2026 8:32:46
69884b5aa3b1f59689c1c820,data_ml,p_count_2,robo,0,8 Feb 2026 8:37:46
69884c87a3b1f59689c1c827,data_ml,p_count_2,robo,0,8 Feb 2026 8:42:47
69884db4a3b1f59689c1c82e,data_ml,p_count_2,robo,0,8 Feb 2026 8:47:48
69884ee0a3b1f59689c1c835,data_ml,p_count_2,robo,0,8 Feb 2026 8:52:48
6988500da3b1f59689c1c83c,data_ml,p_count_2,robo,0,8 Feb 2026 8:57:49
6988513aa3b1f59689c1c843,data_ml,p_count_2,robo,0,8 Feb 2026 9:2:50
69885266a3b1f59689c1c84a,data_ml,p_count_2,robo,0,8 Feb 2026 9:7:50
69885393a3b1f59689c1c851,data_ml,p_count_2,robo,0,8 Feb 2026 9:12:51
698854bfa3b1f59689c1c857,data_ml,p_count_2,robo,0,8 Feb 2026 9:17:51
698855eca3b1f59689c1c85e,data_ml,p_count_2,robo,0,8 Feb 2026 9:22:52
69885719a3b1f59689c1c865,data_ml,p_count_2,robo,0,8 Feb 2026 9:27:53
69885845a3b1f59689c1c86c,data_ml,p_count_2,robo,0,8 Feb 2026 9:32:53
69885972a3b1f59689c1c873,data_ml,p_count_2,robo,0,8 Feb 2026 9:37:54
69885a9ea3b1f59689c1c87a,data_ml,p_count_2,robo,0,8 Feb 2026 9:42:54
69885bcba3b1f59689c1c881,data_ml,p_count_2,robo,0,8 Feb 2026 9:47:55
69885cf7a3b1f59689c1c888,data_ml,p_count_2,robo,0,8 Feb 2026 9:52:55
69885e24a3b1f59689c1c88f,data_ml,p_count_2,robo,0,8 Feb 2026 9:57:56
69885f50a3b1f59689c1c896,data_ml,p_count_2,robo,0,8 Feb 2026 10:2:56
6988607da3b1f59689c1c89d,data_ml,p_count_2,robo,0,8 Feb 2026 10:7:57
698861a9a3b1f59689c1c8a4,data_ml,p_count_2,robo,0,8 Feb 2026 10:12:57
698862d6a3b1f59689c1c8ab,data_ml,p_count_2,robo,0,8 Feb 2026 10:17:58
69886402a3b1f59689c1c8b2,data_ml,p_count_2,robo,0,8 Feb 2026 10:22:58
6988652fa3b1f59689c1c8b9,data_ml,p_count_2,robo,0,8 Feb 2026 10:27:59
6988665ca3b1f59689c1c8c0,data_ml,p_count_2,robo,0,8 Feb 2026 10:33:0
6988678848b0e542621dff4a,data_ml,p_count_2,robo,0,8 Feb 2026 10:38:0
698868b548b0e542621dff51,data_ml,p_count_2,robo,0,8 Feb 2026 10:43:1
698869e148b0e542621dff58,data_ml,p_count_2,robo,0,8 Feb 2026 10:48:1
69886b0e48b0e542621dff5f,data_ml,p_count_2,robo,0,8 Feb 2026 10:53:2
69886c3ab4926c1e3dcf965e,data_ml,p_count_2,robo,0,8 Feb 2026 10:58:2
69886d67b4926c1e3dcf9665,data_ml,p_count_2,robo,0,8 Feb 2026 11:3:3
69886e93b4926c1e3dcf966c,data_ml,p_count_2,robo,0,8 Feb 2026 11:8:3
69886fc0b4926c1e3dcf9673,data_ml,p_count_2,robo,0,8 Feb 2026 11:13:4
698870edb4926c1e3dcf967a,data_ml,p_count_2,robo,0,8 Feb 2026 11:18:5
69887219b4926c1e3dcf9681,data_ml,p_count_2,robo,0,8 Feb 2026 11:23:5
69887346b4926c1e3dcf9688,data_ml,p_count_2,robo,0,8 Feb 2026 11:28:6
69887473b4926c1e3dcf968f,data_ml,p_count_2,robo,0,8 Feb 2026 11:33:7
6988759fb4926c1e3dcf9696,data_ml,p_count_2,robo,0,8 Feb 2026 11:38:7
698876ccb4926c1e3dcf969d,data_ml,p_count_2,robo,0,8 Feb 2026 11:43:8
698877f8b4926c1e3dcf96a3,data_ml,p_count_2,robo,0,8 Feb 2026 11:48:8
69887925b4926c1e3dcf96aa,data_ml,p_count_2,robo,0,8 Feb 2026 11:53:9
69887a51b4926c1e3dcf96b1,data_ml,p_count_2,robo,0,8 Feb 2026 11:58:9
69887b7eb4926c1e3dcf96b8,data_ml,p_count_2,robo,0,8 Feb 2026 12:3:10
69887caab4926c1e3dcf96bf,data_ml,p_count_2,robo,0,8 Feb 2026 12:8:10
69887dd7b4926c1e3dcf96c6,data_ml,p_count_2,robo,0,8 Feb 2026 12:13:11
69887f03b4926c1e3dcf96cd,data_ml,p_count_2,robo,0,8 Feb 2026 12:18:11
69888030b4926c1e3dcf96d4,data_ml,p_count_2,robo,0,8 Feb 2026 12:23:12
6988815cb4926c1e3dcf96db,data_ml,p_count_2,robo,0,8 Feb 2026 12:28:12
69888289b4926c1e3dcf96e2,data_ml,p_count_2,robo,0,8 Feb 2026 12:33:13
698883b5b4926c1e3dcf96e9,data_ml,p_count_2,robo,0,8 Feb 2026 12:38:13
698884e2b4926c1e3dcf96f0,data_ml,p_count_2,robo,0,8 Feb 2026 12:43:14
6988860eb4926c1e3dcf96f7,data_ml,p_count_2,robo,0,8 Feb 2026 12:48:14
6988873bb4926c1e3dcf96fe,data_ml,p_count_2,robo,0,8 Feb 2026 12:53:15
69888867b4926c1e3dcf9705,data_ml,p_count_2,robo,0,8 Feb 2026 12:58:15
69888994b4926c1e3dcf970c,data_ml,p_count_2,robo,0,8 Feb 2026 13:3:16
69888ac0b4926c1e3dcf9713,data_ml,p_count_2,robo,0,8 Feb 2026 13:8:16
69888bedb4926c1e3dcf971a,data_ml,p_count_2,robo,0,8 Feb 2026 13:13:17
69888d19b4926c1e3dcf9721,data_ml,p_count_2,robo,0,8 Feb 2026 13:18:17
69888e46b4926c1e3dcf9728,data_ml,p_count_2,robo,0,8 Feb 2026 13:23:18
69888f72b4926c1e3dcf972f,data_ml,p_count_2,robo,0,8 Feb 2026 13:28:18
6988909fb4926c1e3dcf9736,data_ml,p_count_2,robo,1,8 Feb 2026 13:33:19
698891cbb4926c1e3dcf973d,data_ml,p_count_2,robo,0,8 Feb 2026 13:38:19
698892f8b4926c1e3dcf9744,data_ml,p_count_2,robo,0,8 Feb 2026 13:43:20
69889424b4926c1e3dcf974b,data_ml,p_count_2,robo,0,8 Feb 2026 13:48:20
69889551b4926c1e3dcf9752,data_ml,p_count_2,robo,0,8 Feb 2026 13:53:21
6988967eb4926c1e3dcf975a,data_ml,p_count_2,robo,0,8 Feb 2026 13:58:22
698897abb4926c1e3dcf9761,data_ml,p_count_2,robo,0,8 Feb 2026 14:3:23
698898d7b4926c1e3dcf9768,data_ml,p_count_2,robo,0,8 Feb 2026 14:8:23
69889a04b4926c1e3dcf976f,data_ml,p_count_2,robo,0,8 Feb 2026 14:13:24
69889b30b4926c1e3dcf9775,data_ml,p_count_2,robo,0,8 Feb 2026 14:18:24
69889c5db4926c1e3dcf977b,data_ml,p_count_2,robo,0,8 Feb 2026 14:23:25
69889d89b4926c1e3dcf9782,data_ml,p_count_2,robo,0,8 Feb 2026 14:28:25
69889eb6b4926c1e3dcf9789,data_ml,p_count_2,robo,0,8 Feb 2026 14:33:26
69889fe2b4926c1e3dcf9790,data_ml,p_count_2,robo,0,8 Feb 2026 14:38:26
6988a10fb4926c1e3dcf9797,data_ml,p_count_2,robo,0,8 Feb 2026 14:43:27
6988a23bb4926c1e3dcf979e,data_ml,p_count_2,robo,0,8 Feb 2026 14:48:27
6988a368b4926c1e3dcf97a5,data_ml,p_count_2,robo,0,8 Feb 2026 14:53:28
6988a494b4926c1e3dcf97ac,data_ml,p_count_2,robo,0,8 Feb 2026 14:58:28
6988a5c1b4926c1e3dcf97b3,data_ml,p_count_2,robo,0,8 Feb 2026 15:3:29
6988a6eeb4926c1e3dcf97ba,data_ml,p_count_2,robo,0,8 Feb 2026 15:8:30
6988a81ab4926c1e3dcf97c1,data_ml,p_count_2,robo,0,8 Feb 2026 15:13:30
6988a947b4926c1e3dcf97c8,data_ml,p_count_2,robo,0,8 Feb 2026 15:18:31
6988aa73b4926c1e3dcf97cf,data_ml,p_count_2,robo,0,8 Feb 2026 15:23:31
6988aba0b4926c1e3dcf97d6,data_ml,p_count_2,robo,0,8 Feb 2026 15:28:32
6988acccb4926c1e3dcf97dd,data_ml,p_count_2,robo,0,8 Feb 2026 15:33:32
6988adf9b4926c1e3dcf97e4,data_ml,p_count_2,robo,0,8 Feb 2026 15:38:33
6988af25b4926c1e3dcf97eb,data_ml,p_count_2,robo,0,8 Feb 2026 15:43:33
6988b052b4926c1e3dcf97f2,data_ml,p_count_2,robo,0,8 Feb 2026 15:48:34
6988b17eb4926c1e3dcf97f9,data_ml,p_count_2,robo,0,8 Feb 2026 15:53:34
6988b2abb4926c1e3dcf9800,data_ml,p_count_2,robo,0,8 Feb 2026 15:58:35
6988b3d7b4926c1e3dcf9807,data_ml,p_count_2,robo,0,8 Feb 2026 16:3:35
6988b504b4926c1e3dcf980e,data_ml,p_count_2,robo,0,8 Feb 2026 16:8:36
6988b630b4926c1e3dcf9815,data_ml,p_count_2,robo,0,8 Feb 2026 16:13:36
6988b75db4926c1e3dcf981c,data_ml,p_count_2,robo,0,8 Feb 2026 16:18:37
6988b889b4926c1e3dcf9823,data_ml,p_count_2,robo,0,8 Feb 2026 16:23:37
6988b9b7b4926c1e3dcf982a,data_ml,p_count_2,robo,0,8 Feb 2026 16:28:39
6988bae3b4926c1e3dcf9831,data_ml,p_count_2,robo,0,8 Feb 2026 16:33:39
6988bc10b4926c1e3dcf9838,data_ml,p_count_2,robo,0,8 Feb 2026 16:38:40
6988bd3cb4926c1e3dcf983f,data_ml,p_count_2,robo,0,8 Feb 2026 16:43:40
6988be69b4926c1e3dcf9845,data_ml,p_count_2,robo,0,8 Feb 2026 16:48:41
6988bf95b4926c1e3dcf984c,data_ml,p_count_2,robo,0,8 Feb 2026 16:53:41
6988c0c1b4926c1e3dcf9853,data_ml,p_count_2,robo,0,8 Feb 2026 16:58:41
6988c1eeb4926c1e3dcf985a,data_ml,p_count_2,robo,0,8 Feb 2026 17:3:42
6988c31ab4926c1e3dcf9861,data_ml,p_count_2,robo,0,8 Feb 2026 17:8:42
6988c447b4926c1e3dcf9868,data_ml,p_count_2,robo,0,8 Feb 2026 17:13:43
6988c573b4926c1e3dcf986f,data_ml,p_count_2,robo,0,8 Feb 2026 17:18:43
6988c6a0b4926c1e3dcf9876,data_ml,p_count_2,robo,0,8 Feb 2026 17:23:44
6988c7ccb4926c1e3dcf987d,data_ml,p_count_2,robo,0,8 Feb 2026 17:28:44
6988c8f9b4926c1e3dcf9884,data_ml,p_count_2,robo,0,8 Feb 2026 17:33:45
6988ca25b4926c1e3dcf988b,data_ml,p_count_2,robo,0,8 Feb 2026 17:38:45
6988cb52b4926c1e3dcf9892,data_ml,p_count_2,robo,0,8 Feb 2026 17:43:46
6988cc7eb4926c1e3dcf9899,data_ml,p_count_2,robo,0,8 Feb 2026 17:48:46
6988cdabb4926c1e3dcf98a0,data_ml,p_count_2,robo,0,8 Feb 2026 17:53:47
6988ced7b4926c1e3dcf98a7,data_ml,p_count_2,robo,0,8 Feb 2026 17:58:47
6988d004b4926c1e3dcf98ae,data_ml,p_count_2,robo,0,8 Feb 2026 18:3:48
6988d131b4926c1e3dcf98b5,data_ml,p_count_2,robo,0,8 Feb 2026 18:8:49
6988d25db4926c1e3dcf98bc,data_ml,p_count_2,robo,0,8 Feb 2026 18:13:49
6988d38ab4926c1e3dcf98c3,data_ml,p_count_2,robo,0,8 Feb 2026 18:18:50
6988d4b6b4926c1e3dcf98ca,data_ml,p_count_2,robo,0,8 Feb 2026 18:23:50
6988d5e3b4926c1e3dcf98d1,data_ml,p_count_2,robo,0,8 Feb 2026 18:28:51
6988d70fb4926c1e3dcf98d8,data_ml,p_count_2,robo,0,8 Feb 2026 18:33:51
6988d83cb4926c1e3dcf98df,data_ml,p_count_2,robo,0,8 Feb 2026 18:38:52
6988d968b4926c1e3dcf98e6,data_ml,p_count_2,robo,0,8 Feb 2026 18:43:52
6988da95b4926c1e3dcf98ed,data_ml,p_count_2,robo,0,8 Feb 2026 18:48:53
6988dbc1b4926c1e3dcf98f4,data_ml,p_count_2,robo,0,8 Feb 2026 18:53:53
6988dceeb4926c1e3dcf98fb,data_ml,p_count_2,robo,0,8 Feb 2026 18:58:54
6988de1bb4926c1e3dcf9902,data_ml,p_count_2,robo,0,8 Feb 2026 19:3:55
6988df47b4926c1e3dcf9909,data_ml,p_count_2,robo,0,8 Feb 2026 19:8:55
6988e074b4926c1e3dcf9910,data_ml,p_count_2,robo,0,8 Feb 2026 19:13:56
6988e1a0b4926c1e3dcf9917,data_ml,p_count_2,robo,0,8 Feb 2026 19:18:56
6988e2cdb4926c1e3dcf991e,data_ml,p_count_2,robo,0,8 Feb 2026 19:23:57
6988e3fab4926c1e3dcf9925,data_ml,p_count_2,robo,0,8 Feb 2026 19:28:58
6988e526b4926c1e3dcf992c,data_ml,p_count_2,robo,0,8 Feb 2026 19:33:58
6988e653b4926c1e3dcf9933,data_ml,p_count_2,robo,0,8 Feb 2026 19:38:59
6988e77fb4926c1e3dcf993a,data_ml,p_count_2,robo,0,8 Feb 2026 19:43:59
6988e8acb4926c1e3dcf9941,data_ml,p_count_2,robo,0,8 Feb 2026 19:49:0
6988e9d8b4926c1e3dcf9948,data_ml,p_count_2,robo,0,8 Feb 2026 19:54:0
6988eb05b4926c1e3dcf994f,data_ml,p_count_2,robo,0,8 Feb 2026 19:59:1
6988ec32b4926c1e3dcf9956,data_ml,p_count_2,robo,0,8 Feb 2026 20:4:2
6988ed5eb4926c1e3dcf995d,data_ml,p_count_2,robo,0,8 Feb 2026 20:9:2
6988ee8bb4926c1e3dcf9964,data_ml,p_count_2,robo,0,8 Feb 2026 20:14:3
6988efb7b4926c1e3dcf996b,data_ml,p_count_2,robo,0,8 Feb 2026 20:19:3
6988f0e4b4926c1e3dcf9972,data_ml,p_count_2,robo,0,8 Feb 2026 20:24:4
6988f210b4926c1e3dcf9979,data_ml,p_count_2,robo,0,8 Feb 2026 20:29:4
6988f33db4926c1e3dcf9980,data_ml,p_count_2,robo,0,8 Feb 2026 20:34:5
6988f469b4926c1e3dcf9987,data_ml,p_count_2,robo,0,8 Feb 2026 20:39:5
6988f596b4926c1e3dcf998e,data_ml,p_count_2,robo,0,8 Feb 2026 20:44:6
6988f6c2b4926c1e3dcf9995,data_ml,p_count_2,robo,0,8 Feb 2026 20:49:6
6988f7efb4926c1e3dcf999c,data_ml,p_count_2,robo,0,8 Feb 2026 20:54:7
6988f91cb4926c1e3dcf99a3,data_ml,p_count_2,robo,0,8 Feb 2026 20:59:8
6988fa48b4926c1e3dcf99aa,data_ml,p_count_2,robo,0,8 Feb 2026 21:4:8
6988fb75b4926c1e3dcf99b1,data_ml,p_count_2,robo,0,8 Feb 2026 21:9:9
6988fca1b4926c1e3dcf99b8,data_ml,p_count_2,robo,0,8 Feb 2026 21:14:9
6988fdceb4926c1e3dcf99bf,data_ml,p_count_2,robo,0,8 Feb 2026 21:19:10
6988fefab4926c1e3dcf99c6,data_ml,p_count_2,robo,0,8 Feb 2026 21:24:10
69890027b4926c1e3dcf99cd,data_ml,p_count_2,robo,0,8 Feb 2026 21:29:11
69890154b4926c1e3dcf99d4,data_ml,p_count_2,robo,0,8 Feb 2026 21:34:12
69890280b4926c1e3dcf99db,data_ml,p_count_2,robo,0,8 Feb 2026 21:39:12
698903adb4926c1e3dcf99e2,data_ml,p_count_2,robo,0,8 Feb 2026 21:44:13
698904d9b4926c1e3dcf99e8,data_ml,p_count_2,robo,0,8 Feb 2026 21:49:13
69890606b4926c1e3dcf99ef,data_ml,p_count_2,robo,0,8 Feb 2026 21:54:14
69890732b4926c1e3dcf99f6,data_ml,p_count_2,robo,0,8 Feb 2026 21:59:14
6989085fb4926c1e3dcf99fd,data_ml,p_count_2,robo,0,8 Feb 2026 22:4:15
6989098bb4926c1e3dcf9a04,data_ml,p_count_2,robo,0,8 Feb 2026 22:9:15
69890ab8b4926c1e3dcf9a0b,data_ml,p_count_2,robo,0,8 Feb 2026 22:14:16
69890be5b4926c1e3dcf9a12,data_ml,p_count_2,robo,0,8 Feb 2026 22:19:17
69890d11b4926c1e3dcf9a19,data_ml,p_count_2,robo,0,8 Feb 2026 22:24:17
69890e3eb4926c1e3dcf9a20,data_ml,p_count_2,robo,0,8 Feb 2026 22:29:18
69890f6ab4926c1e3dcf9a27,data_ml,p_count_2,robo,0,8 Feb 2026 22:34:18
69891097b4926c1e3dcf9a2e,data_ml,p_count_2,robo,0,8 Feb 2026 22:39:19
698911c3b4926c1e3dcf9a35,data_ml,p_count_2,robo,0,8 Feb 2026 22:44:19
698912f0b4926c1e3dcf9a3c,data_ml,p_count_2,robo,0,8 Feb 2026 22:49:20
6989141cb4926c1e3dcf9a43,data_ml,p_count_2,robo,0,8 Feb 2026 22:54:20
69891549b4926c1e3dcf9a4a,data_ml,p_count_2,robo,0,8 Feb 2026 22:59:21
69891675b4926c1e3dcf9a51,data_ml,p_count_2,robo,0,8 Feb 2026 23:4:21
698917a2b4926c1e3dcf9a58,data_ml,p_count_2,robo,0,8 Feb 2026 23:9:22
698918ceb4926c1e3dcf9a5f,data_ml,p_count_2,robo,0,8 Feb 2026 23:14:22
698919fbb4926c1e3dcf9a66,data_ml,p_count_2,robo,0,8 Feb 2026 23:19:23
69891b27b4926c1e3dcf9a6d,data_ml,p_count_2,robo,0,8 Feb 2026 23:24:23
69891c54b4926c1e3dcf9a74,data_ml,p_count_2,robo,0,8 Feb 2026 23:29:24
69891d80b4926c1e3dcf9a7b,data_ml,p_count_2,robo,0,8 Feb 2026 23:34:24
69891eadb4926c1e3dcf9a82,data_ml,p_count_2,robo,0,8 Feb 2026 23:39:25
69891fd9b4926c1e3dcf9a89,data_ml,p_count_2,robo,0,8 Feb 2026 23:44:25
69892106b4926c1e3dcf9a90,data_ml,p_count_2,robo,0,8 Feb 2026 23:49:26
69892232b4926c1e3dcf9a97,data_ml,p_count_2,robo,0,8 Feb 2026 23:54:26
69892360b4926c1e3dcf9a9e,data_ml,p_count_2,robo,0,8 Feb 2026 23:59:28
6989248cb4926c1e3dcf9aa5,data_ml,p_count_2,robo,0,9 Feb 2026 0:4:28
698925b8b4926c1e3dcf9aac,data_ml,p_count_2,robo,0,9 Feb 2026 0:9:28
698926e5b4926c1e3dcf9ab3,data_ml,p_count_2,robo,0,9 Feb 2026 0:14:29
69892811b4926c1e3dcf9ab9,data_ml,p_count_2,robo,0,9 Feb 2026 0:19:29
6989293eb4926c1e3dcf9ac0,data_ml,p_count_2,robo,0,9 Feb 2026 0:24:30
69892a6bb4926c1e3dcf9ac7,data_ml,p_count_2,robo,0,9 Feb 2026 0:29:31
69892b97b4926c1e3dcf9ace,data_ml,p_count_2,robo,0,9 Feb 2026 0:34:31
69892cc4b4926c1e3dcf9ad5,data_ml,p_count_2,robo,0,9 Feb 2026 0:39:32
69892df0b4926c1e3dcf9adc,data_ml,p_count_2,robo,0,9 Feb 2026 0:44:32
69892f1db4926c1e3dcf9ae3,data_ml,p_count_2,robo,0,9 Feb 2026 0:49:33
69893049b4926c1e3dcf9aea,data_ml,p_count_2,robo,0,9 Feb 2026 0:54:33
69893176b4926c1e3dcf9af1,data_ml,p_count_2,robo,0,9 Feb 2026 0:59:34
698932a2b4926c1e3dcf9af8,data_ml,p_count_2,robo,0,9 Feb 2026 1:4:34
698933cfb4926c1e3dcf9aff,data_ml,p_count_2,robo,0,9 Feb 2026 1:9:35
698934fbb4926c1e3dcf9b06,data_ml,p_count_2,robo,0,9 Feb 2026 1:14:35
69893628b4926c1e3dcf9b0d,data_ml,p_count_2,robo,0,9 Feb 2026 1:19:36
69893754b4926c1e3dcf9b14,data_ml,p_count_2,robo,0,9 Feb 2026 1:24:36
69893881b4926c1e3dcf9b1b,data_ml,p_count_2,robo,0,9 Feb 2026 1:29:37
698939adb4926c1e3dcf9b22,data_ml,p_count_2,robo,0,9 Feb 2026 1:34:37
69893adab4926c1e3dcf9b29,data_ml,p_count_2,robo,0,9 Feb 2026 1:39:38
69893c06b4926c1e3dcf9b30,data_ml,p_count_2,robo,0,9 Feb 2026 1:44:38
69893d33b4926c1e3dcf9b37,data_ml,p_count_2,robo,0,9 Feb 2026 1:49:39
69893e5fb4926c1e3dcf9b3e,data_ml,p_count_2,robo,0,9 Feb 2026 1:54:39
69893f8cb4926c1e3dcf9b45,data_ml,p_count_2,robo,0,9 Feb 2026 1:59:40
698940b8b4926c1e3dcf9b4c,data_ml,p_count_2,robo,0,9 Feb 2026 2:4:40
698941e5b4926c1e3dcf9b53,data_ml,p_count_2,robo,0,9 Feb 2026 2:9:41
69894311b4926c1e3dcf9b5a,data_ml,p_count_2,robo,0,9 Feb 2026 2:14:41
6989443eb4926c1e3dcf9b61,data_ml,p_count_2,robo,0,9 Feb 2026 2:19:42
6989456bb4926c1e3dcf9b68,data_ml,p_count_2,robo,0,9 Feb 2026 2:24:43
69894698b4926c1e3dcf9b6f,data_ml,p_count_2,robo,0,9 Feb 2026 2:29:44
698947c4b4926c1e3dcf9b76,data_ml,p_count_2,robo,0,9 Feb 2026 2:34:44
698948f1b4926c1e3dcf9b7d,data_ml,p_count_2,robo,0,9 Feb 2026 2:39:45
69894a1db4926c1e3dcf9b84,data_ml,p_count_2,robo,0,9 Feb 2026 2:44:45
69894b4ab4926c1e3dcf9b8a,data_ml,p_count_2,robo,0,9 Feb 2026 2:49:46
69894c76b4926c1e3dcf9b91,data_ml,p_count_2,robo,0,9 Feb 2026 2:54:46
69894da3b4926c1e3dcf9b98,data_ml,p_count_2,robo,0,9 Feb 2026 2:59:47
69894ed0b4926c1e3dcf9b9f,data_ml,p_count_2,robo,0,9 Feb 2026 3:4:48
69894ffcb4926c1e3dcf9ba6,data_ml,p_count_2,robo,0,9 Feb 2026 3:9:48
69895129b4926c1e3dcf9bad,data_ml,p_count_2,robo,0,9 Feb 2026 3:14:49
69895255b4926c1e3dcf9bb4,data_ml,p_count_2,robo,0,9 Feb 2026 3:19:49
69895382b4926c1e3dcf9bbb,data_ml,p_count_2,robo,0,9 Feb 2026 3:24:50
698954aeb4926c1e3dcf9bc2,data_ml,p_count_2,robo,0,9 Feb 2026 3:29:50
698955dbb4926c1e3dcf9bc9,data_ml,p_count_2,robo,0,9 Feb 2026 3:34:51
69895707b4926c1e3dcf9bd0,data_ml,p_count_2,robo,0,9 Feb 2026 3:39:51
69895834b4926c1e3dcf9bd7,data_ml,p_count_2,robo,0,9 Feb 2026 3:44:52
69895960b4926c1e3dcf9bde,data_ml,p_count_2,robo,0,9 Feb 2026 3:49:52
69895a8db4926c1e3dcf9be5,data_ml,p_count_2,robo,0,9 Feb 2026 3:54:53
69895bbab4926c1e3dcf9bec,data_ml,p_count_2,robo,0,9 Feb 2026 3:59:54
69895ce6b4926c1e3dcf9bf3,data_ml,p_count_2,robo,0,9 Feb 2026 4:4:54
69895e13b4926c1e3dcf9bfa,data_ml,p_count_2,robo,0,9 Feb 2026 4:9:55
69895f3fb4926c1e3dcf9c01,data_ml,p_count_2,robo,0,9 Feb 2026 4:14:55
6989606cb4926c1e3dcf9c08,data_ml,p_count_2,robo,0,9 Feb 2026 4:19:56
69896198b4926c1e3dcf9c0f,data_ml,p_count_2,robo,0,9 Feb 2026 4:24:56
698962c5b4926c1e3dcf9c16,data_ml,p_count_2,robo,0,9 Feb 2026 4:29:57
698963f1b4926c1e3dcf9c1d,data_ml,p_count_2,robo,0,9 Feb 2026 4:34:57
6989651eb4926c1e3dcf9c24,data_ml,p_count_2,robo,0,9 Feb 2026 4:39:58
6989664ab4926c1e3dcf9c2b,data_ml,p_count_2,robo,0,9 Feb 2026 4:44:58
69896777b4926c1e3dcf9c32,data_ml,p_count_2,robo,0,9 Feb 2026 4:49:59
698968a4b4926c1e3dcf9c39,data_ml,p_count_2,robo,0,9 Feb 2026 4:55:0
698969d1b4926c1e3dcf9c40,data_ml,p_count_2,robo,0,9 Feb 2026 5:0:1
69896afdb4926c1e3dcf9c47,data_ml,p_count_2,robo,0,9 Feb 2026 5:5:1
69896c2ab4926c1e3dcf9c4e,data_ml,p_count_2,robo,0,9 Feb 2026 5:10:2
69896d56b4926c1e3dcf9c55,data_ml,p_count_2,robo,1,9 Feb 2026 5:15:2
69896e83b4926c1e3dcf9c5b,data_ml,p_count_2,robo,0,9 Feb 2026 5:20:3
69896fafb4926c1e3dcf9c62,data_ml,p_count_2,robo,1,9 Feb 2026 5:25:3
698970dcb4926c1e3dcf9c6a,data_ml,p_count_2,robo,0,9 Feb 2026 5:30:4
69897209b4926c1e3dcf9c71,data_ml,p_count_2,robo,0,9 Feb 2026 5:35:5
69897335b4926c1e3dcf9c78,data_ml,p_count_2,robo,0,9 Feb 2026 5:40:5
69897462b4926c1e3dcf9c7f,data_ml,p_count_2,robo,0,9 Feb 2026 5:45:6
6989758eb4926c1e3dcf9c86,data_ml,p_count_2,robo,0,9 Feb 2026 5:50:6
698976bbb4926c1e3dcf9c8d,data_ml,p_count_2,robo,0,9 Feb 2026 5:55:7
698977e7b4926c1e3dcf9c94,data_ml,p_count_2,robo,0,9 Feb 2026 6:0:7
69897914b4926c1e3dcf9c9b,data_ml,p_count_2,robo,0,9 Feb 2026 6:5:8
69897a40b4926c1e3dcf9ca2,data_ml,p_count_2,robo,0,9 Feb 2026 6:10:8
69897b6db4926c1e3dcf9ca9,data_ml,p_count_2,robo,0,9 Feb 2026 6:15:9
69897c9ab4926c1e3dcf9cb0,data_ml,p_count_2,robo,0,9 Feb 2026 6:20:10
69897dc6b4926c1e3dcf9cb7,data_ml,p_count_2,robo,0,9 Feb 2026 6:25:10
69897ef3b4926c1e3dcf9cbe,data_ml,p_count_2,robo,0,9 Feb 2026 6:30:11
6989801fb4926c1e3dcf9cc5,data_ml,p_count_2,robo,0,9 Feb 2026 6:35:11
6989814cb4926c1e3dcf9ccc,data_ml,p_count_2,robo,0,9 Feb 2026 6:40:12
69898278b4926c1e3dcf9cd3,data_ml,p_count_2,robo,0,9 Feb 2026 6:45:12
698983a5b4926c1e3dcf9cda,data_ml,p_count_2,robo,0,9 Feb 2026 6:50:13
698984d1b4926c1e3dcf9ce1,data_ml,p_count_2,robo,1,9 Feb 2026 6:55:13
698985feb4926c1e3dcf9ce8,data_ml,p_count_2,robo,0,9 Feb 2026 7:0:14
6989872ab4926c1e3dcf9cef,data_ml,p_count_2,robo,1,9 Feb 2026 7:5:14
69898857b4926c1e3dcf9cf6,data_ml,p_count_2,robo,3,9 Feb 2026 7:10:15
69898983b4926c1e3dcf9cfd,data_ml,p_count_2,robo,1,9 Feb 2026 7:15:15
69898ab0b4926c1e3dcf9d04,data_ml,p_count_2,robo,4,9 Feb 2026 7:20:16
69898bddb4926c1e3dcf9d0b,data_ml,p_count_2,robo,1,9 Feb 2026 7:25:17
69898d0ab4926c1e3dcf9d12,data_ml,p_count_2,robo,0,9 Feb 2026 7:30:18
69898e36b4926c1e3dcf9d19,data_ml,p_count_2,robo,0,9 Feb 2026 7:35:18
69898f63b4926c1e3dcf9d20,data_ml,p_count_2,robo,0,9 Feb 2026 7:40:19
6989908fb4926c1e3dcf9d27,data_ml,p_count_2,robo,0,9 Feb 2026 7:45:19
698991bcb4926c1e3dcf9d2d,data_ml,p_count_2,robo,0,9 Feb 2026 7:50:20
698992e9b4926c1e3dcf9d34,data_ml,p_count_2,robo,0,9 Feb 2026 7:55:21
69899415b4926c1e3dcf9d3b,data_ml,p_count_2,robo,0,9 Feb 2026 8:0:21
69899542b4926c1e3dcf9d42,data_ml,p_count_2,robo,0,9 Feb 2026 8:5:22
6989966eb4926c1e3dcf9d49,data_ml,p_count_2,robo,0,9 Feb 2026 8:10:22
6989979bb4926c1e3dcf9d50,data_ml,p_count_2,robo,0,9 Feb 2026 8:15:23
698998c7b4926c1e3dcf9d57,data_ml,p_count_2,robo,0,9 Feb 2026 8:20:23
698999f4b4926c1e3dcf9d5e,data_ml,p_count_2,robo,0,9 Feb 2026 8:25:24
69899b21b4926c1e3dcf9d65,data_ml,p_count_2,robo,1,9 Feb 2026 8:30:25
69899c4db4926c1e3dcf9d6c,data_ml,p_count_2,robo,3,9 Feb 2026 8:35:25
69899d7ab4926c1e3dcf9d73,data_ml,p_count_2,robo,1,9 Feb 2026 8:40:26
69899ea6b4926c1e3dcf9d7a,data_ml,p_count_2,robo,2,9 Feb 2026 8:45:26
69899fd3b4926c1e3dcf9d81,data_ml,p_count_2,robo,1,9 Feb 2026 8:50:27
6989a0ffb4926c1e3dcf9d88,data_ml,p_count_2,robo,1,9 Feb 2026 8:55:27
6989a22cb4926c1e3dcf9d8f,data_ml,p_count_2,robo,1,9 Feb 2026 9:0:28
6989a359b4926c1e3dcf9d96,data_ml,p_count_2,robo,1,9 Feb 2026 9:5:29
6989a485b4926c1e3dcf9d9d,data_ml,p_count_2,robo,1,9 Feb 2026 9:10:29
6989a5b2b4926c1e3dcf9da4,data_ml,p_count_2,robo,6,9 Feb 2026 9:15:30
6989a6deb4926c1e3dcf9dab,data_ml,p_count_2,robo,1,9 Feb 2026 9:20:30
6989a80bb4926c1e3dcf9db2,data_ml,p_count_2,robo,2,9 Feb 2026 9:25:31
6989a937b4926c1e3dcf9db9,data_ml,p_count_2,robo,2,9 Feb 2026 9:30:31
6989aa64b4926c1e3dcf9dc0,data_ml,p_count_2,robo,1,9 Feb 2026 9:35:32
6989ab91b4926c1e3dcf9dc7,data_ml,p_count_2,robo,0,9 Feb 2026 9:40:33
6989acbdb4926c1e3dcf9dce,data_ml,p_count_2,robo,0,9 Feb 2026 9:45:33
6989adeab4926c1e3dcf9dd5,data_ml,p_count_2,robo,0,9 Feb 2026 9:50:34
6989af16b4926c1e3dcf9ddc,data_ml,p_count_2,robo,0,9 Feb 2026 9:55:34
6989b043b4926c1e3dcf9de3,data_ml,p_count_2,robo,0,9 Feb 2026 10:0:35
6989b170b4926c1e3dcf9dea,data_ml,p_count_2,robo,0,9 Feb 2026 10:5:36
6989b29cb4926c1e3dcf9df1,data_ml,p_count_2,robo,1,9 Feb 2026 10:10:36
6989b3c9b4926c1e3dcf9df8,data_ml,p_count_2,robo,1,9 Feb 2026 10:15:37
6989b4f6b4926c1e3dcf9dfe,data_ml,p_count_2,robo,2,9 Feb 2026 10:20:38
6989b622b4926c1e3dcf9e05,data_ml,p_count_2,robo,3,9 Feb 2026 10:25:38
6989b74fb4926c1e3dcf9e0c,data_ml,p_count_2,robo,2,9 Feb 2026 10:30:39
6989b87bb4926c1e3dcf9e13,data_ml,p_count_2,robo,3,9 Feb 2026 10:35:39
6989b9a8b4926c1e3dcf9e1a,data_ml,p_count_2,robo,1,9 Feb 2026 10:40:40
6989bad4b4926c1e3dcf9e21,data_ml,p_count_2,robo,3,9 Feb 2026 10:45:40
6989bc01b4926c1e3dcf9e28,data_ml,p_count_2,robo,2,9 Feb 2026 10:50:41
6989bd2db4926c1e3dcf9e2f,data_ml,p_count_2,robo,1,9 Feb 2026 10:55:41
6989be5ab4926c1e3dcf9e36,data_ml,p_count_2,robo,1,9 Feb 2026 11:0:42
6989bfa0b4926c1e3dcf9e3f,data_ml,p_count_2,robo,1,9 Feb 2026 11:6:8
6989c0ccb4926c1e3dcf9e46,data_ml,p_count_2,robo,0,9 Feb 2026 11:11:8
6989c1f9b4926c1e3dcf9e4d,data_ml,p_count_2,robo,0,9 Feb 2026 11:16:9
6989c326eb2f31cd49fd7085,data_ml,p_count_2,robo,3,9 Feb 2026 11:21:10
6989c452eb2f31cd49fd708c,data_ml,p_count_2,robo,0,9 Feb 2026 11:26:10
6989c57feb2f31cd49fd7093,data_ml,p_count_2,robo,4,9 Feb 2026 11:31:11
6989c6abeb2f31cd49fd709a,data_ml,p_count_2,robo,0,9 Feb 2026 11:36:11
6989c7d8eb2f31cd49fd70a1,data_ml,p_count_2,robo,0,9 Feb 2026 11:41:12
6989c904eb2f31cd49fd70a7,data_ml,p_count_2,robo,3,9 Feb 2026 11:46:12
6989ca31eb2f31cd49fd70ae,data_ml,p_count_2,robo,3,9 Feb 2026 11:51:13
6989cb5deb2f31cd49fd70b5,data_ml,p_count_2,robo,2,9 Feb 2026 11:56:13
6989cc8aeb2f31cd49fd70bb,data_ml,p_count_2,robo,1,9 Feb 2026 12:1:14
6989cdb7eb2f31cd49fd70c1,data_ml,p_count_2,robo,0,9 Feb 2026 12:6:15
6989cee3eb2f31cd49fd70c8,data_ml,p_count_2,robo,2,9 Feb 2026 12:11:15
6989d010eb2f31cd49fd70cf,data_ml,p_count_2,robo,2,9 Feb 2026 12:16:16
6989d13ceb2f31cd49fd70d6,data_ml,p_count_2,robo,0,9 Feb 2026 12:21:16
6989d269eb2f31cd49fd70dd,data_ml,p_count_2,robo,2,9 Feb 2026 12:26:17
6989d395eb2f31cd49fd70e4,data_ml,p_count_2,robo,0,9 Feb 2026 12:31:17
6989d4c2eb2f31cd49fd70eb,data_ml,p_count_2,robo,5,9 Feb 2026 12:36:18
6989d5eeeb2f31cd49fd70f2,data_ml,p_count_2,robo,2,9 Feb 2026 12:41:18
6989d71beb2f31cd49fd70f9,data_ml,p_count_2,robo,4,9 Feb 2026 12:46:19
6989d848eb2f31cd49fd7100,data_ml,p_count_2,robo,0,9 Feb 2026 12:51:20
6989d974eb2f31cd49fd7107,data_ml,p_count_2,robo,1,9 Feb 2026 12:56:20
6989daa1eb2f31cd49fd710d,data_ml,p_count_2,robo,0,9 Feb 2026 13:1:21
6989dbcdeb2f31cd49fd7114,data_ml,p_count_2,robo,0,9 Feb 2026 13:6:21
6989dcfaeb2f31cd49fd711b,data_ml,p_count_2,robo,0,9 Feb 2026 13:11:22
6989de26eb2f31cd49fd7122,data_ml,p_count_2,robo,1,9 Feb 2026 13:16:22
6989df53eb2f31cd49fd7129,data_ml,p_count_2,robo,0,9 Feb 2026 13:21:23
6989e07feb2f31cd49fd7130,data_ml,p_count_2,robo,0,9 Feb 2026 13:26:23
6989e1aceb2f31cd49fd7137,data_ml,p_count_2,robo,0,9 Feb 2026 13:31:24
6989e2d9eb2f31cd49fd713e,data_ml,p_count_2,robo,0,9 Feb 2026 13:36:25
6989e406eb2f31cd49fd7145,data_ml,p_count_2,robo,0,9 Feb 2026 13:41:26
6989e532eb2f31cd49fd714c,data_ml,p_count_2,robo,3,9 Feb 2026 13:46:26
6989e65feb2f31cd49fd7153,data_ml,p_count_2,robo,3,9 Feb 2026 13:51:27
6989e78beb2f31cd49fd715a,data_ml,p_count_2,robo,1,9 Feb 2026 13:56:27
6989e8b8eb2f31cd49fd7161,data_ml,p_count_2,robo,3,9 Feb 2026 14:1:28
6989e9e4eb2f31cd49fd7168,data_ml,p_count_2,robo,1,9 Feb 2026 14:6:28
6989eb11eb2f31cd49fd716f,data_ml,p_count_2,robo,0,9 Feb 2026 14:11:29
6989ec3deb2f31cd49fd7176,data_ml,p_count_2,robo,2,9 Feb 2026 14:16:29
6989ed6aeb2f31cd49fd717d,data_ml,p_count_2,robo,3,9 Feb 2026 14:21:30
6989ee96eb2f31cd49fd7184,data_ml,p_count_2,robo,3,9 Feb 2026 14:26:30
6989efc3eb2f31cd49fd718b,data_ml,p_count_2,robo,2,9 Feb 2026 14:31:31
6989f0f0eb2f31cd49fd7192,data_ml,p_count_2,robo,1,9 Feb 2026 14:36:32
6989f21ceb2f31cd49fd7199,data_ml,p_count_2,robo,0,9 Feb 2026 14:41:32
6989f349eb2f31cd49fd71a0,data_ml,p_count_2,robo,0,9 Feb 2026 14:46:33
6989f475eb2f31cd49fd71a6,data_ml,p_count_2,robo,0,9 Feb 2026 14:51:33
6989f5a2eb2f31cd49fd71ad,data_ml,p_count_2,robo,0,9 Feb 2026 14:56:34
6989f6ceeb2f31cd49fd71b4,data_ml,p_count_2,robo,0,9 Feb 2026 15:1:34
6989f7fbeb2f31cd49fd71bb,data_ml,p_count_2,robo,1,9 Feb 2026 15:6:35
6989f927eb2f31cd49fd71c2,data_ml,p_count_2,robo,0,9 Feb 2026 15:11:35
6989fa54eb2f31cd49fd71c9,data_ml,p_count_2,robo,0,9 Feb 2026 15:16:36
6989fb80eb2f31cd49fd71d0,data_ml,p_count_2,robo,1,9 Feb 2026 15:21:36
6989fcadeb2f31cd49fd71d7,data_ml,p_count_2,robo,0,9 Feb 2026 15:26:37
6989fddaeb2f31cd49fd71dd,data_ml,p_count_2,robo,0,9 Feb 2026 15:31:38
6989ff06eb2f31cd49fd71e4,data_ml,p_count_2,robo,0,9 Feb 2026 15:36:38
698a0033eb2f31cd49fd71eb,data_ml,p_count_2,robo,1,9 Feb 2026 15:41:39
698a015feb2f31cd49fd71f2,data_ml,p_count_2,robo,0,9 Feb 2026 15:46:39
698a028ceb2f31cd49fd71f9,data_ml,p_count_2,robo,0,9 Feb 2026 15:51:40
698a03b8eb2f31cd49fd7200,data_ml,p_count_2,robo,0,9 Feb 2026 15:56:40
698a04e5eb2f31cd49fd7207,data_ml,p_count_2,robo,3,9 Feb 2026 16:1:41
698a0612eb2f31cd49fd720e,data_ml,p_count_2,robo,4,9 Feb 2026 16:6:42
698a073feb2f31cd49fd7215,data_ml,p_count_2,robo,0,9 Feb 2026 16:11:43
698a086beb2f31cd49fd721c,data_ml,p_count_2,robo,0,9 Feb 2026 16:16:43
698a0998eb2f31cd49fd7223,data_ml,p_count_2,robo,0,9 Feb 2026 16:21:44
698a0ac4eb2f31cd49fd722a,data_ml,p_count_2,robo,0,9 Feb 2026 16:26:44
698a0bf1eb2f31cd49fd7231,data_ml,p_count_2,robo,0,9 Feb 2026 16:31:45
698a0e4a0c9e0ef6be47db5d,data_ml,p_count_2,robo,0,9 Feb 2026 16:41:46
698a0f760c9e0ef6be47db64,data_ml,p_count_2,robo,1,9 Feb 2026 16:46:46
698a10a30c9e0ef6be47db6b,data_ml,p_count_2,robo,0,9 Feb 2026 16:51:47
698a11cf0c9e0ef6be47db72,data_ml,p_count_2,robo,0,9 Feb 2026 16:56:47
698a12fc0c9e0ef6be47db79,data_ml,p_count_2,robo,0,9 Feb 2026 17:1:48
698a14280c9e0ef6be47db80,data_ml,p_count_2,robo,0,9 Feb 2026 17:6:48
698a15550c9e0ef6be47db87,data_ml,p_count_2,robo,0,9 Feb 2026 17:11:49
698a16810c9e0ef6be47db8e,data_ml,p_count_2,robo,0,9 Feb 2026 17:16:49
698a17ae0c9e0ef6be47db95,data_ml,p_count_2,robo,0,9 Feb 2026 17:21:50
698a18da0c9e0ef6be47db9c,data_ml,p_count_2,robo,0,9 Feb 2026 17:26:50
698a1a070c9e0ef6be47dba4,data_ml,p_count_2,robo,0,9 Feb 2026 17:31:51
698a1b340c9e0ef6be47dbab,data_ml,p_count_2,robo,0,9 Feb 2026 17:36:52
698a1c610c9e0ef6be47dbb2,data_ml,p_count_2,robo,0,9 Feb 2026 17:41:53
698a1d8d0c9e0ef6be47dbb9,data_ml,p_count_2,robo,0,9 Feb 2026 17:46:53
698a1eba0c9e0ef6be47dbc0,data_ml,p_count_2,robo,0,9 Feb 2026 17:51:54
698a1fe60c9e0ef6be47dbc7,data_ml,p_count_2,robo,0,9 Feb 2026 17:56:54
698a21130c9e0ef6be47dbcd,data_ml,p_count_2,robo,0,9 Feb 2026 18:1:55
698a223f0c9e0ef6be47dbd4,data_ml,p_count_2,robo,0,9 Feb 2026 18:6:55
698a236c0c9e0ef6be47dbdb,data_ml,p_count_2,robo,0,9 Feb 2026 18:11:56
698a24980c9e0ef6be47dbe2,data_ml,p_count_2,robo,0,9 Feb 2026 18:16:56
698a25c50c9e0ef6be47dbe9,data_ml,p_count_2,robo,1,9 Feb 2026 18:21:57
698a26f20c9e0ef6be47dbf0,data_ml,p_count_2,robo,0,9 Feb 2026 18:26:58
698a281e0c9e0ef6be47dbf7,data_ml,p_count_2,robo,0,9 Feb 2026 18:31:58
698a294b0c9e0ef6be47dbfe,data_ml,p_count_2,robo,0,9 Feb 2026 18:36:59
698a2a780c9e0ef6be47dc05,data_ml,p_count_2,robo,0,9 Feb 2026 18:42:0
698a2ba40c9e0ef6be47dc0c,data_ml,p_count_2,robo,0,9 Feb 2026 18:47:0
698a2cd10c9e0ef6be47dc13,data_ml,p_count_2,robo,0,9 Feb 2026 18:52:1
698a2dfd0c9e0ef6be47dc1a,data_ml,p_count_2,robo,0,9 Feb 2026 18:57:1
698a2f2a0c9e0ef6be47dc21,data_ml,p_count_2,robo,0,9 Feb 2026 19:2:2
698a30560c9e0ef6be47dc28,data_ml,p_count_2,robo,0,9 Feb 2026 19:7:2
698a31830c9e0ef6be47dc2f,data_ml,p_count_2,robo,0,9 Feb 2026 19:12:3
698a32b00c9e0ef6be47dc36,data_ml,p_count_2,robo,0,9 Feb 2026 19:17:4
698a33dc0c9e0ef6be47dc3d,data_ml,p_count_2,robo,0,9 Feb 2026 19:22:4
698a35090c9e0ef6be47dc44,data_ml,p_count_2,robo,0,9 Feb 2026 19:27:5
698a36350c9e0ef6be47dc4b,data_ml,p_count_2,robo,0,9 Feb 2026 19:32:5
698a37620c9e0ef6be47dc52,data_ml,p_count_2,robo,0,9 Feb 2026 19:37:6
698a388e0c9e0ef6be47dc59,data_ml,p_count_2,robo,0,9 Feb 2026 19:42:6
698a39bb0c9e0ef6be47dc60,data_ml,p_count_2,robo,0,9 Feb 2026 19:47:7
698a3ae70c9e0ef6be47dc67,data_ml,p_count_2,robo,0,9 Feb 2026 19:52:7
698a3c140c9e0ef6be47dc6e,data_ml,p_count_2,robo,0,9 Feb 2026 19:57:8
698a3d400c9e0ef6be47dc75,data_ml,p_count_2,robo,0,9 Feb 2026 20:2:8
698a3e6d0c9e0ef6be47dc7c,data_ml,p_count_2,robo,0,9 Feb 2026 20:7:9
698a3f9a0c9e0ef6be47dc83,data_ml,p_count_2,robo,0,9 Feb 2026 20:12:10
698a40c60c9e0ef6be47dc8a,data_ml,p_count_2,robo,0,9 Feb 2026 20:17:10
698a41f30c9e0ef6be47dc91,data_ml,p_count_2,robo,0,9 Feb 2026 20:22:11
698a431f0c9e0ef6be47dc98,data_ml,p_count_2,robo,0,9 Feb 2026 20:27:11
698a444c0c9e0ef6be47dc9e,data_ml,p_count_2,robo,0,9 Feb 2026 20:32:12
698a45780c9e0ef6be47dca5,data_ml,p_count_2,robo,0,9 Feb 2026 20:37:12
698a46a50c9e0ef6be47dcac,data_ml,p_count_2,robo,0,9 Feb 2026 20:42:13
698a47d20c9e0ef6be47dcb3,data_ml,p_count_2,robo,0,9 Feb 2026 20:47:14
698a48fe0c9e0ef6be47dcba,data_ml,p_count_2,robo,0,9 Feb 2026 20:52:14
698a4a2b0c9e0ef6be47dcc1,data_ml,p_count_2,robo,0,9 Feb 2026 20:57:15
698a4b570c9e0ef6be47dcc8,data_ml,p_count_2,robo,0,9 Feb 2026 21:2:15
698a4c840c9e0ef6be47dccf,data_ml,p_count_2,robo,0,9 Feb 2026 21:7:16
698a4db10c9e0ef6be47dcd6,data_ml,p_count_2,robo,0,9 Feb 2026 21:12:17
698a4edd0c9e0ef6be47dcdd,data_ml,p_count_2,robo,0,9 Feb 2026 21:17:17
698a500a0c9e0ef6be47dce4,data_ml,p_count_2,robo,0,9 Feb 2026 21:22:18
698a51370c9e0ef6be47dceb,data_ml,p_count_2,robo,0,9 Feb 2026 21:27:19
698a52630c9e0ef6be47dcf2,data_ml,p_count_2,robo,0,9 Feb 2026 21:32:19
698a53900c9e0ef6be47dcf9,data_ml,p_count_2,robo,0,9 Feb 2026 21:37:20
698a54bc0c9e0ef6be47dd00,data_ml,p_count_2,robo,0,9 Feb 2026 21:42:20
698a55e90c9e0ef6be47dd07,data_ml,p_count_2,robo,0,9 Feb 2026 21:47:21
698a57160c9e0ef6be47dd0e,data_ml,p_count_2,robo,0,9 Feb 2026 21:52:22
698a58420c9e0ef6be47dd15,data_ml,p_count_2,robo,0,9 Feb 2026 21:57:22
698a596f0c9e0ef6be47dd1c,data_ml,p_count_2,robo,0,9 Feb 2026 22:2:23
698a5a9b0c9e0ef6be47dd23,data_ml,p_count_2,robo,0,9 Feb 2026 22:7:23
698a5bc80c9e0ef6be47dd2a,data_ml,p_count_2,robo,0,9 Feb 2026 22:12:24
698a5cf50c9e0ef6be47dd31,data_ml,p_count_2,robo,0,9 Feb 2026 22:17:25
698a5e210c9e0ef6be47dd38,data_ml,p_count_2,robo,0,9 Feb 2026 22:22:25
698a5f4e0c9e0ef6be47dd3f,data_ml,p_count_2,robo,0,9 Feb 2026 22:27:26
698a607a0c9e0ef6be47dd46,data_ml,p_count_2,robo,0,9 Feb 2026 22:32:26
698a61a70c9e0ef6be47dd4d,data_ml,p_count_2,robo,0,9 Feb 2026 22:37:27
698a62d40c9e0ef6be47dd54,data_ml,p_count_2,robo,0,9 Feb 2026 22:42:28
698a64000c9e0ef6be47dd5b,data_ml,p_count_2,robo,0,9 Feb 2026 22:47:28
698a652d0c9e0ef6be47dd62,data_ml,p_count_2,robo,0,9 Feb 2026 22:52:29
698a66590c9e0ef6be47dd69,data_ml,p_count_2,robo,0,9 Feb 2026 22:57:29
698a67860c9e0ef6be47dd6f,data_ml,p_count_2,robo,0,9 Feb 2026 23:2:30
698a68b20c9e0ef6be47dd76,data_ml,p_count_2,robo,0,9 Feb 2026 23:7:30
698a69df0c9e0ef6be47dd7d,data_ml,p_count_2,robo,0,9 Feb 2026 23:12:31
698a6b0b0c9e0ef6be47dd84,data_ml,p_count_2,robo,0,9 Feb 2026 23:17:31
698a6c380c9e0ef6be47dd8b,data_ml,p_count_2,robo,0,9 Feb 2026 23:22:32
698a6d650c9e0ef6be47dd92,data_ml,p_count_2,robo,0,9 Feb 2026 23:27:33
698a6e910c9e0ef6be47dd99,data_ml,p_count_2,robo,0,9 Feb 2026 23:32:33
698a6fbe0c9e0ef6be47dda0,data_ml,p_count_2,robo,0,9 Feb 2026 23:37:34
698a70eb0c9e0ef6be47dda7,data_ml,p_count_2,robo,0,9 Feb 2026 23:42:35
698a72170c9e0ef6be47ddae,data_ml,p_count_2,robo,0,9 Feb 2026 23:47:35
698a73440c9e0ef6be47ddb5,data_ml,p_count_2,robo,0,9 Feb 2026 23:52:36
698a74710c9e0ef6be47ddbc,data_ml,p_count_2,robo,0,9 Feb 2026 23:57:37
698a759d0c9e0ef6be47ddc3,data_ml,p_count_2,robo,0,10 Feb 2026 0:2:37
698a76ca0c9e0ef6be47ddca,data_ml,p_count_2,robo,0,10 Feb 2026 0:7:38
698a77f60c9e0ef6be47ddd1,data_ml,p_count_2,robo,0,10 Feb 2026 0:12:38
698a79230c9e0ef6be47ddd8,data_ml,p_count_2,robo,0,10 Feb 2026 0:17:39
698a7a4f0c9e0ef6be47dddf,data_ml,p_count_2,robo,0,10 Feb 2026 0:22:39
698a7b7c0c9e0ef6be47dde6,data_ml,p_count_2,robo,0,10 Feb 2026 0:27:40
698a7ca90c9e0ef6be47dded,data_ml,p_count_2,robo,0,10 Feb 2026 0:32:41
698a7dd50c9e0ef6be47ddf4,data_ml,p_count_2,robo,0,10 Feb 2026 0:37:41
698a7f020c9e0ef6be47ddfb,data_ml,p_count_2,robo,0,10 Feb 2026 0:42:42
698a802e0c9e0ef6be47de02,data_ml,p_count_2,robo,0,10 Feb 2026 0:47:42
698a815b0c9e0ef6be47de09,data_ml,p_count_2,robo,0,10 Feb 2026 0:52:43
698a82880c9e0ef6be47de10,data_ml,p_count_2,robo,0,10 Feb 2026 0:57:44
698a83b40c9e0ef6be47de17,data_ml,p_count_2,robo,0,10 Feb 2026 1:2:44
698a84e10c9e0ef6be47de1e,data_ml,p_count_2,robo,0,10 Feb 2026 1:7:45
698a860d0c9e0ef6be47de25,data_ml,p_count_2,robo,0,10 Feb 2026 1:12:45
698a873a0c9e0ef6be47de2c,data_ml,p_count_2,robo,0,10 Feb 2026 1:17:46
698a88670c9e0ef6be47de33,data_ml,p_count_2,robo,0,10 Feb 2026 1:22:47
698a89930c9e0ef6be47de3a,data_ml,p_count_2,robo,0,10 Feb 2026 1:27:47
698a8abf0c9e0ef6be47de40,data_ml,p_count_2,robo,0,10 Feb 2026 1:32:47
698a8bec0c9e0ef6be47de47,data_ml,p_count_2,robo,0,10 Feb 2026 1:37:48
698a8d190c9e0ef6be47de4e,data_ml,p_count_2,robo,0,10 Feb 2026 1:42:49
698a8e450c9e0ef6be47de55,data_ml,p_count_2,robo,0,10 Feb 2026 1:47:49
698a8f720c9e0ef6be47de5c,data_ml,p_count_2,robo,0,10 Feb 2026 1:52:50
698a909e0c9e0ef6be47de63,data_ml,p_count_2,robo,0,10 Feb 2026 1:57:50
698a91cb0c9e0ef6be47de6a,data_ml,p_count_2,robo,0,10 Feb 2026 2:2:51
698a92f80c9e0ef6be47de71,data_ml,p_count_2,robo,0,10 Feb 2026 2:7:52
698a94250c9e0ef6be47de78,data_ml,p_count_2,robo,0,10 Feb 2026 2:12:53
698a95510c9e0ef6be47de7f,data_ml,p_count_2,robo,0,10 Feb 2026 2:17:53
698a967e0c9e0ef6be47de86,data_ml,p_count_2,robo,0,10 Feb 2026 2:22:54
698a97aa0c9e0ef6be47de8d,data_ml,p_count_2,robo,0,10 Feb 2026 2:27:54
698a98d70c9e0ef6be47de94,data_ml,p_count_2,robo,0,10 Feb 2026 2:32:55
698a9a030c9e0ef6be47de9b,data_ml,p_count_2,robo,0,10 Feb 2026 2:37:55
698a9b300c9e0ef6be47dea2,data_ml,p_count_2,robo,0,10 Feb 2026 2:42:56
698a9c5c0c9e0ef6be47dea9,data_ml,p_count_2,robo,0,10 Feb 2026 2:47:56
698a9d890c9e0ef6be47deb0,data_ml,p_count_2,robo,0,10 Feb 2026 2:52:57
698a9eb60c9e0ef6be47deb7,data_ml,p_count_2,robo,0,10 Feb 2026 2:57:58
698a9fe20c9e0ef6be47debe,data_ml,p_count_2,robo,0,10 Feb 2026 3:2:58
698aa10e0c9e0ef6be47dec6,data_ml,p_count_2,robo,0,10 Feb 2026 3:7:58
698aa23b0c9e0ef6be47decd,data_ml,p_count_2,robo,0,10 Feb 2026 3:12:59
698aa3680c9e0ef6be47ded4,data_ml,p_count_2,robo,0,10 Feb 2026 3:18:0
698aa4940c9e0ef6be47dedb,data_ml,p_count_2,robo,0,10 Feb 2026 3:23:0
698aa5c10c9e0ef6be47dee2,data_ml,p_count_2,robo,0,10 Feb 2026 3:28:1
698aa6ed0c9e0ef6be47dee9,data_ml,p_count_2,robo,0,10 Feb 2026 3:33:1
698aa81a0c9e0ef6be47def0,data_ml,p_count_2,robo,0,10 Feb 2026 3:38:2
698aa9470c9e0ef6be47def7,data_ml,p_count_2,robo,0,10 Feb 2026 3:43:3
698aaa730c9e0ef6be47defe,data_ml,p_count_2,robo,0,10 Feb 2026 3:48:3
698aaba00c9e0ef6be47df05,data_ml,p_count_2,robo,0,10 Feb 2026 3:53:4
698aaccc0c9e0ef6be47df0c,data_ml,p_count_2,robo,0,10 Feb 2026 3:58:4
698aadf90c9e0ef6be47df12,data_ml,p_count_2,robo,0,10 Feb 2026 4:3:5
698aaf250c9e0ef6be47df19,data_ml,p_count_2,robo,0,10 Feb 2026 4:8:5
698ab0520c9e0ef6be47df20,data_ml,p_count_2,robo,0,10 Feb 2026 4:13:6
698ab17f0c9e0ef6be47df27,data_ml,p_count_2,robo,0,10 Feb 2026 4:18:7
698ab2ab0c9e0ef6be47df2e,data_ml,p_count_2,robo,0,10 Feb 2026 4:23:7
698ab3d80c9e0ef6be47df35,data_ml,p_count_2,robo,0,10 Feb 2026 4:28:8
698ab5040c9e0ef6be47df3c,data_ml,p_count_2,robo,0,10 Feb 2026 4:33:8
698ab6310c9e0ef6be47df43,data_ml,p_count_2,robo,0,10 Feb 2026 4:38:9
698ab75e0c9e0ef6be47df4a,data_ml,p_count_2,robo,0,10 Feb 2026 4:43:10
698ab88b0c9e0ef6be47df51,data_ml,p_count_2,robo,0,10 Feb 2026 4:48:11
698ab9b70c9e0ef6be47df58,data_ml,p_count_2,robo,0,10 Feb 2026 4:53:11
698abae40c9e0ef6be47df5f,data_ml,p_count_2,robo,0,10 Feb 2026 4:58:12
698abc100c9e0ef6be47df66,data_ml,p_count_2,robo,0,10 Feb 2026 5:3:12
698abd3d0c9e0ef6be47df6d,data_ml,p_count_2,robo,0,10 Feb 2026 5:8:13
698abe6a0c9e0ef6be47df74,data_ml,p_count_2,robo,0,10 Feb 2026 5:13:14
698abf960c9e0ef6be47df7b,data_ml,p_count_2,robo,0,10 Feb 2026 5:18:14
698ac0c30c9e0ef6be47df82,data_ml,p_count_2,robo,0,10 Feb 2026 5:23:15
698ac1ef0c9e0ef6be47df89,data_ml,p_count_2,robo,0,10 Feb 2026 5:28:15
698ac31c0c9e0ef6be47df90,data_ml,p_count_2,robo,0,10 Feb 2026 5:33:16
698ac4480c9e0ef6be47df97,data_ml,p_count_2,robo,0,10 Feb 2026 5:38:16
698ac5750c9e0ef6be47df9e,data_ml,p_count_2,robo,0,10 Feb 2026 5:43:17
698ac6a10c9e0ef6be47dfa5,data_ml,p_count_2,robo,0,10 Feb 2026 5:48:17
698ac7ce0c9e0ef6be47dfac,data_ml,p_count_2,robo,0,10 Feb 2026 5:53:18
698ac8fb0c9e0ef6be47dfb3,data_ml,p_count_2,robo,0,10 Feb 2026 5:58:19
698aca270c9e0ef6be47dfba,data_ml,p_count_2,robo,0,10 Feb 2026 6:3:19
698acb540c9e0ef6be47dfc1,data_ml,p_count_2,robo,0,10 Feb 2026 6:8:20
698acc800c9e0ef6be47dfc8,data_ml,p_count_2,robo,0,10 Feb 2026 6:13:20
698acdad0c9e0ef6be47dfcf,data_ml,p_count_2,robo,0,10 Feb 2026 6:18:21
698aced90c9e0ef6be47dfd6,data_ml,p_count_2,robo,0,10 Feb 2026 6:23:21
698ad0060c9e0ef6be47dfdd,data_ml,p_count_2,robo,0,10 Feb 2026 6:28:22
698ad1320c9e0ef6be47dfe3,data_ml,p_count_2,robo,0,10 Feb 2026 6:33:22
698ad25f0c9e0ef6be47dfea,data_ml,p_count_2,robo,0,10 Feb 2026 6:38:23
698ad38c0c9e0ef6be47dff1,data_ml,p_count_2,robo,0,10 Feb 2026 6:43:24
698ad4b8d585b77318a5b2f6,data_ml,p_count_2,robo,1,10 Feb 2026 6:48:24
698ad5e5d585b77318a5b2fd,data_ml,p_count_2,robo,3,10 Feb 2026 6:53:25
698ad711d585b77318a5b304,data_ml,p_count_2,robo,0,10 Feb 2026 6:58:25
698ad83ed585b77318a5b30b,data_ml,p_count_2,robo,1,10 Feb 2026 7:3:26
698ad96bd585b77318a5b312,data_ml,p_count_2,robo,0,10 Feb 2026 7:8:27
698ada98d585b77318a5b319,data_ml,p_count_2,robo,0,10 Feb 2026 7:13:28
698adbc4d585b77318a5b320,data_ml,p_count_2,robo,2,10 Feb 2026 7:18:28
698adcf1d585b77318a5b327,data_ml,p_count_2,robo,1,10 Feb 2026 7:23:29
698ade1dd585b77318a5b32e,data_ml,p_count_2,robo,3,10 Feb 2026 7:28:29
698adf4ad585b77318a5b335,data_ml,p_count_2,robo,1,10 Feb 2026 7:33:30
698ae077d585b77318a5b33c,data_ml,p_count_2,robo,2,10 Feb 2026 7:38:31
698ae1a3d585b77318a5b343,data_ml,p_count_2,robo,0,10 Feb 2026 7:43:31
698ae2d0d585b77318a5b34a,data_ml,p_count_2,robo,0,10 Feb 2026 7:48:32
698ae3fcd585b77318a5b351,data_ml,p_count_2,robo,0,10 Feb 2026 7:53:32
698ae529d585b77318a5b358,data_ml,p_count_2,robo,0,10 Feb 2026 7:58:33
698ae655d585b77318a5b35f,data_ml,p_count_2,robo,0,10 Feb 2026 8:3:33
698ae782d585b77318a5b366,data_ml,p_count_2,robo,4,10 Feb 2026 8:8:34
698ae8aed585b77318a5b36d,data_ml,p_count_2,robo,1,10 Feb 2026 8:13:34
698ae9dbd585b77318a5b374,data_ml,p_count_2,robo,0,10 Feb 2026 8:18:35
698aeb08d585b77318a5b37b,data_ml,p_count_2,robo,1,10 Feb 2026 8:23:36
698aec34d585b77318a5b382,data_ml,p_count_2,robo,0,10 Feb 2026 8:28:36
698aed61d585b77318a5b389,data_ml,p_count_2,robo,2,10 Feb 2026 8:33:37
698aee8dd585b77318a5b390,data_ml,p_count_2,robo,1,10 Feb 2026 8:38:37
698aefbad585b77318a5b397,data_ml,p_count_2,robo,2,10 Feb 2026 8:43:38
698af0e6d585b77318a5b39e,data_ml,p_count_2,robo,3,10 Feb 2026 8:48:38
698af213d585b77318a5b3a5,data_ml,p_count_2,robo,2,10 Feb 2026 8:53:39
698af340d585b77318a5b3ac,data_ml,p_count_2,robo,0,10 Feb 2026 8:58:40
698af46cd585b77318a5b3b2,data_ml,p_count_2,robo,8,10 Feb 2026 9:3:40
698af599d585b77318a5b3b9,data_ml,p_count_2,robo,1,10 Feb 2026 9:8:41
698af6c5d585b77318a5b3c0,data_ml,p_count_2,robo,9,10 Feb 2026 9:13:41
698af7f2d585b77318a5b3c7,data_ml,p_count_2,robo,1,10 Feb 2026 9:18:42
698af91ed585b77318a5b3ce,data_ml,p_count_2,robo,4,10 Feb 2026 9:23:42
698afa4bd585b77318a5b3d5,data_ml,p_count_2,robo,2,10 Feb 2026 9:28:43
698afb78d585b77318a5b3dc,data_ml,p_count_2,robo,0,10 Feb 2026 9:33:44
698afca5d585b77318a5b3e3,data_ml,p_count_2,robo,2,10 Feb 2026 9:38:45
698afdd1d585b77318a5b3ea,data_ml,p_count_2,robo,0,10 Feb 2026 9:43:45
698afefed585b77318a5b3f1,data_ml,p_count_2,robo,1,10 Feb 2026 9:48:46
698b002bd585b77318a5b3f8,data_ml,p_count_2,robo,0,10 Feb 2026 9:53:47
698b0157d585b77318a5b3ff,data_ml,p_count_2,robo,2,10 Feb 2026 9:58:47
698b0284d585b77318a5b406,data_ml,p_count_2,robo,3,10 Feb 2026 10:3:48
698b03b0d585b77318a5b40d,data_ml,p_count_2,robo,3,10 Feb 2026 10:8:48
698b04ddd585b77318a5b414,data_ml,p_count_2,robo,0,10 Feb 2026 10:13:49
698b0609d585b77318a5b41b,data_ml,p_count_2,robo,0,10 Feb 2026 10:18:49
698b0736d585b77318a5b422,data_ml,p_count_2,robo,2,10 Feb 2026 10:23:50
698b0863d585b77318a5b429,data_ml,p_count_2,robo,0,10 Feb 2026 10:28:51
698b098fd585b77318a5b430,data_ml,p_count_2,robo,1,10 Feb 2026 10:33:51
698b0abcd585b77318a5b437,data_ml,p_count_2,robo,0,10 Feb 2026 10:38:52
698b0be8d585b77318a5b43e,data_ml,p_count_2,robo,0,10 Feb 2026 10:43:52
698b0d15d585b77318a5b445,data_ml,p_count_2,robo,1,10 Feb 2026 10:48:53
698b0e41d585b77318a5b44c,data_ml,p_count_2,robo,0,10 Feb 2026 10:53:53
698b0f6ed585b77318a5b453,data_ml,p_count_2,robo,1,10 Feb 2026 10:58:54
698b109ad585b77318a5b45a,data_ml,p_count_2,robo,0,10 Feb 2026 11:3:54
698b11c7d585b77318a5b461,data_ml,p_count_2,robo,0,10 Feb 2026 11:8:55
698b12f4d585b77318a5b468,data_ml,p_count_2,robo,2,10 Feb 2026 11:13:56
698b1420d585b77318a5b46f,data_ml,p_count_2,robo,2,10 Feb 2026 11:18:56
698b154dd585b77318a5b476,data_ml,p_count_2,robo,0,10 Feb 2026 11:23:57
698b1679d585b77318a5b47d,data_ml,p_count_2,robo,0,10 Feb 2026 11:28:57
698b17a6d585b77318a5b483,data_ml,p_count_2,robo,0,10 Feb 2026 11:33:58
698b18d2d585b77318a5b48a,data_ml,p_count_2,robo,2,10 Feb 2026 11:38:58
698b19ffd585b77318a5b491,data_ml,p_count_2,robo,0,10 Feb 2026 11:43:59
698b1b2bd585b77318a5b498,data_ml,p_count_2,robo,3,10 Feb 2026 11:48:59
698b1c58d585b77318a5b49f,data_ml,p_count_2,robo,6,10 Feb 2026 11:54:0
698b1d84d585b77318a5b4a6,data_ml,p_count_2,robo,3,10 Feb 2026 11:59:0
698b1eb1d585b77318a5b4ad,data_ml,p_count_2,robo,0,10 Feb 2026 12:4:1
698b1fded585b77318a5b4b4,data_ml,p_count_2,robo,0,10 Feb 2026 12:9:2
698b210bd585b77318a5b4bb,data_ml,p_count_2,robo,0,10 Feb 2026 12:14:3
698b2237d585b77318a5b4c2,data_ml,p_count_2,robo,2,10 Feb 2026 12:19:3
698b2364d585b77318a5b4c9,data_ml,p_count_2,robo,0,10 Feb 2026 12:24:4
698b2490d585b77318a5b4d0,data_ml,p_count_2,robo,0,10 Feb 2026 12:29:4
698b25bdd585b77318a5b4d7,data_ml,p_count_2,robo,1,10 Feb 2026 12:34:5
698b26e9d585b77318a5b4df,data_ml,p_count_2,robo,0,10 Feb 2026 12:39:5
698b2816d585b77318a5b4e6,data_ml,p_count_2,robo,3,10 Feb 2026 12:44:6
698b2943d585b77318a5b4ed,data_ml,p_count_2,robo,2,10 Feb 2026 12:49:7
698b2a6fd585b77318a5b4f4,data_ml,p_count_2,robo,2,10 Feb 2026 12:54:7
698b2b9cd585b77318a5b4fb,data_ml,p_count_2,robo,5,10 Feb 2026 12:59:8
698b2cc8d585b77318a5b502,data_ml,p_count_2,robo,1,10 Feb 2026 13:4:8
698b2df5d585b77318a5b509,data_ml,p_count_2,robo,1,10 Feb 2026 13:9:9
698b2f21d585b77318a5b510,data_ml,p_count_2,robo,4,10 Feb 2026 13:14:9
698b304ed585b77318a5b517,data_ml,p_count_2,robo,3,10 Feb 2026 13:19:10
698b317bd585b77318a5b51e,data_ml,p_count_2,robo,1,10 Feb 2026 13:24:11
698b32a7d585b77318a5b525,data_ml,p_count_2,robo,1,10 Feb 2026 13:29:11
698b33d4d585b77318a5b52c,data_ml,p_count_2,robo,1,10 Feb 2026 13:34:12
698b3500d585b77318a5b533,data_ml,p_count_2,robo,1,10 Feb 2026 13:39:12
698b362dd585b77318a5b53a,data_ml,p_count_2,robo,0,10 Feb 2026 13:44:13
698b3759d585b77318a5b541,data_ml,p_count_2,robo,1,10 Feb 2026 13:49:13
698b3886d585b77318a5b548,data_ml,p_count_2,robo,5,10 Feb 2026 13:54:14
698b39b3d585b77318a5b54f,data_ml,p_count_2,robo,2,10 Feb 2026 13:59:15
698b3adfd585b77318a5b555,data_ml,p_count_2,robo,3,10 Feb 2026 14:4:15
698b3c0cd585b77318a5b55c,data_ml,p_count_2,robo,0,10 Feb 2026 14:9:16
698b3d38d585b77318a5b563,data_ml,p_count_2,robo,1,10 Feb 2026 14:14:16
698b3e65d585b77318a5b56a,data_ml,p_count_2,robo,0,10 Feb 2026 14:19:17
698b3f91d585b77318a5b571,data_ml,p_count_2,robo,0,10 Feb 2026 14:24:17
698b40bed585b77318a5b578,data_ml,p_count_2,robo,0,10 Feb 2026 14:29:18
698b41ead585b77318a5b57f,data_ml,p_count_2,robo,0,10 Feb 2026 14:34:18
698b4318d585b77318a5b586,data_ml,p_count_2,robo,4,10 Feb 2026 14:39:20
698b4444d585b77318a5b58d,data_ml,p_count_2,robo,0,10 Feb 2026 14:44:20
698b4571d585b77318a5b594,data_ml,p_count_2,robo,0,10 Feb 2026 14:49:21
698b469dd585b77318a5b59b,data_ml,p_count_2,robo,0,10 Feb 2026 14:54:21
698b47cad585b77318a5b5a1,data_ml,p_count_2,robo,0,10 Feb 2026 14:59:22
698b48f6d585b77318a5b5a8,data_ml,p_count_2,robo,1,10 Feb 2026 15:4:22
698b4a23d585b77318a5b5af,data_ml,p_count_2,robo,2,10 Feb 2026 15:9:23
698b4b4fd585b77318a5b5b6,data_ml,p_count_2,robo,0,10 Feb 2026 15:14:23
698b4c7cd585b77318a5b5bd,data_ml,p_count_2,robo,0,10 Feb 2026 15:19:24
698b4da9d585b77318a5b5c4,data_ml,p_count_2,robo,0,10 Feb 2026 15:24:25
698b4ed5d585b77318a5b5cb,data_ml,p_count_2,robo,0,10 Feb 2026 15:29:25
698b5002d585b77318a5b5d2,data_ml,p_count_2,robo,0,10 Feb 2026 15:34:26
698b512ed585b77318a5b5d9,data_ml,p_count_2,robo,0,10 Feb 2026 15:39:26
698b525bd585b77318a5b5e0,data_ml,p_count_2,robo,1,10 Feb 2026 15:44:27
698b5387d585b77318a5b5e7,data_ml,p_count_2,robo,2,10 Feb 2026 15:49:27
698b54b4d585b77318a5b5ee,data_ml,p_count_2,robo,0,10 Feb 2026 15:54:28
698b55e0d585b77318a5b5f5,data_ml,p_count_2,robo,0,10 Feb 2026 15:59:28
698b570dd585b77318a5b5fc,data_ml,p_count_2,robo,0,10 Feb 2026 16:4:29
698b583ad585b77318a5b603,data_ml,p_count_2,robo,0,10 Feb 2026 16:9:30
698b5966d585b77318a5b60a,data_ml,p_count_2,robo,0,10 Feb 2026 16:14:30
698b5a93d585b77318a5b611,data_ml,p_count_2,robo,0,10 Feb 2026 16:19:31
698b5bbfd585b77318a5b618,data_ml,p_count_2,robo,0,10 Feb 2026 16:24:31
698b5cecd585b77318a5b61f,data_ml,p_count_2,robo,0,10 Feb 2026 16:29:32
698b5e19d585b77318a5b625,data_ml,p_count_2,robo,0,10 Feb 2026 16:34:33
698b5f45d585b77318a5b62c,data_ml,p_count_2,robo,0,10 Feb 2026 16:39:33
698b6072d585b77318a5b633,data_ml,p_count_2,robo,2,10 Feb 2026 16:44:34
698b619ed585b77318a5b63a,data_ml,p_count_2,robo,0,10 Feb 2026 16:49:34
698b62cbd585b77318a5b641,data_ml,p_count_2,robo,0,10 Feb 2026 16:54:35
698b63f7d585b77318a5b648,data_ml,p_count_2,robo,0,10 Feb 2026 16:59:35
698b6524d585b77318a5b64f,data_ml,p_count_2,robo,0,10 Feb 2026 17:4:36
698b6651d585b77318a5b656,data_ml,p_count_2,robo,0,10 Feb 2026 17:9:37
698b6c30f08b7a577e33e385,data_ml,p_count_2,robo,0,10 Feb 2026 17:34:40
698b733bf8da9ff8a14241e9,data_ml,p_count_2,robo,0,10 Feb 2026 18:4:43
698b7468f8da9ff8a14241f0,data_ml,p_count_2,robo,0,10 Feb 2026 18:9:44
698b7594f8da9ff8a14241f7,data_ml,p_count_2,robo,0,10 Feb 2026 18:14:44
698b76c1f8da9ff8a14241fe,data_ml,p_count_2,robo,0,10 Feb 2026 18:19:45
698b77edf8da9ff8a1424205,data_ml,p_count_2,robo,0,10 Feb 2026 18:24:45
698b791af8da9ff8a142420c,data_ml,p_count_2,robo,0,10 Feb 2026 18:29:46
698b7a46f8da9ff8a1424213,data_ml,p_count_2,robo,0,10 Feb 2026 18:34:46
698b7b73f8da9ff8a142421a,data_ml,p_count_2,robo,0,10 Feb 2026 18:39:47
698b7ca0f8da9ff8a1424221,data_ml,p_count_2,robo,0,10 Feb 2026 18:44:48
698b7dccf8da9ff8a1424228,data_ml,p_count_2,robo,0,10 Feb 2026 18:49:48
698b7ef9f8da9ff8a142422f,data_ml,p_count_2,robo,0,10 Feb 2026 18:54:49
698b8025f8da9ff8a1424236,data_ml,p_count_2,robo,0,10 Feb 2026 18:59:49
698b8152f8da9ff8a142423c,data_ml,p_count_2,robo,0,10 Feb 2026 19:4:50
698b827ef8da9ff8a1424243,data_ml,p_count_2,robo,0,10 Feb 2026 19:9:50
698b83abf8da9ff8a142424a,data_ml,p_count_2,robo,0,10 Feb 2026 19:14:51
698b84d8f8da9ff8a1424251,data_ml,p_count_2,robo,0,10 Feb 2026 19:19:52
698b8604f8da9ff8a1424258,data_ml,p_count_2,robo,0,10 Feb 2026 19:24:52
698b8731f8da9ff8a142425f,data_ml,p_count_2,robo,0,10 Feb 2026 19:29:53
698b885df8da9ff8a1424266,data_ml,p_count_2,robo,0,10 Feb 2026 19:34:53
698b898af8da9ff8a142426d,data_ml,p_count_2,robo,0,10 Feb 2026 19:39:54
698b8ab7f8da9ff8a1424274,data_ml,p_count_2,robo,0,10 Feb 2026 19:44:55
698b8be4f8da9ff8a142427b,data_ml,p_count_2,robo,0,10 Feb 2026 19:49:56
698b8d10f8da9ff8a1424282,data_ml,p_count_2,robo,0,10 Feb 2026 19:54:56
698b8e3df8da9ff8a1424289,data_ml,p_count_2,robo,0,10 Feb 2026 19:59:57
698b8f69f8da9ff8a1424290,data_ml,p_count_2,robo,0,10 Feb 2026 20:4:57
698b9096f8da9ff8a1424297,data_ml,p_count_2,robo,0,10 Feb 2026 20:9:58
698b91c2f8da9ff8a142429e,data_ml,p_count_2,robo,0,10 Feb 2026 20:14:58
698b92eff8da9ff8a14242a5,data_ml,p_count_2,robo,0,10 Feb 2026 20:19:59
698b941cf8da9ff8a14242ac,data_ml,p_count_2,robo,0,10 Feb 2026 20:25:0
698b9548f8da9ff8a14242b4,data_ml,p_count_2,robo,0,10 Feb 2026 20:30:0
698b9675f8da9ff8a14242bb,data_ml,p_count_2,robo,0,10 Feb 2026 20:35:1
698b97a1f8da9ff8a14242c2,data_ml,p_count_2,robo,0,10 Feb 2026 20:40:1
698b98cef8da9ff8a14242c9,data_ml,p_count_2,robo,0,10 Feb 2026 20:45:2
698b99fbf8da9ff8a14242d0,data_ml,p_count_2,robo,0,10 Feb 2026 20:50:3
698b9b27f8da9ff8a14242d7,data_ml,p_count_2,robo,0,10 Feb 2026 20:55:3
698b9c54f8da9ff8a14242de,data_ml,p_count_2,robo,0,10 Feb 2026 21:0:4
698b9d80f8da9ff8a14242e5,data_ml,p_count_2,robo,0,10 Feb 2026 21:5:4
698b9eadf8da9ff8a14242ec,data_ml,p_count_2,robo,0,10 Feb 2026 21:10:5
698b9fd9f8da9ff8a14242f3,data_ml,p_count_2,robo,0,10 Feb 2026 21:15:5
698ba106f8da9ff8a14242fa,data_ml,p_count_2,robo,0,10 Feb 2026 21:20:6
698ba232f8da9ff8a1424301,data_ml,p_count_2,robo,0,10 Feb 2026 21:25:6
698ba35ff8da9ff8a1424308,data_ml,p_count_2,robo,0,10 Feb 2026 21:30:7
698ba48cf8da9ff8a142430e,data_ml,p_count_2,robo,0,10 Feb 2026 21:35:8
698ba5b8f8da9ff8a1424315,data_ml,p_count_2,robo,0,10 Feb 2026 21:40:8
698ba6e5f8da9ff8a142431c,data_ml,p_count_2,robo,0,10 Feb 2026 21:45:9
698ba811f8da9ff8a1424323,data_ml,p_count_2,robo,0,10 Feb 2026 21:50:9
698ba93ef8da9ff8a142432a,data_ml,p_count_2,robo,0,10 Feb 2026 21:55:10
698baa6af8da9ff8a1424331,data_ml,p_count_2,robo,0,10 Feb 2026 22:0:10
698bab97f8da9ff8a1424338,data_ml,p_count_2,robo,0,10 Feb 2026 22:5:11
698bacc4f8da9ff8a142433f,data_ml,p_count_2,robo,0,10 Feb 2026 22:10:12
698badf1f8da9ff8a1424346,data_ml,p_count_2,robo,0,10 Feb 2026 22:15:13
698baf1df8da9ff8a142434d,data_ml,p_count_2,robo,0,10 Feb 2026 22:20:13
698bb04af8da9ff8a1424354,data_ml,p_count_2,robo,0,10 Feb 2026 22:25:14
698bb176f8da9ff8a142435b,data_ml,p_count_2,robo,0,10 Feb 2026 22:30:14
698bb2a3f8da9ff8a1424362,data_ml,p_count_2,robo,0,10 Feb 2026 22:35:15
698bb3cff8da9ff8a1424369,data_ml,p_count_2,robo,0,10 Feb 2026 22:40:15
698bb4fcf8da9ff8a1424370,data_ml,p_count_2,robo,0,10 Feb 2026 22:45:16
698bb629f8da9ff8a1424378,data_ml,p_count_2,robo,0,10 Feb 2026 22:50:17
698bb755f8da9ff8a142437f,data_ml,p_count_2,robo,0,10 Feb 2026 22:55:17
698bb882f8da9ff8a1424386,data_ml,p_count_2,robo,0,10 Feb 2026 23:0:18
698bb9aef8da9ff8a142438d,data_ml,p_count_2,robo,0,10 Feb 2026 23:5:18
698bbadbf8da9ff8a1424394,data_ml,p_count_2,robo,0,10 Feb 2026 23:10:19
698bbc07f8da9ff8a142439b,data_ml,p_count_2,robo,0,10 Feb 2026 23:15:19
698bbd34f8da9ff8a14243a2,data_ml,p_count_2,robo,0,10 Feb 2026 23:20:20
698bbe61f8da9ff8a14243a9,data_ml,p_count_2,robo,0,10 Feb 2026 23:25:21
698bbf8df8da9ff8a14243b0,data_ml,p_count_2,robo,0,10 Feb 2026 23:30:21
698bc0baf8da9ff8a14243b7,data_ml,p_count_2,robo,0,10 Feb 2026 23:35:22
698bc1e6f8da9ff8a14243be,data_ml,p_count_2,robo,0,10 Feb 2026 23:40:22
698bc313f8da9ff8a14243c5,data_ml,p_count_2,robo,0,10 Feb 2026 23:45:23
698bc43ff8da9ff8a14243cc,data_ml,p_count_2,robo,0,10 Feb 2026 23:50:23
698bc56cf8da9ff8a14243d3,data_ml,p_count_2,robo,0,10 Feb 2026 23:55:24
698bc698f8da9ff8a14243d9,data_ml,p_count_2,robo,0,11 Feb 2026 0:0:24
698bc7c5f8da9ff8a14243e0,data_ml,p_count_2,robo,0,11 Feb 2026 0:5:25
698bc8f2f8da9ff8a14243e7,data_ml,p_count_2,robo,0,11 Feb 2026 0:10:26
698bca1ef8da9ff8a14243ee,data_ml,p_count_2,robo,0,11 Feb 2026 0:15:26
698bcb4bf8da9ff8a14243f5,data_ml,p_count_2,robo,0,11 Feb 2026 0:20:27
698bcc77f8da9ff8a14243fc,data_ml,p_count_2,robo,0,11 Feb 2026 0:25:27
698bcda4f8da9ff8a1424403,data_ml,p_count_2,robo,0,11 Feb 2026 0:30:28
698bced1f8da9ff8a142440a,data_ml,p_count_2,robo,0,11 Feb 2026 0:35:29
698bcffef8da9ff8a1424411,data_ml,p_count_2,robo,0,11 Feb 2026 0:40:30
698bd12af8da9ff8a1424418,data_ml,p_count_2,robo,0,11 Feb 2026 0:45:30
698bd257f8da9ff8a142441f,data_ml,p_count_2,robo,0,11 Feb 2026 0:50:31
698bd384f8da9ff8a1424426,data_ml,p_count_2,robo,0,11 Feb 2026 0:55:32
698bd4b0f8da9ff8a142442d,data_ml,p_count_2,robo,0,11 Feb 2026 1:0:32
698bd5ddf8da9ff8a1424434,data_ml,p_count_2,robo,0,11 Feb 2026 1:5:33
698bd709f8da9ff8a142443b,data_ml,p_count_2,robo,0,11 Feb 2026 1:10:33
698bd836f8da9ff8a1424442,data_ml,p_count_2,robo,0,11 Feb 2026 1:15:34
698bd963f8da9ff8a1424449,data_ml,p_count_2,robo,0,11 Feb 2026 1:20:35
698bda8ff8da9ff8a1424450,data_ml,p_count_2,robo,0,11 Feb 2026 1:25:35
698bdbbcf8da9ff8a1424457,data_ml,p_count_2,robo,0,11 Feb 2026 1:30:36
698bdce8f8da9ff8a142445e,data_ml,p_count_2,robo,0,11 Feb 2026 1:35:36
698bde15f8da9ff8a1424465,data_ml,p_count_2,robo,0,11 Feb 2026 1:40:37
698bdf42f8da9ff8a142446c,data_ml,p_count_2,robo,0,11 Feb 2026 1:45:38
698be06ef8da9ff8a1424473,data_ml,p_count_2,robo,0,11 Feb 2026 1:50:38
698be19bf8da9ff8a142447a,data_ml,p_count_2,robo,0,11 Feb 2026 1:55:39
698be2c7f8da9ff8a1424481,data_ml,p_count_2,robo,0,11 Feb 2026 2:0:39
698be3f4f8da9ff8a1424488,data_ml,p_count_2,robo,0,11 Feb 2026 2:5:40
698be521f8da9ff8a142448f,data_ml,p_count_2,robo,0,11 Feb 2026 2:10:41
698be64df8da9ff8a1424496,data_ml,p_count_2,robo,0,11 Feb 2026 2:15:41
698be77af8da9ff8a142449d,data_ml,p_count_2,robo,0,11 Feb 2026 2:20:42
698be8a6f8da9ff8a14244a4,data_ml,p_count_2,robo,0,11 Feb 2026 2:25:42
698be9d3f8da9ff8a14244aa,data_ml,p_count_2,robo,0,11 Feb 2026 2:30:43
698beb00f8da9ff8a14244b1,data_ml,p_count_2,robo,0,11 Feb 2026 2:35:44
698bec2cf8da9ff8a14244b8,data_ml,p_count_2,robo,0,11 Feb 2026 2:40:44
698bed59f8da9ff8a14244bf,data_ml,p_count_2,robo,0,11 Feb 2026 2:45:45
698bee85f8da9ff8a14244c6,data_ml,p_count_2,robo,0,11 Feb 2026 2:50:45
698befb2f8da9ff8a14244cd,data_ml,p_count_2,robo,0,11 Feb 2026 2:55:46
698bf0def8da9ff8a14244d4,data_ml,p_count_2,robo,0,11 Feb 2026 3:0:46
698bf20bf8da9ff8a14244db,data_ml,p_count_2,robo,0,11 Feb 2026 3:5:47
698bf338f8da9ff8a14244e2,data_ml,p_count_2,robo,0,11 Feb 2026 3:10:48
698bf465f8da9ff8a14244e9,data_ml,p_count_2,robo,0,11 Feb 2026 3:15:49
698bf591f8da9ff8a14244f0,data_ml,p_count_2,robo,0,11 Feb 2026 3:20:49
698bf6bef8da9ff8a14244f7,data_ml,p_count_2,robo,0,11 Feb 2026 3:25:50
698bf7ebf8da9ff8a14244fe,data_ml,p_count_2,robo,0,11 Feb 2026 3:30:51
698bf917f8da9ff8a1424505,data_ml,p_count_2,robo,0,11 Feb 2026 3:35:51
698bfa44f8da9ff8a142450c,data_ml,p_count_2,robo,0,11 Feb 2026 3:40:52
698bfb70f8da9ff8a1424513,data_ml,p_count_2,robo,0,11 Feb 2026 3:45:52
698bfc9df8da9ff8a142451a,data_ml,p_count_2,robo,0,11 Feb 2026 3:50:53
698bfdcaf8da9ff8a1424521,data_ml,p_count_2,robo,0,11 Feb 2026 3:55:54
698bfef6f8da9ff8a1424528,data_ml,p_count_2,robo,0,11 Feb 2026 4:0:54
698c0023f8da9ff8a142452f,data_ml,p_count_2,robo,0,11 Feb 2026 4:5:55
698c014ff8da9ff8a1424536,data_ml,p_count_2,robo,0,11 Feb 2026 4:10:55
698c027cf8da9ff8a142453d,data_ml,p_count_2,robo,0,11 Feb 2026 4:15:56
698c03a9f8da9ff8a1424544,data_ml,p_count_2,robo,0,11 Feb 2026 4:20:57
698c04d5f8da9ff8a142454b,data_ml,p_count_2,robo,0,11 Feb 2026 4:25:57
698c0602f8da9ff8a1424552,data_ml,p_count_2,robo,0,11 Feb 2026 4:30:58
698c072ef8da9ff8a1424559,data_ml,p_count_2,robo,0,11 Feb 2026 4:35:58
698c085bf8da9ff8a1424560,data_ml,p_count_2,robo,0,11 Feb 2026 4:40:59
698c0988f8da9ff8a1424567,data_ml,p_count_2,robo,0,11 Feb 2026 4:46:0
698c0ab4f8da9ff8a142456e,data_ml,p_count_2,robo,0,11 Feb 2026 4:51:0
698c0be1f8da9ff8a1424575,data_ml,p_count_2,robo,0,11 Feb 2026 4:56:1
698c0d0df8da9ff8a142457b,data_ml,p_count_2,robo,0,11 Feb 2026 5:1:1
698c0e3af8da9ff8a1424582,data_ml,p_count_2,robo,0,11 Feb 2026 5:6:2
698c0f66f8da9ff8a1424589,data_ml,p_count_2,robo,0,11 Feb 2026 5:11:2
698c1093f8da9ff8a1424590,data_ml,p_count_2,robo,0,11 Feb 2026 5:16:3
698c11c0f8da9ff8a1424597,data_ml,p_count_2,robo,0,11 Feb 2026 5:21:4
698c12ecf8da9ff8a142459e,data_ml,p_count_2,robo,0,11 Feb 2026 5:26:4
698c1419f8da9ff8a14245a5,data_ml,p_count_2,robo,0,11 Feb 2026 5:31:5
698c1545f8da9ff8a14245ac,data_ml,p_count_2,robo,0,11 Feb 2026 5:36:5
698c1673f8da9ff8a14245b3,data_ml,p_count_2,robo,0,11 Feb 2026 5:41:7
698c179ff8da9ff8a14245ba,data_ml,p_count_2,robo,0,11 Feb 2026 5:46:7
698c18ccf8da9ff8a14245c2,data_ml,p_count_2,robo,0,11 Feb 2026 5:51:8
698c19f9f8da9ff8a14245c9,data_ml,p_count_2,robo,0,11 Feb 2026 5:56:9
698c1b25f8da9ff8a14245d0,data_ml,p_count_2,robo,0,11 Feb 2026 6:1:9
698c1c52f8da9ff8a14245d7,data_ml,p_count_2,robo,0,11 Feb 2026 6:6:10
698c1d7ff8da9ff8a14245de,data_ml,p_count_2,robo,0,11 Feb 2026 6:11:11
698c1eabf8da9ff8a14245e5,data_ml,p_count_2,robo,0,11 Feb 2026 6:16:11
698c1fd8f8da9ff8a14245ec,data_ml,p_count_2,robo,0,11 Feb 2026 6:21:12
698c2104f8da9ff8a14245f3,data_ml,p_count_2,robo,0,11 Feb 2026 6:26:12
698c2231f8da9ff8a14245fa,data_ml,p_count_2,robo,0,11 Feb 2026 6:31:13
698c235ef8da9ff8a1424601,data_ml,p_count_2,robo,0,11 Feb 2026 6:36:14
698c248af8da9ff8a1424608,data_ml,p_count_2,robo,0,11 Feb 2026 6:41:14
698c25b7f8da9ff8a142460f,data_ml,p_count_2,robo,0,11 Feb 2026 6:46:15
698c26e3f8da9ff8a1424616,data_ml,p_count_2,robo,0,11 Feb 2026 6:51:15
698c2810f8da9ff8a142461d,data_ml,p_count_2,robo,0,11 Feb 2026 6:56:16
698c293df8da9ff8a1424624,data_ml,p_count_2,robo,0,11 Feb 2026 7:1:17
698c2a69f8da9ff8a142462b,data_ml,p_count_2,robo,1,11 Feb 2026 7:6:17
698c2b96f8da9ff8a1424632,data_ml,p_count_2,robo,0,11 Feb 2026 7:11:18
698c2cc2f8da9ff8a1424639,data_ml,p_count_2,robo,1,11 Feb 2026 7:16:18
698c2deff8da9ff8a1424640,data_ml,p_count_2,robo,0,11 Feb 2026 7:21:19
698c2f1cf8da9ff8a1424647,data_ml,p_count_2,robo,2,11 Feb 2026 7:26:20
698c3048f8da9ff8a142464d,data_ml,p_count_2,robo,1,11 Feb 2026 7:31:20
698c3175f8da9ff8a1424654,data_ml,p_count_2,robo,1,11 Feb 2026 7:36:21
698c32a1f8da9ff8a142465b,data_ml,p_count_2,robo,2,11 Feb 2026 7:41:21
698c33cef8da9ff8a1424662,data_ml,p_count_2,robo,0,11 Feb 2026 7:46:22
698c34faf8da9ff8a1424669,data_ml,p_count_2,robo,0,11 Feb 2026 7:51:22
698c3627f8da9ff8a1424670,data_ml,p_count_2,robo,0,11 Feb 2026 7:56:23
698c3754f8da9ff8a1424677,data_ml,p_count_2,robo,2,11 Feb 2026 8:1:24
698c3880f8da9ff8a142467e,data_ml,p_count_2,robo,0,11 Feb 2026 8:6:24
698c39adf8da9ff8a1424685,data_ml,p_count_2,robo,0,11 Feb 2026 8:11:25
698c3adaf8da9ff8a142468c,data_ml,p_count_2,robo,0,11 Feb 2026 8:16:26
698c3c06f8da9ff8a1424693,data_ml,p_count_2,robo,0,11 Feb 2026 8:21:26
698c3d33f8da9ff8a142469a,data_ml,p_count_2,robo,0,11 Feb 2026 8:26:27
698c3e60f8da9ff8a14246a1,data_ml,p_count_2,robo,0,11 Feb 2026 8:31:28
698c3f8cf8da9ff8a14246a8,data_ml,p_count_2,robo,0,11 Feb 2026 8:36:28
698c40b9f8da9ff8a14246af,data_ml,p_count_2,robo,0,11 Feb 2026 8:41:29
698c41e5f8da9ff8a14246b6,data_ml,p_count_2,robo,0,11 Feb 2026 8:46:29
698c4312f8da9ff8a14246bd,data_ml,p_count_2,robo,0,11 Feb 2026 8:51:30
698c443ef8da9ff8a14246c4,data_ml,p_count_2,robo,3,11 Feb 2026 8:56:30
698c456bf8da9ff8a14246cb,data_ml,p_count_2,robo,2,11 Feb 2026 9:1:31
698c4698f8da9ff8a14246d2,data_ml,p_count_2,robo,4,11 Feb 2026 9:6:32
698c47c4f8da9ff8a14246d9,data_ml,p_count_2,robo,1,11 Feb 2026 9:11:32
698c48f1f8da9ff8a14246e0,data_ml,p_count_2,robo,2,11 Feb 2026 9:16:33
698c4a1df8da9ff8a14246e7,data_ml,p_count_2,robo,0,11 Feb 2026 9:21:33
698c4b4af8da9ff8a14246ee,data_ml,p_count_2,robo,1,11 Feb 2026 9:26:34
698c4c77f8da9ff8a14246f5,data_ml,p_count_2,robo,0,11 Feb 2026 9:31:35
698c4da3f8da9ff8a14246fc,data_ml,p_count_2,robo,0,11 Feb 2026 9:36:35
698c4ed0f8da9ff8a1424703,data_ml,p_count_2,robo,0,11 Feb 2026 9:41:36
698c4ffcf8da9ff8a142470a,data_ml,p_count_2,robo,1,11 Feb 2026 9:46:36
698c5129f8da9ff8a1424711,data_ml,p_count_2,robo,1,11 Feb 2026 9:51:37
698c5256f8da9ff8a1424718,data_ml,p_count_2,robo,0,11 Feb 2026 9:56:38
698c5382f8da9ff8a142471e,data_ml,p_count_2,robo,4,11 Feb 2026 10:1:38
698c54aff8da9ff8a1424725,data_ml,p_count_2,robo,2,11 Feb 2026 10:6:39
698c55dbf8da9ff8a142472c,data_ml,p_count_2,robo,2,11 Feb 2026 10:11:39
698c5708f8da9ff8a1424733,data_ml,p_count_2,robo,2,11 Feb 2026 10:16:40
698c5834f8da9ff8a142473a,data_ml,p_count_2,robo,1,11 Feb 2026 10:21:40
698c5961f8da9ff8a1424741,data_ml,p_count_2,robo,2,11 Feb 2026 10:26:41
698c5a8ef8da9ff8a1424748,data_ml,p_count_2,robo,0,11 Feb 2026 10:31:42
698c5bbaf8da9ff8a142474f,data_ml,p_count_2,robo,4,11 Feb 2026 10:36:42
698c5ce7f8da9ff8a1424756,data_ml,p_count_2,robo,0,11 Feb 2026 10:41:43
698c5e14f8da9ff8a142475d,data_ml,p_count_2,robo,3,11 Feb 2026 10:46:44
698c5f41f8da9ff8a1424764,data_ml,p_count_2,robo,1,11 Feb 2026 10:51:45
698c606d42bc8d03a1a6b18c,data_ml,p_count_2,robo,0,11 Feb 2026 10:56:45
698c62c6ea6e634af2c566bb,data_ml,p_count_2,robo,1,11 Feb 2026 11:6:46
698c63f3ea6e634af2c566c2,data_ml,p_count_2,robo,1,11 Feb 2026 11:11:47
698c6520ea6e634af2c566c9,data_ml,p_count_2,robo,2,11 Feb 2026 11:16:48
698c68a5af770108d085c7f7,data_ml,p_count_2,robo,0,11 Feb 2026 11:31:49
698c6aff3505a4310db2ff0f,data_ml,p_count_2,robo,0,11 Feb 2026 11:41:51
698c6c2b3505a4310db2ff16,data_ml,p_count_2,robo,1,11 Feb 2026 11:46:51
698c6d583505a4310db2ff1d,data_ml,p_count_2,robo,2,11 Feb 2026 11:51:52
698c6e843505a4310db2ff24,data_ml,p_count_2,robo,8,11 Feb 2026 11:56:52
698c6fb13505a4310db2ff2b,data_ml,p_count_2,robo,1,11 Feb 2026 12:1:53
698c70de3505a4310db2ff32,data_ml,p_count_2,robo,5,11 Feb 2026 12:6:54
698c720a3505a4310db2ff39,data_ml,p_count_2,robo,3,11 Feb 2026 12:11:54
698c73373505a4310db2ff40,data_ml,p_count_2,robo,2,11 Feb 2026 12:16:55
698c74633505a4310db2ff47,data_ml,p_count_2,robo,0,11 Feb 2026 12:21:55
698c75903505a4310db2ff4e,data_ml,p_count_2,robo,0,11 Feb 2026 12:26:56
698c76bd3505a4310db2ff54,data_ml,p_count_2,robo,1,11 Feb 2026 12:31:57
698c77e93505a4310db2ff5b,data_ml,p_count_2,robo,5,11 Feb 2026 12:36:57
698c79163505a4310db2ff62,data_ml,p_count_2,robo,1,11 Feb 2026 12:41:58
698c7a423505a4310db2ff69,data_ml,p_count_2,robo,8,11 Feb 2026 12:46:58
698c7b6f3505a4310db2ff70,data_ml,p_count_2,robo,4,11 Feb 2026 12:51:59
698c7c9c3505a4310db2ff77,data_ml,p_count_2,robo,1,11 Feb 2026 12:57:0
698c7dc83505a4310db2ff7e,data_ml,p_count_2,robo,2,11 Feb 2026 13:2:0
698c7ef53505a4310db2ff85,data_ml,p_count_2,robo,2,11 Feb 2026 13:7:1
698c80223505a4310db2ff8c,data_ml,p_count_2,robo,0,11 Feb 2026 13:12:2
698c814f3505a4310db2ff93,data_ml,p_count_2,robo,0,11 Feb 2026 13:17:3
698c827b3505a4310db2ff9a,data_ml,p_count_2,robo,2,11 Feb 2026 13:22:3
698c83a83505a4310db2ffa1,data_ml,p_count_2,robo,2,11 Feb 2026 13:27:4
698c84d53505a4310db2ffa8,data_ml,p_count_2,robo,4,11 Feb 2026 13:32:5
698c86013505a4310db2ffaf,data_ml,p_count_2,robo,2,11 Feb 2026 13:37:5
698c872e3505a4310db2ffb6,data_ml,p_count_2,robo,7,11 Feb 2026 13:42:6
698c885a3505a4310db2ffbd,data_ml,p_count_2,robo,3,11 Feb 2026 13:47:6
698c89873505a4310db2ffc4,data_ml,p_count_2,robo,2,11 Feb 2026 13:52:7
698c8ab43505a4310db2ffcb,data_ml,p_count_2,robo,0,11 Feb 2026 13:57:8
698c8be03505a4310db2ffd2,data_ml,p_count_2,robo,3,11 Feb 2026 14:2:8
698c8d0d3505a4310db2ffd9,data_ml,p_count_2,robo,0,11 Feb 2026 14:7:9
698c8e393505a4310db2ffe0,data_ml,p_count_2,robo,0,11 Feb 2026 14:12:9
698c8f663505a4310db2ffe7,data_ml,p_count_2,robo,1,11 Feb 2026 14:17:10
698c90933505a4310db2ffee,data_ml,p_count_2,robo,0,11 Feb 2026 14:22:10
698c91bf3505a4310db2fff5,data_ml,p_count_2,robo,2,11 Feb 2026 14:27:11
698c92ec3505a4310db2fffc,data_ml,p_count_2,robo,1,11 Feb 2026 14:32:12
698c94183505a4310db30003,data_ml,p_count_2,robo,1,11 Feb 2026 14:37:12
698c95453505a4310db3000a,data_ml,p_count_2,robo,2,11 Feb 2026 14:42:13
698c96713505a4310db30011,data_ml,p_count_2,robo,2,11 Feb 2026 14:47:13
698c979e3505a4310db30018,data_ml,p_count_2,robo,2,11 Feb 2026 14:52:14
698c98ca3505a4310db30020,data_ml,p_count_2,robo,0,11 Feb 2026 14:57:14
698c99f73505a4310db30026,data_ml,p_count_2,robo,1,11 Feb 2026 15:2:15
698c9b243505a4310db3002d,data_ml,p_count_2,robo,2,11 Feb 2026 15:7:16
698c9c503505a4310db30034,data_ml,p_count_2,robo,2,11 Feb 2026 15:12:16
698c9d7d799b2e59faef6149,data_ml,p_count_2,robo,0,11 Feb 2026 15:17:17
698c9eaa799b2e59faef6150,data_ml,p_count_2,robo,2,11 Feb 2026 15:22:18
698c9fd6799b2e59faef6156,data_ml,p_count_2,robo,1,11 Feb 2026 15:27:18
698ca10331d0b93f991ae86c,data_ml,p_count_2,robo,1,11 Feb 2026 15:32:19
698ca22f31d0b93f991ae873,data_ml,p_count_2,robo,0,11 Feb 2026 15:37:19
698ca35d31d0b93f991ae87a,data_ml,p_count_2,robo,0,11 Feb 2026 15:42:21
698ca48931d0b93f991ae881,data_ml,p_count_2,robo,0,11 Feb 2026 15:47:21
698ca5b631d0b93f991ae888,data_ml,p_count_2,robo,1,11 Feb 2026 15:52:22
698ca6e331d0b93f991ae88f,data_ml,p_count_2,robo,0,11 Feb 2026 15:57:23
698ca80f31d0b93f991ae896,data_ml,p_count_2,robo,0,11 Feb 2026 16:2:23
698ca93c31d0b93f991ae89d,data_ml,p_count_2,robo,0,11 Feb 2026 16:7:24
698caa6831d0b93f991ae8a4,data_ml,p_count_2,robo,0,11 Feb 2026 16:12:24
698cab9531d0b93f991ae8ab,data_ml,p_count_2,robo,0,11 Feb 2026 16:17:25
698cacc131d0b93f991ae8b2,data_ml,p_count_2,robo,1,11 Feb 2026 16:22:25
698cadee31d0b93f991ae8b9,data_ml,p_count_2,robo,1,11 Feb 2026 16:27:26
698caf1b31d0b93f991ae8c0,data_ml,p_count_2,robo,0,11 Feb 2026 16:32:27
698cb04731d0b93f991ae8c7,data_ml,p_count_2,robo,1,11 Feb 2026 16:37:27
698cb17431d0b93f991ae8ce,data_ml,p_count_2,robo,0,11 Feb 2026 16:42:28
698cb2a031d0b93f991ae8d5,data_ml,p_count_2,robo,0,11 Feb 2026 16:47:28
698cb3cd31d0b93f991ae8dc,data_ml,p_count_2,robo,0,11 Feb 2026 16:52:29
698cb4f931d0b93f991ae8e3,data_ml,p_count_2,robo,0,11 Feb 2026 16:57:29
698cb62631d0b93f991ae8ea,data_ml,p_count_2,robo,0,11 Feb 2026 17:2:30
698cb75331d0b93f991ae8f1,data_ml,p_count_2,robo,0,11 Feb 2026 17:7:31
698cb87f31d0b93f991ae8f8,data_ml,p_count_2,robo,0,11 Feb 2026 17:12:31
698cb9ac31d0b93f991ae8ff,data_ml,p_count_2,robo,0,11 Feb 2026 17:17:32
698cbad831d0b93f991ae906,data_ml,p_count_2,robo,0,11 Feb 2026 17:22:32
698cbc0531d0b93f991ae90d,data_ml,p_count_2,robo,0,11 Feb 2026 17:27:33
698cbd3131d0b93f991ae913,data_ml,p_count_2,robo,0,11 Feb 2026 17:32:33
698cbe5e31d0b93f991ae91a,data_ml,p_count_2,robo,0,11 Feb 2026 17:37:34
698cbf8a31d0b93f991ae921,data_ml,p_count_2,robo,0,11 Feb 2026 17:42:34
698cc0b731d0b93f991ae928,data_ml,p_count_2,robo,0,11 Feb 2026 17:47:35
698cc1e431d0b93f991ae92f,data_ml,p_count_2,robo,0,11 Feb 2026 17:52:36
698cc31031d0b93f991ae936,data_ml,p_count_2,robo,0,11 Feb 2026 17:57:36
698cc43d31d0b93f991ae93d,data_ml,p_count_2,robo,0,11 Feb 2026 18:2:37
698cc56931d0b93f991ae944,data_ml,p_count_2,robo,0,11 Feb 2026 18:7:37
698cc69631d0b93f991ae94b,data_ml,p_count_2,robo,0,11 Feb 2026 18:12:38
698cc7c331d0b93f991ae952,data_ml,p_count_2,robo,0,11 Feb 2026 18:17:39
698cc8f031d0b93f991ae959,data_ml,p_count_2,robo,0,11 Feb 2026 18:22:40
698cca1c31d0b93f991ae960,data_ml,p_count_2,robo,0,11 Feb 2026 18:27:40
698ccb4931d0b93f991ae967,data_ml,p_count_2,robo,0,11 Feb 2026 18:32:41
698ccc7531d0b93f991ae96e,data_ml,p_count_2,robo,0,11 Feb 2026 18:37:41
698ccda231d0b93f991ae975,data_ml,p_count_2,robo,0,11 Feb 2026 18:42:42
698ccece31d0b93f991ae97c,data_ml,p_count_2,robo,0,11 Feb 2026 18:47:42
698ccffb31d0b93f991ae983,data_ml,p_count_2,robo,0,11 Feb 2026 18:52:43
698cd12831d0b93f991ae98a,data_ml,p_count_2,robo,0,11 Feb 2026 18:57:44
698cd25431d0b93f991ae991,data_ml,p_count_2,robo,0,11 Feb 2026 19:2:44
698cd38131d0b93f991ae998,data_ml,p_count_2,robo,0,11 Feb 2026 19:7:45
698cd4ad31d0b93f991ae99f,data_ml,p_count_2,robo,0,11 Feb 2026 19:12:45
698cd5da31d0b93f991ae9a6,data_ml,p_count_2,robo,0,11 Feb 2026 19:17:46
698cd70631d0b93f991ae9ad,data_ml,p_count_2,robo,0,11 Feb 2026 19:22:46
698cd83331d0b93f991ae9b4,data_ml,p_count_2,robo,0,11 Feb 2026 19:27:47
698cd96031d0b93f991ae9bb,data_ml,p_count_2,robo,0,11 Feb 2026 19:32:48
698cda8c31d0b93f991ae9c2,data_ml,p_count_2,robo,0,11 Feb 2026 19:37:48
698cdbb931d0b93f991ae9c9,data_ml,p_count_2,robo,0,11 Feb 2026 19:42:49
698cdce531d0b93f991ae9d0,data_ml,p_count_2,robo,0,11 Feb 2026 19:47:49
698cde1231d0b93f991ae9d7,data_ml,p_count_2,robo,0,11 Feb 2026 19:52:50
698cdf3e31d0b93f991ae9de,data_ml,p_count_2,robo,0,11 Feb 2026 19:57:50
698ce06b31d0b93f991ae9e4,data_ml,p_count_2,robo,0,11 Feb 2026 20:2:51
698ce19831d0b93f991ae9eb,data_ml,p_count_2,robo,0,11 Feb 2026 20:7:52
698ce2c431d0b93f991ae9f2,data_ml,p_count_2,robo,0,11 Feb 2026 20:12:52
698ce3f131d0b93f991ae9f9,data_ml,p_count_2,robo,0,11 Feb 2026 20:17:53
698ce51d31d0b93f991aea00,data_ml,p_count_2,robo,0,11 Feb 2026 20:22:53
698ce64a31d0b93f991aea07,data_ml,p_count_2,robo,0,11 Feb 2026 20:27:54
698ce77731d0b93f991aea0e,data_ml,p_count_2,robo,0,11 Feb 2026 20:32:54
698ce8a331d0b93f991aea15,data_ml,p_count_2,robo,0,11 Feb 2026 20:37:55
698ce9d031d0b93f991aea1c,data_ml,p_count_2,robo,0,11 Feb 2026 20:42:56
698ceafd31d0b93f991aea23,data_ml,p_count_2,robo,0,11 Feb 2026 20:47:57
698cec2931d0b93f991aea2a,data_ml,p_count_2,robo,0,11 Feb 2026 20:52:57
698ced5631d0b93f991aea31,data_ml,p_count_2,robo,0,11 Feb 2026 20:57:58
698cee8231d0b93f991aea38,data_ml,p_count_2,robo,0,11 Feb 2026 21:2:58
698cefaf31d0b93f991aea3f,data_ml,p_count_2,robo,0,11 Feb 2026 21:7:59
698cf0dc31d0b93f991aea46,data_ml,p_count_2,robo,0,11 Feb 2026 21:13:0
698cf20831d0b93f991aea4d,data_ml,p_count_2,robo,0,11 Feb 2026 21:18:0
698cf33531d0b93f991aea54,data_ml,p_count_2,robo,0,11 Feb 2026 21:23:1
698cf46131d0b93f991aea5b,data_ml,p_count_2,robo,0,11 Feb 2026 21:28:1
698cf58e31d0b93f991aea62,data_ml,p_count_2,robo,0,11 Feb 2026 21:33:2
698cf6ba31d0b93f991aea69,data_ml,p_count_2,robo,0,11 Feb 2026 21:38:2
698cf7e731d0b93f991aea71,data_ml,p_count_2,robo,0,11 Feb 2026 21:43:3
698cf91431d0b93f991aea78,data_ml,p_count_2,robo,0,11 Feb 2026 21:48:4
698cfa4031d0b93f991aea7f,data_ml,p_count_2,robo,0,11 Feb 2026 21:53:4
698cfb6d31d0b93f991aea86,data_ml,p_count_2,robo,0,11 Feb 2026 21:58:5
698cfc9931d0b93f991aea8d,data_ml,p_count_2,robo,0,11 Feb 2026 22:3:5
698cfdc631d0b93f991aea94,data_ml,p_count_2,robo,0,11 Feb 2026 22:8:6
698cfef231d0b93f991aea9b,data_ml,p_count_2,robo,0,11 Feb 2026 22:13:6
698d001f31d0b93f991aeaa2,data_ml,p_count_2,robo,0,11 Feb 2026 22:18:7
698d014c31d0b93f991aeaa9,data_ml,p_count_2,robo,0,11 Feb 2026 22:23:8
698d027831d0b93f991aeab0,data_ml,p_count_2,robo,0,11 Feb 2026 22:28:8
698d03a531d0b93f991aeab6,data_ml,p_count_2,robo,0,11 Feb 2026 22:33:9
698d04d131d0b93f991aeabd,data_ml,p_count_2,robo,0,11 Feb 2026 22:38:9
698d05fe31d0b93f991aeac4,data_ml,p_count_2,robo,0,11 Feb 2026 22:43:10
698d072b31d0b93f991aeacb,data_ml,p_count_2,robo,0,11 Feb 2026 22:48:11
698d085731d0b93f991aead2,data_ml,p_count_2,robo,0,11 Feb 2026 22:53:11
698d098431d0b93f991aead9,data_ml,p_count_2,robo,0,11 Feb 2026 22:58:12
698d0ab031d0b93f991aeae0,data_ml,p_count_2,robo,0,11 Feb 2026 23:3:12
698d0bdd31d0b93f991aeae7,data_ml,p_count_2,robo,0,11 Feb 2026 23:8:13
698d0d0a31d0b93f991aeaee,data_ml,p_count_2,robo,0,11 Feb 2026 23:13:14
698d0e3731d0b93f991aeaf5,data_ml,p_count_2,robo,0,11 Feb 2026 23:18:15
698d0f6331d0b93f991aeafc,data_ml,p_count_2,robo,0,11 Feb 2026 23:23:15
698d109031d0b93f991aeb03,data_ml,p_count_2,robo,0,11 Feb 2026 23:28:16
698d11bc31d0b93f991aeb0a,data_ml,p_count_2,robo,0,11 Feb 2026 23:33:16
698d12e931d0b93f991aeb11,data_ml,p_count_2,robo,0,11 Feb 2026 23:38:17
698d141531d0b93f991aeb18,data_ml,p_count_2,robo,0,11 Feb 2026 23:43:17
698d154231d0b93f991aeb1f,data_ml,p_count_2,robo,0,11 Feb 2026 23:48:18
698d166e31d0b93f991aeb26,data_ml,p_count_2,robo,0,11 Feb 2026 23:53:18
698d179b31d0b93f991aeb2d,data_ml,p_count_2,robo,0,11 Feb 2026 23:58:19
698d18c831d0b93f991aeb34,data_ml,p_count_2,robo,0,12 Feb 2026 0:3:20
698d19f431d0b93f991aeb3b,data_ml,p_count_2,robo,0,12 Feb 2026 0:8:20
698d1b2131d0b93f991aeb42,data_ml,p_count_2,robo,0,12 Feb 2026 0:13:21
698d1c4d31d0b93f991aeb49,data_ml,p_count_2,robo,0,12 Feb 2026 0:18:21
698d1d7a31d0b93f991aeb50,data_ml,p_count_2,robo,0,12 Feb 2026 0:23:22
698d1ea631d0b93f991aeb57,data_ml,p_count_2,robo,0,12 Feb 2026 0:28:22
698d1fd331d0b93f991aeb5e,data_ml,p_count_2,robo,0,12 Feb 2026 0:33:23
698d210031d0b93f991aeb65,data_ml,p_count_2,robo,0,12 Feb 2026 0:38:24
698d222c31d0b93f991aeb6c,data_ml,p_count_2,robo,0,12 Feb 2026 0:43:24
698d235931d0b93f991aeb73,data_ml,p_count_2,robo,0,12 Feb 2026 0:48:25
698d248531d0b93f991aeb7a,data_ml,p_count_2,robo,0,12 Feb 2026 0:53:25
698d25b231d0b93f991aeb81,data_ml,p_count_2,robo,0,12 Feb 2026 0:58:26
698d26de31d0b93f991aeb87,data_ml,p_count_2,robo,0,12 Feb 2026 1:3:26
698d280b31d0b93f991aeb8e,data_ml,p_count_2,robo,0,12 Feb 2026 1:8:27
698d293831d0b93f991aeb95,data_ml,p_count_2,robo,0,12 Feb 2026 1:13:28
698d2a6431d0b93f991aeb9c,data_ml,p_count_2,robo,0,12 Feb 2026 1:18:28
698d2b9131d0b93f991aeba3,data_ml,p_count_2,robo,0,12 Feb 2026 1:23:29
698d2cbd31d0b93f991aebaa,data_ml,p_count_2,robo,0,12 Feb 2026 1:28:29
698d2dea31d0b93f991aebb1,data_ml,p_count_2,robo,0,12 Feb 2026 1:33:30
698d2f1631d0b93f991aebb8,data_ml,p_count_2,robo,0,12 Feb 2026 1:38:30
698d304431d0b93f991aebbf,data_ml,p_count_2,robo,0,12 Feb 2026 1:43:32
698d317031d0b93f991aebc6,data_ml,p_count_2,robo,0,12 Feb 2026 1:48:32
698d329d31d0b93f991aebcd,data_ml,p_count_2,robo,0,12 Feb 2026 1:53:33
698d33c931d0b93f991aebd4,data_ml,p_count_2,robo,0,12 Feb 2026 1:58:33
698d34f631d0b93f991aebdb,data_ml,p_count_2,robo,0,12 Feb 2026 2:3:34
698d362231d0b93f991aebe2,data_ml,p_count_2,robo,0,12 Feb 2026 2:8:34
698d374f31d0b93f991aebe9,data_ml,p_count_2,robo,0,12 Feb 2026 2:13:35
698d387c31d0b93f991aebf0,data_ml,p_count_2,robo,0,12 Feb 2026 2:18:36
698d39a831d0b93f991aebf7,data_ml,p_count_2,robo,0,12 Feb 2026 2:23:36
698d3ad531d0b93f991aebfe,data_ml,p_count_2,robo,0,12 Feb 2026 2:28:37
698d3c0131d0b93f991aec05,data_ml,p_count_2,robo,0,12 Feb 2026 2:33:37
698d3d2e31d0b93f991aec0c,data_ml,p_count_2,robo,0,12 Feb 2026 2:38:38
698d3e5b31d0b93f991aec13,data_ml,p_count_2,robo,0,12 Feb 2026 2:43:39
698d3f8731d0b93f991aec1a,data_ml,p_count_2,robo,0,12 Feb 2026 2:48:39
698d40b431d0b93f991aec21,data_ml,p_count_2,robo,0,12 Feb 2026 2:53:40
698d41e031d0b93f991aec28,data_ml,p_count_2,robo,0,12 Feb 2026 2:58:40
698d430d31d0b93f991aec2f,data_ml,p_count_2,robo,0,12 Feb 2026 3:3:41
698d443931d0b93f991aec36,data_ml,p_count_2,robo,0,12 Feb 2026 3:8:41
698d456631d0b93f991aec3d,data_ml,p_count_2,robo,0,12 Feb 2026 3:13:42
698d469331d0b93f991aec44,data_ml,p_count_2,robo,0,12 Feb 2026 3:18:43
698d47bf31d0b93f991aec4b,data_ml,p_count_2,robo,0,12 Feb 2026 3:23:43
698d48ec31d0b93f991aec52,data_ml,p_count_2,robo,0,12 Feb 2026 3:28:44
698d4a1831d0b93f991aec58,data_ml,p_count_2,robo,0,12 Feb 2026 3:33:44
698d4b4531d0b93f991aec5f,data_ml,p_count_2,robo,0,12 Feb 2026 3:38:45
698d4c7131d0b93f991aec66,data_ml,p_count_2,robo,0,12 Feb 2026 3:43:45
698d4d9e31d0b93f991aec6d,data_ml,p_count_2,robo,0,12 Feb 2026 3:48:46
698d4ecb31d0b93f991aec74,data_ml,p_count_2,robo,0,12 Feb 2026 3:53:47
698d4ff731d0b93f991aec7b,data_ml,p_count_2,robo,0,12 Feb 2026 3:58:47
698d512431d0b93f991aec82,data_ml,p_count_2,robo,0,12 Feb 2026 4:3:48
698d525031d0b93f991aec89,data_ml,p_count_2,robo,0,12 Feb 2026 4:8:48
698d537d31d0b93f991aec90,data_ml,p_count_2,robo,0,12 Feb 2026 4:13:49
698d54aa31d0b93f991aec97,data_ml,p_count_2,robo,0,12 Feb 2026 4:18:50
698d55d731d0b93f991aec9e,data_ml,p_count_2,robo,0,12 Feb 2026 4:23:51
698d570331d0b93f991aeca5,data_ml,p_count_2,robo,0,12 Feb 2026 4:28:51
698d583031d0b93f991aecac,data_ml,p_count_2,robo,0,12 Feb 2026 4:33:52
698d595c31d0b93f991aecb3,data_ml,p_count_2,robo,0,12 Feb 2026 4:38:52
698d5a8931d0b93f991aecba,data_ml,p_count_2,robo,0,12 Feb 2026 4:43:53
698d5bb531d0b93f991aecc1,data_ml,p_count_2,robo,0,12 Feb 2026 4:48:53
698d5ce231d0b93f991aecc8,data_ml,p_count_2,robo,0,12 Feb 2026 4:53:54
698d5e0e31d0b93f991aeccf,data_ml,p_count_2,robo,0,12 Feb 2026 4:58:54
698d5f3b31d0b93f991aecd6,data_ml,p_count_2,robo,0,12 Feb 2026 5:3:55
698d606831d0b93f991aecdd,data_ml,p_count_2,robo,0,12 Feb 2026 5:8:56
698d619431d0b93f991aece4,data_ml,p_count_2,robo,0,12 Feb 2026 5:13:56
698d62c131d0b93f991aeceb,data_ml,p_count_2,robo,0,12 Feb 2026 5:18:57
698d63ed31d0b93f991aecf2,data_ml,p_count_2,robo,0,12 Feb 2026 5:23:57
698d651a31d0b93f991aecf9,data_ml,p_count_2,robo,0,12 Feb 2026 5:28:58
698d664631d0b93f991aed00,data_ml,p_count_2,robo,0,12 Feb 2026 5:33:58
698d677331d0b93f991aed07,data_ml,p_count_2,robo,0,12 Feb 2026 5:38:59
698d689f31d0b93f991aed0e,data_ml,p_count_2,robo,0,12 Feb 2026 5:43:59
698d69cc31d0b93f991aed15,data_ml,p_count_2,robo,0,12 Feb 2026 5:49:0
698d6af931d0b93f991aed1c,data_ml,p_count_2,robo,0,12 Feb 2026 5:54:1
698d6c2531d0b93f991aed23,data_ml,p_count_2,robo,0,12 Feb 2026 5:59:1
698d6d5231d0b93f991aed29,data_ml,p_count_2,robo,0,12 Feb 2026 6:4:2
698d6e7e31d0b93f991aed30,data_ml,p_count_2,robo,0,12 Feb 2026 6:9:2
698d6fab31d0b93f991aed37,data_ml,p_count_2,robo,0,12 Feb 2026 6:14:3
698d70d831d0b93f991aed3e,data_ml,p_count_2,robo,0,12 Feb 2026 6:19:4
698d720431d0b93f991aed45,data_ml,p_count_2,robo,0,12 Feb 2026 6:24:4
698d733131d0b93f991aed4c,data_ml,p_count_2,robo,0,12 Feb 2026 6:29:5
698d745d31d0b93f991aed53,data_ml,p_count_2,robo,0,12 Feb 2026 6:34:5
698d758a31d0b93f991aed5a,data_ml,p_count_2,robo,0,12 Feb 2026 6:39:6
698d76b731d0b93f991aed61,data_ml,p_count_2,robo,0,12 Feb 2026 6:44:7
698d77e431d0b93f991aed68,data_ml,p_count_2,robo,0,12 Feb 2026 6:49:8
698d791031d0b93f991aed6f,data_ml,p_count_2,robo,0,12 Feb 2026 6:54:8
698d7a3d31d0b93f991aed76,data_ml,p_count_2,robo,0,12 Feb 2026 6:59:9
698d7b6931d0b93f991aed7d,data_ml,p_count_2,robo,1,12 Feb 2026 7:4:9
698d7c9631d0b93f991aed84,data_ml,p_count_2,robo,0,12 Feb 2026 7:9:10
698d7dc231d0b93f991aed8b,data_ml,p_count_2,robo,0,12 Feb 2026 7:14:10
698d7eef31d0b93f991aed93,data_ml,p_count_2,robo,1,12 Feb 2026 7:19:11
698d801b31d0b93f991aed9a,data_ml,p_count_2,robo,0,12 Feb 2026 7:24:11
698d814831d0b93f991aeda1,data_ml,p_count_2,robo,0,12 Feb 2026 7:29:12
698d827531d0b93f991aeda8,data_ml,p_count_2,robo,0,12 Feb 2026 7:34:13
698d83a131d0b93f991aedaf,data_ml,p_count_2,robo,0,12 Feb 2026 7:39:13
698d84ce31d0b93f991aedb6,data_ml,p_count_2,robo,0,12 Feb 2026 7:44:14
698d85fa31d0b93f991aedbd,data_ml,p_count_2,robo,4,12 Feb 2026 7:49:14
698d872731d0b93f991aedc4,data_ml,p_count_2,robo,1,12 Feb 2026 7:54:15
698d885331d0b93f991aedcb,data_ml,p_count_2,robo,0,12 Feb 2026 7:59:15
698d898031d0b93f991aedd2,data_ml,p_count_2,robo,3,12 Feb 2026 8:4:16
698d8aac31d0b93f991aedd9,data_ml,p_count_2,robo,0,12 Feb 2026 8:9:16
698d8bd931d0b93f991aede0,data_ml,p_count_2,robo,0,12 Feb 2026 8:14:17
698d8d0531d0b93f991aede7,data_ml,p_count_2,robo,1,12 Feb 2026 8:19:17
698d8e3231d0b93f991aedee,data_ml,p_count_2,robo,5,12 Feb 2026 8:24:18
698d8f5f31d0b93f991aedf5,data_ml,p_count_2,robo,1,12 Feb 2026 8:29:19
698d908b31d0b93f991aedfb,data_ml,p_count_2,robo,0,12 Feb 2026 8:34:19
698d91b831d0b93f991aee02,data_ml,p_count_2,robo,0,12 Feb 2026 8:39:20
698d92e431d0b93f991aee09,data_ml,p_count_2,robo,1,12 Feb 2026 8:44:20
698d941131d0b93f991aee10,data_ml,p_count_2,robo,3,12 Feb 2026 8:49:21
698d953d31d0b93f991aee17,data_ml,p_count_2,robo,1,12 Feb 2026 8:54:21
698d966a31d0b93f991aee1e,data_ml,p_count_2,robo,1,12 Feb 2026 8:59:22
698d979731d0b93f991aee25,data_ml,p_count_2,robo,12,12 Feb 2026 9:4:23
698d98c331d0b93f991aee2c,data_ml,p_count_2,robo,2,12 Feb 2026 9:9:23
698d99f031d0b93f991aee33,data_ml,p_count_2,robo,0,12 Feb 2026 9:14:24
698d9b1d31d0b93f991aee3a,data_ml,p_count_2,robo,3,12 Feb 2026 9:19:25
698d9c4931d0b93f991aee41,data_ml,p_count_2,robo,2,12 Feb 2026 9:24:25
698d9d7631d0b93f991aee48,data_ml,p_count_2,robo,0,12 Feb 2026 9:29:26
698d9ea331d0b93f991aee4f,data_ml,p_count_2,robo,1,12 Feb 2026 9:34:27
698d9fcf31d0b93f991aee56,data_ml,p_count_2,robo,1,12 Feb 2026 9:39:27
698da0fc31d0b93f991aee5d,data_ml,p_count_2,robo,0,12 Feb 2026 9:44:28
698da22831d0b93f991aee64,data_ml,p_count_2,robo,1,12 Feb 2026 9:49:28
698da35531d0b93f991aee6b,data_ml,p_count_2,robo,2,12 Feb 2026 9:54:29
698da48131d0b93f991aee72,data_ml,p_count_2,robo,3,12 Feb 2026 9:59:29
698da5ae31d0b93f991aee79,data_ml,p_count_2,robo,0,12 Feb 2026 10:4:30
698da6db31d0b93f991aee80,data_ml,p_count_2,robo,1,12 Feb 2026 10:9:31
698da80731d0b93f991aee87,data_ml,p_count_2,robo,0,12 Feb 2026 10:14:31
698da93431d0b93f991aee8e,data_ml,p_count_2,robo,1,12 Feb 2026 10:19:32
698daa6031d0b93f991aee95,data_ml,p_count_2,robo,0,12 Feb 2026 10:24:32
698dab8d31d0b93f991aee9c,data_ml,p_count_2,robo,2,12 Feb 2026 10:29:33
698dacba31d0b93f991aeea3,data_ml,p_count_2,robo,2,12 Feb 2026 10:34:34
698dade631d0b93f991aeeaa,data_ml,p_count_2,robo,2,12 Feb 2026 10:39:34
698daf1331d0b93f991aeeb1,data_ml,p_count_2,robo,0,12 Feb 2026 10:44:35
698db03f31d0b93f991aeeb8,data_ml,p_count_2,robo,3,12 Feb 2026 10:49:35
698db16c31d0b93f991aeebf,data_ml,p_count_2,robo,1,12 Feb 2026 10:54:36
698db29931d0b93f991aeec6,data_ml,p_count_2,robo,4,12 Feb 2026 10:59:37
698db3c531d0b93f991aeecc,data_ml,p_count_2,robo,7,12 Feb 2026 11:4:37
698db4f231d0b93f991aeed3,data_ml,p_count_2,robo,0,12 Feb 2026 11:9:38
698db61e31d0b93f991aeeda,data_ml,p_count_2,robo,5,12 Feb 2026 11:14:38
698db74b31d0b93f991aeee1,data_ml,p_count_2,robo,5,12 Feb 2026 11:19:39
698db87731d0b93f991aeee8,data_ml,p_count_2,robo,5,12 Feb 2026 11:24:39
698db9a431d0b93f991aeeef,data_ml,p_count_2,robo,0,12 Feb 2026 11:29:40
698dbad131d0b93f991aeef6,data_ml,p_count_2,robo,2,12 Feb 2026 11:34:41
698dbbfd31d0b93f991aeefd,data_ml,p_count_2,robo,2,12 Feb 2026 11:39:41
698dbd2a31d0b93f991aef04,data_ml,p_count_2,robo,7,12 Feb 2026 11:44:42
698dbe5731d0b93f991aef0b,data_ml,p_count_2,robo,2,12 Feb 2026 11:49:43
698dbf8331d0b93f991aef12,data_ml,p_count_2,robo,1,12 Feb 2026 11:54:43
698dc0b031d0b93f991aef19,data_ml,p_count_2,robo,1,12 Feb 2026 11:59:44
698dc1dd31d0b93f991aef20,data_ml,p_count_2,robo,1,12 Feb 2026 12:4:45
698dc30931d0b93f991aef27,data_ml,p_count_2,robo,0,12 Feb 2026 12:9:45
698dc43631d0b93f991aef2e,data_ml,p_count_2,robo,1,12 Feb 2026 12:14:46
698dc56231d0b93f991aef35,data_ml,p_count_2,robo,1,12 Feb 2026 12:19:46
698dc68f31d0b93f991aef3c,data_ml,p_count_2,robo,1,12 Feb 2026 12:24:47
698dc7bb31d0b93f991aef43,data_ml,p_count_2,robo,2,12 Feb 2026 12:29:47
698dc8e831d0b93f991aef4a,data_ml,p_count_2,robo,1,12 Feb 2026 12:34:48
698dca1531d0b93f991aef51,data_ml,p_count_2,robo,5,12 Feb 2026 12:39:49
698dcb4131d0b93f991aef58,data_ml,p_count_2,robo,4,12 Feb 2026 12:44:49
698dcc6e31d0b93f991aef5f,data_ml,p_count_2,robo,1,12 Feb 2026 12:49:50
698dcd9a31d0b93f991aef66,data_ml,p_count_2,robo,2,12 Feb 2026 12:54:50
698dcec731d0b93f991aef6d,data_ml,p_count_2,robo,0,12 Feb 2026 12:59:51
698dcff331d0b93f991aef74,data_ml,p_count_2,robo,0,12 Feb 2026 13:4:51
698dd12031d0b93f991aef7b,data_ml,p_count_2,robo,0,12 Feb 2026 13:9:52
698dd24d31d0b93f991aef82,data_ml,p_count_2,robo,0,12 Feb 2026 13:14:53
698dd37931d0b93f991aef89,data_ml,p_count_2,robo,1,12 Feb 2026 13:19:53
698dd4a631d0b93f991aef90,data_ml,p_count_2,robo,1,12 Feb 2026 13:24:54
698dd5d231d0b93f991aef97,data_ml,p_count_2,robo,1,12 Feb 2026 13:29:54
698dd6ff31d0b93f991aef9d,data_ml,p_count_2,robo,2,12 Feb 2026 13:34:55
698dd82b31d0b93f991aefa4,data_ml,p_count_2,robo,1,12 Feb 2026 13:39:55
698dd95831d0b93f991aefab,data_ml,p_count_2,robo,0,12 Feb 2026 13:44:56
698dda8531d0b93f991aefb2,data_ml,p_count_2,robo,1,12 Feb 2026 13:49:57
698ddbb131d0b93f991aefb9,data_ml,p_count_2,robo,0,12 Feb 2026 13:54:57
698ddcde31d0b93f991aefc0,data_ml,p_count_2,robo,1,12 Feb 2026 13:59:58
698dde0a31d0b93f991aefc7,data_ml,p_count_2,robo,1,12 Feb 2026 14:4:58
698ddf3731d0b93f991aefce,data_ml,p_count_2,robo,0,12 Feb 2026 14:9:59
698de06431d0b93f991aefd5,data_ml,p_count_2,robo,3,12 Feb 2026 14:15:0
698de19031d0b93f991aefdc,data_ml,p_count_2,robo,0,12 Feb 2026 14:20:0
698de2bd31d0b93f991aefe3,data_ml,p_count_2,robo,0,12 Feb 2026 14:25:1
698de3ea31d0b93f991aefea,data_ml,p_count_2,robo,2,12 Feb 2026 14:30:2
698de51631d0b93f991aeff1,data_ml,p_count_2,robo,2,12 Feb 2026 14:35:2
698de64331d0b93f991aeff8,data_ml,p_count_2,robo,0,12 Feb 2026 14:40:3
698de76f31d0b93f991aefff,data_ml,p_count_2,robo,0,12 Feb 2026 14:45:3
698de89c31d0b93f991af006,data_ml,p_count_2,robo,0,12 Feb 2026 14:50:4
698de9c831d0b93f991af00d,data_ml,p_count_2,robo,1,12 Feb 2026 14:55:4
698deaf531d0b93f991af014,data_ml,p_count_2,robo,0,12 Feb 2026 15:0:5
698dec2231d0b93f991af01b,data_ml,p_count_2,robo,1,12 Feb 2026 15:5:6
698ded4e31d0b93f991af022,data_ml,p_count_2,robo,4,12 Feb 2026 15:10:6
698dee7b31d0b93f991af029,data_ml,p_count_2,robo,0,12 Feb 2026 15:15:7
698defa731d0b93f991af030,data_ml,p_count_2,robo,3,12 Feb 2026 15:20:7
698df0d431d0b93f991af037,data_ml,p_count_2,robo,7,12 Feb 2026 15:25:8
698df20031d0b93f991af03e,data_ml,p_count_2,robo,0,12 Feb 2026 15:30:8
698df32d31d0b93f991af045,data_ml,p_count_2,robo,0,12 Feb 2026 15:35:9
698df45a31d0b93f991af04c,data_ml,p_count_2,robo,0,12 Feb 2026 15:40:10
698df5860655f6fee6244a89,data_ml,p_count_2,robo,0,12 Feb 2026 15:45:10
698df6b30655f6fee6244a90,data_ml,p_count_2,robo,1,12 Feb 2026 15:50:11
698df7df0655f6fee6244a97,data_ml,p_count_2,robo,0,12 Feb 2026 15:55:11
698df90c0655f6fee6244a9e,data_ml,p_count_2,robo,0,12 Feb 2026 16:0:12
698dfa380655f6fee6244aa4,data_ml,p_count_2,robo,0,12 Feb 2026 16:5:12
698dfb650655f6fee6244aab,data_ml,p_count_2,robo,5,12 Feb 2026 16:10:13
698dfc920655f6fee6244ab2,data_ml,p_count_2,robo,0,12 Feb 2026 16:15:14
698dfdbe0655f6fee6244ab9,data_ml,p_count_2,robo,0,12 Feb 2026 16:20:14
698dfeeb0655f6fee6244ac0,data_ml,p_count_2,robo,0,12 Feb 2026 16:25:15
698e00170655f6fee6244ac7,data_ml,p_count_2,robo,0,12 Feb 2026 16:30:15
698e01440655f6fee6244ace,data_ml,p_count_2,robo,0,12 Feb 2026 16:35:16
698e02710655f6fee6244ad5,data_ml,p_count_2,robo,1,12 Feb 2026 16:40:17
698e039e0655f6fee6244adc,data_ml,p_count_2,robo,0,12 Feb 2026 16:45:18
698e04ca0655f6fee6244ae3,data_ml,p_count_2,robo,0,12 Feb 2026 16:50:18
698e05f70655f6fee6244aea,data_ml,p_count_2,robo,0,12 Feb 2026 16:55:19
698e07230655f6fee6244af1,data_ml,p_count_2,robo,0,12 Feb 2026 17:0:19
698e08500655f6fee6244af8,data_ml,p_count_2,robo,0,12 Feb 2026 17:5:20
698e097c0655f6fee6244aff,data_ml,p_count_2,robo,0,12 Feb 2026 17:10:20
698e0aa90655f6fee6244b06,data_ml,p_count_2,robo,0,12 Feb 2026 17:15:21
698e0bd60655f6fee6244b0d,data_ml,p_count_2,robo,0,12 Feb 2026 17:20:22
698e0d020655f6fee6244b14,data_ml,p_count_2,robo,0,12 Feb 2026 17:25:22
698e0e2f0655f6fee6244b1b,data_ml,p_count_2,robo,0,12 Feb 2026 17:30:23
698e0f5b0655f6fee6244b22,data_ml,p_count_2,robo,0,12 Feb 2026 17:35:23
698e10880655f6fee6244b29,data_ml,p_count_2,robo,0,12 Feb 2026 17:40:24
698e11b40655f6fee6244b30,data_ml,p_count_2,robo,1,12 Feb 2026 17:45:24
698e12e10655f6fee6244b37,data_ml,p_count_2,robo,0,12 Feb 2026 17:50:25
698e140d0655f6fee6244b3e,data_ml,p_count_2,robo,0,12 Feb 2026 17:55:25
698e153a0655f6fee6244b45,data_ml,p_count_2,robo,0,12 Feb 2026 18:0:26
698e16670655f6fee6244b4c,data_ml,p_count_2,robo,0,12 Feb 2026 18:5:27
698e17930655f6fee6244b53,data_ml,p_count_2,robo,0,12 Feb 2026 18:10:27
698e18c00655f6fee6244b5a,data_ml,p_count_2,robo,0,12 Feb 2026 18:15:28
698e19ec0655f6fee6244b61,data_ml,p_count_2,robo,0,12 Feb 2026 18:20:28
698e1b190655f6fee6244b68,data_ml,p_count_2,robo,0,12 Feb 2026 18:25:29
698e1c450655f6fee6244b6f,data_ml,p_count_2,robo,0,12 Feb 2026 18:30:29
698e1d720655f6fee6244b75,data_ml,p_count_2,robo,0,12 Feb 2026 18:35:30
698e1e9f0655f6fee6244b7c,data_ml,p_count_2,robo,0,12 Feb 2026 18:40:31
698e1fcb0655f6fee6244b83,data_ml,p_count_2,robo,0,12 Feb 2026 18:45:31
698e20f80655f6fee6244b8a,data_ml,p_count_2,robo,0,12 Feb 2026 18:50:32
698e22240655f6fee6244b91,data_ml,p_count_2,robo,0,12 Feb 2026 18:55:32
698e23510655f6fee6244b98,data_ml,p_count_2,robo,0,12 Feb 2026 19:0:33
698e247d0655f6fee6244b9f,data_ml,p_count_2,robo,0,12 Feb 2026 19:5:33
698e25aa0655f6fee6244ba6,data_ml,p_count_2,robo,0,12 Feb 2026 19:10:34
698e26d70655f6fee6244bad,data_ml,p_count_2,robo,0,12 Feb 2026 19:15:35
698e28030655f6fee6244bb4,data_ml,p_count_2,robo,0,12 Feb 2026 19:20:35
698e29300655f6fee6244bbb,data_ml,p_count_2,robo,0,12 Feb 2026 19:25:36
698e2a5c0655f6fee6244bc2,data_ml,p_count_2,robo,0,12 Feb 2026 19:30:36
698e2b890655f6fee6244bc9,data_ml,p_count_2,robo,0,12 Feb 2026 19:35:37
698e2cb60655f6fee6244bd0,data_ml,p_count_2,robo,0,12 Feb 2026 19:40:38
698e2de20655f6fee6244bd7,data_ml,p_count_2,robo,0,12 Feb 2026 19:45:38
698e2f0f0655f6fee6244bde,data_ml,p_count_2,robo,0,12 Feb 2026 19:50:39
698e303b0655f6fee6244be5,data_ml,p_count_2,robo,0,12 Feb 2026 19:55:39
698e31680655f6fee6244bec,data_ml,p_count_2,robo,0,12 Feb 2026 20:0:40
698e32940655f6fee6244bf3,data_ml,p_count_2,robo,0,12 Feb 2026 20:5:40
698e33c10655f6fee6244bfb,data_ml,p_count_2,robo,0,12 Feb 2026 20:10:41
698e34ee0655f6fee6244c02,data_ml,p_count_2,robo,0,12 Feb 2026 20:15:42
698e361a0655f6fee6244c09,data_ml,p_count_2,robo,0,12 Feb 2026 20:20:42
698e37470655f6fee6244c10,data_ml,p_count_2,robo,0,12 Feb 2026 20:25:43
698e38740655f6fee6244c17,data_ml,p_count_2,robo,0,12 Feb 2026 20:30:44
698e39a00655f6fee6244c1e,data_ml,p_count_2,robo,0,12 Feb 2026 20:35:44
698e3acc0655f6fee6244c25,data_ml,p_count_2,robo,0,12 Feb 2026 20:40:44
698e3bf90655f6fee6244c2c,data_ml,p_count_2,robo,0,12 Feb 2026 20:45:45
698e3d260655f6fee6244c33,data_ml,p_count_2,robo,0,12 Feb 2026 20:50:46
698e3e520655f6fee6244c3a,data_ml,p_count_2,robo,0,12 Feb 2026 20:55:46
698e3f7f0655f6fee6244c41,data_ml,p_count_2,robo,0,12 Feb 2026 21:0:47
698e40ab0655f6fee6244c47,data_ml,p_count_2,robo,0,12 Feb 2026 21:5:47
698e41d80655f6fee6244c4e,data_ml,p_count_2,robo,0,12 Feb 2026 21:10:48
698e43040655f6fee6244c55,data_ml,p_count_2,robo,0,12 Feb 2026 21:15:48
698e44310655f6fee6244c5c,data_ml,p_count_2,robo,0,12 Feb 2026 21:20:49
698e455d0655f6fee6244c63,data_ml,p_count_2,robo,0,12 Feb 2026 21:25:49
698e468a0655f6fee6244c6a,data_ml,p_count_2,robo,0,12 Feb 2026 21:30:50
698e47b60655f6fee6244c71,data_ml,p_count_2,robo,0,12 Feb 2026 21:35:50
698e48e30655f6fee6244c78,data_ml,p_count_2,robo,0,12 Feb 2026 21:40:51
698e4a100655f6fee6244c7f,data_ml,p_count_2,robo,0,12 Feb 2026 21:45:52
698e4b3d0655f6fee6244c87,data_ml,p_count_2,robo,0,12 Feb 2026 21:50:53
698e4c690655f6fee6244c8e,data_ml,p_count_2,robo,0,12 Feb 2026 21:55:53
698e4d960655f6fee6244c95,data_ml,p_count_2,robo,0,12 Feb 2026 22:0:54
698e4ec20655f6fee6244c9c,data_ml,p_count_2,robo,0,12 Feb 2026 22:5:54
698e4fef0655f6fee6244ca3,data_ml,p_count_2,robo,0,12 Feb 2026 22:10:55
698e511c0655f6fee6244caa,data_ml,p_count_2,robo,0,12 Feb 2026 22:15:56
698e52480655f6fee6244cb1,data_ml,p_count_2,robo,0,12 Feb 2026 22:20:56
698e53750655f6fee6244cb8,data_ml,p_count_2,robo,0,12 Feb 2026 22:25:57
698e54a10655f6fee6244cbf,data_ml,p_count_2,robo,0,12 Feb 2026 22:30:57
698e55ce0655f6fee6244cc6,data_ml,p_count_2,robo,0,12 Feb 2026 22:35:58
698e56fa0655f6fee6244ccd,data_ml,p_count_2,robo,0,12 Feb 2026 22:40:58
698e58270655f6fee6244cd4,data_ml,p_count_2,robo,0,12 Feb 2026 22:45:59
698e59530655f6fee6244cdb,data_ml,p_count_2,robo,0,12 Feb 2026 22:50:59
698e5a800655f6fee6244ce2,data_ml,p_count_2,robo,0,12 Feb 2026 22:56:0
698e5bad0655f6fee6244ce9,data_ml,p_count_2,robo,0,12 Feb 2026 23:1:1
698e5cd90655f6fee6244cf0,data_ml,p_count_2,robo,0,12 Feb 2026 23:6:1
698e5e060655f6fee6244cf7,data_ml,p_count_2,robo,0,12 Feb 2026 23:11:2
698e5f320655f6fee6244cfe,data_ml,p_count_2,robo,0,12 Feb 2026 23:16:2
698e605f0655f6fee6244d05,data_ml,p_count_2,robo,0,12 Feb 2026 23:21:3
698e618b0655f6fee6244d0c,data_ml,p_count_2,robo,0,12 Feb 2026 23:26:3
698e62b80655f6fee6244d12,data_ml,p_count_2,robo,0,12 Feb 2026 23:31:4
698e63e40655f6fee6244d19,data_ml,p_count_2,robo,0,12 Feb 2026 23:36:4
698e65110655f6fee6244d20,data_ml,p_count_2,robo,0,12 Feb 2026 23:41:5
698e663e0655f6fee6244d27,data_ml,p_count_2,robo,0,12 Feb 2026 23:46:6
698e676a0655f6fee6244d2e,data_ml,p_count_2,robo,0,12 Feb 2026 23:51:6
698e68970655f6fee6244d35,data_ml,p_count_2,robo,0,12 Feb 2026 23:56:7
698e69c30655f6fee6244d3c,data_ml,p_count_2,robo,0,13 Feb 2026 0:1:7
698e6af00655f6fee6244d43,data_ml,p_count_2,robo,0,13 Feb 2026 0:6:8
698e6c1c0655f6fee6244d4a,data_ml,p_count_2,robo,0,13 Feb 2026 0:11:8
698e6d4a0655f6fee6244d51,data_ml,p_count_2,robo,0,13 Feb 2026 0:16:10
698e6e760655f6fee6244d58,data_ml,p_count_2,robo,0,13 Feb 2026 0:21:10
698e6fa30655f6fee6244d5f,data_ml,p_count_2,robo,0,13 Feb 2026 0:26:11
698e70cf0655f6fee6244d66,data_ml,p_count_2,robo,0,13 Feb 2026 0:31:11
698e71fc0655f6fee6244d6d,data_ml,p_count_2,robo,0,13 Feb 2026 0:36:12
698e73280655f6fee6244d74,data_ml,p_count_2,robo,0,13 Feb 2026 0:41:12
698e74550655f6fee6244d7b,data_ml,p_count_2,robo,0,13 Feb 2026 0:46:13
698e75810655f6fee6244d82,data_ml,p_count_2,robo,0,13 Feb 2026 0:51:13
698e76ae0655f6fee6244d89,data_ml,p_count_2,robo,0,13 Feb 2026 0:56:14
698e77db0655f6fee6244d90,data_ml,p_count_2,robo,0,13 Feb 2026 1:1:15
698e79070655f6fee6244d97,data_ml,p_count_2,robo,0,13 Feb 2026 1:6:15
698e7a340655f6fee6244d9e,data_ml,p_count_2,robo,0,13 Feb 2026 1:11:16
698e7b600655f6fee6244da5,data_ml,p_count_2,robo,0,13 Feb 2026 1:16:16
698e7c8d0655f6fee6244dac,data_ml,p_count_2,robo,0,13 Feb 2026 1:21:17
698e7db90655f6fee6244db3,data_ml,p_count_2,robo,0,13 Feb 2026 1:26:17
698e7ee60655f6fee6244dba,data_ml,p_count_2,robo,0,13 Feb 2026 1:31:18
698e80130655f6fee6244dc1,data_ml,p_count_2,robo,0,13 Feb 2026 1:36:19
698e813f0655f6fee6244dc8,data_ml,p_count_2,robo,0,13 Feb 2026 1:41:19
698e826c0655f6fee6244dcf,data_ml,p_count_2,robo,0,13 Feb 2026 1:46:20
698e83980655f6fee6244dd6,data_ml,p_count_2,robo,0,13 Feb 2026 1:51:20
698e84c50655f6fee6244ddd,data_ml,p_count_2,robo,0,13 Feb 2026 1:56:21
698e85f20655f6fee6244de3,data_ml,p_count_2,robo,0,13 Feb 2026 2:1:22
698e871e0655f6fee6244dea,data_ml,p_count_2,robo,0,13 Feb 2026 2:6:22
698e884b0655f6fee6244df1,data_ml,p_count_2,robo,0,13 Feb 2026 2:11:23
698e89770655f6fee6244df8,data_ml,p_count_2,robo,0,13 Feb 2026 2:16:23
698e8aa40655f6fee6244dff,data_ml,p_count_2,robo,0,13 Feb 2026 2:21:24
698e8bd10655f6fee6244e06,data_ml,p_count_2,robo,0,13 Feb 2026 2:26:25
698e8cfd0655f6fee6244e0d,data_ml,p_count_2,robo,0,13 Feb 2026 2:31:25
698e8e2a0655f6fee6244e14,data_ml,p_count_2,robo,0,13 Feb 2026 2:36:26
698e8f570655f6fee6244e1b,data_ml,p_count_2,robo,0,13 Feb 2026 2:41:27
698e90840655f6fee6244e22,data_ml,p_count_2,robo,0,13 Feb 2026 2:46:28
698e91b00655f6fee6244e29,data_ml,p_count_2,robo,0,13 Feb 2026 2:51:28
698e92dd0655f6fee6244e30,data_ml,p_count_2,robo,0,13 Feb 2026 2:56:29
698e94090655f6fee6244e37,data_ml,p_count_2,robo,0,13 Feb 2026 3:1:29
698e95360655f6fee6244e3e,data_ml,p_count_2,robo,0,13 Feb 2026 3:6:30
698e96620655f6fee6244e45,data_ml,p_count_2,robo,0,13 Feb 2026 3:11:30
698e978f0655f6fee6244e4c,data_ml,p_count_2,robo,0,13 Feb 2026 3:16:31
698e98bc0655f6fee6244e53,data_ml,p_count_2,robo,0,13 Feb 2026 3:21:32
698e99e80655f6fee6244e5a,data_ml,p_count_2,robo,0,13 Feb 2026 3:26:32
698e9b150655f6fee6244e61,data_ml,p_count_2,robo,0,13 Feb 2026 3:31:33
698e9c410655f6fee6244e68,data_ml,p_count_2,robo,0,13 Feb 2026 3:36:33
698e9d6e0655f6fee6244e6f,data_ml,p_count_2,robo,0,13 Feb 2026 3:41:34
698e9e9a0655f6fee6244e76,data_ml,p_count_2,robo,0,13 Feb 2026 3:46:34
698e9fc70655f6fee6244e7d,data_ml,p_count_2,robo,0,13 Feb 2026 3:51:35
698ea0f40655f6fee6244e84,data_ml,p_count_2,robo,0,13 Feb 2026 3:56:36
698ea2200655f6fee6244e8b,data_ml,p_count_2,robo,0,13 Feb 2026 4:1:36
698ea34d0655f6fee6244e92,data_ml,p_count_2,robo,0,13 Feb 2026 4:6:37
698ea4790655f6fee6244e99,data_ml,p_count_2,robo,0,13 Feb 2026 4:11:37
698ea5a60655f6fee6244ea0,data_ml,p_count_2,robo,0,13 Feb 2026 4:16:38
698ea6d30655f6fee6244ea7,data_ml,p_count_2,robo,0,13 Feb 2026 4:21:39
698ea7ff0655f6fee6244eae,data_ml,p_count_2,robo,0,13 Feb 2026 4:26:39
698ea92b0655f6fee6244eb4,data_ml,p_count_2,robo,0,13 Feb 2026 4:31:39
698eaa580655f6fee6244ebb,data_ml,p_count_2,robo,0,13 Feb 2026 4:36:40
698eab850655f6fee6244ec2,data_ml,p_count_2,robo,0,13 Feb 2026 4:41:41
698eacb10655f6fee6244ec9,data_ml,p_count_2,robo,0,13 Feb 2026 4:46:41
698eadde0655f6fee6244ed0,data_ml,p_count_2,robo,0,13 Feb 2026 4:51:42
698eaf0a0655f6fee6244ed7,data_ml,p_count_2,robo,0,13 Feb 2026 4:56:42
698eb0370655f6fee6244ede,data_ml,p_count_2,robo,0,13 Feb 2026 5:1:43
698eb1630655f6fee6244ee5,data_ml,p_count_2,robo,0,13 Feb 2026 5:6:43
698eb2900655f6fee6244eec,data_ml,p_count_2,robo,0,13 Feb 2026 5:11:44
698eb3bd0655f6fee6244ef3,data_ml,p_count_2,robo,1,13 Feb 2026 5:16:45
698eb4ea0655f6fee6244efa,data_ml,p_count_2,robo,0,13 Feb 2026 5:21:46
698eb6160655f6fee6244f01,data_ml,p_count_2,robo,1,13 Feb 2026 5:26:46
698eb7430655f6fee6244f08,data_ml,p_count_2,robo,0,13 Feb 2026 5:31:47
698eb86f0655f6fee6244f0f,data_ml,p_count_2,robo,0,13 Feb 2026 5:36:47
698eb99c0655f6fee6244f16,data_ml,p_count_2,robo,0,13 Feb 2026 5:41:48
698ebac882740b84d9bfa14b,data_ml,p_count_2,robo,0,13 Feb 2026 5:46:48
698ebbf582740b84d9bfa153,data_ml,p_count_2,robo,0,13 Feb 2026 5:51:49
698ebd2282740b84d9bfa15a,data_ml,p_count_2,robo,0,13 Feb 2026 5:56:50
698ebe4e82740b84d9bfa161,data_ml,p_count_2,robo,0,13 Feb 2026 6:1:50
698ebf7b82740b84d9bfa168,data_ml,p_count_2,robo,0,13 Feb 2026 6:6:51
698ec0a882740b84d9bfa16f,data_ml,p_count_2,robo,0,13 Feb 2026 6:11:52
698ec1d482740b84d9bfa176,data_ml,p_count_2,robo,0,13 Feb 2026 6:16:52
698ec30182740b84d9bfa17d,data_ml,p_count_2,robo,0,13 Feb 2026 6:21:53
698ec42d82740b84d9bfa184,data_ml,p_count_2,robo,0,13 Feb 2026 6:26:53
698ec55a82740b84d9bfa18b,data_ml,p_count_2,robo,0,13 Feb 2026 6:31:54
698ec68782740b84d9bfa192,data_ml,p_count_2,robo,0,13 Feb 2026 6:36:55
698ec7b382740b84d9bfa199,data_ml,p_count_2,robo,0,13 Feb 2026 6:41:55
698ec8e082740b84d9bfa1a0,data_ml,p_count_2,robo,1,13 Feb 2026 6:46:56
698eca0c82740b84d9bfa1a7,data_ml,p_count_2,robo,0,13 Feb 2026 6:51:56
698ecb394fa8226786de4f23,data_ml,p_count_2,robo,1,13 Feb 2026 6:56:57
698ecc664fa8226786de4f29,data_ml,p_count_2,robo,1,13 Feb 2026 7:1:58
698ecd924fa8226786de4f30,data_ml,p_count_2,robo,1,13 Feb 2026 7:6:58
698ecebf4fa8226786de4f37,data_ml,p_count_2,robo,1,13 Feb 2026 7:11:59
698ecfeb4fa8226786de4f3e,data_ml,p_count_2,robo,1,13 Feb 2026 7:16:59
698ed1184fa8226786de4f45,data_ml,p_count_2,robo,0,13 Feb 2026 7:22:0
698ed2454fa8226786de4f4c,data_ml,p_count_2,robo,0,13 Feb 2026 7:27:1
698ed3714fa8226786de4f53,data_ml,p_count_2,robo,0,13 Feb 2026 7:32:1
698ed49e4fa8226786de4f5a,data_ml,p_count_2,robo,0,13 Feb 2026 7:37:2
698ed5ca4fa8226786de4f61,data_ml,p_count_2,robo,2,13 Feb 2026 7:42:2
698ed6f84fa8226786de4f68,data_ml,p_count_2,robo,0,13 Feb 2026 7:47:4
698ed8244fa8226786de4f6f,data_ml,p_count_2,robo,2,13 Feb 2026 7:52:4
698ed9514fa8226786de4f76,data_ml,p_count_2,robo,0,13 Feb 2026 7:57:5
698eda7d4fa8226786de4f7d,data_ml,p_count_2,robo,0,13 Feb 2026 8:2:5
698edbaa4fa8226786de4f84,data_ml,p_count_2,robo,3,13 Feb 2026 8:7:6
698edcd64fa8226786de4f8b,data_ml,p_count_2,robo,0,13 Feb 2026 8:12:6
698ede034fa8226786de4f92,data_ml,p_count_2,robo,0,13 Feb 2026 8:17:7
698edf304fa8226786de4f99,data_ml,p_count_2,robo,1,13 Feb 2026 8:22:8
698ee05c4fa8226786de4fa0,data_ml,p_count_2,robo,1,13 Feb 2026 8:27:8
698ee1894fa8226786de4fa7,data_ml,p_count_2,robo,1,13 Feb 2026 8:32:9
698ee2b54fa8226786de4fae,data_ml,p_count_2,robo,2,13 Feb 2026 8:37:9
698ee3e24fa8226786de4fb5,data_ml,p_count_2,robo,0,13 Feb 2026 8:42:10
698ee50e4fa8226786de4fbc,data_ml,p_count_2,robo,0,13 Feb 2026 8:47:10
698ee63b4fa8226786de4fc3,data_ml,p_count_2,robo,1,13 Feb 2026 8:52:11
698ee7684fa8226786de4fca,data_ml,p_count_2,robo,5,13 Feb 2026 8:57:12
698ee8944fa8226786de4fd1,data_ml,p_count_2,robo,0,13 Feb 2026 9:2:12
698ee9c14fa8226786de4fd8,data_ml,p_count_2,robo,2,13 Feb 2026 9:7:13
698eeaed4fa8226786de4fdf,data_ml,p_count_2,robo,4,13 Feb 2026 9:12:13
698eec1a4fa8226786de4fe6,data_ml,p_count_2,robo,2,13 Feb 2026 9:17:14
698eed474fa8226786de4fed,data_ml,p_count_2,robo,0,13 Feb 2026 9:22:15
698eee734fa8226786de4ff4,data_ml,p_count_2,robo,2,13 Feb 2026 9:27:15
698eefa04fa8226786de4ffa,data_ml,p_count_2,robo,3,13 Feb 2026 9:32:16
698ef0cc4fa8226786de5001,data_ml,p_count_2,robo,2,13 Feb 2026 9:37:16
698ef1f94fa8226786de5008,data_ml,p_count_2,robo,0,13 Feb 2026 9:42:17
698ef3254fa8226786de500f,data_ml,p_count_2,robo,3,13 Feb 2026 9:47:17
698ef4524fa8226786de5016,data_ml,p_count_2,robo,0,13 Feb 2026 9:52:18
698ef57f4fa8226786de501d,data_ml,p_count_2,robo,3,13 Feb 2026 9:57:19
698ef6ab4fa8226786de5024,data_ml,p_count_2,robo,4,13 Feb 2026 10:2:19
698ef7d84fa8226786de502b,data_ml,p_count_2,robo,2,13 Feb 2026 10:7:20
698ef9044fa8226786de5032,data_ml,p_count_2,robo,0,13 Feb 2026 10:12:20
698efa314fa8226786de5039,data_ml,p_count_2,robo,1,13 Feb 2026 10:17:21
698efb5e4fa8226786de5040,data_ml,p_count_2,robo,2,13 Feb 2026 10:22:22
698efc8b4fa8226786de5047,data_ml,p_count_2,robo,4,13 Feb 2026 10:27:23
698efdb74fa8226786de504e,data_ml,p_count_2,robo,6,13 Feb 2026 10:32:23
698efee44fa8226786de5055,data_ml,p_count_2,robo,0,13 Feb 2026 10:37:24
698f00114fa8226786de505c,data_ml,p_count_2,robo,0,13 Feb 2026 10:42:25
698f013d4fa8226786de5063,data_ml,p_count_2,robo,1,13 Feb 2026 10:47:25
698f026a4fa8226786de506a,data_ml,p_count_2,robo,5,13 Feb 2026 10:52:26
698f03964fa8226786de5071,data_ml,p_count_2,robo,2,13 Feb 2026 10:57:26
698f04c34fa8226786de5078,data_ml,p_count_2,robo,2,13 Feb 2026 11:2:27
698f05ef4fa8226786de507f,data_ml,p_count_2,robo,1,13 Feb 2026 11:7:27
698f071c4fa8226786de5086,data_ml,p_count_2,robo,1,13 Feb 2026 11:12:28
698f08494fa8226786de508d,data_ml,p_count_2,robo,2,13 Feb 2026 11:17:29
698f09754fa8226786de5094,data_ml,p_count_2,robo,0,13 Feb 2026 11:22:29
698f0aa24fa8226786de509b,data_ml,p_count_2,robo,0,13 Feb 2026 11:27:30
698f0bce4fa8226786de50a2,data_ml,p_count_2,robo,3,13 Feb 2026 11:32:30
698f0cfb4fa8226786de50a9,data_ml,p_count_2,robo,3,13 Feb 2026 11:37:31
698f0e274fa8226786de50b0,data_ml,p_count_2,robo,0,13 Feb 2026 11:42:31
698f0f544fa8226786de50b7,data_ml,p_count_2,robo,2,13 Feb 2026 11:47:32
698f10814fa8226786de50be,data_ml,p_count_2,robo,3,13 Feb 2026 11:52:33
698f11ad4fa8226786de50c5,data_ml,p_count_2,robo,7,13 Feb 2026 11:57:33
698f12da4fa8226786de50cb,data_ml,p_count_2,robo,7,13 Feb 2026 12:2:34
698f14064fa8226786de50d2,data_ml,p_count_2,robo,1,13 Feb 2026 12:7:34
698f15334fa8226786de50d9,data_ml,p_count_2,robo,1,13 Feb 2026 12:12:35
698f165f4fa8226786de50e0,data_ml,p_count_2,robo,0,13 Feb 2026 12:17:35
698f178c4fa8226786de50e7,data_ml,p_count_2,robo,0,13 Feb 2026 12:22:36
698f18b94fa8226786de50ee,data_ml,p_count_2,robo,0,13 Feb 2026 12:27:37
698f19e54fa8226786de50f5,data_ml,p_count_2,robo,5,13 Feb 2026 12:32:37
698f1b124fa8226786de50fc,data_ml,p_count_2,robo,1,13 Feb 2026 12:37:38
698f1c3f4fa8226786de5103,data_ml,p_count_2,robo,2,13 Feb 2026 12:42:39
698f1d6c4fa8226786de510a,data_ml,p_count_2,robo,5,13 Feb 2026 12:47:40
698f1e984fa8226786de5111,data_ml,p_count_2,robo,7,13 Feb 2026 12:52:40
698f1fc54fa8226786de5118,data_ml,p_count_2,robo,1,13 Feb 2026 12:57:41
698f20f14fa8226786de511f,data_ml,p_count_2,robo,6,13 Feb 2026 13:2:41
698f221e4fa8226786de5126,data_ml,p_count_2,robo,2,13 Feb 2026 13:7:42
698f234a4fa8226786de512d,data_ml,p_count_2,robo,0,13 Feb 2026 13:12:42
698f24774fa8226786de5134,data_ml,p_count_2,robo,2,13 Feb 2026 13:17:43
698f25a44fa8226786de513b,data_ml,p_count_2,robo,2,13 Feb 2026 13:22:44
698f26d04fa8226786de5142,data_ml,p_count_2,robo,2,13 Feb 2026 13:27:44
698f27fd4fa8226786de5149,data_ml,p_count_2,robo,7,13 Feb 2026 13:32:45
698f29294fa8226786de5150,data_ml,p_count_2,robo,3,13 Feb 2026 13:37:45
698f2a564fa8226786de5157,data_ml,p_count_2,robo,6,13 Feb 2026 13:42:46
698f2b834fa8226786de515e,data_ml,p_count_2,robo,4,13 Feb 2026 13:47:47
698f2caf4fa8226786de5165,data_ml,p_count_2,robo,4,13 Feb 2026 13:52:47
698f2ddc4fa8226786de516c,data_ml,p_count_2,robo,2,13 Feb 2026 13:57:48
698f2f084fa8226786de5173,data_ml,p_count_2,robo,0,13 Feb 2026 14:2:48
698f30354fa8226786de517a,data_ml,p_count_2,robo,3,13 Feb 2026 14:7:49
698f31624fa8226786de5181,data_ml,p_count_2,robo,5,13 Feb 2026 14:12:50
698f328e4fa8226786de5188,data_ml,p_count_2,robo,1,13 Feb 2026 14:17:50
698f33bb4fa8226786de518f,data_ml,p_count_2,robo,0,13 Feb 2026 14:22:51
698f34e74fa8226786de5196,data_ml,p_count_2,robo,3,13 Feb 2026 14:27:51
698f36144fa8226786de519c,data_ml,p_count_2,robo,6,13 Feb 2026 14:32:52
698f37414fa8226786de51a3,data_ml,p_count_2,robo,0,13 Feb 2026 14:37:53
698f386d4fa8226786de51aa,data_ml,p_count_2,robo,0,13 Feb 2026 14:42:53
698f399a4fa8226786de51b1,data_ml,p_count_2,robo,0,13 Feb 2026 14:47:54
698f3ac64fa8226786de51b8,data_ml,p_count_2,robo,1,13 Feb 2026 14:52:54
698f3bf34fa8226786de51bf,data_ml,p_count_2,robo,0,13 Feb 2026 14:57:55
698f3d201eb103e21e461be8,data_ml,p_count_2,robo,0,13 Feb 2026 15:2:56
698f3e4c1eb103e21e461bef,data_ml,p_count_2,robo,0,13 Feb 2026 15:7:56
698f3f791eb103e21e461bf6,data_ml,p_count_2,robo,3,13 Feb 2026 15:12:57
698f40a61eb103e21e461bfd,data_ml,p_count_2,robo,0,13 Feb 2026 15:17:58
698f41d31eb103e21e461c04,data_ml,p_count_2,robo,1,13 Feb 2026 15:22:59
698f42ff1eb103e21e461c0b,data_ml,p_count_2,robo,0,13 Feb 2026 15:27:59
698f442c1eb103e21e461c12,data_ml,p_count_2,robo,1,13 Feb 2026 15:33:0
698f45591eb103e21e461c19,data_ml,p_count_2,robo,2,13 Feb 2026 15:38:1
698f46851eb103e21e461c20,data_ml,p_count_2,robo,0,13 Feb 2026 15:43:1
698f47b2d34324875bd7f941,data_ml,p_count_2,robo,1,13 Feb 2026 15:48:2
698f48ded34324875bd7f948,data_ml,p_count_2,robo,0,13 Feb 2026 15:53:2
698f4a0bd34324875bd7f94f,data_ml,p_count_2,robo,1,13 Feb 2026 15:58:3
698f4b38d34324875bd7f956,data_ml,p_count_2,robo,1,13 Feb 2026 16:3:4
698f4c64d34324875bd7f95d,data_ml,p_count_2,robo,0,13 Feb 2026 16:8:4
698f4d91d34324875bd7f964,data_ml,p_count_2,robo,0,13 Feb 2026 16:13:5
698f4ebed34324875bd7f96b,data_ml,p_count_2,robo,0,13 Feb 2026 16:18:6
698f4fead34324875bd7f972,data_ml,p_count_2,robo,0,13 Feb 2026 16:23:6
698f5117d34324875bd7f979,data_ml,p_count_2,robo,0,13 Feb 2026 16:28:7
698f5243d34324875bd7f980,data_ml,p_count_2,robo,1,13 Feb 2026 16:33:7
698f5370d34324875bd7f986,data_ml,p_count_2,robo,0,13 Feb 2026 16:38:8
698f549cd34324875bd7f98d,data_ml,p_count_2,robo,0,13 Feb 2026 16:43:8
698f55c9d34324875bd7f994,data_ml,p_count_2,robo,0,13 Feb 2026 16:48:9
698f56f6d34324875bd7f99b,data_ml,p_count_2,robo,7,13 Feb 2026 16:53:10
698f5822d34324875bd7f9a2,data_ml,p_count_2,robo,0,13 Feb 2026 16:58:10
698f594fd34324875bd7f9a8,data_ml,p_count_2,robo,0,13 Feb 2026 17:3:11
698f5a7bd34324875bd7f9af,data_ml,p_count_2,robo,0,13 Feb 2026 17:8:11
698f5ba8d34324875bd7f9b6,data_ml,p_count_2,robo,0,13 Feb 2026 17:13:12
698f5cd5d34324875bd7f9bd,data_ml,p_count_2,robo,1,13 Feb 2026 17:18:13
698f5e01d34324875bd7f9c4,data_ml,p_count_2,robo,1,13 Feb 2026 17:23:13
698f5f2ed34324875bd7f9cb,data_ml,p_count_2,robo,0,13 Feb 2026 17:28:14
698f605ad34324875bd7f9d2,data_ml,p_count_2,robo,1,13 Feb 2026 17:33:14
698f6187d34324875bd7f9d9,data_ml,p_count_2,robo,2,13 Feb 2026 17:38:15
698f62b3d34324875bd7f9e0,data_ml,p_count_2,robo,0,13 Feb 2026 17:43:15
698f63e0d34324875bd7f9e7,data_ml,p_count_2,robo,0,13 Feb 2026 17:48:16
698f650dd34324875bd7f9ee,data_ml,p_count_2,robo,0,13 Feb 2026 17:53:17
698f663ad34324875bd7f9f5,data_ml,p_count_2,robo,0,13 Feb 2026 17:58:18
698f6766d34324875bd7f9fc,data_ml,p_count_2,robo,0,13 Feb 2026 18:3:18
698f6893d34324875bd7fa03,data_ml,p_count_2,robo,0,13 Feb 2026 18:8:19
698f69bfd34324875bd7fa0a,data_ml,p_count_2,robo,0,13 Feb 2026 18:13:19
698f6aecd34324875bd7fa11,data_ml,p_count_2,robo,0,13 Feb 2026 18:18:20
698f6c18d34324875bd7fa18,data_ml,p_count_2,robo,0,13 Feb 2026 18:23:20
698f6d45d34324875bd7fa1f,data_ml,p_count_2,robo,0,13 Feb 2026 18:28:21
698f6e72d34324875bd7fa26,data_ml,p_count_2,robo,0,13 Feb 2026 18:33:22
698f6f9ed34324875bd7fa2d,data_ml,p_count_2,robo,0,13 Feb 2026 18:38:22
698f70cbd34324875bd7fa35,data_ml,p_count_2,robo,0,13 Feb 2026 18:43:23
698f71f8d34324875bd7fa3c,data_ml,p_count_2,robo,0,13 Feb 2026 18:48:24
698f7324d34324875bd7fa43,data_ml,p_count_2,robo,0,13 Feb 2026 18:53:24
698f7451d34324875bd7fa4a,data_ml,p_count_2,robo,0,13 Feb 2026 18:58:25
698f757dd34324875bd7fa51,data_ml,p_count_2,robo,0,13 Feb 2026 19:3:25
698f76aad34324875bd7fa58,data_ml,p_count_2,robo,0,13 Feb 2026 19:8:26
698f77d6d34324875bd7fa5f,data_ml,p_count_2,robo,0,13 Feb 2026 19:13:26
698f7903d34324875bd7fa66,data_ml,p_count_2,robo,0,13 Feb 2026 19:18:27
698f7a30d34324875bd7fa6d,data_ml,p_count_2,robo,0,13 Feb 2026 19:23:28
698f7b5cd34324875bd7fa74,data_ml,p_count_2,robo,0,13 Feb 2026 19:28:28
698f7c89d34324875bd7fa7a,data_ml,p_count_2,robo,0,13 Feb 2026 19:33:29
698f7db5d34324875bd7fa81,data_ml,p_count_2,robo,0,13 Feb 2026 19:38:29
698f7ee2d34324875bd7fa88,data_ml,p_count_2,robo,0,13 Feb 2026 19:43:30
698f800ed34324875bd7fa8f,data_ml,p_count_2,robo,0,13 Feb 2026 19:48:30
698f813bd34324875bd7fa96,data_ml,p_count_2,robo,0,13 Feb 2026 19:53:31
698f8268d34324875bd7fa9d,data_ml,p_count_2,robo,0,13 Feb 2026 19:58:32
698f8394d34324875bd7faa4,data_ml,p_count_2,robo,0,13 Feb 2026 20:3:32
698f84c1d34324875bd7faab,data_ml,p_count_2,robo,0,13 Feb 2026 20:8:33
698f85edd34324875bd7fab2,data_ml,p_count_2,robo,0,13 Feb 2026 20:13:33
698f871bd34324875bd7fab9,data_ml,p_count_2,robo,0,13 Feb 2026 20:18:35
698f8847d34324875bd7fac0,data_ml,p_count_2,robo,0,13 Feb 2026 20:23:35
698f8974d34324875bd7fac7,data_ml,p_count_2,robo,0,13 Feb 2026 20:28:36
698f8aa0d34324875bd7face,data_ml,p_count_2,robo,0,13 Feb 2026 20:33:36
698f8bcdd34324875bd7fad5,data_ml,p_count_2,robo,0,13 Feb 2026 20:38:37
698f8cfad34324875bd7fadc,data_ml,p_count_2,robo,0,13 Feb 2026 20:43:38
698f8e26d34324875bd7fae3,data_ml,p_count_2,robo,0,13 Feb 2026 20:48:38
698f8f53d34324875bd7faea,data_ml,p_count_2,robo,0,13 Feb 2026 20:53:39
698f907fd34324875bd7faf1,data_ml,p_count_2,robo,0,13 Feb 2026 20:58:39
698f91acd34324875bd7faf8,data_ml,p_count_2,robo,0,13 Feb 2026 21:3:40
698f92d9d34324875bd7faff,data_ml,p_count_2,robo,0,13 Feb 2026 21:8:41
698f9405d34324875bd7fb06,data_ml,p_count_2,robo,0,13 Feb 2026 21:13:41
698f9532d34324875bd7fb0d,data_ml,p_count_2,robo,0,13 Feb 2026 21:18:42
698f965ed34324875bd7fb14,data_ml,p_count_2,robo,0,13 Feb 2026 21:23:42
698f978bd34324875bd7fb1b,data_ml,p_count_2,robo,0,13 Feb 2026 21:28:43
698f98b8d34324875bd7fb22,data_ml,p_count_2,robo,0,13 Feb 2026 21:33:44
698f99e4d34324875bd7fb29,data_ml,p_count_2,robo,0,13 Feb 2026 21:38:44
698f9b11d34324875bd7fb30,data_ml,p_count_2,robo,0,13 Feb 2026 21:43:45
698f9c3dd34324875bd7fb37,data_ml,p_count_2,robo,0,13 Feb 2026 21:48:45
698f9d6ad34324875bd7fb3e,data_ml,p_count_2,robo,0,13 Feb 2026 21:53:46
698f9e97d34324875bd7fb45,data_ml,p_count_2,robo,0,13 Feb 2026 21:58:47
698f9fc3d34324875bd7fb4b,data_ml,p_count_2,robo,0,13 Feb 2026 22:3:47
698fa0f0d34324875bd7fb52,data_ml,p_count_2,robo,0,13 Feb 2026 22:8:48
698fa21dd34324875bd7fb59,data_ml,p_count_2,robo,0,13 Feb 2026 22:13:49
698fa349d34324875bd7fb60,data_ml,p_count_2,robo,0,13 Feb 2026 22:18:49
698fa476d34324875bd7fb67,data_ml,p_count_2,robo,0,13 Feb 2026 22:23:50
698fa5a2d34324875bd7fb6e,data_ml,p_count_2,robo,0,13 Feb 2026 22:28:50
698fa6cfd34324875bd7fb75,data_ml,p_count_2,robo,0,13 Feb 2026 22:33:51
698fa7fbd34324875bd7fb7c,data_ml,p_count_2,robo,0,13 Feb 2026 22:38:51
698fa928d34324875bd7fb83,data_ml,p_count_2,robo,0,13 Feb 2026 22:43:52
698faa55d34324875bd7fb8a,data_ml,p_count_2,robo,0,13 Feb 2026 22:48:53
698fab82d34324875bd7fb91,data_ml,p_count_2,robo,0,13 Feb 2026 22:53:54
698facaed34324875bd7fb98,data_ml,p_count_2,robo,0,13 Feb 2026 22:58:54
698faddbd34324875bd7fb9f,data_ml,p_count_2,robo,0,13 Feb 2026 23:3:55
698faf08d34324875bd7fba6,data_ml,p_count_2,robo,0,13 Feb 2026 23:8:56
698fb034d34324875bd7fbad,data_ml,p_count_2,robo,0,13 Feb 2026 23:13:56
698fb161d34324875bd7fbb4,data_ml,p_count_2,robo,0,13 Feb 2026 23:18:57
698fb28dd34324875bd7fbbb,data_ml,p_count_2,robo,0,13 Feb 2026 23:23:57
698fb3bad34324875bd7fbc2,data_ml,p_count_2,robo,0,13 Feb 2026 23:28:58
698fb4e7d34324875bd7fbc9,data_ml,p_count_2,robo,0,13 Feb 2026 23:33:59
698fb613d34324875bd7fbd0,data_ml,p_count_2,robo,0,13 Feb 2026 23:38:59
698fb740d34324875bd7fbd7,data_ml,p_count_2,robo,0,13 Feb 2026 23:44:0
698fb86cd34324875bd7fbde,data_ml,p_count_2,robo,0,13 Feb 2026 23:49:0
698fb999d34324875bd7fbe5,data_ml,p_count_2,robo,0,13 Feb 2026 23:54:1
698fbac6d34324875bd7fbec,data_ml,p_count_2,robo,0,13 Feb 2026 23:59:2
698fbbf2d34324875bd7fbf3,data_ml,p_count_2,robo,0,14 Feb 2026 0:4:2
698fbd1fd34324875bd7fbfa,data_ml,p_count_2,robo,0,14 Feb 2026 0:9:3
698fbe4bd34324875bd7fc01,data_ml,p_count_2,robo,0,14 Feb 2026 0:14:3
698fbf78d34324875bd7fc08,data_ml,p_count_2,robo,0,14 Feb 2026 0:19:4
698fc0a5d34324875bd7fc0f,data_ml,p_count_2,robo,0,14 Feb 2026 0:24:5
698fc1d1d34324875bd7fc16,data_ml,p_count_2,robo,0,14 Feb 2026 0:29:5
698fc2fed34324875bd7fc1c,data_ml,p_count_2,robo,0,14 Feb 2026 0:34:6
698fc42ad34324875bd7fc23,data_ml,p_count_2,robo,0,14 Feb 2026 0:39:6
698fc557d34324875bd7fc2a,data_ml,p_count_2,robo,0,14 Feb 2026 0:44:7
698fc684d34324875bd7fc31,data_ml,p_count_2,robo,0,14 Feb 2026 0:49:8
698fc7b0d34324875bd7fc38,data_ml,p_count_2,robo,0,14 Feb 2026 0:54:8
698fc8ddd34324875bd7fc3f,data_ml,p_count_2,robo,0,14 Feb 2026 0:59:9
698fca09d34324875bd7fc46,data_ml,p_count_2,robo,0,14 Feb 2026 1:4:9
698fcb36d34324875bd7fc4d,data_ml,p_count_2,robo,0,14 Feb 2026 1:9:10
698fcc62d34324875bd7fc54,data_ml,p_count_2,robo,0,14 Feb 2026 1:14:10
698fcd90d34324875bd7fc5b,data_ml,p_count_2,robo,0,14 Feb 2026 1:19:12
698fcebcd34324875bd7fc62,data_ml,p_count_2,robo,0,14 Feb 2026 1:24:12
698fcfe9d34324875bd7fc69,data_ml,p_count_2,robo,0,14 Feb 2026 1:29:13
698fd115d34324875bd7fc70,data_ml,p_count_2,robo,0,14 Feb 2026 1:34:13
698fd242d34324875bd7fc77,data_ml,p_count_2,robo,0,14 Feb 2026 1:39:14
698fd36ed34324875bd7fc7e,data_ml,p_count_2,robo,0,14 Feb 2026 1:44:14
698fd49bd34324875bd7fc85,data_ml,p_count_2,robo,0,14 Feb 2026 1:49:15
698fd5c8d34324875bd7fc8c,data_ml,p_count_2,robo,0,14 Feb 2026 1:54:16
698fd6f4d34324875bd7fc93,data_ml,p_count_2,robo,0,14 Feb 2026 1:59:16
698fd821d34324875bd7fc9a,data_ml,p_count_2,robo,0,14 Feb 2026 2:4:17
698fd94dd34324875bd7fca1,data_ml,p_count_2,robo,0,14 Feb 2026 2:9:17
698fda7ad34324875bd7fca8,data_ml,p_count_2,robo,0,14 Feb 2026 2:14:18
698fdba7d34324875bd7fcaf,data_ml,p_count_2,robo,0,14 Feb 2026 2:19:19
698fdcd3d34324875bd7fcb6,data_ml,p_count_2,robo,0,14 Feb 2026 2:24:19
698fde00d34324875bd7fcbd,data_ml,p_count_2,robo,0,14 Feb 2026 2:29:20
698fdf2cd34324875bd7fcc4,data_ml,p_count_2,robo,0,14 Feb 2026 2:34:20
698fe059d34324875bd7fccb,data_ml,p_count_2,robo,0,14 Feb 2026 2:39:21
698fe186d34324875bd7fcd2,data_ml,p_count_2,robo,0,14 Feb 2026 2:44:22
698fe2b2d34324875bd7fcd9,data_ml,p_count_2,robo,0,14 Feb 2026 2:49:22
698fe3dfd34324875bd7fce0,data_ml,p_count_2,robo,0,14 Feb 2026 2:54:23
698fe50bd34324875bd7fce7,data_ml,p_count_2,robo,0,14 Feb 2026 2:59:23
698fe638d34324875bd7fced,data_ml,p_count_2,robo,0,14 Feb 2026 3:4:24
698fe765d34324875bd7fcf4,data_ml,p_count_2,robo,0,14 Feb 2026 3:9:25
698fe891d34324875bd7fcfb,data_ml,p_count_2,robo,0,14 Feb 2026 3:14:25
698fe9bed34324875bd7fd02,data_ml,p_count_2,robo,0,14 Feb 2026 3:19:26
698feaead34324875bd7fd09,data_ml,p_count_2,robo,0,14 Feb 2026 3:24:26
698fec17d34324875bd7fd10,data_ml,p_count_2,robo,0,14 Feb 2026 3:29:27
698fed43d34324875bd7fd17,data_ml,p_count_2,robo,0,14 Feb 2026 3:34:27
698fee70d34324875bd7fd1e,data_ml,p_count_2,robo,0,14 Feb 2026 3:39:28
698fef9dd34324875bd7fd25,data_ml,p_count_2,robo,0,14 Feb 2026 3:44:29
698ff0cad34324875bd7fd2d,data_ml,p_count_2,robo,0,14 Feb 2026 3:49:30
698ff1f7d34324875bd7fd34,data_ml,p_count_2,robo,0,14 Feb 2026 3:54:31
698ff323d34324875bd7fd3b,data_ml,p_count_2,robo,0,14 Feb 2026 3:59:31
698ff450d34324875bd7fd42,data_ml,p_count_2,robo,0,14 Feb 2026 4:4:32
698ff57dd34324875bd7fd49,data_ml,p_count_2,robo,0,14 Feb 2026 4:9:33
698ff6a9d34324875bd7fd50,data_ml,p_count_2,robo,0,14 Feb 2026 4:14:33
698ff7d6d34324875bd7fd57,data_ml,p_count_2,robo,0,14 Feb 2026 4:19:34
698ff902d34324875bd7fd5e,data_ml,p_count_2,robo,0,14 Feb 2026 4:24:34
698ffa2fd34324875bd7fd65,data_ml,p_count_2,robo,0,14 Feb 2026 4:29:35
698ffb5cd34324875bd7fd6c,data_ml,p_count_2,robo,0,14 Feb 2026 4:34:36
698ffc88d34324875bd7fd73,data_ml,p_count_2,robo,0,14 Feb 2026 4:39:36
698ffdb5d34324875bd7fd7a,data_ml,p_count_2,robo,0,14 Feb 2026 4:44:37
698ffee1d34324875bd7fd81,data_ml,p_count_2,robo,0,14 Feb 2026 4:49:37
6990000ed34324875bd7fd88,data_ml,p_count_2,robo,0,14 Feb 2026 4:54:38
6990013bd34324875bd7fd8f,data_ml,p_count_2,robo,0,14 Feb 2026 4:59:39
69900267d34324875bd7fd96,data_ml,p_count_2,robo,0,14 Feb 2026 5:4:39
69900394d34324875bd7fd9d,data_ml,p_count_2,robo,0,14 Feb 2026 5:9:40
699004c0d34324875bd7fda4,data_ml,p_count_2,robo,0,14 Feb 2026 5:14:40
699005edd34324875bd7fdab,data_ml,p_count_2,robo,0,14 Feb 2026 5:19:41
69900719d34324875bd7fdb2,data_ml,p_count_2,robo,0,14 Feb 2026 5:24:41
69900846d34324875bd7fdb9,data_ml,p_count_2,robo,0,14 Feb 2026 5:29:42
69900973d34324875bd7fdbf,data_ml,p_count_2,robo,0,14 Feb 2026 5:34:43
69900a9fd34324875bd7fdc6,data_ml,p_count_2,robo,0,14 Feb 2026 5:39:43
69900bccd34324875bd7fdcd,data_ml,p_count_2,robo,0,14 Feb 2026 5:44:44
69900cf8d34324875bd7fdd4,data_ml,p_count_2,robo,0,14 Feb 2026 5:49:44
69900e25d34324875bd7fddb,data_ml,p_count_2,robo,0,14 Feb 2026 5:54:45
69900f52d34324875bd7fde2,data_ml,p_count_2,robo,0,14 Feb 2026 5:59:46
6990107ed34324875bd7fde9,data_ml,p_count_2,robo,0,14 Feb 2026 6:4:46
699011abd34324875bd7fdf0,data_ml,p_count_2,robo,0,14 Feb 2026 6:9:47
699012d7d34324875bd7fdf7,data_ml,p_count_2,robo,0,14 Feb 2026 6:14:47
69901404d34324875bd7fdfe,data_ml,p_count_2,robo,0,14 Feb 2026 6:19:48
69901531d34324875bd7fe05,data_ml,p_count_2,robo,0,14 Feb 2026 6:24:49
6990165ed34324875bd7fe0c,data_ml,p_count_2,robo,0,14 Feb 2026 6:29:50
6990178ad34324875bd7fe13,data_ml,p_count_2,robo,0,14 Feb 2026 6:34:50
699018b7d34324875bd7fe1a,data_ml,p_count_2,robo,0,14 Feb 2026 6:39:51
699019e3d34324875bd7fe21,data_ml,p_count_2,robo,0,14 Feb 2026 6:44:51
69901b10d34324875bd7fe28,data_ml,p_count_2,robo,0,14 Feb 2026 6:49:52
69901c3dd34324875bd7fe31,data_ml,p_count_2,robo,0,14 Feb 2026 6:54:53
69901d69d34324875bd7fe3c,data_ml,p_count_2,robo,0,14 Feb 2026 6:59:53
69901e96d34324875bd7fe4d,data_ml,p_count_2,robo,0,14 Feb 2026 7:4:54
69901fc2d34324875bd7fe5e,data_ml,p_count_2,robo,0,14 Feb 2026 7:9:54
699020efd34324875bd7fe6f,data_ml,p_count_2,robo,0,14 Feb 2026 7:14:55
6990221bd34324875bd7fe80,data_ml,p_count_2,robo,0,14 Feb 2026 7:19:55
69902348d34324875bd7fe91,data_ml,p_count_2,robo,0,14 Feb 2026 7:24:56
69902475d34324875bd7fea2,data_ml,p_count_2,robo,0,14 Feb 2026 7:29:57
699025a1d34324875bd7feb3,data_ml,p_count_2,robo,0,14 Feb 2026 7:34:57
699026ced34324875bd7fec4,data_ml,p_count_2,robo,0,14 Feb 2026 7:39:58
699027fad34324875bd7fed5,data_ml,p_count_2,robo,0,14 Feb 2026 7:44:58
69902927d34324875bd7fee6,data_ml,p_count_2,robo,0,14 Feb 2026 7:49:59
69902a54d34324875bd7fef7,data_ml,p_count_2,robo,0,14 Feb 2026 7:55:0
69902b80d34324875bd7ff08,data_ml,p_count_2,robo,0,14 Feb 2026 8:0:0
69902cadd34324875bd7ff18,data_ml,p_count_2,robo,0,14 Feb 2026 8:5:1
69902dd9d34324875bd7ff29,data_ml,p_count_2,robo,0,14 Feb 2026 8:10:1
69902f06d34324875bd7ff3a,data_ml,p_count_2,robo,0,14 Feb 2026 8:15:2
69903032d34324875bd7ff4b,data_ml,p_count_2,robo,0,14 Feb 2026 8:20:2
6990315fd34324875bd7ff5c,data_ml,p_count_2,robo,0,14 Feb 2026 8:25:3
6990328cd34324875bd7ff6d,data_ml,p_count_2,robo,0,14 Feb 2026 8:30:4
699033b8d34324875bd7ff7e,data_ml,p_count_2,robo,0,14 Feb 2026 8:35:4
699034e5d34324875bd7ff8f,data_ml,p_count_2,robo,0,14 Feb 2026 8:40:5
69903611d34324875bd7ffa0,data_ml,p_count_2,robo,0,14 Feb 2026 8:45:5
6990373fd34324875bd7ffb2,data_ml,p_count_2,robo,0,14 Feb 2026 8:50:7
6990386bd34324875bd7ffc3,data_ml,p_count_2,robo,0,14 Feb 2026 8:55:7
69903998d34324875bd7ffd4,data_ml,p_count_2,robo,0,14 Feb 2026 9:0:8
69903ac4d34324875bd7ffe5,data_ml,p_count_2,robo,0,14 Feb 2026 9:5:8
69903bf1d34324875bd7fff6,data_ml,p_count_2,robo,0,14 Feb 2026 9:10:9
69903d1dd34324875bd80007,data_ml,p_count_2,robo,0,14 Feb 2026 9:15:9
69903e4ad34324875bd80018,data_ml,p_count_2,robo,0,14 Feb 2026 9:20:10
69903f77d34324875bd80029,data_ml,p_count_2,robo,0,14 Feb 2026 9:25:11
699040a3d34324875bd8003a,data_ml,p_count_2,robo,0,14 Feb 2026 9:30:11
699041d0d34324875bd8004b,data_ml,p_count_2,robo,0,14 Feb 2026 9:35:12
699042fcd34324875bd8005c,data_ml,p_count_2,robo,0,14 Feb 2026 9:40:12
69904429d34324875bd8006d,data_ml,p_count_2,robo,0,14 Feb 2026 9:45:13
69904556d34324875bd8007e,data_ml,p_count_2,robo,0,14 Feb 2026 9:50:14
69904682d34324875bd8008f,data_ml,p_count_2,robo,0,14 Feb 2026 9:55:14
699047afd34324875bd800a0,data_ml,p_count_2,robo,0,14 Feb 2026 10:0:15
699048dbd34324875bd800b1,data_ml,p_count_2,robo,0,14 Feb 2026 10:5:15
69904a08d34324875bd800c2,data_ml,p_count_2,robo,0,14 Feb 2026 10:10:16
69904b35d34324875bd800d3,data_ml,p_count_2,robo,0,14 Feb 2026 10:15:17
69904c61d34324875bd800e4,data_ml,p_count_2,robo,0,14 Feb 2026 10:20:17
69904d8ed34324875bd800f5,data_ml,p_count_2,robo,0,14 Feb 2026 10:25:18
69904ebad34324875bd80106,data_ml,p_count_2,robo,0,14 Feb 2026 10:30:18
69904fe7d34324875bd80116,data_ml,p_count_2,robo,0,14 Feb 2026 10:35:19
69905114d34324875bd80127,data_ml,p_count_2,robo,0,14 Feb 2026 10:40:20
69905240d34324875bd80139,data_ml,p_count_2,robo,0,14 Feb 2026 10:45:20
6990536dd34324875bd8014a,data_ml,p_count_2,robo,0,14 Feb 2026 10:50:21
69905499d34324875bd8015b,data_ml,p_count_2,robo,0,14 Feb 2026 10:55:21
699055c6d34324875bd8016c,data_ml,p_count_2,robo,0,14 Feb 2026 11:0:22
699056f3d34324875bd8017d,data_ml,p_count_2,robo,0,14 Feb 2026 11:5:23
6990581fd34324875bd8018e,data_ml,p_count_2,robo,0,14 Feb 2026 11:10:23
6990594cd34324875bd8019f,data_ml,p_count_2,robo,0,14 Feb 2026 11:15:24
69905a79d34324875bd801b0,data_ml,p_count_2,robo,0,14 Feb 2026 11:20:25
69905ba6d34324875bd801c1,data_ml,p_count_2,robo,0,14 Feb 2026 11:25:26
69905cd2d34324875bd801d2,data_ml,p_count_2,robo,0,14 Feb 2026 11:30:26
69905dffd34324875bd801e3,data_ml,p_count_2,robo,0,14 Feb 2026 11:35:27
69905f2bd34324875bd801f4,data_ml,p_count_2,robo,0,14 Feb 2026 11:40:27
69906058d34324875bd80205,data_ml,p_count_2,robo,0,14 Feb 2026 11:45:28
69906185d34324875bd80216,data_ml,p_count_2,robo,0,14 Feb 2026 11:50:29
699062b1d34324875bd80227,data_ml,p_count_2,robo,0,14 Feb 2026 11:55:29
699063ded34324875bd80238,data_ml,p_count_2,robo,0,14 Feb 2026 12:0:30
6990650ad34324875bd80249,data_ml,p_count_2,robo,0,14 Feb 2026 12:5:30
69906637d34324875bd8025a,data_ml,p_count_2,robo,0,14 Feb 2026 12:10:31
69906764d34324875bd8026b,data_ml,p_count_2,robo,0,14 Feb 2026 12:15:32
69906890d34324875bd8027c,data_ml,p_count_2,robo,0,14 Feb 2026 12:20:32
699069bdd34324875bd8028d,data_ml,p_count_2,robo,0,14 Feb 2026 12:25:33
69906ae9d34324875bd8029e,data_ml,p_count_2,robo,0,14 Feb 2026 12:30:33
69906c16d34324875bd802af,data_ml,p_count_2,robo,0,14 Feb 2026 12:35:34
69906d43d34324875bd802c0,data_ml,p_count_2,robo,0,14 Feb 2026 12:40:35
69906e6fd34324875bd802d1,data_ml,p_count_2,robo,0,14 Feb 2026 12:45:35
69906f9cd34324875bd802e3,data_ml,p_count_2,robo,0,14 Feb 2026 12:50:36
699070c8d34324875bd802f4,data_ml,p_count_2,robo,0,14 Feb 2026 12:55:36
699071f5d34324875bd80305,data_ml,p_count_2,robo,0,14 Feb 2026 13:0:37
69907322d34324875bd80315,data_ml,p_count_2,robo,0,14 Feb 2026 13:5:38
6990744ed34324875bd80326,data_ml,p_count_2,robo,0,14 Feb 2026 13:10:38
6990757bd34324875bd80337,data_ml,p_count_2,robo,0,14 Feb 2026 13:15:39
699076a7d34324875bd80348,data_ml,p_count_2,robo,0,14 Feb 2026 13:20:39
699077d4d34324875bd80359,data_ml,p_count_2,robo,0,14 Feb 2026 13:25:40
69907900d34324875bd8036a,data_ml,p_count_2,robo,0,14 Feb 2026 13:30:40
69907a2dd34324875bd8037b,data_ml,p_count_2,robo,0,14 Feb 2026 13:35:41
69907b5ad34324875bd8038c,data_ml,p_count_2,robo,0,14 Feb 2026 13:40:42
69907c86d34324875bd8039d,data_ml,p_count_2,robo,0,14 Feb 2026 13:45:42
69907db4d34324875bd803ae,data_ml,p_count_2,robo,0,14 Feb 2026 13:50:44
69907ee0d34324875bd803bf,data_ml,p_count_2,robo,0,14 Feb 2026 13:55:44
6990800dd34324875bd803d0,data_ml,p_count_2,robo,0,14 Feb 2026 14:0:45
69908139d34324875bd803e1,data_ml,p_count_2,robo,0,14 Feb 2026 14:5:45
69908266d34324875bd803f2,data_ml,p_count_2,robo,1,14 Feb 2026 14:10:46
69908392d34324875bd80403,data_ml,p_count_2,robo,0,14 Feb 2026 14:15:46
699084bfd34324875bd80414,data_ml,p_count_2,robo,0,14 Feb 2026 14:20:47
699085ecd34324875bd80425,data_ml,p_count_2,robo,0,14 Feb 2026 14:25:48
69908718d34324875bd80436,data_ml,p_count_2,robo,0,14 Feb 2026 14:30:48
69908845d34324875bd80447,data_ml,p_count_2,robo,0,14 Feb 2026 14:35:49
69908971d34324875bd80458,data_ml,p_count_2,robo,0,14 Feb 2026 14:40:49
69908a9ed34324875bd80469,data_ml,p_count_2,robo,0,14 Feb 2026 14:45:50
69908bcbd34324875bd8047a,data_ml,p_count_2,robo,0,14 Feb 2026 14:50:51
69908cf7d34324875bd8048b,data_ml,p_count_2,robo,0,14 Feb 2026 14:55:51
69908e24d34324875bd8049c,data_ml,p_count_2,robo,0,14 Feb 2026 15:0:52
69908f50d34324875bd804ad,data_ml,p_count_2,robo,0,14 Feb 2026 15:5:52
6990907dd34324875bd804be,data_ml,p_count_2,robo,0,14 Feb 2026 15:10:53
699091aad34324875bd804cf,data_ml,p_count_2,robo,0,14 Feb 2026 15:15:54
699092d6d34324875bd804e0,data_ml,p_count_2,robo,0,14 Feb 2026 15:20:54
69909403d34324875bd804f1,data_ml,p_count_2,robo,0,14 Feb 2026 15:25:55
6990952fd34324875bd80502,data_ml,p_count_2,robo,0,14 Feb 2026 15:30:55
6990965cd34324875bd80512,data_ml,p_count_2,robo,0,14 Feb 2026 15:35:56
69909789d34324875bd80523,data_ml,p_count_2,robo,0,14 Feb 2026 15:40:57
699098b5d34324875bd80534,data_ml,p_count_2,robo,0,14 Feb 2026 15:45:57
699099e2d34324875bd80545,data_ml,p_count_2,robo,0,14 Feb 2026 15:50:58
69909b0ed34324875bd80556,data_ml,p_count_2,robo,0,14 Feb 2026 15:55:58
69909c3bd34324875bd80567,data_ml,p_count_2,robo,0,14 Feb 2026 16:0:59
69909d68d34324875bd80578,data_ml,p_count_2,robo,0,14 Feb 2026 16:6:0
69909e94d34324875bd80589,data_ml,p_count_2,robo,0,14 Feb 2026 16:11:0
69909fc1d34324875bd8059a,data_ml,p_count_2,robo,0,14 Feb 2026 16:16:1
6990a0ee556a07b4959b6141,data_ml,p_count_2,robo,0,14 Feb 2026 16:21:2
6990a21b556a07b4959b6152,data_ml,p_count_2,robo,0,14 Feb 2026 16:26:3
6990a347556a07b4959b6163,data_ml,p_count_2,robo,0,14 Feb 2026 16:31:3
6990a474556a07b4959b6174,data_ml,p_count_2,robo,0,14 Feb 2026 16:36:4
6990a5a0556a07b4959b6186,data_ml,p_count_2,robo,0,14 Feb 2026 16:41:4
6990a6cd556a07b4959b6197,data_ml,p_count_2,robo,0,14 Feb 2026 16:46:5
6990a7f9556a07b4959b61a8,data_ml,p_count_2,robo,0,14 Feb 2026 16:51:5
6990a926556a07b4959b61b9,data_ml,p_count_2,robo,0,14 Feb 2026 16:56:6
6990aa53556a07b4959b61ca,data_ml,p_count_2,robo,0,14 Feb 2026 17:1:7
6990ab7f556a07b4959b61db,data_ml,p_count_2,robo,0,14 Feb 2026 17:6:7
6990acac556a07b4959b61ec,data_ml,p_count_2,robo,0,14 Feb 2026 17:11:8
6990add9556a07b4959b61fd,data_ml,p_count_2,robo,0,14 Feb 2026 17:16:9
6990af05556a07b4959b620a,data_ml,p_count_2,robo,0,14 Feb 2026 17:21:9
6990b032556a07b4959b6211,data_ml,p_count_2,robo,0,14 Feb 2026 17:26:10
6990b15e556a07b4959b6218,data_ml,p_count_2,robo,0,14 Feb 2026 17:31:10
6990b28b556a07b4959b621f,data_ml,p_count_2,robo,0,14 Feb 2026 17:36:11
6990b3b7556a07b4959b6226,data_ml,p_count_2,robo,0,14 Feb 2026 17:41:11
6990b4e4556a07b4959b622d,data_ml,p_count_2,robo,0,14 Feb 2026 17:46:12
6990b611556a07b4959b6234,data_ml,p_count_2,robo,0,14 Feb 2026 17:51:13
6990b73d556a07b4959b623b,data_ml,p_count_2,robo,0,14 Feb 2026 17:56:13
6990b86a556a07b4959b6241,data_ml,p_count_2,robo,0,14 Feb 2026 18:1:14
6990b996556a07b4959b6248,data_ml,p_count_2,robo,0,14 Feb 2026 18:6:14
6990bac3556a07b4959b624f,data_ml,p_count_2,robo,0,14 Feb 2026 18:11:15
6990bbf0556a07b4959b6256,data_ml,p_count_2,robo,0,14 Feb 2026 18:16:16
6990bd1c556a07b4959b625d,data_ml,p_count_2,robo,0,14 Feb 2026 18:21:16
6990be49556a07b4959b6264,data_ml,p_count_2,robo,0,14 Feb 2026 18:26:17
6990bf75556a07b4959b626b,data_ml,p_count_2,robo,0,14 Feb 2026 18:31:17
6990c0a2556a07b4959b6272,data_ml,p_count_2,robo,5,14 Feb 2026 18:36:18
6990c1ce556a07b4959b6279,data_ml,p_count_2,robo,0,14 Feb 2026 18:41:18
6990c2fb556a07b4959b6280,data_ml,p_count_2,robo,0,14 Feb 2026 18:46:19
6990c428556a07b4959b6287,data_ml,p_count_2,robo,0,14 Feb 2026 18:51:20
6990c555556a07b4959b628e,data_ml,p_count_2,robo,0,14 Feb 2026 18:56:21
6990c681556a07b4959b6295,data_ml,p_count_2,robo,0,14 Feb 2026 19:1:21
6990c7ae556a07b4959b629c,data_ml,p_count_2,robo,0,14 Feb 2026 19:6:22
6990c8da556a07b4959b62a3,data_ml,p_count_2,robo,0,14 Feb 2026 19:11:22
6990ca07556a07b4959b62aa,data_ml,p_count_2,robo,0,14 Feb 2026 19:16:23
6990cb33556a07b4959b62b1,data_ml,p_count_2,robo,0,14 Feb 2026 19:21:23
6990cc60556a07b4959b62b8,data_ml,p_count_2,robo,0,14 Feb 2026 19:26:24
6990cd8d556a07b4959b62bf,data_ml,p_count_2,robo,0,14 Feb 2026 19:31:25
6990ceb9556a07b4959b62c6,data_ml,p_count_2,robo,0,14 Feb 2026 19:36:25
6990cfe6556a07b4959b62cd,data_ml,p_count_2,robo,0,14 Feb 2026 19:41:26
6990d112556a07b4959b62d4,data_ml,p_count_2,robo,0,14 Feb 2026 19:46:26
6990d23f556a07b4959b62db,data_ml,p_count_2,robo,0,14 Feb 2026 19:51:27
6990d36c556a07b4959b62e2,data_ml,p_count_2,robo,0,14 Feb 2026 19:56:28
6990d498556a07b4959b62e9,data_ml,p_count_2,robo,0,14 Feb 2026 20:1:28
6990d5c5556a07b4959b62f0,data_ml,p_count_2,robo,0,14 Feb 2026 20:6:29
6990d6f1556a07b4959b62f7,data_ml,p_count_2,robo,0,14 Feb 2026 20:11:29
6990d81e556a07b4959b62fe,data_ml,p_count_2,robo,0,14 Feb 2026 20:16:30
6990d94b556a07b4959b6305,data_ml,p_count_2,robo,0,14 Feb 2026 20:21:31
6990da77556a07b4959b630c,data_ml,p_count_2,robo,0,14 Feb 2026 20:26:31
6990dba4556a07b4959b6312,data_ml,p_count_2,robo,0,14 Feb 2026 20:31:32
6990dcd0556a07b4959b6319,data_ml,p_count_2,robo,0,14 Feb 2026 20:36:32
6990ddfd556a07b4959b6320,data_ml,p_count_2,robo,0,14 Feb 2026 20:41:33
6990df2a556a07b4959b6327,data_ml,p_count_2,robo,0,14 Feb 2026 20:46:34
6990e056556a07b4959b632e,data_ml,p_count_2,robo,0,14 Feb 2026 20:51:34
6990e183556a07b4959b6335,data_ml,p_count_2,robo,0,14 Feb 2026 20:56:35
6990e2b0556a07b4959b633c,data_ml,p_count_2,robo,0,14 Feb 2026 21:1:36
6990e3dc556a07b4959b6343,data_ml,p_count_2,robo,0,14 Feb 2026 21:6:36
6990e509556a07b4959b634a,data_ml,p_count_2,robo,0,14 Feb 2026 21:11:37
6990e635556a07b4959b6351,data_ml,p_count_2,robo,0,14 Feb 2026 21:16:37
6990e763556a07b4959b6358,data_ml,p_count_2,robo,0,14 Feb 2026 21:21:39
6990e88f556a07b4959b635f,data_ml,p_count_2,robo,0,14 Feb 2026 21:26:39
6990e9bc556a07b4959b6366,data_ml,p_count_2,robo,0,14 Feb 2026 21:31:40
6990eae8556a07b4959b636d,data_ml,p_count_2,robo,0,14 Feb 2026 21:36:40
6990ec15556a07b4959b6374,data_ml,p_count_2,robo,0,14 Feb 2026 21:41:41
6990ed42556a07b4959b637b,data_ml,p_count_2,robo,0,14 Feb 2026 21:46:42
6990ee6e556a07b4959b6382,data_ml,p_count_2,robo,0,14 Feb 2026 21:51:42
6990ef9b556a07b4959b6389,data_ml,p_count_2,robo,0,14 Feb 2026 21:56:43
6990f0c8556a07b4959b6390,data_ml,p_count_2,robo,0,14 Feb 2026 22:1:44
6990f1f4556a07b4959b6397,data_ml,p_count_2,robo,0,14 Feb 2026 22:6:44
6990f321556a07b4959b639e,data_ml,p_count_2,robo,0,14 Feb 2026 22:11:45
6990f44d556a07b4959b63a5,data_ml,p_count_2,robo,0,14 Feb 2026 22:16:45
6990f57a556a07b4959b63ac,data_ml,p_count_2,robo,0,14 Feb 2026 22:21:46
6990f6a6556a07b4959b63b3,data_ml,p_count_2,robo,0,14 Feb 2026 22:26:46
6990f7d3556a07b4959b63ba,data_ml,p_count_2,robo,0,14 Feb 2026 22:31:47
6990f900556a07b4959b63c1,data_ml,p_count_2,robo,0,14 Feb 2026 22:36:48
6990fa2c556a07b4959b63c8,data_ml,p_count_2,robo,0,14 Feb 2026 22:41:48
6990fb59556a07b4959b63cf,data_ml,p_count_2,robo,0,14 Feb 2026 22:46:49
6990fc86556a07b4959b63d6,data_ml,p_count_2,robo,0,14 Feb 2026 22:51:50
6990fdb2556a07b4959b63dd,data_ml,p_count_2,robo,0,14 Feb 2026 22:56:50
6990fedf556a07b4959b63e3,data_ml,p_count_2,robo,0,14 Feb 2026 23:1:51
6991000b556a07b4959b63ea,data_ml,p_count_2,robo,0,14 Feb 2026 23:6:51
69910138556a07b4959b63f1,data_ml,p_count_2,robo,0,14 Feb 2026 23:11:52
69910264556a07b4959b63f8,data_ml,p_count_2,robo,0,14 Feb 2026 23:16:52
69910391556a07b4959b63ff,data_ml,p_count_2,robo,0,14 Feb 2026 23:21:53
699104be556a07b4959b6406,data_ml,p_count_2,robo,0,14 Feb 2026 23:26:54
699105ea556a07b4959b640d,data_ml,p_count_2,robo,0,14 Feb 2026 23:31:54
69910717556a07b4959b6414,data_ml,p_count_2,robo,0,14 Feb 2026 23:36:55
69910843556a07b4959b641b,data_ml,p_count_2,robo,0,14 Feb 2026 23:41:55
69910970556a07b4959b6423,data_ml,p_count_2,robo,0,14 Feb 2026 23:46:56
69910a9d556a07b4959b642a,data_ml,p_count_2,robo,0,14 Feb 2026 23:51:57
69910bca556a07b4959b6431,data_ml,p_count_2,robo,0,14 Feb 2026 23:56:58
69910cf6556a07b4959b6438,data_ml,p_count_2,robo,0,15 Feb 2026 0:1:58
69910e23556a07b4959b643f,data_ml,p_count_2,robo,0,15 Feb 2026 0:6:59
69910f4f556a07b4959b6446,data_ml,p_count_2,robo,0,15 Feb 2026 0:11:59
6991107c556a07b4959b644d,data_ml,p_count_2,robo,0,15 Feb 2026 0:17:0
699111a8556a07b4959b6454,data_ml,p_count_2,robo,0,15 Feb 2026 0:22:0
699112d5556a07b4959b645b,data_ml,p_count_2,robo,0,15 Feb 2026 0:27:1
69911402556a07b4959b6462,data_ml,p_count_2,robo,0,15 Feb 2026 0:32:2
6991152e556a07b4959b6469,data_ml,p_count_2,robo,0,15 Feb 2026 0:37:2
6991165b556a07b4959b6470,data_ml,p_count_2,robo,0,15 Feb 2026 0:42:3
69911787556a07b4959b6477,data_ml,p_count_2,robo,0,15 Feb 2026 0:47:3
699118b4556a07b4959b647e,data_ml,p_count_2,robo,0,15 Feb 2026 0:52:4
699119e0556a07b4959b6485,data_ml,p_count_2,robo,0,15 Feb 2026 0:57:4
69911b0d556a07b4959b648c,data_ml,p_count_2,robo,0,15 Feb 2026 1:2:5
69911c3a556a07b4959b6493,data_ml,p_count_2,robo,0,15 Feb 2026 1:7:6
69911d66556a07b4959b649a,data_ml,p_count_2,robo,0,15 Feb 2026 1:12:6
69911e93556a07b4959b64a1,data_ml,p_count_2,robo,0,15 Feb 2026 1:17:7
69911fbf556a07b4959b64a8,data_ml,p_count_2,robo,0,15 Feb 2026 1:22:7
699120ec556a07b4959b64af,data_ml,p_count_2,robo,0,15 Feb 2026 1:27:8
69912218556a07b4959b64b5,data_ml,p_count_2,robo,0,15 Feb 2026 1:32:8
69912345556a07b4959b64bc,data_ml,p_count_2,robo,0,15 Feb 2026 1:37:9
69912472556a07b4959b64c3,data_ml,p_count_2,robo,0,15 Feb 2026 1:42:10
6991259e556a07b4959b64ca,data_ml,p_count_2,robo,0,15 Feb 2026 1:47:10
699126cb556a07b4959b64d1,data_ml,p_count_2,robo,0,15 Feb 2026 1:52:11
699127f7556a07b4959b64d8,data_ml,p_count_2,robo,0,15 Feb 2026 1:57:11
69912924556a07b4959b64df,data_ml,p_count_2,robo,0,15 Feb 2026 2:2:12
69912a50556a07b4959b64e6,data_ml,p_count_2,robo,0,15 Feb 2026 2:7:12
69912b7d556a07b4959b64ed,data_ml,p_count_2,robo,0,15 Feb 2026 2:12:13
69912caa556a07b4959b64f4,data_ml,p_count_2,robo,0,15 Feb 2026 2:17:14
69912dd7556a07b4959b64fb,data_ml,p_count_2,robo,0,15 Feb 2026 2:22:15
69912f03556a07b4959b6502,data_ml,p_count_2,robo,0,15 Feb 2026 2:27:15
69913030556a07b4959b6509,data_ml,p_count_2,robo,0,15 Feb 2026 2:32:16
6991315c556a07b4959b6510,data_ml,p_count_2,robo,0,15 Feb 2026 2:37:16
69913289556a07b4959b6517,data_ml,p_count_2,robo,0,15 Feb 2026 2:42:17
699133b6556a07b4959b651e,data_ml,p_count_2,robo,0,15 Feb 2026 2:47:18
699134e2556a07b4959b6525,data_ml,p_count_2,robo,0,15 Feb 2026 2:52:18
6991360f556a07b4959b652c,data_ml,p_count_2,robo,0,15 Feb 2026 2:57:19
6991373b556a07b4959b6533,data_ml,p_count_2,robo,0,15 Feb 2026 3:2:19
69913868556a07b4959b653a,data_ml,p_count_2,robo,0,15 Feb 2026 3:7:20
69913994556a07b4959b6541,data_ml,p_count_2,robo,0,15 Feb 2026 3:12:20
69913ac1556a07b4959b6548,data_ml,p_count_2,robo,0,15 Feb 2026 3:17:21
69913bee556a07b4959b654f,data_ml,p_count_2,robo,0,15 Feb 2026 3:22:22
69913d1a556a07b4959b6556,data_ml,p_count_2,robo,0,15 Feb 2026 3:27:22
69913e47556a07b4959b655d,data_ml,p_count_2,robo,0,15 Feb 2026 3:32:23
69913f73556a07b4959b6564,data_ml,p_count_2,robo,0,15 Feb 2026 3:37:23
699140a0556a07b4959b656b,data_ml,p_count_2,robo,0,15 Feb 2026 3:42:24
699141cc556a07b4959b6572,data_ml,p_count_2,robo,0,15 Feb 2026 3:47:24
699142f9556a07b4959b6579,data_ml,p_count_2,robo,0,15 Feb 2026 3:52:25
69914425556a07b4959b6580,data_ml,p_count_2,robo,0,15 Feb 2026 3:57:25
69914552556a07b4959b6586,data_ml,p_count_2,robo,0,15 Feb 2026 4:2:26
6991467e556a07b4959b658d,data_ml,p_count_2,robo,0,15 Feb 2026 4:7:26
699147ab556a07b4959b6594,data_ml,p_count_2,robo,0,15 Feb 2026 4:12:27
699148d8556a07b4959b659b,data_ml,p_count_2,robo,0,15 Feb 2026 4:17:28
69914a04556a07b4959b65a2,data_ml,p_count_2,robo,0,15 Feb 2026 4:22:28
69914b31556a07b4959b65a9,data_ml,p_count_2,robo,0,15 Feb 2026 4:27:29
69914c5d556a07b4959b65b0,data_ml,p_count_2,robo,0,15 Feb 2026 4:32:29
69914d8a556a07b4959b65b7,data_ml,p_count_2,robo,0,15 Feb 2026 4:37:30
69914eb6556a07b4959b65be,data_ml,p_count_2,robo,0,15 Feb 2026 4:42:30
69914fe3556a07b4959b65c5,data_ml,p_count_2,robo,0,15 Feb 2026 4:47:31
69915110556a07b4959b65cc,data_ml,p_count_2,robo,0,15 Feb 2026 4:52:32
6991523d556a07b4959b65d3,data_ml,p_count_2,robo,0,15 Feb 2026 4:57:33
69915369556a07b4959b65da,data_ml,p_count_2,robo,0,15 Feb 2026 5:2:33
69915496556a07b4959b65e1,data_ml,p_count_2,robo,0,15 Feb 2026 5:7:34
699155c2556a07b4959b65e8,data_ml,p_count_2,robo,0,15 Feb 2026 5:12:34
699156ef556a07b4959b65ef,data_ml,p_count_2,robo,0,15 Feb 2026 5:17:35
6991581c556a07b4959b65f6,data_ml,p_count_2,robo,0,15 Feb 2026 5:22:36
69915948556a07b4959b65fd,data_ml,p_count_2,robo,0,15 Feb 2026 5:27:36
69915a75556a07b4959b6604,data_ml,p_count_2,robo,0,15 Feb 2026 5:32:37
69915ba1556a07b4959b660b,data_ml,p_count_2,robo,0,15 Feb 2026 5:37:37
69915cce556a07b4959b6612,data_ml,p_count_2,robo,0,15 Feb 2026 5:42:38
69915dfa556a07b4959b6619,data_ml,p_count_2,robo,0,15 Feb 2026 5:47:38
69915f27556a07b4959b6620,data_ml,p_count_2,robo,0,15 Feb 2026 5:52:39
69916054556a07b4959b6627,data_ml,p_count_2,robo,0,15 Feb 2026 5:57:40
69916180556a07b4959b662e,data_ml,p_count_2,robo,0,15 Feb 2026 6:2:40
699162ad556a07b4959b6635,data_ml,p_count_2,robo,0,15 Feb 2026 6:7:41
699163d9556a07b4959b663c,data_ml,p_count_2,robo,0,15 Feb 2026 6:12:41
69916506556a07b4959b6643,data_ml,p_count_2,robo,0,15 Feb 2026 6:17:42
69916633556a07b4959b664a,data_ml,p_count_2,robo,0,15 Feb 2026 6:22:43
6991675f556a07b4959b6651,data_ml,p_count_2,robo,0,15 Feb 2026 6:27:43
6991688c556a07b4959b6657,data_ml,p_count_2,robo,0,15 Feb 2026 6:32:44
699169b8556a07b4959b665e,data_ml,p_count_2,robo,0,15 Feb 2026 6:37:44
69916ae5556a07b4959b6665,data_ml,p_count_2,robo,0,15 Feb 2026 6:42:45
69916c12556a07b4959b666c,data_ml,p_count_2,robo,0,15 Feb 2026 6:47:46
69916d3e556a07b4959b6673,data_ml,p_count_2,robo,0,15 Feb 2026 6:52:46
69916e6b556a07b4959b667a,data_ml,p_count_2,robo,0,15 Feb 2026 6:57:47
69916f97556a07b4959b6681,data_ml,p_count_2,robo,0,15 Feb 2026 7:2:47
699170c4556a07b4959b6688,data_ml,p_count_2,robo,0,15 Feb 2026 7:7:48
699171f0556a07b4959b668f,data_ml,p_count_2,robo,0,15 Feb 2026 7:12:48
6991731d556a07b4959b6696,data_ml,p_count_2,robo,0,15 Feb 2026 7:17:49
6991744a556a07b4959b669d,data_ml,p_count_2,robo,0,15 Feb 2026 7:22:50
69917577556a07b4959b66a4,data_ml,p_count_2,robo,0,15 Feb 2026 7:27:51
699176a3556a07b4959b66ab,data_ml,p_count_2,robo,0,15 Feb 2026 7:32:51
699177d0556a07b4959b66b2,data_ml,p_count_2,robo,0,15 Feb 2026 7:37:52
699178fd556a07b4959b66b9,data_ml,p_count_2,robo,0,15 Feb 2026 7:42:53
69917a29556a07b4959b66c0,data_ml,p_count_2,robo,0,15 Feb 2026 7:47:53
69917b56556a07b4959b66c7,data_ml,p_count_2,robo,0,15 Feb 2026 7:52:54
69917c82556a07b4959b66ce,data_ml,p_count_2,robo,0,15 Feb 2026 7:57:54
69917daf556a07b4959b66d5,data_ml,p_count_2,robo,0,15 Feb 2026 8:2:55
69917edb556a07b4959b66dc,data_ml,p_count_2,robo,0,15 Feb 2026 8:7:55
69918008556a07b4959b66e3,data_ml,p_count_2,robo,0,15 Feb 2026 8:12:56
69918135556a07b4959b66ea,data_ml,p_count_2,robo,0,15 Feb 2026 8:17:57
69918261556a07b4959b66f1,data_ml,p_count_2,robo,0,15 Feb 2026 8:22:57
6991838e556a07b4959b66f8,data_ml,p_count_2,robo,0,15 Feb 2026 8:27:58
699184ba556a07b4959b66ff,data_ml,p_count_2,robo,0,15 Feb 2026 8:32:58
699185e7556a07b4959b6706,data_ml,p_count_2,robo,0,15 Feb 2026 8:37:59
69918713556a07b4959b670d,data_ml,p_count_2,robo,0,15 Feb 2026 8:42:59
69918840556a07b4959b6714,data_ml,p_count_2,robo,0,15 Feb 2026 8:48:0
6991896c556a07b4959b671b,data_ml,p_count_2,robo,0,15 Feb 2026 8:53:0
69918a99556a07b4959b6722,data_ml,p_count_2,robo,0,15 Feb 2026 8:58:1
69918bc6556a07b4959b6728,data_ml,p_count_2,robo,0,15 Feb 2026 9:3:2
69918cf2556a07b4959b672f,data_ml,p_count_2,robo,0,15 Feb 2026 9:8:2
69918e1f556a07b4959b6736,data_ml,p_count_2,robo,0,15 Feb 2026 9:13:3
69918f4b556a07b4959b673d,data_ml,p_count_2,robo,0,15 Feb 2026 9:18:3
69919078556a07b4959b6745,data_ml,p_count_2,robo,0,15 Feb 2026 9:23:4
699191a5556a07b4959b674c,data_ml,p_count_2,robo,0,15 Feb 2026 9:28:5
699192d1556a07b4959b6753,data_ml,p_count_2,robo,0,15 Feb 2026 9:33:5
699193fe556a07b4959b675a,data_ml,p_count_2,robo,0,15 Feb 2026 9:38:6
6991952a556a07b4959b6761,data_ml,p_count_2,robo,0,15 Feb 2026 9:43:6
69919657556a07b4959b6768,data_ml,p_count_2,robo,0,15 Feb 2026 9:48:7
69919784556a07b4959b676f,data_ml,p_count_2,robo,0,15 Feb 2026 9:53:8
699198b1556a07b4959b6776,data_ml,p_count_2,robo,0,15 Feb 2026 9:58:9
699199dd556a07b4959b677d,data_ml,p_count_2,robo,0,15 Feb 2026 10:3:9
69919b0a556a07b4959b6784,data_ml,p_count_2,robo,0,15 Feb 2026 10:8:10
69919c36556a07b4959b678b,data_ml,p_count_2,robo,0,15 Feb 2026 10:13:10
69919d63556a07b4959b6792,data_ml,p_count_2,robo,0,15 Feb 2026 10:18:11
69919e90556a07b4959b6799,data_ml,p_count_2,robo,0,15 Feb 2026 10:23:12
69919fbc556a07b4959b67a0,data_ml,p_count_2,robo,0,15 Feb 2026 10:28:12
6991a0e9556a07b4959b67a7,data_ml,p_count_2,robo,0,15 Feb 2026 10:33:13
6991a215556a07b4959b67ae,data_ml,p_count_2,robo,0,15 Feb 2026 10:38:13
6991a342556a07b4959b67b5,data_ml,p_count_2,robo,0,15 Feb 2026 10:43:14
6991a46f556a07b4959b67bc,data_ml,p_count_2,robo,0,15 Feb 2026 10:48:15
6991a59b556a07b4959b67c3,data_ml,p_count_2,robo,0,15 Feb 2026 10:53:15
6991a6c8556a07b4959b67ca,data_ml,p_count_2,robo,0,15 Feb 2026 10:58:16
6991a7f4556a07b4959b67d1,data_ml,p_count_2,robo,0,15 Feb 2026 11:3:16
6991a921556a07b4959b67d8,data_ml,p_count_2,robo,0,15 Feb 2026 11:8:17
6991aa4e556a07b4959b67df,data_ml,p_count_2,robo,0,15 Feb 2026 11:13:18
6991ab7a556a07b4959b67e6,data_ml,p_count_2,robo,0,15 Feb 2026 11:18:18
6991aca7556a07b4959b67ed,data_ml,p_count_2,robo,0,15 Feb 2026 11:23:19
6991add3556a07b4959b67f4,data_ml,p_count_2,robo,0,15 Feb 2026 11:28:19
6991af00556a07b4959b67fa,data_ml,p_count_2,robo,0,15 Feb 2026 11:33:20
6991b02d556a07b4959b6801,data_ml,p_count_2,robo,0,15 Feb 2026 11:38:21
6991b159556a07b4959b6808,data_ml,p_count_2,robo,0,15 Feb 2026 11:43:21
6991b286556a07b4959b680f,data_ml,p_count_2,robo,2,15 Feb 2026 11:48:22
6991b3b2556a07b4959b6816,data_ml,p_count_2,robo,0,15 Feb 2026 11:53:22
6991b4df556a07b4959b681d,data_ml,p_count_2,robo,0,15 Feb 2026 11:58:23
6991b60c556a07b4959b6824,data_ml,p_count_2,robo,0,15 Feb 2026 12:3:24
6991b738556a07b4959b682b,data_ml,p_count_2,robo,0,15 Feb 2026 12:8:24
6991b865556a07b4959b6832,data_ml,p_count_2,robo,0,15 Feb 2026 12:13:25
6991b991556a07b4959b6839,data_ml,p_count_2,robo,0,15 Feb 2026 12:18:25
6991babf556a07b4959b6840,data_ml,p_count_2,robo,0,15 Feb 2026 12:23:27
6991bbeb556a07b4959b6847,data_ml,p_count_2,robo,0,15 Feb 2026 12:28:27
6991bd18556a07b4959b684e,data_ml,p_count_2,robo,0,15 Feb 2026 12:33:28
6991be44556a07b4959b6855,data_ml,p_count_2,robo,0,15 Feb 2026 12:38:28
6991bf71556a07b4959b685c,data_ml,p_count_2,robo,0,15 Feb 2026 12:43:29
6991c09e556a07b4959b6863,data_ml,p_count_2,robo,0,15 Feb 2026 12:48:30
6991c1ca556a07b4959b686a,data_ml,p_count_2,robo,0,15 Feb 2026 12:53:30
6991c2f7556a07b4959b6871,data_ml,p_count_2,robo,0,15 Feb 2026 12:58:31
6991c423556a07b4959b6878,data_ml,p_count_2,robo,0,15 Feb 2026 13:3:31
6991c550556a07b4959b687f,data_ml,p_count_2,robo,0,15 Feb 2026 13:8:32
6991c67c556a07b4959b6886,data_ml,p_count_2,robo,0,15 Feb 2026 13:13:32
6991c7a9556a07b4959b688d,data_ml,p_count_2,robo,0,15 Feb 2026 13:18:33
6991c8d6556a07b4959b6894,data_ml,p_count_2,robo,0,15 Feb 2026 13:23:34
6991ca02556a07b4959b689b,data_ml,p_count_2,robo,0,15 Feb 2026 13:28:34
6991cb2f556a07b4959b68a2,data_ml,p_count_2,robo,0,15 Feb 2026 13:33:35
6991cc5b556a07b4959b68a9,data_ml,p_count_2,robo,0,15 Feb 2026 13:38:35
6991cd88556a07b4959b68b0,data_ml,p_count_2,robo,0,15 Feb 2026 13:43:36
6991ceb5556a07b4959b68b7,data_ml,p_count_2,robo,0,15 Feb 2026 13:48:37
6991cfe1556a07b4959b68be,data_ml,p_count_2,robo,0,15 Feb 2026 13:53:37
6991d10e556a07b4959b68c5,data_ml,p_count_2,robo,0,15 Feb 2026 13:58:38
6991d23a556a07b4959b68cb,data_ml,p_count_2,robo,0,15 Feb 2026 14:3:38
6991d367556a07b4959b68d2,data_ml,p_count_2,robo,0,15 Feb 2026 14:8:39
6991d493556a07b4959b68d9,data_ml,p_count_2,robo,0,15 Feb 2026 14:13:39
6991d5c0556a07b4959b68e0,data_ml,p_count_2,robo,0,15 Feb 2026 14:18:40
6991d6ed556a07b4959b68e7,data_ml,p_count_2,robo,0,15 Feb 2026 14:23:41
6991d819556a07b4959b68ee,data_ml,p_count_2,robo,0,15 Feb 2026 14:28:41
6991d946556a07b4959b68f5,data_ml,p_count_2,robo,0,15 Feb 2026 14:33:42
6991da72556a07b4959b68fc,data_ml,p_count_2,robo,0,15 Feb 2026 14:38:42
6991db9f556a07b4959b6903,data_ml,p_count_2,robo,0,15 Feb 2026 14:43:43
6991dccb556a07b4959b690a,data_ml,p_count_2,robo,0,15 Feb 2026 14:48:43
6991ddf8556a07b4959b6911,data_ml,p_count_2,robo,0,15 Feb 2026 14:53:44
6991df25556a07b4959b6918,data_ml,p_count_2,robo,0,15 Feb 2026 14:58:45
6991e052556a07b4959b691f,data_ml,p_count_2,robo,0,15 Feb 2026 15:3:46
6991e17e556a07b4959b6926,data_ml,p_count_2,robo,1,15 Feb 2026 15:8:46
6991e2ab556a07b4959b692d,data_ml,p_count_2,robo,2,15 Feb 2026 15:13:47
6991e3d7556a07b4959b6934,data_ml,p_count_2,robo,0,15 Feb 2026 15:18:47
6991e504556a07b4959b693b,data_ml,p_count_2,robo,0,15 Feb 2026 15:23:48
6991e630556a07b4959b6942,data_ml,p_count_2,robo,0,15 Feb 2026 15:28:48
6991e75d556a07b4959b6949,data_ml,p_count_2,robo,0,15 Feb 2026 15:33:49
6991e88a556a07b4959b6950,data_ml,p_count_2,robo,0,15 Feb 2026 15:38:50
6991e9b6556a07b4959b6957,data_ml,p_count_2,robo,0,15 Feb 2026 15:43:50
6991eae3556a07b4959b695e,data_ml,p_count_2,robo,0,15 Feb 2026 15:48:51
6991ec0f556a07b4959b6965,data_ml,p_count_2,robo,0,15 Feb 2026 15:53:51
6991ed3c556a07b4959b696c,data_ml,p_count_2,robo,0,15 Feb 2026 15:58:52
6991ee68556a07b4959b6973,data_ml,p_count_2,robo,0,15 Feb 2026 16:3:52
6991ef95556a07b4959b697a,data_ml,p_count_2,robo,0,15 Feb 2026 16:8:53
6991f0c1556a07b4959b6981,data_ml,p_count_2,robo,0,15 Feb 2026 16:13:53
6991f1ee556a07b4959b6988,data_ml,p_count_2,robo,0,15 Feb 2026 16:18:54
6991f31b556a07b4959b698f,data_ml,p_count_2,robo,0,15 Feb 2026 16:23:55
6991f447556a07b4959b6996,data_ml,p_count_2,robo,1,15 Feb 2026 16:28:55
6991f574556a07b4959b699c,data_ml,p_count_2,robo,0,15 Feb 2026 16:33:56
6991f6a051a052ad9bf70c7c,data_ml,p_count_2,robo,0,15 Feb 2026 16:38:56
6991f7cd51a052ad9bf70c83,data_ml,p_count_2,robo,0,15 Feb 2026 16:43:57
6991f8f951a052ad9bf70c8a,data_ml,p_count_2,robo,0,15 Feb 2026 16:48:57
6991fa2651a052ad9bf70c91,data_ml,p_count_2,robo,0,15 Feb 2026 16:53:58
6991fb5351a052ad9bf70c98,data_ml,p_count_2,robo,0,15 Feb 2026 16:58:59
6991fc7f51a052ad9bf70c9f,data_ml,p_count_2,robo,0,15 Feb 2026 17:3:59
6991fdac51a052ad9bf70ca6,data_ml,p_count_2,robo,0,15 Feb 2026 17:9:0
6991fed851a052ad9bf70cad,data_ml,p_count_2,robo,0,15 Feb 2026 17:14:0
6992000551a052ad9bf70cb4,data_ml,p_count_2,robo,0,15 Feb 2026 17:19:1
6992013251a052ad9bf70cbb,data_ml,p_count_2,robo,0,15 Feb 2026 17:24:2
6992025f51a052ad9bf70cc2,data_ml,p_count_2,robo,0,15 Feb 2026 17:29:3
6992038b51a052ad9bf70cc9,data_ml,p_count_2,robo,0,15 Feb 2026 17:34:3
699204b851a052ad9bf70cd0,data_ml,p_count_2,robo,0,15 Feb 2026 17:39:4
699205e451a052ad9bf70cd7,data_ml,p_count_2,robo,0,15 Feb 2026 17:44:4
6992071151a052ad9bf70cde,data_ml,p_count_2,robo,0,15 Feb 2026 17:49:5
6992083d51a052ad9bf70ce5,data_ml,p_count_2,robo,0,15 Feb 2026 17:54:5
6992096a51a052ad9bf70cec,data_ml,p_count_2,robo,0,15 Feb 2026 17:59:6
69920a9751a052ad9bf70cf3,data_ml,p_count_2,robo,0,15 Feb 2026 18:4:7
69920bc351a052ad9bf70cfa,data_ml,p_count_2,robo,0,15 Feb 2026 18:9:7
69920cf051a052ad9bf70d01,data_ml,p_count_2,robo,0,15 Feb 2026 18:14:8
69920e1c51a052ad9bf70d08,data_ml,p_count_2,robo,0,15 Feb 2026 18:19:8
69920f4951a052ad9bf70d0f,data_ml,p_count_2,robo,0,15 Feb 2026 18:24:9
6992107551a052ad9bf70d16,data_ml,p_count_2,robo,0,15 Feb 2026 18:29:9
699211a251a052ad9bf70d1d,data_ml,p_count_2,robo,0,15 Feb 2026 18:34:10
699212ce51a052ad9bf70d24,data_ml,p_count_2,robo,0,15 Feb 2026 18:39:10
699213fb51a052ad9bf70d2b,data_ml,p_count_2,robo,0,15 Feb 2026 18:44:11
6992152751a052ad9bf70d32,data_ml,p_count_2,robo,0,15 Feb 2026 18:49:11
6992165451a052ad9bf70d39,data_ml,p_count_2,robo,0,15 Feb 2026 18:54:12
6992178051a052ad9bf70d40,data_ml,p_count_2,robo,0,15 Feb 2026 18:59:12
699218ad51a052ad9bf70d46,data_ml,p_count_2,robo,0,15 Feb 2026 19:4:13
699219da51a052ad9bf70d4d,data_ml,p_count_2,robo,0,15 Feb 2026 19:9:14
69921b0651a052ad9bf70d54,data_ml,p_count_2,robo,0,15 Feb 2026 19:14:14
69921c3351a052ad9bf70d5b,data_ml,p_count_2,robo,0,15 Feb 2026 19:19:15
69921d5f51a052ad9bf70d62,data_ml,p_count_2,robo,0,15 Feb 2026 19:24:15
69921e8c51a052ad9bf70d69,data_ml,p_count_2,robo,0,15 Feb 2026 19:29:16
69921fb851a052ad9bf70d70,data_ml,p_count_2,robo,0,15 Feb 2026 19:34:16
699220e551a052ad9bf70d77,data_ml,p_count_2,robo,0,15 Feb 2026 19:39:17
6992221251a052ad9bf70d7e,data_ml,p_count_2,robo,0,15 Feb 2026 19:44:18
6992233e51a052ad9bf70d85,data_ml,p_count_2,robo,0,15 Feb 2026 19:49:18
6992246b51a052ad9bf70d8c,data_ml,p_count_2,robo,0,15 Feb 2026 19:54:19
6992259851a052ad9bf70d93,data_ml,p_count_2,robo,0,15 Feb 2026 19:59:20
699226c451a052ad9bf70d9a,data_ml,p_count_2,robo,0,15 Feb 2026 20:4:20
699227f151a052ad9bf70da1,data_ml,p_count_2,robo,0,15 Feb 2026 20:9:21
6992291d51a052ad9bf70da8,data_ml,p_count_2,robo,0,15 Feb 2026 20:14:21
69922a4a51a052ad9bf70daf,data_ml,p_count_2,robo,0,15 Feb 2026 20:19:22
69922b7751a052ad9bf70db6,data_ml,p_count_2,robo,0,15 Feb 2026 20:24:23
69922ca351a052ad9bf70dbd,data_ml,p_count_2,robo,0,15 Feb 2026 20:29:23
69922dd051a052ad9bf70dc4,data_ml,p_count_2,robo,0,15 Feb 2026 20:34:24
69922efc51a052ad9bf70dcb,data_ml,p_count_2,robo,0,15 Feb 2026 20:39:24
6992302951a052ad9bf70dd2,data_ml,p_count_2,robo,0,15 Feb 2026 20:44:25
6992315651a052ad9bf70dd9,data_ml,p_count_2,robo,0,15 Feb 2026 20:49:26
6992328251a052ad9bf70de0,data_ml,p_count_2,robo,0,15 Feb 2026 20:54:26
699233af51a052ad9bf70de7,data_ml,p_count_2,robo,0,15 Feb 2026 20:59:27
699234db51a052ad9bf70dee,data_ml,p_count_2,robo,0,15 Feb 2026 21:4:27
6992360851a052ad9bf70df5,data_ml,p_count_2,robo,0,15 Feb 2026 21:9:28
6992373451a052ad9bf70dfc,data_ml,p_count_2,robo,0,15 Feb 2026 21:14:28
6992386151a052ad9bf70e03,data_ml,p_count_2,robo,0,15 Feb 2026 21:19:29
6992398d51a052ad9bf70e0a,data_ml,p_count_2,robo,0,15 Feb 2026 21:24:29
69923aba51a052ad9bf70e11,data_ml,p_count_2,robo,0,15 Feb 2026 21:29:30
69923be651a052ad9bf70e17,data_ml,p_count_2,robo,0,15 Feb 2026 21:34:30
69923d1351a052ad9bf70e1e,data_ml,p_count_2,robo,0,15 Feb 2026 21:39:31
69923e4051a052ad9bf70e25,data_ml,p_count_2,robo,0,15 Feb 2026 21:44:32
69923f6c51a052ad9bf70e2c,data_ml,p_count_2,robo,0,15 Feb 2026 21:49:32
6992409951a052ad9bf70e33,data_ml,p_count_2,robo,0,15 Feb 2026 21:54:33
699241c551a052ad9bf70e3a,data_ml,p_count_2,robo,0,15 Feb 2026 21:59:33
699242f251a052ad9bf70e41,data_ml,p_count_2,robo,0,15 Feb 2026 22:4:34
6992441e51a052ad9bf70e48,data_ml,p_count_2,robo,0,15 Feb 2026 22:9:34
6992454b51a052ad9bf70e4f,data_ml,p_count_2,robo,0,15 Feb 2026 22:14:35
6992467751a052ad9bf70e56,data_ml,p_count_2,robo,0,15 Feb 2026 22:19:35
699247a551a052ad9bf70e5d,data_ml,p_count_2,robo,0,15 Feb 2026 22:24:37
699248d151a052ad9bf70e64,data_ml,p_count_2,robo,0,15 Feb 2026 22:29:37
699249fe51a052ad9bf70e6b,data_ml,p_count_2,robo,0,15 Feb 2026 22:34:38
69924b2a51a052ad9bf70e72,data_ml,p_count_2,robo,0,15 Feb 2026 22:39:38
69924c5751a052ad9bf70e79,data_ml,p_count_2,robo,0,15 Feb 2026 22:44:39
69924d8351a052ad9bf70e80,data_ml,p_count_2,robo,0,15 Feb 2026 22:49:39
69924eb051a052ad9bf70e87,data_ml,p_count_2,robo,0,15 Feb 2026 22:54:40
69924fdd51a052ad9bf70e8e,data_ml,p_count_2,robo,0,15 Feb 2026 22:59:41
6992510951a052ad9bf70e95,data_ml,p_count_2,robo,0,15 Feb 2026 23:4:41
6992523651a052ad9bf70e9c,data_ml,p_count_2,robo,0,15 Feb 2026 23:9:42
6992536251a052ad9bf70ea3,data_ml,p_count_2,robo,0,15 Feb 2026 23:14:42
6992548f51a052ad9bf70eaa,data_ml,p_count_2,robo,0,15 Feb 2026 23:19:43
699255bb51a052ad9bf70eb1,data_ml,p_count_2,robo,0,15 Feb 2026 23:24:43
699256e851a052ad9bf70eb8,data_ml,p_count_2,robo,0,15 Feb 2026 23:29:44
6992581451a052ad9bf70ebf,data_ml,p_count_2,robo,0,15 Feb 2026 23:34:44
6992594151a052ad9bf70ec6,data_ml,p_count_2,robo,0,15 Feb 2026 23:39:45
69925a6d51a052ad9bf70ecd,data_ml,p_count_2,robo,0,15 Feb 2026 23:44:45
69925b9a51a052ad9bf70ed4,data_ml,p_count_2,robo,0,15 Feb 2026 23:49:46
69925cc751a052ad9bf70edb,data_ml,p_count_2,robo,0,15 Feb 2026 23:54:47
69925df351a052ad9bf70ee2,data_ml,p_count_2,robo,0,15 Feb 2026 23:59:47
69925f2051a052ad9bf70ee8,data_ml,p_count_2,robo,0,16 Feb 2026 0:4:48
6992604c51a052ad9bf70eef,data_ml,p_count_2,robo,0,16 Feb 2026 0:9:48
6992617951a052ad9bf70ef6,data_ml,p_count_2,robo,0,16 Feb 2026 0:14:49
699262a551a052ad9bf70efd,data_ml,p_count_2,robo,0,16 Feb 2026 0:19:49
699263d251a052ad9bf70f04,data_ml,p_count_2,robo,0,16 Feb 2026 0:24:50
699264ff51a052ad9bf70f0b,data_ml,p_count_2,robo,0,16 Feb 2026 0:29:51
6992662b51a052ad9bf70f12,data_ml,p_count_2,robo,0,16 Feb 2026 0:34:51
6992675851a052ad9bf70f19,data_ml,p_count_2,robo,0,16 Feb 2026 0:39:52
6992688451a052ad9bf70f20,data_ml,p_count_2,robo,0,16 Feb 2026 0:44:52
699269b151a052ad9bf70f27,data_ml,p_count_2,robo,0,16 Feb 2026 0:49:53
69926ade51a052ad9bf70f2e,data_ml,p_count_2,robo,0,16 Feb 2026 0:54:54
69926c0a51a052ad9bf70f35,data_ml,p_count_2,robo,0,16 Feb 2026 0:59:54
69926d3751a052ad9bf70f3c,data_ml,p_count_2,robo,0,16 Feb 2026 1:4:55
69926e6451a052ad9bf70f43,data_ml,p_count_2,robo,0,16 Feb 2026 1:9:56
69926f9051a052ad9bf70f4a,data_ml,p_count_2,robo,0,16 Feb 2026 1:14:56
699270bd51a052ad9bf70f51,data_ml,p_count_2,robo,0,16 Feb 2026 1:19:57
699271e951a052ad9bf70f58,data_ml,p_count_2,robo,0,16 Feb 2026 1:24:57
6992731651a052ad9bf70f5f,data_ml,p_count_2,robo,0,16 Feb 2026 1:29:58
6992744251a052ad9bf70f66,data_ml,p_count_2,robo,0,16 Feb 2026 1:34:58
6992756f51a052ad9bf70f6d,data_ml,p_count_2,robo,0,16 Feb 2026 1:39:59
6992769b51a052ad9bf70f74,data_ml,p_count_2,robo,0,16 Feb 2026 1:44:59
699277c851a052ad9bf70f7b,data_ml,p_count_2,robo,0,16 Feb 2026 1:50:0
699278f451a052ad9bf70f82,data_ml,p_count_2,robo,0,16 Feb 2026 1:55:0
69927a2151a052ad9bf70f89,data_ml,p_count_2,robo,0,16 Feb 2026 2:0:1
69927b4d51a052ad9bf70f90,data_ml,p_count_2,robo,0,16 Feb 2026 2:5:1
69927c7a51a052ad9bf70f97,data_ml,p_count_2,robo,0,16 Feb 2026 2:10:2
69927da651a052ad9bf70f9e,data_ml,p_count_2,robo,0,16 Feb 2026 2:15:2
69927ed351a052ad9bf70fa5,data_ml,p_count_2,robo,0,16 Feb 2026 2:20:3
69927fff51a052ad9bf70fac,data_ml,p_count_2,robo,0,16 Feb 2026 2:25:3
6992812c51a052ad9bf70fb3,data_ml,p_count_2,robo,0,16 Feb 2026 2:30:4
6992825851a052ad9bf70fb9,data_ml,p_count_2,robo,0,16 Feb 2026 2:35:4
6992838551a052ad9bf70fc0,data_ml,p_count_2,robo,0,16 Feb 2026 2:40:5
699284b151a052ad9bf70fc8,data_ml,p_count_2,robo,0,16 Feb 2026 2:45:5
699285de51a052ad9bf70fcf,data_ml,p_count_2,robo,0,16 Feb 2026 2:50:6
6992870b51a052ad9bf70fd6,data_ml,p_count_2,robo,0,16 Feb 2026 2:55:7
6992883751a052ad9bf70fdd,data_ml,p_count_2,robo,0,16 Feb 2026 3:0:7
6992896351a052ad9bf70fe4,data_ml,p_count_2,robo,0,16 Feb 2026 3:5:7
69928a9051a052ad9bf70feb,data_ml,p_count_2,robo,0,16 Feb 2026 3:10:8
69928bbd51a052ad9bf70ff2,data_ml,p_count_2,robo,0,16 Feb 2026 3:15:9
69928ce951a052ad9bf70ff9,data_ml,p_count_2,robo,0,16 Feb 2026 3:20:9
69928e1651a052ad9bf71000,data_ml,p_count_2,robo,0,16 Feb 2026 3:25:10
69928f4351a052ad9bf71007,data_ml,p_count_2,robo,0,16 Feb 2026 3:30:11
6992906f51a052ad9bf7100e,data_ml,p_count_2,robo,0,16 Feb 2026 3:35:11
6992919c51a052ad9bf71015,data_ml,p_count_2,robo,0,16 Feb 2026 3:40:12
699292c851a052ad9bf7101c,data_ml,p_count_2,robo,0,16 Feb 2026 3:45:12
699293f551a052ad9bf71023,data_ml,p_count_2,robo,0,16 Feb 2026 3:50:13
6992952151a052ad9bf7102a,data_ml,p_count_2,robo,0,16 Feb 2026 3:55:13
6992964e51a052ad9bf71031,data_ml,p_count_2,robo,0,16 Feb 2026 4:0:14
6992977a51a052ad9bf71038,data_ml,p_count_2,robo,0,16 Feb 2026 4:5:14
699298a751a052ad9bf7103f,data_ml,p_count_2,robo,0,16 Feb 2026 4:10:15
699299d351a052ad9bf71046,data_ml,p_count_2,robo,0,16 Feb 2026 4:15:15
69929b0051a052ad9bf7104d,data_ml,p_count_2,robo,0,16 Feb 2026 4:20:16
69929c2c51a052ad9bf71054,data_ml,p_count_2,robo,0,16 Feb 2026 4:25:16
69929d5951a052ad9bf7105b,data_ml,p_count_2,robo,0,16 Feb 2026 4:30:17
69929e8551a052ad9bf71062,data_ml,p_count_2,robo,0,16 Feb 2026 4:35:17
69929fb251a052ad9bf71069,data_ml,p_count_2,robo,0,16 Feb 2026 4:40:18
6992a0de51a052ad9bf71070,data_ml,p_count_2,robo,0,16 Feb 2026 4:45:18
6992a20b51a052ad9bf71077,data_ml,p_count_2,robo,0,16 Feb 2026 4:50:19
6992a33751a052ad9bf7107e,data_ml,p_count_2,robo,0,16 Feb 2026 4:55:19
6992a46451a052ad9bf71085,data_ml,p_count_2,robo,0,16 Feb 2026 5:0:20
6992a59051a052ad9bf7108b,data_ml,p_count_2,robo,0,16 Feb 2026 5:5:20
6992a6bd51a052ad9bf71092,data_ml,p_count_2,robo,0,16 Feb 2026 5:10:21
6992a7ea51a052ad9bf71099,data_ml,p_count_2,robo,0,16 Feb 2026 5:15:22
6992a91651a052ad9bf710a0,data_ml,p_count_2,robo,0,16 Feb 2026 5:20:22
6992aa4351a052ad9bf710a7,data_ml,p_count_2,robo,0,16 Feb 2026 5:25:23
6992ab6f51a052ad9bf710ae,data_ml,p_count_2,robo,0,16 Feb 2026 5:30:23
6992ac9c51a052ad9bf710b5,data_ml,p_count_2,robo,1,16 Feb 2026 5:35:24
6992adc851a052ad9bf710bc,data_ml,p_count_2,robo,0,16 Feb 2026 5:40:24
6992aef551a052ad9bf710c3,data_ml,p_count_2,robo,0,16 Feb 2026 5:45:25
6992b02151a052ad9bf710ca,data_ml,p_count_2,robo,0,16 Feb 2026 5:50:25
6992b14e51a052ad9bf710d1,data_ml,p_count_2,robo,0,16 Feb 2026 5:55:26
6992b27b51a052ad9bf710d8,data_ml,p_count_2,robo,0,16 Feb 2026 6:0:27
6992b3a751a052ad9bf710df,data_ml,p_count_2,robo,0,16 Feb 2026 6:5:27
6992b4d451a052ad9bf710e6,data_ml,p_count_2,robo,0,16 Feb 2026 6:10:28
6992b60051a052ad9bf710ed,data_ml,p_count_2,robo,0,16 Feb 2026 6:15:28
6992b72d51a052ad9bf710f4,data_ml,p_count_2,robo,0,16 Feb 2026 6:20:29
6992b85951a052ad9bf710fb,data_ml,p_count_2,robo,0,16 Feb 2026 6:25:29
6992b98651a052ad9bf71102,data_ml,p_count_2,robo,0,16 Feb 2026 6:30:30
6992bab251a052ad9bf71109,data_ml,p_count_2,robo,0,16 Feb 2026 6:35:30
6992bbdf51a052ad9bf71110,data_ml,p_count_2,robo,1,16 Feb 2026 6:40:31
6992bd0b51a052ad9bf71117,data_ml,p_count_2,robo,1,16 Feb 2026 6:45:31
6992be3851a052ad9bf7111e,data_ml,p_count_2,robo,0,16 Feb 2026 6:50:32
6992bf6551a052ad9bf71125,data_ml,p_count_2,robo,0,16 Feb 2026 6:55:33
6992c09151a052ad9bf7112c,data_ml,p_count_2,robo,2,16 Feb 2026 7:0:33
6992c1be51a052ad9bf71133,data_ml,p_count_2,robo,1,16 Feb 2026 7:5:34
6992c2ea51a052ad9bf7113a,data_ml,p_count_2,robo,0,16 Feb 2026 7:10:34
6992c41751a052ad9bf71141,data_ml,p_count_2,robo,1,16 Feb 2026 7:15:35
6992c54351a052ad9bf71148,data_ml,p_count_2,robo,0,16 Feb 2026 7:20:35
6992c67051a052ad9bf7114f,data_ml,p_count_2,robo,0,16 Feb 2026 7:25:36
6992c79d51a052ad9bf71156,data_ml,p_count_2,robo,0,16 Feb 2026 7:30:37
6992c8c951a052ad9bf7115c,data_ml,p_count_2,robo,1,16 Feb 2026 7:35:37
6992c9f651a052ad9bf71163,data_ml,p_count_2,robo,0,16 Feb 2026 7:40:38
6992cb2251a052ad9bf7116a,data_ml,p_count_2,robo,0,16 Feb 2026 7:45:38
6992cc4f51a052ad9bf71171,data_ml,p_count_2,robo,0,16 Feb 2026 7:50:39
6992cd7b51a052ad9bf71178,data_ml,p_count_2,robo,2,16 Feb 2026 7:55:39
6992cea851a052ad9bf7117f,data_ml,p_count_2,robo,1,16 Feb 2026 8:0:40
6992cfd551a052ad9bf71186,data_ml,p_count_2,robo,2,16 Feb 2026 8:5:41
6992d10151a052ad9bf7118d,data_ml,p_count_2,robo,1,16 Feb 2026 8:10:41
6992d22e51a052ad9bf71194,data_ml,p_count_2,robo,0,16 Feb 2026 8:15:42
6992d35a51a052ad9bf7119b,data_ml,p_count_2,robo,2,16 Feb 2026 8:20:42
6992d48751a052ad9bf711a2,data_ml,p_count_2,robo,0,16 Feb 2026 8:25:43
6992d5b451a052ad9bf711a9,data_ml,p_count_2,robo,0,16 Feb 2026 8:30:44
6992d6e051a052ad9bf711b0,data_ml,p_count_2,robo,0,16 Feb 2026 8:35:44
6992d80d51a052ad9bf711b7,data_ml,p_count_2,robo,1,16 Feb 2026 8:40:45
6992d93a51a052ad9bf711be,data_ml,p_count_2,robo,1,16 Feb 2026 8:45:46
6992da6651a052ad9bf711c5,data_ml,p_count_2,robo,0,16 Feb 2026 8:50:46
6992db9351a052ad9bf711cc,data_ml,p_count_2,robo,1,16 Feb 2026 8:55:47
6992dcbf51a052ad9bf711d3,data_ml,p_count_2,robo,0,16 Feb 2026 9:0:47
6992ddec51a052ad9bf711da,data_ml,p_count_2,robo,1,16 Feb 2026 9:5:48
6992df1851a052ad9bf711e1,data_ml,p_count_2,robo,0,16 Feb 2026 9:10:48
6992e04551a052ad9bf711e8,data_ml,p_count_2,robo,0,16 Feb 2026 9:15:49
6992e17251a052ad9bf711ef,data_ml,p_count_2,robo,0,16 Feb 2026 9:20:50
6992e29e51a052ad9bf711f6,data_ml,p_count_2,robo,0,16 Feb 2026 9:25:50
6992e3cb51a052ad9bf711fd,data_ml,p_count_2,robo,1,16 Feb 2026 9:30:51
6992e4f751a052ad9bf71204,data_ml,p_count_2,robo,0,16 Feb 2026 9:35:51
6992e62451a052ad9bf7120b,data_ml,p_count_2,robo,0,16 Feb 2026 9:40:52
6992e75051a052ad9bf71212,data_ml,p_count_2,robo,0,16 Feb 2026 9:45:52
6992e87d51a052ad9bf71219,data_ml,p_count_2,robo,3,16 Feb 2026 9:50:53
6992e9aa51a052ad9bf71220,data_ml,p_count_2,robo,0,16 Feb 2026 9:55:54
6992ead651a052ad9bf71227,data_ml,p_count_2,robo,0,16 Feb 2026 10:0:54
6992ec0351a052ad9bf7122d,data_ml,p_count_2,robo,0,16 Feb 2026 10:5:55
6992ed2f51a052ad9bf71234,data_ml,p_count_2,robo,1,16 Feb 2026 10:10:55
6992ee5c51a052ad9bf7123b,data_ml,p_count_2,robo,4,16 Feb 2026 10:15:56
6992ef8851a052ad9bf71242,data_ml,p_count_2,robo,0,16 Feb 2026 10:20:56
6992f0b551a052ad9bf71249,data_ml,p_count_2,robo,1,16 Feb 2026 10:25:57
6992f1e251a052ad9bf71250,data_ml,p_count_2,robo,1,16 Feb 2026 10:30:58
6992f30e51a052ad9bf71257,data_ml,p_count_2,robo,1,16 Feb 2026 10:35:58
6992f43b51a052ad9bf7125e,data_ml,p_count_2,robo,2,16 Feb 2026 10:40:59
6992f56751a052ad9bf71265,data_ml,p_count_2,robo,0,16 Feb 2026 10:45:59
6992f69451a052ad9bf7126c,data_ml,p_count_2,robo,2,16 Feb 2026 10:51:0
6992f7c151a052ad9bf71273,data_ml,p_count_2,robo,2,16 Feb 2026 10:56:1
6992f8ed51a052ad9bf7127a,data_ml,p_count_2,robo,2,16 Feb 2026 11:1:1
6992fa1a51a052ad9bf71281,data_ml,p_count_2,robo,2,16 Feb 2026 11:6:2
6992fb4751a052ad9bf71288,data_ml,p_count_2,robo,3,16 Feb 2026 11:11:3
6992fc7351a052ad9bf7128f,data_ml,p_count_2,robo,4,16 Feb 2026 11:16:3
6992fda051a052ad9bf71296,data_ml,p_count_2,robo,2,16 Feb 2026 11:21:4
6992fecc51a052ad9bf7129d,data_ml,p_count_2,robo,2,16 Feb 2026 11:26:4
6992fff951a052ad9bf712a4,data_ml,p_count_2,robo,5,16 Feb 2026 11:31:5
6993012651a052ad9bf712ab,data_ml,p_count_2,robo,0,16 Feb 2026 11:36:6
6993025251a052ad9bf712b2,data_ml,p_count_2,robo,3,16 Feb 2026 11:41:6
6993037f51a052ad9bf712b9,data_ml,p_count_2,robo,0,16 Feb 2026 11:46:7
699304ab51a052ad9bf712c0,data_ml,p_count_2,robo,2,16 Feb 2026 11:51:7
699305d851a052ad9bf712c7,data_ml,p_count_2,robo,3,16 Feb 2026 11:56:8
6993070451a052ad9bf712ce,data_ml,p_count_2,robo,0,16 Feb 2026 12:1:8
6993083151a052ad9bf712d5,data_ml,p_count_2,robo,1,16 Feb 2026 12:6:9
6993095e51a052ad9bf712dc,data_ml,p_count_2,robo,0,16 Feb 2026 12:11:10
69930a8a51a052ad9bf712e3,data_ml,p_count_2,robo,0,16 Feb 2026 12:16:10
69930bb751a052ad9bf712ea,data_ml,p_count_2,robo,0,16 Feb 2026 12:21:11
69930ce351a052ad9bf712f1,data_ml,p_count_2,robo,1,16 Feb 2026 12:26:11
69930e1051a052ad9bf712f9,data_ml,p_count_2,robo,1,16 Feb 2026 12:31:12
69930f3d51a052ad9bf712ff,data_ml,p_count_2,robo,0,16 Feb 2026 12:36:13
6993106951a052ad9bf71306,data_ml,p_count_2,robo,0,16 Feb 2026 12:41:13
6993119651a052ad9bf7130d,data_ml,p_count_2,robo,0,16 Feb 2026 12:46:14
699312c251a052ad9bf71314,data_ml,p_count_2,robo,5,16 Feb 2026 12:51:14
699313ef51a052ad9bf7131b,data_ml,p_count_2,robo,2,16 Feb 2026 12:56:15
6993151c51a052ad9bf71322,data_ml,p_count_2,robo,6,16 Feb 2026 13:1:16
6993164851a052ad9bf71329,data_ml,p_count_2,robo,3,16 Feb 2026 13:6:16
6993177551a052ad9bf71330,data_ml,p_count_2,robo,1,16 Feb 2026 13:11:17
699318a151a052ad9bf71338,data_ml,p_count_2,robo,0,16 Feb 2026 13:16:17
699319ce51a052ad9bf7133f,data_ml,p_count_2,robo,0,16 Feb 2026 13:21:18
69931afb51a052ad9bf71346,data_ml,p_count_2,robo,0,16 Feb 2026 13:26:19
69931c2851a052ad9bf7134d,data_ml,p_count_2,robo,0,16 Feb 2026 13:31:20
69931d5451a052ad9bf71354,data_ml,p_count_2,robo,2,16 Feb 2026 13:36:20
69931e8151a052ad9bf7135b,data_ml,p_count_2,robo,2,16 Feb 2026 13:41:21
69931fad51a052ad9bf71362,data_ml,p_count_2,robo,2,16 Feb 2026 13:46:21
699320da51a052ad9bf71369,data_ml,p_count_2,robo,3,16 Feb 2026 13:51:22
6993220751a052ad9bf71370,data_ml,p_count_2,robo,0,16 Feb 2026 13:56:23
6993233351a052ad9bf71377,data_ml,p_count_2,robo,2,16 Feb 2026 14:1:23
6993246051a052ad9bf7137e,data_ml,p_count_2,robo,0,16 Feb 2026 14:6:24
6993258c51a052ad9bf71384,data_ml,p_count_2,robo,1,16 Feb 2026 14:11:24
699326b951a052ad9bf7138b,data_ml,p_count_2,robo,1,16 Feb 2026 14:16:25
699327e651a052ad9bf71392,data_ml,p_count_2,robo,0,16 Feb 2026 14:21:26
6993291251a052ad9bf71399,data_ml,p_count_2,robo,3,16 Feb 2026 14:26:26
69932a3f51a052ad9bf713a0,data_ml,p_count_2,robo,3,16 Feb 2026 14:31:27
69932b6b51a052ad9bf713a7,data_ml,p_count_2,robo,0,16 Feb 2026 14:36:27
69932c9851a052ad9bf713ae,data_ml,p_count_2,robo,2,16 Feb 2026 14:41:28
69932dc551a052ad9bf713b5,data_ml,p_count_2,robo,0,16 Feb 2026 14:46:29
69932ef151a052ad9bf713bc,data_ml,p_count_2,robo,0,16 Feb 2026 14:51:29
6993301e51a052ad9bf713c3,data_ml,p_count_2,robo,0,16 Feb 2026 14:56:30
6993314a51a052ad9bf713ca,data_ml,p_count_2,robo,0,16 Feb 2026 15:1:30
6993327751a052ad9bf713d1,data_ml,p_count_2,robo,0,16 Feb 2026 15:6:31
699333a451a052ad9bf713d8,data_ml,p_count_2,robo,1,16 Feb 2026 15:11:32
699334d051a052ad9bf713df,data_ml,p_count_2,robo,2,16 Feb 2026 15:16:32
699335fd51a052ad9bf713e6,data_ml,p_count_2,robo,0,16 Feb 2026 15:21:33
6993372951a052ad9bf713ed,data_ml,p_count_2,robo,1,16 Feb 2026 15:26:33
6993385651a052ad9bf713f4,data_ml,p_count_2,robo,1,16 Feb 2026 15:31:34
6993398251a052ad9bf713fb,data_ml,p_count_2,robo,2,16 Feb 2026 15:36:34
69933aaf51a052ad9bf71402,data_ml,p_count_2,robo,1,16 Feb 2026 15:41:35
69933bdc51a052ad9bf71409,data_ml,p_count_2,robo,1,16 Feb 2026 15:46:36
69933d0851a052ad9bf71410,data_ml,p_count_2,robo,0,16 Feb 2026 15:51:36
69933e3551a052ad9bf71417,data_ml,p_count_2,robo,0,16 Feb 2026 15:56:37
69933f6251a052ad9bf7141e,data_ml,p_count_2,robo,0,16 Feb 2026 16:1:38
6993408e51a052ad9bf71425,data_ml,p_count_2,robo,3,16 Feb 2026 16:6:38
699341bb51a052ad9bf7142c,data_ml,p_count_2,robo,0,16 Feb 2026 16:11:39
699342e751a052ad9bf71433,data_ml,p_count_2,robo,0,16 Feb 2026 16:16:39
6993441451a052ad9bf7143a,data_ml,p_count_2,robo,3,16 Feb 2026 16:21:40
6993454151a052ad9bf71441,data_ml,p_count_2,robo,1,16 Feb 2026 16:26:41
6993466d51a052ad9bf71448,data_ml,p_count_2,robo,0,16 Feb 2026 16:31:41
6993479a51a052ad9bf7144f,data_ml,p_count_2,robo,0,16 Feb 2026 16:36:42
699348c651a052ad9bf71455,data_ml,p_count_2,robo,0,16 Feb 2026 16:41:42
699349f351a052ad9bf7145c,data_ml,p_count_2,robo,0,16 Feb 2026 16:46:43
69934b1f51a052ad9bf71463,data_ml,p_count_2,robo,0,16 Feb 2026 16:51:43
69934c4c51a052ad9bf7146a,data_ml,p_count_2,robo,0,16 Feb 2026 16:56:44
69934d7951a052ad9bf71471,data_ml,p_count_2,robo,0,16 Feb 2026 17:1:45
69934ea551a052ad9bf71478,data_ml,p_count_2,robo,0,16 Feb 2026 17:6:45
69934fd251a052ad9bf7147f,data_ml,p_count_2,robo,0,16 Feb 2026 17:11:46
699350fe51a052ad9bf71486,data_ml,p_count_2,robo,1,16 Feb 2026 17:16:46
6993522ba403c9ca694fbd1f,data_ml,p_count_2,robo,0,16 Feb 2026 17:21:47
69935358a403c9ca694fbd26,data_ml,p_count_2,robo,0,16 Feb 2026 17:26:48
69935484a403c9ca694fbd2d,data_ml,p_count_2,robo,0,16 Feb 2026 17:31:48
699355b1a403c9ca694fbd34,data_ml,p_count_2,robo,0,16 Feb 2026 17:36:49
699356dda403c9ca694fbd3b,data_ml,p_count_2,robo,0,16 Feb 2026 17:41:49
6993580aa403c9ca694fbd42,data_ml,p_count_2,robo,0,16 Feb 2026 17:46:50
69935937a403c9ca694fbd49,data_ml,p_count_2,robo,0,16 Feb 2026 17:51:51
69935a63a403c9ca694fbd50,data_ml,p_count_2,robo,0,16 Feb 2026 17:56:51
69935b90a403c9ca694fbd57,data_ml,p_count_2,robo,0,16 Feb 2026 18:1:52
69935cbca403c9ca694fbd5e,data_ml,p_count_2,robo,1,16 Feb 2026 18:6:52
69935de9a403c9ca694fbd65,data_ml,p_count_2,robo,0,16 Feb 2026 18:11:53
69935f16a403c9ca694fbd6c,data_ml,p_count_2,robo,0,16 Feb 2026 18:16:54
69936042a403c9ca694fbd73,data_ml,p_count_2,robo,0,16 Feb 2026 18:21:54
6993616fa403c9ca694fbd7a,data_ml,p_count_2,robo,0,16 Feb 2026 18:26:55
6993629ca403c9ca694fbd81,data_ml,p_count_2,robo,0,16 Feb 2026 18:31:56
699363c8a403c9ca694fbd88,data_ml,p_count_2,robo,0,16 Feb 2026 18:36:56
699364f5a403c9ca694fbd8f,data_ml,p_count_2,robo,0,16 Feb 2026 18:41:57
69936621a403c9ca694fbd96,data_ml,p_count_2,robo,0,16 Feb 2026 18:46:57
6993674ea403c9ca694fbd9d,data_ml,p_count_2,robo,0,16 Feb 2026 18:51:58
6993687ba403c9ca694fbda4,data_ml,p_count_2,robo,8,16 Feb 2026 18:56:59
699369a7a403c9ca694fbdab,data_ml,p_count_2,robo,0,16 Feb 2026 19:1:59
69936ad4a403c9ca694fbdb2,data_ml,p_count_2,robo,0,16 Feb 2026 19:7:0
69936c00a403c9ca694fbdb8,data_ml,p_count_2,robo,0,16 Feb 2026 19:12:0
69936d2da403c9ca694fbdbf,data_ml,p_count_2,robo,0,16 Feb 2026 19:17:1
69936e59a403c9ca694fbdc6,data_ml,p_count_2,robo,0,16 Feb 2026 19:22:1
69936f86a403c9ca694fbdcd,data_ml,p_count_2,robo,0,16 Feb 2026 19:27:2
699370b3a403c9ca694fbdd4,data_ml,p_count_2,robo,0,16 Feb 2026 19:32:3
699371dfa403c9ca694fbddb,data_ml,p_count_2,robo,0,16 Feb 2026 19:37:3
6993730ca403c9ca694fbde2,data_ml,p_count_2,robo,0,16 Feb 2026 19:42:4
69937438a403c9ca694fbde9,data_ml,p_count_2,robo,0,16 Feb 2026 19:47:4
69937565a403c9ca694fbdf0,data_ml,p_count_2,robo,0,16 Feb 2026 19:52:5
69937691a403c9ca694fbdf7,data_ml,p_count_2,robo,0,16 Feb 2026 19:57:5
699377bea403c9ca694fbdfe,data_ml,p_count_2,robo,0,16 Feb 2026 20:2:6
699378eaa403c9ca694fbe05,data_ml,p_count_2,robo,0,16 Feb 2026 20:7:6
69937a17a403c9ca694fbe0c,data_ml,p_count_2,robo,0,16 Feb 2026 20:12:7
69937b43a403c9ca694fbe13,data_ml,p_count_2,robo,0,16 Feb 2026 20:17:7
69937c70a403c9ca694fbe1a,data_ml,p_count_2,robo,0,16 Feb 2026 20:22:8
69937d9da403c9ca694fbe21,data_ml,p_count_2,robo,0,16 Feb 2026 20:27:9
69937ec9a403c9ca694fbe28,data_ml,p_count_2,robo,0,16 Feb 2026 20:32:9
69937ff6a403c9ca694fbe2f,data_ml,p_count_2,robo,0,16 Feb 2026 20:37:10
69938122a403c9ca694fbe36,data_ml,p_count_2,robo,0,16 Feb 2026 20:42:10
6993824fa403c9ca694fbe3d,data_ml,p_count_2,robo,0,16 Feb 2026 20:47:11
6993837ca403c9ca694fbe44,data_ml,p_count_2,robo,0,16 Feb 2026 20:52:12
699384a9a403c9ca694fbe4b,data_ml,p_count_2,robo,0,16 Feb 2026 20:57:13
699385d5a403c9ca694fbe52,data_ml,p_count_2,robo,0,16 Feb 2026 21:2:13
69938702a403c9ca694fbe59,data_ml,p_count_2,robo,0,16 Feb 2026 21:7:14
6993882ea403c9ca694fbe60,data_ml,p_count_2,robo,0,16 Feb 2026 21:12:14
6993895ba403c9ca694fbe67,data_ml,p_count_2,robo,0,16 Feb 2026 21:17:15
69938a88a403c9ca694fbe6e,data_ml,p_count_2,robo,0,16 Feb 2026 21:22:16
69938bb4a403c9ca694fbe75,data_ml,p_count_2,robo,0,16 Feb 2026 21:27:16
69938ce1a403c9ca694fbe7c,data_ml,p_count_2,robo,0,16 Feb 2026 21:32:17
69938e0da403c9ca694fbe83,data_ml,p_count_2,robo,0,16 Feb 2026 21:37:17
69938f3aa403c9ca694fbe89,data_ml,p_count_2,robo,0,16 Feb 2026 21:42:18
69939066a403c9ca694fbe90,data_ml,p_count_2,robo,0,16 Feb 2026 21:47:18
69939193a403c9ca694fbe97,data_ml,p_count_2,robo,0,16 Feb 2026 21:52:19
699392bfa403c9ca694fbe9e,data_ml,p_count_2,robo,0,16 Feb 2026 21:57:19
699393eca403c9ca694fbea5,data_ml,p_count_2,robo,0,16 Feb 2026 22:2:20
69939519a403c9ca694fbeac,data_ml,p_count_2,robo,0,16 Feb 2026 22:7:21
69939645a403c9ca694fbeb3,data_ml,p_count_2,robo,0,16 Feb 2026 22:12:21
69939772a403c9ca694fbeba,data_ml,p_count_2,robo,0,16 Feb 2026 22:17:22
6993989ea403c9ca694fbec1,data_ml,p_count_2,robo,0,16 Feb 2026 22:22:22
699399cba403c9ca694fbec8,data_ml,p_count_2,robo,0,16 Feb 2026 22:27:23
69939af8a403c9ca694fbecf,data_ml,p_count_2,robo,0,16 Feb 2026 22:32:24
69939c24a403c9ca694fbed6,data_ml,p_count_2,robo,0,16 Feb 2026 22:37:24
69939d51a403c9ca694fbedd,data_ml,p_count_2,robo,0,16 Feb 2026 22:42:25
69939e7da403c9ca694fbee4,data_ml,p_count_2,robo,0,16 Feb 2026 22:47:25
69939faaa403c9ca694fbeeb,data_ml,p_count_2,robo,0,16 Feb 2026 22:52:26
6993a0d6a403c9ca694fbef2,data_ml,p_count_2,robo,0,16 Feb 2026 22:57:26
6993a203a403c9ca694fbef9,data_ml,p_count_2,robo,0,16 Feb 2026 23:2:27
6993a330a403c9ca694fbf00,data_ml,p_count_2,robo,0,16 Feb 2026 23:7:28
6993a45ca403c9ca694fbf07,data_ml,p_count_2,robo,0,16 Feb 2026 23:12:28
6993a589a403c9ca694fbf0e,data_ml,p_count_2,robo,0,16 Feb 2026 23:17:29
6993a6b5a403c9ca694fbf15,data_ml,p_count_2,robo,0,16 Feb 2026 23:22:29
6993a7e2a403c9ca694fbf1c,data_ml,p_count_2,robo,0,16 Feb 2026 23:27:30
6993a90fa403c9ca694fbf23,data_ml,p_count_2,robo,0,16 Feb 2026 23:32:31
6993aa3ca403c9ca694fbf2a,data_ml,p_count_2,robo,0,16 Feb 2026 23:37:32
6993ab68a403c9ca694fbf31,data_ml,p_count_2,robo,0,16 Feb 2026 23:42:32
6993ac95a403c9ca694fbf38,data_ml,p_count_2,robo,0,16 Feb 2026 23:47:33
6993adc1a403c9ca694fbf3f,data_ml,p_count_2,robo,0,16 Feb 2026 23:52:33
6993aeeea403c9ca694fbf46,data_ml,p_count_2,robo,0,16 Feb 2026 23:57:34
6993b01aa403c9ca694fbf4d,data_ml,p_count_2,robo,0,17 Feb 2026 0:2:34
6993b147a403c9ca694fbf54,data_ml,p_count_2,robo,0,17 Feb 2026 0:7:35
6993b274a403c9ca694fbf5a,data_ml,p_count_2,robo,0,17 Feb 2026 0:12:36
6993b3a0a403c9ca694fbf61,data_ml,p_count_2,robo,0,17 Feb 2026 0:17:36
6993b4cda403c9ca694fbf68,data_ml,p_count_2,robo,0,17 Feb 2026 0:22:37
6993b5f9a403c9ca694fbf6f,data_ml,p_count_2,robo,0,17 Feb 2026 0:27:37
6993b726a403c9ca694fbf76,data_ml,p_count_2,robo,0,17 Feb 2026 0:32:38
6993b852a403c9ca694fbf7d,data_ml,p_count_2,robo,0,17 Feb 2026 0:37:38
6993b97fa403c9ca694fbf84,data_ml,p_count_2,robo,0,17 Feb 2026 0:42:39
6993baaca403c9ca694fbf8b,data_ml,p_count_2,robo,0,17 Feb 2026 0:47:40
6993bbd8a403c9ca694fbf92,data_ml,p_count_2,robo,0,17 Feb 2026 0:52:40
6993bd05a403c9ca694fbf99,data_ml,p_count_2,robo,0,17 Feb 2026 0:57:41
6993be31a403c9ca694fbfa0,data_ml,p_count_2,robo,0,17 Feb 2026 1:2:41
6993bf5ea403c9ca694fbfa7,data_ml,p_count_2,robo,0,17 Feb 2026 1:7:42
6993c08aa403c9ca694fbfae,data_ml,p_count_2,robo,0,17 Feb 2026 1:12:42
6993c1b7a403c9ca694fbfb5,data_ml,p_count_2,robo,0,17 Feb 2026 1:17:43
6993c2e4a403c9ca694fbfbc,data_ml,p_count_2,robo,0,17 Feb 2026 1:22:44
6993c410a403c9ca694fbfc3,data_ml,p_count_2,robo,0,17 Feb 2026 1:27:44
6993c53da403c9ca694fbfca,data_ml,p_count_2,robo,0,17 Feb 2026 1:32:45
6993c66aa403c9ca694fbfd1,data_ml,p_count_2,robo,0,17 Feb 2026 1:37:46
6993c796a403c9ca694fbfd8,data_ml,p_count_2,robo,0,17 Feb 2026 1:42:46
6993c8c3a403c9ca694fbfdf,data_ml,p_count_2,robo,0,17 Feb 2026 1:47:47
6993c9f0a403c9ca694fbfe6,data_ml,p_count_2,robo,0,17 Feb 2026 1:52:48
6993cb1da403c9ca694fbfee,data_ml,p_count_2,robo,0,17 Feb 2026 1:57:49
6993cc4aa403c9ca694fbff5,data_ml,p_count_2,robo,0,17 Feb 2026 2:2:50
6993cd76a403c9ca694fbffc,data_ml,p_count_2,robo,0,17 Feb 2026 2:7:50
6993cea3a403c9ca694fc003,data_ml,p_count_2,robo,0,17 Feb 2026 2:12:51
6993cfd0a403c9ca694fc00a,data_ml,p_count_2,robo,0,17 Feb 2026 2:17:52
6993d0fca403c9ca694fc011,data_ml,p_count_2,robo,0,17 Feb 2026 2:22:52
6993d229a403c9ca694fc018,data_ml,p_count_2,robo,0,17 Feb 2026 2:27:53
6993d355a403c9ca694fc01f,data_ml,p_count_2,robo,0,17 Feb 2026 2:32:53
6993d482a403c9ca694fc026,data_ml,p_count_2,robo,0,17 Feb 2026 2:37:54
6993d5aea403c9ca694fc02c,data_ml,p_count_2,robo,0,17 Feb 2026 2:42:54
6993d6dba403c9ca694fc033,data_ml,p_count_2,robo,0,17 Feb 2026 2:47:55
6993d808a403c9ca694fc03a,data_ml,p_count_2,robo,0,17 Feb 2026 2:52:56
6993d934a403c9ca694fc041,data_ml,p_count_2,robo,0,17 Feb 2026 2:57:56
6993da61a403c9ca694fc048,data_ml,p_count_2,robo,0,17 Feb 2026 3:2:57
6993db8da403c9ca694fc04f,data_ml,p_count_2,robo,0,17 Feb 2026 3:7:57
6993dcbaa403c9ca694fc056,data_ml,p_count_2,robo,0,17 Feb 2026 3:12:58
6993dde7a403c9ca694fc05d,data_ml,p_count_2,robo,0,17 Feb 2026 3:17:59
6993df13a403c9ca694fc064,data_ml,p_count_2,robo,0,17 Feb 2026 3:22:59
6993e040a403c9ca694fc06b,data_ml,p_count_2,robo,0,17 Feb 2026 3:28:0
6993e16ca403c9ca694fc072,data_ml,p_count_2,robo,0,17 Feb 2026 3:33:0
6993e299a403c9ca694fc079,data_ml,p_count_2,robo,0,17 Feb 2026 3:38:1
6993e3c6a403c9ca694fc080,data_ml,p_count_2,robo,0,17 Feb 2026 3:43:2
6993e4f2a403c9ca694fc087,data_ml,p_count_2,robo,0,17 Feb 2026 3:48:2
6993e61fa403c9ca694fc08e,data_ml,p_count_2,robo,0,17 Feb 2026 3:53:3
6993e74ba403c9ca694fc095,data_ml,p_count_2,robo,0,17 Feb 2026 3:58:3
6993e878a403c9ca694fc09c,data_ml,p_count_2,robo,0,17 Feb 2026 4:3:4
6993e9a4a403c9ca694fc0a3,data_ml,p_count_2,robo,0,17 Feb 2026 4:8:4
6993ead1a403c9ca694fc0aa,data_ml,p_count_2,robo,0,17 Feb 2026 4:13:5
6993ebfea403c9ca694fc0b1,data_ml,p_count_2,robo,0,17 Feb 2026 4:18:6
6993ed2aa403c9ca694fc0b8,data_ml,p_count_2,robo,0,17 Feb 2026 4:23:6
6993ee57a403c9ca694fc0bf,data_ml,p_count_2,robo,0,17 Feb 2026 4:28:7
6993ef84a403c9ca694fc0c6,data_ml,p_count_2,robo,0,17 Feb 2026 4:33:8
6993f0b1a403c9ca694fc0cd,data_ml,p_count_2,robo,0,17 Feb 2026 4:38:9
6993f1dda403c9ca694fc0d4,data_ml,p_count_2,robo,0,17 Feb 2026 4:43:9
6993f30aa403c9ca694fc0db,data_ml,p_count_2,robo,0,17 Feb 2026 4:48:10
6993f436a403c9ca694fc0e2,data_ml,p_count_2,robo,0,17 Feb 2026 4:53:10
6993f563a403c9ca694fc0e9,data_ml,p_count_2,robo,0,17 Feb 2026 4:58:11
6993f690a403c9ca694fc0f0,data_ml,p_count_2,robo,0,17 Feb 2026 5:3:12
6993f7bca403c9ca694fc0f7,data_ml,p_count_2,robo,0,17 Feb 2026 5:8:12
6993f8e9a403c9ca694fc0fd,data_ml,p_count_2,robo,0,17 Feb 2026 5:13:13
6993fa15a403c9ca694fc104,data_ml,p_count_2,robo,0,17 Feb 2026 5:18:13
6993fb42a403c9ca694fc10b,data_ml,p_count_2,robo,0,17 Feb 2026 5:23:14
6993fc6fa403c9ca694fc112,data_ml,p_count_2,robo,0,17 Feb 2026 5:28:15
6993fd9ba403c9ca694fc119,data_ml,p_count_2,robo,0,17 Feb 2026 5:33:15
6993fec8a403c9ca694fc120,data_ml,p_count_2,robo,0,17 Feb 2026 5:38:16
6993fff4a403c9ca694fc127,data_ml,p_count_2,robo,0,17 Feb 2026 5:43:16
69940121a403c9ca694fc12e,data_ml,p_count_2,robo,1,17 Feb 2026 5:48:17
6994024da403c9ca694fc135,data_ml,p_count_2,robo,0,17 Feb 2026 5:53:17
6994037aa403c9ca694fc13c,data_ml,p_count_2,robo,0,17 Feb 2026 5:58:18
699404a7a403c9ca694fc143,data_ml,p_count_2,robo,0,17 Feb 2026 6:3:19
699405d3a403c9ca694fc14a,data_ml,p_count_2,robo,0,17 Feb 2026 6:8:19
69940700a403c9ca694fc151,data_ml,p_count_2,robo,0,17 Feb 2026 6:13:20
6994082ca403c9ca694fc158,data_ml,p_count_2,robo,1,17 Feb 2026 6:18:20
69940959a403c9ca694fc15f,data_ml,p_count_2,robo,0,17 Feb 2026 6:23:21
69940a86a403c9ca694fc166,data_ml,p_count_2,robo,0,17 Feb 2026 6:28:22
69940bb2a403c9ca694fc16d,data_ml,p_count_2,robo,0,17 Feb 2026 6:33:22
69940cdfa403c9ca694fc174,data_ml,p_count_2,robo,2,17 Feb 2026 6:38:23
69940e0ba403c9ca694fc17b,data_ml,p_count_2,robo,0,17 Feb 2026 6:43:23
69940f38a403c9ca694fc182,data_ml,p_count_2,robo,0,17 Feb 2026 6:48:24
69941064a403c9ca694fc189,data_ml,p_count_2,robo,0,17 Feb 2026 6:53:24
69941191a403c9ca694fc190,data_ml,p_count_2,robo,0,17 Feb 2026 6:58:25
699412bea403c9ca694fc197,data_ml,p_count_2,robo,0,17 Feb 2026 7:3:26
699413eba403c9ca694fc19e,data_ml,p_count_2,robo,0,17 Feb 2026 7:8:27
69941517a403c9ca694fc1a5,data_ml,p_count_2,robo,0,17 Feb 2026 7:13:27
69941644a403c9ca694fc1ac,data_ml,p_count_2,robo,0,17 Feb 2026 7:18:28
69941770a403c9ca694fc1b3,data_ml,p_count_2,robo,1,17 Feb 2026 7:23:28
6994189da403c9ca694fc1ba,data_ml,p_count_2,robo,1,17 Feb 2026 7:28:29
699419caa403c9ca694fc1c1,data_ml,p_count_2,robo,0,17 Feb 2026 7:33:30
69941af6a403c9ca694fc1c8,data_ml,p_count_2,robo,10,17 Feb 2026 7:38:30
69941c23a403c9ca694fc1ce,data_ml,p_count_2,robo,1,17 Feb 2026 7:43:31
69941d4fa403c9ca694fc1d5,data_ml,p_count_2,robo,0,17 Feb 2026 7:48:31
69941e7ca403c9ca694fc1dc,data_ml,p_count_2,robo,0,17 Feb 2026 7:53:32
69941fa9a403c9ca694fc1e3,data_ml,p_count_2,robo,0,17 Feb 2026 7:58:33
699420d5a403c9ca694fc1ea,data_ml,p_count_2,robo,3,17 Feb 2026 8:3:33
69942202a403c9ca694fc1f1,data_ml,p_count_2,robo,0,17 Feb 2026 8:8:34
6994232ea403c9ca694fc1f9,data_ml,p_count_2,robo,0,17 Feb 2026 8:13:34
6994245ba403c9ca694fc200,data_ml,p_count_2,robo,0,17 Feb 2026 8:18:35
69942588a403c9ca694fc207,data_ml,p_count_2,robo,0,17 Feb 2026 8:23:35
699426b4a403c9ca694fc20e,data_ml,p_count_2,robo,0,17 Feb 2026 8:28:36
699427e1a403c9ca694fc215,data_ml,p_count_2,robo,0,17 Feb 2026 8:33:37
6994290da403c9ca694fc21c,data_ml,p_count_2,robo,1,17 Feb 2026 8:38:37
69942a3aa403c9ca694fc223,data_ml,p_count_2,robo,0,17 Feb 2026 8:43:38
69942b66a403c9ca694fc22a,data_ml,p_count_2,robo,0,17 Feb 2026 8:48:38
69942c93a403c9ca694fc231,data_ml,p_count_2,robo,0,17 Feb 2026 8:53:39
69942dc0a403c9ca694fc238,data_ml,p_count_2,robo,0,17 Feb 2026 8:58:40
69942eeca403c9ca694fc23f,data_ml,p_count_2,robo,1,17 Feb 2026 9:3:40
69943019a403c9ca694fc246,data_ml,p_count_2,robo,0,17 Feb 2026 9:8:41
69943145a403c9ca694fc24d,data_ml,p_count_2,robo,0,17 Feb 2026 9:13:41
69943272a403c9ca694fc254,data_ml,p_count_2,robo,0,17 Feb 2026 9:18:42
6994339ea403c9ca694fc25b,data_ml,p_count_2,robo,0,17 Feb 2026 9:23:42
699434cba403c9ca694fc262,data_ml,p_count_2,robo,0,17 Feb 2026 9:28:43
699435f8a403c9ca694fc269,data_ml,p_count_2,robo,0,17 Feb 2026 9:33:44
69943725a403c9ca694fc270,data_ml,p_count_2,robo,2,17 Feb 2026 9:38:45
69943851a403c9ca694fc277,data_ml,p_count_2,robo,0,17 Feb 2026 9:43:45
6994397ea403c9ca694fc27e,data_ml,p_count_2,robo,0,17 Feb 2026 9:48:46
69943aaaa403c9ca694fc285,data_ml,p_count_2,robo,0,17 Feb 2026 9:53:46
69943bd7a403c9ca694fc28c,data_ml,p_count_2,robo,10,17 Feb 2026 9:58:47
69943d03a403c9ca694fc293,data_ml,p_count_2,robo,1,17 Feb 2026 10:3:47
69943e30a403c9ca694fc299,data_ml,p_count_2,robo,1,17 Feb 2026 10:8:48
69943f5da403c9ca694fc2a0,data_ml,p_count_2,robo,0,17 Feb 2026 10:13:49
69944089a403c9ca694fc2a7,data_ml,p_count_2,robo,0,17 Feb 2026 10:18:49
699441b6a403c9ca694fc2ae,data_ml,p_count_2,robo,1,17 Feb 2026 10:23:50
699442e2a403c9ca694fc2b5,data_ml,p_count_2,robo,2,17 Feb 2026 10:28:50
6994440fa403c9ca694fc2bc,data_ml,p_count_2,robo,2,17 Feb 2026 10:33:51
6994453ba403c9ca694fc2c3,data_ml,p_count_2,robo,1,17 Feb 2026 10:38:51
69944668a403c9ca694fc2ca,data_ml,p_count_2,robo,0,17 Feb 2026 10:43:52
69944794a403c9ca694fc2d1,data_ml,p_count_2,robo,2,17 Feb 2026 10:48:52
699448c1a403c9ca694fc2d8,data_ml,p_count_2,robo,0,17 Feb 2026 10:53:53
699449eea403c9ca694fc2df,data_ml,p_count_2,robo,1,17 Feb 2026 10:58:54
69944b1aa403c9ca694fc2e6,data_ml,p_count_2,robo,0,17 Feb 2026 11:3:54
69944c47a403c9ca694fc2ee,data_ml,p_count_2,robo,0,17 Feb 2026 11:8:55
69944d73a403c9ca694fc2f5,data_ml,p_count_2,robo,1,17 Feb 2026 11:13:55
69944ea0a403c9ca694fc2fc,data_ml,p_count_2,robo,1,17 Feb 2026 11:18:56
69944fcca403c9ca694fc303,data_ml,p_count_2,robo,1,17 Feb 2026 11:23:56
699450f9a403c9ca694fc30a,data_ml,p_count_2,robo,2,17 Feb 2026 11:28:57
69945226a403c9ca694fc311,data_ml,p_count_2,robo,2,17 Feb 2026 11:33:58
69945352a403c9ca694fc318,data_ml,p_count_2,robo,0,17 Feb 2026 11:38:58
6994547fa403c9ca694fc31f,data_ml,p_count_2,robo,1,17 Feb 2026 11:43:59
699455aba403c9ca694fc326,data_ml,p_count_2,robo,0,17 Feb 2026 11:48:59
699456d8a403c9ca694fc32d,data_ml,p_count_2,robo,1,17 Feb 2026 11:54:0
69945805a403c9ca694fc334,data_ml,p_count_2,robo,1,17 Feb 2026 11:59:1
69945932a403c9ca694fc33b,data_ml,p_count_2,robo,1,17 Feb 2026 12:4:2
69945a5ea403c9ca694fc342,data_ml,p_count_2,robo,1,17 Feb 2026 12:9:2
69945b8ba403c9ca694fc349,data_ml,p_count_2,robo,6,17 Feb 2026 12:14:3
69945cb7a403c9ca694fc350,data_ml,p_count_2,robo,6,17 Feb 2026 12:19:3
69945de4a403c9ca694fc357,data_ml,p_count_2,robo,3,17 Feb 2026 12:24:4
69945f11a403c9ca694fc35e,data_ml,p_count_2,robo,0,17 Feb 2026 12:29:5
6994603da403c9ca694fc365,data_ml,p_count_2,robo,0,17 Feb 2026 12:34:5
6994616aa403c9ca694fc36b,data_ml,p_count_2,robo,0,17 Feb 2026 12:39:6
69946296a403c9ca694fc372,data_ml,p_count_2,robo,0,17 Feb 2026 12:44:6
699463c3a403c9ca694fc379,data_ml,p_count_2,robo,0,17 Feb 2026 12:49:7
699464f0a403c9ca694fc380,data_ml,p_count_2,robo,0,17 Feb 2026 12:54:8
6994661ca403c9ca694fc387,data_ml,p_count_2,robo,0,17 Feb 2026 12:59:8
69946749a403c9ca694fc38e,data_ml,p_count_2,robo,0,17 Feb 2026 13:4:9
69946875a403c9ca694fc395,data_ml,p_count_2,robo,0,17 Feb 2026 13:9:9
699469a2a403c9ca694fc39c,data_ml,p_count_2,robo,0,17 Feb 2026 13:14:10
69946acea403c9ca694fc3a3,data_ml,p_count_2,robo,1,17 Feb 2026 13:19:10
69946bfba403c9ca694fc3aa,data_ml,p_count_2,robo,2,17 Feb 2026 13:24:11
69946d28a403c9ca694fc3b1,data_ml,p_count_2,robo,0,17 Feb 2026 13:29:12
69946e54a403c9ca694fc3b8,data_ml,p_count_2,robo,0,17 Feb 2026 13:34:12
69946f81a403c9ca694fc3bf,data_ml,p_count_2,robo,1,17 Feb 2026 13:39:13
699470ada403c9ca694fc3c6,data_ml,p_count_2,robo,1,17 Feb 2026 13:44:13
699471daa403c9ca694fc3cd,data_ml,p_count_2,robo,0,17 Feb 2026 13:49:14
69947307a403c9ca694fc3d4,data_ml,p_count_2,robo,0,17 Feb 2026 13:54:15
69947433a403c9ca694fc3db,data_ml,p_count_2,robo,0,17 Feb 2026 13:59:15
69947560a403c9ca694fc3e2,data_ml,p_count_2,robo,0,17 Feb 2026 14:4:16
6994768ca403c9ca694fc3e9,data_ml,p_count_2,robo,0,17 Feb 2026 14:9:16
699477b9a403c9ca694fc3f0,data_ml,p_count_2,robo,0,17 Feb 2026 14:14:17
699478e5a403c9ca694fc3f7,data_ml,p_count_2,robo,0,17 Feb 2026 14:19:17
69947a12a403c9ca694fc3fe,data_ml,p_count_2,robo,0,17 Feb 2026 14:24:18
69947b3fa403c9ca694fc405,data_ml,p_count_2,robo,0,17 Feb 2026 14:29:19
69947c6ca403c9ca694fc40c,data_ml,p_count_2,robo,0,17 Feb 2026 14:34:20
69947d98a403c9ca694fc413,data_ml,p_count_2,robo,0,17 Feb 2026 14:39:20
69947ec5a403c9ca694fc41a,data_ml,p_count_2,robo,0,17 Feb 2026 14:44:21
69947ff2a403c9ca694fc421,data_ml,p_count_2,robo,0,17 Feb 2026 14:49:22
6994811ea403c9ca694fc428,data_ml,p_count_2,robo,0,17 Feb 2026 14:54:22
6994824ba403c9ca694fc42f,data_ml,p_count_2,robo,0,17 Feb 2026 14:59:23
69948377a403c9ca694fc436,data_ml,p_count_2,robo,0,17 Feb 2026 15:4:23
699484a4a403c9ca694fc43c,data_ml,p_count_2,robo,0,17 Feb 2026 15:9:24
699485d1a403c9ca694fc443,data_ml,p_count_2,robo,0,17 Feb 2026 15:14:25
699486fda403c9ca694fc44a,data_ml,p_count_2,robo,1,17 Feb 2026 15:19:25
6994882aa403c9ca694fc451,data_ml,p_count_2,robo,0,17 Feb 2026 15:24:26
69948956a403c9ca694fc458,data_ml,p_count_2,robo,0,17 Feb 2026 15:29:26
69948a83a403c9ca694fc45f,data_ml,p_count_2,robo,0,17 Feb 2026 15:34:27
69948bb0a403c9ca694fc466,data_ml,p_count_2,robo,0,17 Feb 2026 15:39:28
69948cdca403c9ca694fc46d,data_ml,p_count_2,robo,0,17 Feb 2026 15:44:28
69948e09a403c9ca694fc474,data_ml,p_count_2,robo,0,17 Feb 2026 15:49:29
69948f35a403c9ca694fc47b,data_ml,p_count_2,robo,1,17 Feb 2026 15:54:29
69949062a403c9ca694fc482,data_ml,p_count_2,robo,0,17 Feb 2026 15:59:30
6994918fa403c9ca694fc489,data_ml,p_count_2,robo,0,17 Feb 2026 16:4:31
699492bba403c9ca694fc490,data_ml,p_count_2,robo,1,17 Feb 2026 16:9:31
699493e8a403c9ca694fc497,data_ml,p_count_2,robo,1,17 Feb 2026 16:14:32
69949514a403c9ca694fc49e,data_ml,p_count_2,robo,0,17 Feb 2026 16:19:32
69949641a403c9ca694fc4a5,data_ml,p_count_2,robo,2,17 Feb 2026 16:24:33
6994976ea403c9ca694fc4ac,data_ml,p_count_2,robo,3,17 Feb 2026 16:29:34
6994989aa403c9ca694fc4b3,data_ml,p_count_2,robo,0,17 Feb 2026 16:34:34
699499c7a403c9ca694fc4ba,data_ml,p_count_2,robo,0,17 Feb 2026 16:39:35
69949af3a403c9ca694fc4c1,data_ml,p_count_2,robo,0,17 Feb 2026 16:44:35
69949c20a403c9ca694fc4c8,data_ml,p_count_2,robo,0,17 Feb 2026 16:49:36
69949d4da403c9ca694fc4cf,data_ml,p_count_2,robo,0,17 Feb 2026 16:54:37
69949e7aa403c9ca694fc4d6,data_ml,p_count_2,robo,1,17 Feb 2026 16:59:38
69949fa6a403c9ca694fc4dd,data_ml,p_count_2,robo,0,17 Feb 2026 17:4:38
6994a0d3a403c9ca694fc4e4,data_ml,p_count_2,robo,0,17 Feb 2026 17:9:39
6994a1ffa403c9ca694fc4eb,data_ml,p_count_2,robo,0,17 Feb 2026 17:14:39
6994a32ca403c9ca694fc4f2,data_ml,p_count_2,robo,0,17 Feb 2026 17:19:40
6994a459a403c9ca694fc4f9,data_ml,p_count_2,robo,0,17 Feb 2026 17:24:41
6994a585a403c9ca694fc500,data_ml,p_count_2,robo,0,17 Feb 2026 17:29:41
6994a6b2a403c9ca694fc507,data_ml,p_count_2,robo,1,17 Feb 2026 17:34:42
6994a7dea403c9ca694fc50d,data_ml,p_count_2,robo,1,17 Feb 2026 17:39:42
6994a90ba403c9ca694fc514,data_ml,p_count_2,robo,0,17 Feb 2026 17:44:43
6994aa37a403c9ca694fc51b,data_ml,p_count_2,robo,0,17 Feb 2026 17:49:43
6994ab64dbeb8f57c9d34d48,data_ml,p_count_2,robo,0,17 Feb 2026 17:54:44
6994ac91dbeb8f57c9d34d4f,data_ml,p_count_2,robo,1,17 Feb 2026 17:59:45
6994adbddbeb8f57c9d34d56,data_ml,p_count_2,robo,0,17 Feb 2026 18:4:45
6994aeeadbeb8f57c9d34d5d,data_ml,p_count_2,robo,0,17 Feb 2026 18:9:46
6994b016dbeb8f57c9d34d64,data_ml,p_count_2,robo,0,17 Feb 2026 18:14:46
6994b143dbeb8f57c9d34d6b,data_ml,p_count_2,robo,0,17 Feb 2026 18:19:47
6994b26fdbeb8f57c9d34d72,data_ml,p_count_2,robo,2,17 Feb 2026 18:24:47
6994b39cdbeb8f57c9d34d79,data_ml,p_count_2,robo,0,17 Feb 2026 18:29:48
6994b4c9dbeb8f57c9d34d80,data_ml,p_count_2,robo,0,17 Feb 2026 18:34:49
6994b5f5dbeb8f57c9d34d86,data_ml,p_count_2,robo,0,17 Feb 2026 18:39:49
6994b722dbeb8f57c9d34d8d,data_ml,p_count_2,robo,0,17 Feb 2026 18:44:50
6994b84edbeb8f57c9d34d94,data_ml,p_count_2,robo,0,17 Feb 2026 18:49:50
6994b97bdbeb8f57c9d34d9b,data_ml,p_count_2,robo,2,17 Feb 2026 18:54:51
6994baa7dbeb8f57c9d34da2,data_ml,p_count_2,robo,0,17 Feb 2026 18:59:51
6994bbd4dbeb8f57c9d34da9,data_ml,p_count_2,robo,0,17 Feb 2026 19:4:52
6994bd01dbeb8f57c9d34db0,data_ml,p_count_2,robo,0,17 Feb 2026 19:9:53
6994be2ddbeb8f57c9d34db7,data_ml,p_count_2,robo,0,17 Feb 2026 19:14:53
6994bf5adbeb8f57c9d34dbe,data_ml,p_count_2,robo,0,17 Feb 2026 19:19:54
6994c086dbeb8f57c9d34dc5,data_ml,p_count_2,robo,0,17 Feb 2026 19:24:54
6994c1b3dbeb8f57c9d34dcc,data_ml,p_count_2,robo,0,17 Feb 2026 19:29:55
6994c2e0dbeb8f57c9d34dd3,data_ml,p_count_2,robo,0,17 Feb 2026 19:34:56
6994c40ddbeb8f57c9d34dda,data_ml,p_count_2,robo,0,17 Feb 2026 19:39:57
6994c539dbeb8f57c9d34de1,data_ml,p_count_2,robo,0,17 Feb 2026 19:44:57
6994c666dbeb8f57c9d34de8,data_ml,p_count_2,robo,0,17 Feb 2026 19:49:58
6994c792dbeb8f57c9d34def,data_ml,p_count_2,robo,0,17 Feb 2026 19:54:58
6994c8bfdbeb8f57c9d34df6,data_ml,p_count_2,robo,0,17 Feb 2026 19:59:59
6994c9ecdbeb8f57c9d34dfd,data_ml,p_count_2,robo,0,17 Feb 2026 20:5:0
6994cb18dbeb8f57c9d34e03,data_ml,p_count_2,robo,0,17 Feb 2026 20:10:0
6994cc45dbeb8f57c9d34e0b,data_ml,p_count_2,robo,0,17 Feb 2026 20:15:1
6994cd72dbeb8f57c9d34e12,data_ml,p_count_2,robo,0,17 Feb 2026 20:20:2
6994ce9edbeb8f57c9d34e19,data_ml,p_count_2,robo,0,17 Feb 2026 20:25:2
6994cfcbdbeb8f57c9d34e20,data_ml,p_count_2,robo,0,17 Feb 2026 20:30:3
6994d0f8dbeb8f57c9d34e27,data_ml,p_count_2,robo,0,17 Feb 2026 20:35:4
6994d224dbeb8f57c9d34e2e,data_ml,p_count_2,robo,0,17 Feb 2026 20:40:4
6994d351dbeb8f57c9d34e35,data_ml,p_count_2,robo,0,17 Feb 2026 20:45:5
6994d47ddbeb8f57c9d34e3c,data_ml,p_count_2,robo,0,17 Feb 2026 20:50:5
6994d5aadbeb8f57c9d34e43,data_ml,p_count_2,robo,0,17 Feb 2026 20:55:6
6994d6d6dbeb8f57c9d34e4a,data_ml,p_count_2,robo,0,17 Feb 2026 21:0:6
6994d803dbeb8f57c9d34e51,data_ml,p_count_2,robo,0,17 Feb 2026 21:5:7
6994d930dbeb8f57c9d34e58,data_ml,p_count_2,robo,0,17 Feb 2026 21:10:8
6994da5cdbeb8f57c9d34e5f,data_ml,p_count_2,robo,0,17 Feb 2026 21:15:8
6994db89dbeb8f57c9d34e66,data_ml,p_count_2,robo,0,17 Feb 2026 21:20:9
6994dcb5dbeb8f57c9d34e6d,data_ml,p_count_2,robo,0,17 Feb 2026 21:25:9
6994dde2dbeb8f57c9d34e74,data_ml,p_count_2,robo,0,17 Feb 2026 21:30:10
6994df0fdbeb8f57c9d34e7b,data_ml,p_count_2,robo,0,17 Feb 2026 21:35:11
6994e03bdbeb8f57c9d34e82,data_ml,p_count_2,robo,0,17 Feb 2026 21:40:11
6994e168dbeb8f57c9d34e89,data_ml,p_count_2,robo,0,17 Feb 2026 21:45:12
6994e294dbeb8f57c9d34e90,data_ml,p_count_2,robo,0,17 Feb 2026 21:50:12
6994e3c1dbeb8f57c9d34e97,data_ml,p_count_2,robo,0,17 Feb 2026 21:55:13
6994e4eedbeb8f57c9d34e9e,data_ml,p_count_2,robo,0,17 Feb 2026 22:0:14
6994e61bdbeb8f57c9d34ea5,data_ml,p_count_2,robo,0,17 Feb 2026 22:5:15
6994e747dbeb8f57c9d34eac,data_ml,p_count_2,robo,0,17 Feb 2026 22:10:15
6994e874dbeb8f57c9d34eb3,data_ml,p_count_2,robo,0,17 Feb 2026 22:15:16
6994e9a1dbeb8f57c9d34eba,data_ml,p_count_2,robo,0,17 Feb 2026 22:20:17
6994eacddbeb8f57c9d34ec1,data_ml,p_count_2,robo,0,17 Feb 2026 22:25:17
6994ebfadbeb8f57c9d34ec8,data_ml,p_count_2,robo,0,17 Feb 2026 22:30:18
6994ed26dbeb8f57c9d34ecf,data_ml,p_count_2,robo,0,17 Feb 2026 22:35:18
6994ee53dbeb8f57c9d34ed5,data_ml,p_count_2,robo,0,17 Feb 2026 22:40:19
6994ef80dbeb8f57c9d34edc,data_ml,p_count_2,robo,0,17 Feb 2026 22:45:20
6994f0acdbeb8f57c9d34ee3,data_ml,p_count_2,robo,0,17 Feb 2026 22:50:20
6994f1d9dbeb8f57c9d34eea,data_ml,p_count_2,robo,0,17 Feb 2026 22:55:21
6994f305dbeb8f57c9d34ef1,data_ml,p_count_2,robo,0,17 Feb 2026 23:0:21
6994f432dbeb8f57c9d34ef8,data_ml,p_count_2,robo,0,17 Feb 2026 23:5:22
6994f55edbeb8f57c9d34eff,data_ml,p_count_2,robo,0,17 Feb 2026 23:10:22
6994f68bdbeb8f57c9d34f06,data_ml,p_count_2,robo,0,17 Feb 2026 23:15:23
6994f7b8dbeb8f57c9d34f0d,data_ml,p_count_2,robo,0,17 Feb 2026 23:20:24
6994f8e4dbeb8f57c9d34f14,data_ml,p_count_2,robo,0,17 Feb 2026 23:25:24
6994fa11dbeb8f57c9d34f1b,data_ml,p_count_2,robo,0,17 Feb 2026 23:30:25
6994fb3ddbeb8f57c9d34f22,data_ml,p_count_2,robo,0,17 Feb 2026 23:35:25
6994fc6adbeb8f57c9d34f29,data_ml,p_count_2,robo,0,17 Feb 2026 23:40:26
6994fd96dbeb8f57c9d34f30,data_ml,p_count_2,robo,0,17 Feb 2026 23:45:26
6994fec3dbeb8f57c9d34f37,data_ml,p_count_2,robo,0,17 Feb 2026 23:50:27
6994fff0dbeb8f57c9d34f3e,data_ml,p_count_2,robo,0,17 Feb 2026 23:55:28
6995011cdbeb8f57c9d34f45,data_ml,p_count_2,robo,0,18 Feb 2026 0:0:28
69950249dbeb8f57c9d34f4c,data_ml,p_count_2,robo,0,18 Feb 2026 0:5:29
69950376dbeb8f57c9d34f53,data_ml,p_count_2,robo,0,18 Feb 2026 0:10:30
699504a2dbeb8f57c9d34f5a,data_ml,p_count_2,robo,0,18 Feb 2026 0:15:30
699505cfdbeb8f57c9d34f61,data_ml,p_count_2,robo,0,18 Feb 2026 0:20:31
699506fbdbeb8f57c9d34f65,data_ml,p_count_2,robo,0,18 Feb 2026 0:25:31
69950828dbeb8f57c9d34f67,data_ml,p_count_2,robo,0,18 Feb 2026 0:30:32
69950955dbeb8f57c9d34f69,data_ml,p_count_2,robo,0,18 Feb 2026 0:35:33
69950a82dbeb8f57c9d34f70,data_ml,p_count_2,robo,0,18 Feb 2026 0:40:34
69950baedbeb8f57c9d34f77,data_ml,p_count_2,robo,0,18 Feb 2026 0:45:34
69950cdbdbeb8f57c9d34f7e,data_ml,p_count_2,robo,0,18 Feb 2026 0:50:35
69950e07dbeb8f57c9d34f85,data_ml,p_count_2,robo,0,18 Feb 2026 0:55:35
69950f34dbeb8f57c9d34f8c,data_ml,p_count_2,robo,0,18 Feb 2026 1:0:36
69951061dbeb8f57c9d34f93,data_ml,p_count_2,robo,0,18 Feb 2026 1:5:37
6995118ddbeb8f57c9d34f99,data_ml,p_count_2,robo,0,18 Feb 2026 1:10:37
699512badbeb8f57c9d34fa0,data_ml,p_count_2,robo,0,18 Feb 2026 1:15:38
699513e6dbeb8f57c9d34fa7,data_ml,p_count_2,robo,0,18 Feb 2026 1:20:38
69951513dbeb8f57c9d34fae,data_ml,p_count_2,robo,0,18 Feb 2026 1:25:39
69951640dbeb8f57c9d34fb5,data_ml,p_count_2,robo,0,18 Feb 2026 1:30:40
6995176cdbeb8f57c9d34fbc,data_ml,p_count_2,robo,0,18 Feb 2026 1:35:40
69951899dbeb8f57c9d34fc3,data_ml,p_count_2,robo,0,18 Feb 2026 1:40:41
699519c5dbeb8f57c9d34fca,data_ml,p_count_2,robo,0,18 Feb 2026 1:45:41
69951af2dbeb8f57c9d34fd1,data_ml,p_count_2,robo,0,18 Feb 2026 1:50:42
69951c1edbeb8f57c9d34fd5,data_ml,p_count_2,robo,0,18 Feb 2026 1:55:42
69951d4bdbeb8f57c9d34fd8,data_ml,p_count_2,robo,0,18 Feb 2026 2:0:43
69951e77dbeb8f57c9d34fdf,data_ml,p_count_2,robo,0,18 Feb 2026 2:5:43
69951fa4dbeb8f57c9d34fe6,data_ml,p_count_2,robo,0,18 Feb 2026 2:10:44
699520d1dbeb8f57c9d34fed,data_ml,p_count_2,robo,0,18 Feb 2026 2:15:45
699521fddbeb8f57c9d34ff4,data_ml,p_count_2,robo,0,18 Feb 2026 2:20:45
6995232adbeb8f57c9d34ffb,data_ml,p_count_2,robo,0,18 Feb 2026 2:25:46
69952456dbeb8f57c9d35002,data_ml,p_count_2,robo,0,18 Feb 2026 2:30:46
69952583dbeb8f57c9d35009,data_ml,p_count_2,robo,0,18 Feb 2026 2:35:47
699526b0dbeb8f57c9d35010,data_ml,p_count_2,robo,0,18 Feb 2026 2:40:48
699527dcdbeb8f57c9d35017,data_ml,p_count_2,robo,0,18 Feb 2026 2:45:48
69952909dbeb8f57c9d3501e,data_ml,p_count_2,robo,0,18 Feb 2026 2:50:49
69952a35dbeb8f57c9d35025,data_ml,p_count_2,robo,0,18 Feb 2026 2:55:49
69952b63dbeb8f57c9d3502c,data_ml,p_count_2,robo,0,18 Feb 2026 3:0:51
69952c8fdbeb8f57c9d35033,data_ml,p_count_2,robo,0,18 Feb 2026 3:5:51
69952dbcdbeb8f57c9d3503a,data_ml,p_count_2,robo,0,18 Feb 2026 3:10:52
69952ee8dbeb8f57c9d35041,data_ml,p_count_2,robo,0,18 Feb 2026 3:15:52
69953015dbeb8f57c9d35048,data_ml,p_count_2,robo,0,18 Feb 2026 3:20:53
69953142dbeb8f57c9d3504f,data_ml,p_count_2,robo,0,18 Feb 2026 3:25:54
6995326edbeb8f57c9d35056,data_ml,p_count_2,robo,0,18 Feb 2026 3:30:54
6995339bdbeb8f57c9d3505d,data_ml,p_count_2,robo,0,18 Feb 2026 3:35:55
699534c7dbeb8f57c9d35063,data_ml,p_count_2,robo,0,18 Feb 2026 3:40:55
699535f4dbeb8f57c9d3506a,data_ml,p_count_2,robo,0,18 Feb 2026 3:45:56
69953721dbeb8f57c9d35071,data_ml,p_count_2,robo,0,18 Feb 2026 3:50:57
6995384ddbeb8f57c9d35078,data_ml,p_count_2,robo,0,18 Feb 2026 3:55:57
6995397adbeb8f57c9d3507f,data_ml,p_count_2,robo,0,18 Feb 2026 4:0:58
69953aa6dbeb8f57c9d35086,data_ml,p_count_2,robo,0,18 Feb 2026 4:5:58
69953bd3dbeb8f57c9d3508d,data_ml,p_count_2,robo,0,18 Feb 2026 4:10:59
69953d00dbeb8f57c9d35094,data_ml,p_count_2,robo,0,18 Feb 2026 4:16:0
69953e2cdbeb8f57c9d3509b,data_ml,p_count_2,robo,0,18 Feb 2026 4:21:0
69953f59dbeb8f57c9d350a2,data_ml,p_count_2,robo,0,18 Feb 2026 4:26:1
69954085dbeb8f57c9d350a9,data_ml,p_count_2,robo,0,18 Feb 2026 4:31:1
699541b2dbeb8f57c9d350b0,data_ml,p_count_2,robo,0,18 Feb 2026 4:36:2
699542dedbeb8f57c9d350b7,data_ml,p_count_2,robo,0,18 Feb 2026 4:41:2
6995440bdbeb8f57c9d350be,data_ml,p_count_2,robo,0,18 Feb 2026 4:46:3
69954538dbeb8f57c9d350c5,data_ml,p_count_2,robo,0,18 Feb 2026 4:51:4
69954664dbeb8f57c9d350cc,data_ml,p_count_2,robo,0,18 Feb 2026 4:56:4
69954791dbeb8f57c9d350d3,data_ml,p_count_2,robo,0,18 Feb 2026 5:1:5
699548bddbeb8f57c9d350da,data_ml,p_count_2,robo,0,18 Feb 2026 5:6:5
699549eadbeb8f57c9d350e1,data_ml,p_count_2,robo,0,18 Feb 2026 5:11:6
69954b17dbeb8f57c9d350e8,data_ml,p_count_2,robo,0,18 Feb 2026 5:16:7
69954c43dbeb8f57c9d350ef,data_ml,p_count_2,robo,0,18 Feb 2026 5:21:7
69954d70dbeb8f57c9d350f6,data_ml,p_count_2,robo,0,18 Feb 2026 5:26:8
69954e9ddbeb8f57c9d350fd,data_ml,p_count_2,robo,0,18 Feb 2026 5:31:9
69954fcadbeb8f57c9d35104,data_ml,p_count_2,robo,0,18 Feb 2026 5:36:10
699550f6dbeb8f57c9d3510b,data_ml,p_count_2,robo,0,18 Feb 2026 5:41:10
69955223dbeb8f57c9d35112,data_ml,p_count_2,robo,1,18 Feb 2026 5:46:11
6995534fdbeb8f57c9d35119,data_ml,p_count_2,robo,0,18 Feb 2026 5:51:11
6995547cdbeb8f57c9d35120,data_ml,p_count_2,robo,0,18 Feb 2026 5:56:12
699555a9dbeb8f57c9d35127,data_ml,p_count_2,robo,0,18 Feb 2026 6:1:13
699556d5dbeb8f57c9d3512e,data_ml,p_count_2,robo,0,18 Feb 2026 6:6:13
69955802dbeb8f57c9d35134,data_ml,p_count_2,robo,0,18 Feb 2026 6:11:14
6995592edbeb8f57c9d3513b,data_ml,p_count_2,robo,0,18 Feb 2026 6:16:14
69955a5bdbeb8f57c9d35142,data_ml,p_count_2,robo,0,18 Feb 2026 6:21:15
69955b87dbeb8f57c9d35149,data_ml,p_count_2,robo,0,18 Feb 2026 6:26:15
69955cb4dbeb8f57c9d35150,data_ml,p_count_2,robo,0,18 Feb 2026 6:31:16
69955de1dbeb8f57c9d35157,data_ml,p_count_2,robo,0,18 Feb 2026 6:36:17
69955f0ddbeb8f57c9d3515e,data_ml,p_count_2,robo,0,18 Feb 2026 6:41:17
6995603adbeb8f57c9d35165,data_ml,p_count_2,robo,0,18 Feb 2026 6:46:18
69956166dbeb8f57c9d3516c,data_ml,p_count_2,robo,1,18 Feb 2026 6:51:18
69956293dbeb8f57c9d35173,data_ml,p_count_2,robo,1,18 Feb 2026 6:56:19
699563bfdbeb8f57c9d3517a,data_ml,p_count_2,robo,0,18 Feb 2026 7:1:19
699564ecdbeb8f57c9d35181,data_ml,p_count_2,robo,0,18 Feb 2026 7:6:20
69956619dbeb8f57c9d35188,data_ml,p_count_2,robo,0,18 Feb 2026 7:11:21
69956745dbeb8f57c9d35190,data_ml,p_count_2,robo,2,18 Feb 2026 7:16:21
69956872dbeb8f57c9d35197,data_ml,p_count_2,robo,0,18 Feb 2026 7:21:22
6995699edbeb8f57c9d3519e,data_ml,p_count_2,robo,0,18 Feb 2026 7:26:22
69956acbdbeb8f57c9d351a5,data_ml,p_count_2,robo,0,18 Feb 2026 7:31:23
69956bf7dbeb8f57c9d351ac,data_ml,p_count_2,robo,1,18 Feb 2026 7:36:23
69956d24dbeb8f57c9d351b3,data_ml,p_count_2,robo,2,18 Feb 2026 7:41:24
69956e51dbeb8f57c9d351ba,data_ml,p_count_2,robo,0,18 Feb 2026 7:46:25
69956f7ddbeb8f57c9d351c1,data_ml,p_count_2,robo,0,18 Feb 2026 7:51:25
699570aadbeb8f57c9d351c8,data_ml,p_count_2,robo,4,18 Feb 2026 7:56:26
699571d7dbeb8f57c9d351cf,data_ml,p_count_2,robo,0,18 Feb 2026 8:1:27
69957303dbeb8f57c9d351d6,data_ml,p_count_2,robo,2,18 Feb 2026 8:6:27
69957430dbeb8f57c9d351dd,data_ml,p_count_2,robo,1,18 Feb 2026 8:11:28
6995755cdbeb8f57c9d351e4,data_ml,p_count_2,robo,0,18 Feb 2026 8:16:28
69957689dbeb8f57c9d351eb,data_ml,p_count_2,robo,0,18 Feb 2026 8:21:29
699577b6dbeb8f57c9d351f2,data_ml,p_count_2,robo,0,18 Feb 2026 8:26:30
699578e2dbeb8f57c9d351f9,data_ml,p_count_2,robo,2,18 Feb 2026 8:31:30
69957a0fdbeb8f57c9d35200,data_ml,p_count_2,robo,0,18 Feb 2026 8:36:31
69957b3bdbeb8f57c9d35206,data_ml,p_count_2,robo,3,18 Feb 2026 8:41:31
69957c68dbeb8f57c9d3520d,data_ml,p_count_2,robo,0,18 Feb 2026 8:46:32
69957d94dbeb8f57c9d35214,data_ml,p_count_2,robo,1,18 Feb 2026 8:51:32
69957ec1dbeb8f57c9d3521b,data_ml,p_count_2,robo,1,18 Feb 2026 8:56:33
69957feedbeb8f57c9d35222,data_ml,p_count_2,robo,1,18 Feb 2026 9:1:34
6995811adbeb8f57c9d35229,data_ml,p_count_2,robo,1,18 Feb 2026 9:6:34
69958247dbeb8f57c9d35230,data_ml,p_count_2,robo,3,18 Feb 2026 9:11:35
69958373dbeb8f57c9d35237,data_ml,p_count_2,robo,1,18 Feb 2026 9:16:35
699584a0dbeb8f57c9d3523e,data_ml,p_count_2,robo,1,18 Feb 2026 9:21:36
699585ccdbeb8f57c9d35245,data_ml,p_count_2,robo,0,18 Feb 2026 9:26:36
699586f9dbeb8f57c9d3524c,data_ml,p_count_2,robo,0,18 Feb 2026 9:31:37
69958825dbeb8f57c9d35253,data_ml,p_count_2,robo,0,18 Feb 2026 9:36:37
69958952dbeb8f57c9d3525a,data_ml,p_count_2,robo,2,18 Feb 2026 9:41:38
69958a7fdbeb8f57c9d35261,data_ml,p_count_2,robo,0,18 Feb 2026 9:46:39
69958babdbeb8f57c9d35268,data_ml,p_count_2,robo,1,18 Feb 2026 9:51:39
69958cd8dbeb8f57c9d3526f,data_ml,p_count_2,robo,1,18 Feb 2026 9:56:40
69958e04dbeb8f57c9d35276,data_ml,p_count_2,robo,0,18 Feb 2026 10:1:40
69958f31dbeb8f57c9d3527d,data_ml,p_count_2,robo,3,18 Feb 2026 10:6:41
6995905edbeb8f57c9d35284,data_ml,p_count_2,robo,0,18 Feb 2026 10:11:42
6995918adbeb8f57c9d3528b,data_ml,p_count_2,robo,3,18 Feb 2026 10:16:42
699592b7dbeb8f57c9d35292,data_ml,p_count_2,robo,11,18 Feb 2026 10:21:43
699593e3dbeb8f57c9d35299,data_ml,p_count_2,robo,0,18 Feb 2026 10:26:43
69959510dbeb8f57c9d352a0,data_ml,p_count_2,robo,0,18 Feb 2026 10:31:44
6995963ddbeb8f57c9d352a7,data_ml,p_count_2,robo,0,18 Feb 2026 10:36:45
69959769dbeb8f57c9d352ae,data_ml,p_count_2,robo,0,18 Feb 2026 10:41:45
69959896dbeb8f57c9d352b5,data_ml,p_count_2,robo,0,18 Feb 2026 10:46:46
699599c2dbeb8f57c9d352bc,data_ml,p_count_2,robo,1,18 Feb 2026 10:51:46
69959aefdbeb8f57c9d352c3,data_ml,p_count_2,robo,2,18 Feb 2026 10:56:47
69959c1cdbeb8f57c9d352ca,data_ml,p_count_2,robo,0,18 Feb 2026 11:1:48
69959d48dbeb8f57c9d352d1,data_ml,p_count_2,robo,2,18 Feb 2026 11:6:48
69959e75dbeb8f57c9d352d7,data_ml,p_count_2,robo,1,18 Feb 2026 11:11:49
69959fa1dbeb8f57c9d352de,data_ml,p_count_2,robo,3,18 Feb 2026 11:16:49
6995a0cedbeb8f57c9d352e5,data_ml,p_count_2,robo,1,18 Feb 2026 11:21:50
6995a1fadbeb8f57c9d352ec,data_ml,p_count_2,robo,0,18 Feb 2026 11:26:50
6995a327dbeb8f57c9d352f3,data_ml,p_count_2,robo,0,18 Feb 2026 11:31:51
6995a453dbeb8f57c9d352fa,data_ml,p_count_2,robo,2,18 Feb 2026 11:36:51
6995a580dbeb8f57c9d35301,data_ml,p_count_2,robo,1,18 Feb 2026 11:41:52
6995a6addbeb8f57c9d35308,data_ml,p_count_2,robo,0,18 Feb 2026 11:46:53
6995a7d9dbeb8f57c9d3530f,data_ml,p_count_2,robo,1,18 Feb 2026 11:51:53
6995a906dbeb8f57c9d35316,data_ml,p_count_2,robo,0,18 Feb 2026 11:56:54
6995aa32dbeb8f57c9d3531d,data_ml,p_count_2,robo,1,18 Feb 2026 12:1:54
6995ab5fdbeb8f57c9d35324,data_ml,p_count_2,robo,4,18 Feb 2026 12:6:55
6995ac8cdbeb8f57c9d3532b,data_ml,p_count_2,robo,1,18 Feb 2026 12:11:56
6995adb8dbeb8f57c9d35332,data_ml,p_count_2,robo,0,18 Feb 2026 12:16:56
6995aee5dbeb8f57c9d35339,data_ml,p_count_2,robo,0,18 Feb 2026 12:21:57
6995b011dbeb8f57c9d35340,data_ml,p_count_2,robo,1,18 Feb 2026 12:26:57
6995b13edbeb8f57c9d35347,data_ml,p_count_2,robo,0,18 Feb 2026 12:31:58
6995b26adbeb8f57c9d3534e,data_ml,p_count_2,robo,1,18 Feb 2026 12:36:58
6995b397dbeb8f57c9d35355,data_ml,p_count_2,robo,1,18 Feb 2026 12:41:59
6995b4c4dbeb8f57c9d3535c,data_ml,p_count_2,robo,1,18 Feb 2026 12:47:0
6995b5f0dbeb8f57c9d35363,data_ml,p_count_2,robo,0,18 Feb 2026 12:52:0
6995b71ddbeb8f57c9d3536a,data_ml,p_count_2,robo,1,18 Feb 2026 12:57:1
6995b84adbeb8f57c9d35371,data_ml,p_count_2,robo,1,18 Feb 2026 13:2:2
6995b977dbeb8f57c9d35378,data_ml,p_count_2,robo,1,18 Feb 2026 13:7:3
6995baa3dbeb8f57c9d3537f,data_ml,p_count_2,robo,0,18 Feb 2026 13:12:3
6995bbd0dbeb8f57c9d35386,data_ml,p_count_2,robo,1,18 Feb 2026 13:17:4
6995bcfcdbeb8f57c9d3538d,data_ml,p_count_2,robo,0,18 Feb 2026 13:22:4
6995be29dbeb8f57c9d35394,data_ml,p_count_2,robo,2,18 Feb 2026 13:27:5
6995bf55dbeb8f57c9d3539b,data_ml,p_count_2,robo,1,18 Feb 2026 13:32:5
6995c082dbeb8f57c9d353a2,data_ml,p_count_2,robo,2,18 Feb 2026 13:37:6
6995c1afdbeb8f57c9d353a8,data_ml,p_count_2,robo,1,18 Feb 2026 13:42:7
6995c2dbdbeb8f57c9d353af,data_ml,p_count_2,robo,2,18 Feb 2026 13:47:7
6995c408dbeb8f57c9d353b6,data_ml,p_count_2,robo,8,18 Feb 2026 13:52:8
6995c534dbeb8f57c9d353bd,data_ml,p_count_2,robo,3,18 Feb 2026 13:57:8
6995c661dbeb8f57c9d353c4,data_ml,p_count_2,robo,0,18 Feb 2026 14:2:9
6995c78ddbeb8f57c9d353cb,data_ml,p_count_2,robo,0,18 Feb 2026 14:7:9
6995c8badbeb8f57c9d353d2,data_ml,p_count_2,robo,1,18 Feb 2026 14:12:10
6995c9e7dbeb8f57c9d353d9,data_ml,p_count_2,robo,1,18 Feb 2026 14:17:11
6995cb13dbeb8f57c9d353e0,data_ml,p_count_2,robo,0,18 Feb 2026 14:22:11
6995cc40dbeb8f57c9d353e7,data_ml,p_count_2,robo,0,18 Feb 2026 14:27:12
6995cd6cdbeb8f57c9d353ee,data_ml,p_count_2,robo,0,18 Feb 2026 14:32:12
6995ce99dbeb8f57c9d353f5,data_ml,p_count_2,robo,0,18 Feb 2026 14:37:13
6995cfc6dbeb8f57c9d353fc,data_ml,p_count_2,robo,3,18 Feb 2026 14:42:14
6995d0f2dbeb8f57c9d35403,data_ml,p_count_2,robo,0,18 Feb 2026 14:47:14
6995d21fdbeb8f57c9d3540a,data_ml,p_count_2,robo,1,18 Feb 2026 14:52:15
6995d34bdbeb8f57c9d35411,data_ml,p_count_2,robo,1,18 Feb 2026 14:57:15
6995d478dbeb8f57c9d35418,data_ml,p_count_2,robo,0,18 Feb 2026 15:2:16
6995d5a4dbeb8f57c9d3541f,data_ml,p_count_2,robo,1,18 Feb 2026 15:7:16
6995d6d1dbeb8f57c9d35426,data_ml,p_count_2,robo,0,18 Feb 2026 15:12:17
6995d7fedbeb8f57c9d3542d,data_ml,p_count_2,robo,1,18 Feb 2026 15:17:18
6995d92adbeb8f57c9d35434,data_ml,p_count_2,robo,1,18 Feb 2026 15:22:18
6995da57dbeb8f57c9d3543b,data_ml,p_count_2,robo,0,18 Feb 2026 15:27:19
6995db84dbeb8f57c9d35442,data_ml,p_count_2,robo,0,18 Feb 2026 15:32:20
6995dcb0dbeb8f57c9d35449,data_ml,p_count_2,robo,0,18 Feb 2026 15:37:20
6995dddddbeb8f57c9d35450,data_ml,p_count_2,robo,1,18 Feb 2026 15:42:21
6995df0adbeb8f57c9d35457,data_ml,p_count_2,robo,1,18 Feb 2026 15:47:22
6995e036dbeb8f57c9d3545e,data_ml,p_count_2,robo,0,18 Feb 2026 15:52:22
6995e163dbeb8f57c9d35465,data_ml,p_count_2,robo,2,18 Feb 2026 15:57:23
6995e290dbeb8f57c9d3546c,data_ml,p_count_2,robo,1,18 Feb 2026 16:2:24
6995e3bcdbeb8f57c9d35473,data_ml,p_count_2,robo,0,18 Feb 2026 16:7:24
6995e4e9dbeb8f57c9d35479,data_ml,p_count_2,robo,0,18 Feb 2026 16:12:25
6995e615dbeb8f57c9d35480,data_ml,p_count_2,robo,0,18 Feb 2026 16:17:25
6995e742dbeb8f57c9d35487,data_ml,p_count_2,robo,0,18 Feb 2026 16:22:26
6995e86fdbeb8f57c9d3548e,data_ml,p_count_2,robo,0,18 Feb 2026 16:27:27
6995e99bdbeb8f57c9d35495,data_ml,p_count_2,robo,0,18 Feb 2026 16:32:27
6995eac8dbeb8f57c9d3549c,data_ml,p_count_2,robo,0,18 Feb 2026 16:37:28
6995ebf4dbeb8f57c9d354a3,data_ml,p_count_2,robo,0,18 Feb 2026 16:42:28
6995ed21dbeb8f57c9d354ab,data_ml,p_count_2,robo,0,18 Feb 2026 16:47:29
6995ee4edbeb8f57c9d354b2,data_ml,p_count_2,robo,0,18 Feb 2026 16:52:30
6995ef7adbeb8f57c9d354b9,data_ml,p_count_2,robo,0,18 Feb 2026 16:57:30
6995f0a7dbeb8f57c9d354c0,data_ml,p_count_2,robo,0,18 Feb 2026 17:2:31
6995f1d3dbeb8f57c9d354c7,data_ml,p_count_2,robo,0,18 Feb 2026 17:7:31
6995f300dbeb8f57c9d354ce,data_ml,p_count_2,robo,0,18 Feb 2026 17:12:32
6995f42ddbeb8f57c9d354d5,data_ml,p_count_2,robo,12,18 Feb 2026 17:17:33
6995f559dbeb8f57c9d354dc,data_ml,p_count_2,robo,8,18 Feb 2026 17:22:33
6995f686dbeb8f57c9d354e3,data_ml,p_count_2,robo,0,18 Feb 2026 17:27:34
6995f7b2dbeb8f57c9d354ea,data_ml,p_count_2,robo,0,18 Feb 2026 17:32:34
6995f8dfdbeb8f57c9d354f1,data_ml,p_count_2,robo,0,18 Feb 2026 17:37:35
6995fa0bdbeb8f57c9d354f8,data_ml,p_count_2,robo,0,18 Feb 2026 17:42:35
6995fb38dbeb8f57c9d354ff,data_ml,p_count_2,robo,0,18 Feb 2026 17:47:36
6995fc65dbeb8f57c9d35506,data_ml,p_count_2,robo,0,18 Feb 2026 17:52:37
6995fd91dbeb8f57c9d3550d,data_ml,p_count_2,robo,0,18 Feb 2026 17:57:37
6995febedbeb8f57c9d35514,data_ml,p_count_2,robo,0,18 Feb 2026 18:2:38
6995ffebdbeb8f57c9d3551b,data_ml,p_count_2,robo,1,18 Feb 2026 18:7:39
69960118dbeb8f57c9d35522,data_ml,p_count_2,robo,0,18 Feb 2026 18:12:40
69960244dbeb8f57c9d35529,data_ml,p_count_2,robo,0,18 Feb 2026 18:17:40
6996037149acd2dfafbba343,data_ml,p_count_2,robo,0,18 Feb 2026 18:22:41
6996049d49acd2dfafbba34a,data_ml,p_count_2,robo,0,18 Feb 2026 18:27:41
699605ca49acd2dfafbba351,data_ml,p_count_2,robo,0,18 Feb 2026 18:32:42
699606f749acd2dfafbba358,data_ml,p_count_2,robo,0,18 Feb 2026 18:37:43
6996082349acd2dfafbba35e,data_ml,p_count_2,robo,0,18 Feb 2026 18:42:43
6996095049acd2dfafbba365,data_ml,p_count_2,robo,0,18 Feb 2026 18:47:44
69960a7c49acd2dfafbba36c,data_ml,p_count_2,robo,2,18 Feb 2026 18:52:44
69960ba949acd2dfafbba373,data_ml,p_count_2,robo,2,18 Feb 2026 18:57:45
69960cd549acd2dfafbba37a,data_ml,p_count_2,robo,2,18 Feb 2026 19:2:45
69960e0249acd2dfafbba381,data_ml,p_count_2,robo,0,18 Feb 2026 19:7:46
69960f2f49acd2dfafbba388,data_ml,p_count_2,robo,0,18 Feb 2026 19:12:47
6996105b49acd2dfafbba38f,data_ml,p_count_2,robo,0,18 Feb 2026 19:17:47
6996118849acd2dfafbba396,data_ml,p_count_2,robo,0,18 Feb 2026 19:22:48
699612b449acd2dfafbba39d,data_ml,p_count_2,robo,0,18 Feb 2026 19:27:48
699613e149acd2dfafbba3a4,data_ml,p_count_2,robo,0,18 Feb 2026 19:32:49
6996150e49acd2dfafbba3ab,data_ml,p_count_2,robo,0,18 Feb 2026 19:37:50
6996163a49acd2dfafbba3b2,data_ml,p_count_2,robo,0,18 Feb 2026 19:42:50
6996176749acd2dfafbba3b9,data_ml,p_count_2,robo,0,18 Feb 2026 19:47:51
6996189349acd2dfafbba3c0,data_ml,p_count_2,robo,0,18 Feb 2026 19:52:51
699619c049acd2dfafbba3c7,data_ml,p_count_2,robo,0,18 Feb 2026 19:57:52
69961aec49acd2dfafbba3ce,data_ml,p_count_2,robo,0,18 Feb 2026 20:2:52
69961c1949acd2dfafbba3d5,data_ml,p_count_2,robo,0,18 Feb 2026 20:7:53
69961d4649acd2dfafbba3dc,data_ml,p_count_2,robo,0,18 Feb 2026 20:12:54
69961e7249acd2dfafbba3e3,data_ml,p_count_2,robo,0,18 Feb 2026 20:17:54
69961f9f49acd2dfafbba3ea,data_ml,p_count_2,robo,0,18 Feb 2026 20:22:55
699620cb49acd2dfafbba3f1,data_ml,p_count_2,robo,0,18 Feb 2026 20:27:55
699621f849acd2dfafbba3f8,data_ml,p_count_2,robo,0,18 Feb 2026 20:32:56
6996232549acd2dfafbba3ff,data_ml,p_count_2,robo,0,18 Feb 2026 20:37:57
6996245249acd2dfafbba406,data_ml,p_count_2,robo,0,18 Feb 2026 20:42:58
6996257e49acd2dfafbba40d,data_ml,p_count_2,robo,0,18 Feb 2026 20:47:58
699626ab49acd2dfafbba414,data_ml,p_count_2,robo,0,18 Feb 2026 20:52:59
699627d849acd2dfafbba41b,data_ml,p_count_2,robo,0,18 Feb 2026 20:58:0
6996290449acd2dfafbba422,data_ml,p_count_2,robo,0,18 Feb 2026 21:3:0
69962a3149acd2dfafbba429,data_ml,p_count_2,robo,0,18 Feb 2026 21:8:1
69962b5d49acd2dfafbba42f,data_ml,p_count_2,robo,0,18 Feb 2026 21:13:1
69962c8a49acd2dfafbba436,data_ml,p_count_2,robo,0,18 Feb 2026 21:18:2
69962db649acd2dfafbba43d,data_ml,p_count_2,robo,0,18 Feb 2026 21:23:2
69962ee349acd2dfafbba444,data_ml,p_count_2,robo,0,18 Feb 2026 21:28:3
6996301049acd2dfafbba44b,data_ml,p_count_2,robo,0,18 Feb 2026 21:33:4
6996313c49acd2dfafbba452,data_ml,p_count_2,robo,0,18 Feb 2026 21:38:4
6996326949acd2dfafbba459,data_ml,p_count_2,robo,0,18 Feb 2026 21:43:5
6996339549acd2dfafbba460,data_ml,p_count_2,robo,0,18 Feb 2026 21:48:5
699634c249acd2dfafbba467,data_ml,p_count_2,robo,0,18 Feb 2026 21:53:6
699635ee49acd2dfafbba46e,data_ml,p_count_2,robo,0,18 Feb 2026 21:58:6
6996371b49acd2dfafbba475,data_ml,p_count_2,robo,0,18 Feb 2026 22:3:7
6996384849acd2dfafbba47c,data_ml,p_count_2,robo,0,18 Feb 2026 22:8:8
6996397449acd2dfafbba483,data_ml,p_count_2,robo,0,18 Feb 2026 22:13:8
69963aa149acd2dfafbba48a,data_ml,p_count_2,robo,0,18 Feb 2026 22:18:9
69963bcd49acd2dfafbba491,data_ml,p_count_2,robo,0,18 Feb 2026 22:23:9
69963cfa49acd2dfafbba498,data_ml,p_count_2,robo,0,18 Feb 2026 22:28:10
69963e2749acd2dfafbba49f,data_ml,p_count_2,robo,0,18 Feb 2026 22:33:11
69963f5349acd2dfafbba4a6,data_ml,p_count_2,robo,0,18 Feb 2026 22:38:11
6996408049acd2dfafbba4ad,data_ml,p_count_2,robo,0,18 Feb 2026 22:43:12
699641ac49acd2dfafbba4b4,data_ml,p_count_2,robo,0,18 Feb 2026 22:48:12
699642d949acd2dfafbba4bb,data_ml,p_count_2,robo,0,18 Feb 2026 22:53:13
6996440549acd2dfafbba4c2,data_ml,p_count_2,robo,0,18 Feb 2026 22:58:13
6996453349acd2dfafbba4c9,data_ml,p_count_2,robo,0,18 Feb 2026 23:3:15
6996465f49acd2dfafbba4d0,data_ml,p_count_2,robo,0,18 Feb 2026 23:8:15
6996478c49acd2dfafbba4d7,data_ml,p_count_2,robo,0,18 Feb 2026 23:13:16
699648b849acd2dfafbba4de,data_ml,p_count_2,robo,0,18 Feb 2026 23:18:16
699649e549acd2dfafbba4e5,data_ml,p_count_2,robo,0,18 Feb 2026 23:23:17
69964b1149acd2dfafbba4ec,data_ml,p_count_2,robo,0,18 Feb 2026 23:28:17
69964c3e49acd2dfafbba4f3,data_ml,p_count_2,robo,0,18 Feb 2026 23:33:18
69964d6a49acd2dfafbba4fa,data_ml,p_count_2,robo,0,18 Feb 2026 23:38:18
69964e9749acd2dfafbba500,data_ml,p_count_2,robo,0,18 Feb 2026 23:43:19
69964fc449acd2dfafbba507,data_ml,p_count_2,robo,0,18 Feb 2026 23:48:20
699650f049acd2dfafbba50e,data_ml,p_count_2,robo,0,18 Feb 2026 23:53:20
6996521d49acd2dfafbba515,data_ml,p_count_2,robo,0,18 Feb 2026 23:58:21
6996534949acd2dfafbba51c,data_ml,p_count_2,robo,0,19 Feb 2026 0:3:21
6996547649acd2dfafbba523,data_ml,p_count_2,robo,0,19 Feb 2026 0:8:22
699655a249acd2dfafbba52a,data_ml,p_count_2,robo,0,19 Feb 2026 0:13:22
699656cf49acd2dfafbba531,data_ml,p_count_2,robo,0,19 Feb 2026 0:18:23
699657fc49acd2dfafbba538,data_ml,p_count_2,robo,0,19 Feb 2026 0:23:24
6996592849acd2dfafbba53f,data_ml,p_count_2,robo,0,19 Feb 2026 0:28:24
69965a5549acd2dfafbba546,data_ml,p_count_2,robo,0,19 Feb 2026 0:33:25
69965b8149acd2dfafbba54d,data_ml,p_count_2,robo,0,19 Feb 2026 0:38:25
69965cae49acd2dfafbba554,data_ml,p_count_2,robo,0,19 Feb 2026 0:43:26
69965dda49acd2dfafbba55b,data_ml,p_count_2,robo,0,19 Feb 2026 0:48:26
69965f0749acd2dfafbba562,data_ml,p_count_2,robo,0,19 Feb 2026 0:53:27
6996603449acd2dfafbba569,data_ml,p_count_2,robo,0,19 Feb 2026 0:58:28
6996616049acd2dfafbba570,data_ml,p_count_2,robo,0,19 Feb 2026 1:3:28
6996628d49acd2dfafbba577,data_ml,p_count_2,robo,0,19 Feb 2026 1:8:29
699663b949acd2dfafbba57e,data_ml,p_count_2,robo,0,19 Feb 2026 1:13:29
699664e649acd2dfafbba585,data_ml,p_count_2,robo,0,19 Feb 2026 1:18:30
6996661349acd2dfafbba58c,data_ml,p_count_2,robo,0,19 Feb 2026 1:23:31
6996673f49acd2dfafbba593,data_ml,p_count_2,robo,0,19 Feb 2026 1:28:31
6996686c49acd2dfafbba59a,data_ml,p_count_2,robo,0,19 Feb 2026 1:33:32
6996699949acd2dfafbba5a1,data_ml,p_count_2,robo,0,19 Feb 2026 1:38:33
69966ac649acd2dfafbba5a8,data_ml,p_count_2,robo,0,19 Feb 2026 1:43:34
69966bf249acd2dfafbba5af,data_ml,p_count_2,robo,0,19 Feb 2026 1:48:34
69966d1f49acd2dfafbba5b6,data_ml,p_count_2,robo,0,19 Feb 2026 1:53:35
69966e4b49acd2dfafbba5bd,data_ml,p_count_2,robo,0,19 Feb 2026 1:58:35
69966f7849acd2dfafbba5c4,data_ml,p_count_2,robo,0,19 Feb 2026 2:3:36
699670a449acd2dfafbba5cb,data_ml,p_count_2,robo,0,19 Feb 2026 2:8:36
699671d149acd2dfafbba5d2,data_ml,p_count_2,robo,0,19 Feb 2026 2:13:37
699672fe49acd2dfafbba5d9,data_ml,p_count_2,robo,0,19 Feb 2026 2:18:38
6996742a49acd2dfafbba5e0,data_ml,p_count_2,robo,0,19 Feb 2026 2:23:38
6996755749acd2dfafbba5e7,data_ml,p_count_2,robo,0,19 Feb 2026 2:28:39
6996768449acd2dfafbba5ee,data_ml,p_count_2,robo,0,19 Feb 2026 2:33:40
699677b049acd2dfafbba5f5,data_ml,p_count_2,robo,0,19 Feb 2026 2:38:40
699678dd49acd2dfafbba5fb,data_ml,p_count_2,robo,0,19 Feb 2026 2:43:41
69967a0949acd2dfafbba602,data_ml,p_count_2,robo,0,19 Feb 2026 2:48:41
69967b3649acd2dfafbba609,data_ml,p_count_2,robo,0,19 Feb 2026 2:53:42
69967c6349acd2dfafbba610,data_ml,p_count_2,robo,0,19 Feb 2026 2:58:43
69967d8f49acd2dfafbba617,data_ml,p_count_2,robo,0,19 Feb 2026 3:3:43
69967ebc49acd2dfafbba61e,data_ml,p_count_2,robo,0,19 Feb 2026 3:8:44
69967fe849acd2dfafbba625,data_ml,p_count_2,robo,0,19 Feb 2026 3:13:44
6996811549acd2dfafbba62c,data_ml,p_count_2,robo,0,19 Feb 2026 3:18:45
6996824149acd2dfafbba633,data_ml,p_count_2,robo,0,19 Feb 2026 3:23:45
6996836e49acd2dfafbba63b,data_ml,p_count_2,robo,0,19 Feb 2026 3:28:46
6996849b49acd2dfafbba642,data_ml,p_count_2,robo,0,19 Feb 2026 3:33:47
699685c749acd2dfafbba649,data_ml,p_count_2,robo,0,19 Feb 2026 3:38:47
699686f449acd2dfafbba650,data_ml,p_count_2,robo,0,19 Feb 2026 3:43:48
6996882049acd2dfafbba657,data_ml,p_count_2,robo,0,19 Feb 2026 3:48:48
6996894d49acd2dfafbba65e,data_ml,p_count_2,robo,0,19 Feb 2026 3:53:49
69968a7949acd2dfafbba665,data_ml,p_count_2,robo,0,19 Feb 2026 3:58:49
69968ba749acd2dfafbba66c,data_ml,p_count_2,robo,0,19 Feb 2026 4:3:51
69968cd349acd2dfafbba673,data_ml,p_count_2,robo,0,19 Feb 2026 4:8:51
69968e0049acd2dfafbba67a,data_ml,p_count_2,robo,0,19 Feb 2026 4:13:52
69968f2c49acd2dfafbba681,data_ml,p_count_2,robo,0,19 Feb 2026 4:18:52
6996905949acd2dfafbba688,data_ml,p_count_2,robo,0,19 Feb 2026 4:23:53
6996918649acd2dfafbba68f,data_ml,p_count_2,robo,0,19 Feb 2026 4:28:54
699692b249acd2dfafbba696,data_ml,p_count_2,robo,0,19 Feb 2026 4:33:54
699693df49acd2dfafbba69c,data_ml,p_count_2,robo,0,19 Feb 2026 4:38:55
6996950b49acd2dfafbba6a3,data_ml,p_count_2,robo,0,19 Feb 2026 4:43:55
6996963849acd2dfafbba6aa,data_ml,p_count_2,robo,0,19 Feb 2026 4:48:56
6996976449acd2dfafbba6b1,data_ml,p_count_2,robo,0,19 Feb 2026 4:53:56
6996989149acd2dfafbba6b8,data_ml,p_count_2,robo,0,19 Feb 2026 4:58:57
699699be49acd2dfafbba6bf,data_ml,p_count_2,robo,0,19 Feb 2026 5:3:58
69969aea49acd2dfafbba6c6,data_ml,p_count_2,robo,0,19 Feb 2026 5:8:58
69969c1749acd2dfafbba6cd,data_ml,p_count_2,robo,0,19 Feb 2026 5:13:59
69969d4349acd2dfafbba6d4,data_ml,p_count_2,robo,0,19 Feb 2026 5:18:59
69969e7049acd2dfafbba6db,data_ml,p_count_2,robo,0,19 Feb 2026 5:24:0
69969f9d49acd2dfafbba6e2,data_ml,p_count_2,robo,0,19 Feb 2026 5:29:1
6996a0c949acd2dfafbba6e9,data_ml,p_count_2,robo,0,19 Feb 2026 5:34:1
6996a1f649acd2dfafbba6f0,data_ml,p_count_2,robo,0,19 Feb 2026 5:39:2
6996a32249acd2dfafbba6f7,data_ml,p_count_2,robo,0,19 Feb 2026 5:44:2
6996a44f49acd2dfafbba6fe,data_ml,p_count_2,robo,1,19 Feb 2026 5:49:3
6996a57c49acd2dfafbba705,data_ml,p_count_2,robo,0,19 Feb 2026 5:54:4
6996a6a849acd2dfafbba70c,data_ml,p_count_2,robo,0,19 Feb 2026 5:59:4
6996a7d549acd2dfafbba713,data_ml,p_count_2,robo,0,19 Feb 2026 6:4:5
6996a90149acd2dfafbba71a,data_ml,p_count_2,robo,0,19 Feb 2026 6:9:5
6996aa2e49acd2dfafbba721,data_ml,p_count_2,robo,0,19 Feb 2026 6:14:6
6996ab5a49acd2dfafbba728,data_ml,p_count_2,robo,0,19 Feb 2026 6:19:6
6996ac8749acd2dfafbba72f,data_ml,p_count_2,robo,0,19 Feb 2026 6:24:7
6996adb449acd2dfafbba736,data_ml,p_count_2,robo,0,19 Feb 2026 6:29:8
6996aee149acd2dfafbba73d,data_ml,p_count_2,robo,0,19 Feb 2026 6:34:9
6996b00d49acd2dfafbba744,data_ml,p_count_2,robo,0,19 Feb 2026 6:39:9
6996b13a49acd2dfafbba74b,data_ml,p_count_2,robo,0,19 Feb 2026 6:44:10
6996b26649acd2dfafbba752,data_ml,p_count_2,robo,1,19 Feb 2026 6:49:10
6996b39349acd2dfafbba759,data_ml,p_count_2,robo,0,19 Feb 2026 6:54:11
6996b4bf49acd2dfafbba760,data_ml,p_count_2,robo,1,19 Feb 2026 6:59:11
6996b5ec49acd2dfafbba767,data_ml,p_count_2,robo,3,19 Feb 2026 7:4:12
6996b71949acd2dfafbba76d,data_ml,p_count_2,robo,0,19 Feb 2026 7:9:13
6996b84549acd2dfafbba774,data_ml,p_count_2,robo,0,19 Feb 2026 7:14:13
6996b97249acd2dfafbba77b,data_ml,p_count_2,robo,1,19 Feb 2026 7:19:14
6996ba9e49acd2dfafbba782,data_ml,p_count_2,robo,0,19 Feb 2026 7:24:14
6996bbcb49acd2dfafbba789,data_ml,p_count_2,robo,1,19 Feb 2026 7:29:15
6996bcf849acd2dfafbba790,data_ml,p_count_2,robo,0,19 Feb 2026 7:34:16
6996be2449acd2dfafbba797,data_ml,p_count_2,robo,0,19 Feb 2026 7:39:16
6996bf5149acd2dfafbba79e,data_ml,p_count_2,robo,4,19 Feb 2026 7:44:17
6996c07d49acd2dfafbba7a5,data_ml,p_count_2,robo,1,19 Feb 2026 7:49:17
6996c1aa49acd2dfafbba7ac,data_ml,p_count_2,robo,0,19 Feb 2026 7:54:18
6996c2d649acd2dfafbba7b3,data_ml,p_count_2,robo,0,19 Feb 2026 7:59:18
6996c40349acd2dfafbba7ba,data_ml,p_count_2,robo,0,19 Feb 2026 8:4:19
6996c53049acd2dfafbba7c1,data_ml,p_count_2,robo,0,19 Feb 2026 8:9:20
6996c65c49acd2dfafbba7c8,data_ml,p_count_2,robo,0,19 Feb 2026 8:14:20
6996c78949acd2dfafbba7cf,data_ml,p_count_2,robo,0,19 Feb 2026 8:19:21
6996c8b549acd2dfafbba7d6,data_ml,p_count_2,robo,0,19 Feb 2026 8:24:21
6996c9e249acd2dfafbba7dd,data_ml,p_count_2,robo,0,19 Feb 2026 8:29:22
6996cb0e49acd2dfafbba7e4,data_ml,p_count_2,robo,0,19 Feb 2026 8:34:22
6996cc3b49acd2dfafbba7eb,data_ml,p_count_2,robo,2,19 Feb 2026 8:39:23
6996cd6849acd2dfafbba7f2,data_ml,p_count_2,robo,1,19 Feb 2026 8:44:24
6996ce9449acd2dfafbba7f9,data_ml,p_count_2,robo,0,19 Feb 2026 8:49:24
6996cfc149acd2dfafbba800,data_ml,p_count_2,robo,1,19 Feb 2026 8:54:25
6996d0ed49acd2dfafbba807,data_ml,p_count_2,robo,0,19 Feb 2026 8:59:25
6996d21a49acd2dfafbba80e,data_ml,p_count_2,robo,0,19 Feb 2026 9:4:26
6996d34749acd2dfafbba815,data_ml,p_count_2,robo,0,19 Feb 2026 9:9:27
6996d47449acd2dfafbba81c,data_ml,p_count_2,robo,0,19 Feb 2026 9:14:28
6996d5a049acd2dfafbba823,data_ml,p_count_2,robo,0,19 Feb 2026 9:19:28
6996d6cd49acd2dfafbba82a,data_ml,p_count_2,robo,1,19 Feb 2026 9:24:29
6996d7fa49acd2dfafbba831,data_ml,p_count_2,robo,0,19 Feb 2026 9:29:30
6996d92649acd2dfafbba838,data_ml,p_count_2,robo,0,19 Feb 2026 9:34:30
6996da5349acd2dfafbba83e,data_ml,p_count_2,robo,0,19 Feb 2026 9:39:31
6996db7f49acd2dfafbba845,data_ml,p_count_2,robo,0,19 Feb 2026 9:44:31
6996dcac49acd2dfafbba84c,data_ml,p_count_2,robo,1,19 Feb 2026 9:49:32
6996ddd949acd2dfafbba853,data_ml,p_count_2,robo,1,19 Feb 2026 9:54:33
6996df0549acd2dfafbba85a,data_ml,p_count_2,robo,2,19 Feb 2026 9:59:33
6996e03249acd2dfafbba861,data_ml,p_count_2,robo,1,19 Feb 2026 10:4:34
6996e15e49acd2dfafbba868,data_ml,p_count_2,robo,7,19 Feb 2026 10:9:34
6996e28b49acd2dfafbba86f,data_ml,p_count_2,robo,0,19 Feb 2026 10:14:35
6996e3b849acd2dfafbba876,data_ml,p_count_2,robo,1,19 Feb 2026 10:19:36
6996e4e449acd2dfafbba87d,data_ml,p_count_2,robo,2,19 Feb 2026 10:24:36
6996e61149acd2dfafbba884,data_ml,p_count_2,robo,0,19 Feb 2026 10:29:37
6996e73d49acd2dfafbba88b,data_ml,p_count_2,robo,0,19 Feb 2026 10:34:37
6996e86a49acd2dfafbba892,data_ml,p_count_2,robo,1,19 Feb 2026 10:39:38
6996e99749acd2dfafbba899,data_ml,p_count_2,robo,1,19 Feb 2026 10:44:39
6996eac349acd2dfafbba8a0,data_ml,p_count_2,robo,1,19 Feb 2026 10:49:39
6996ebf049acd2dfafbba8a7,data_ml,p_count_2,robo,0,19 Feb 2026 10:54:40
6996ed1c49acd2dfafbba8ae,data_ml,p_count_2,robo,0,19 Feb 2026 10:59:40
6996ee4949acd2dfafbba8b5,data_ml,p_count_2,robo,0,19 Feb 2026 11:4:41
6996ef7549acd2dfafbba8bc,data_ml,p_count_2,robo,1,19 Feb 2026 11:9:41
6996f0a249acd2dfafbba8c3,data_ml,p_count_2,robo,0,19 Feb 2026 11:14:42
6996f1cf49acd2dfafbba8ca,data_ml,p_count_2,robo,1,19 Feb 2026 11:19:43
6996f2fb49acd2dfafbba8d2,data_ml,p_count_2,robo,0,19 Feb 2026 11:24:43
6996f42849acd2dfafbba8d9,data_ml,p_count_2,robo,1,19 Feb 2026 11:29:44
6996f55549acd2dfafbba8e0,data_ml,p_count_2,robo,1,19 Feb 2026 11:34:45
6996f68249acd2dfafbba8e7,data_ml,p_count_2,robo,2,19 Feb 2026 11:39:46
6996f7ae49acd2dfafbba8ee,data_ml,p_count_2,robo,2,19 Feb 2026 11:44:46
6996f8db49acd2dfafbba8f5,data_ml,p_count_2,robo,1,19 Feb 2026 11:49:47
6996fa0749acd2dfafbba8fc,data_ml,p_count_2,robo,2,19 Feb 2026 11:54:47
6996fb342351c54e6403b665,data_ml,p_count_2,robo,5,19 Feb 2026 11:59:48
6996fd8d4daf2038862127ae,data_ml,p_count_2,robo,0,19 Feb 2026 12:9:49
6996ffe6929a1609f2505b0a,data_ml,p_count_2,robo,0,19 Feb 2026 12:19:50
6997081efdd5691c40b02e02,data_ml,p_count_2,robo,8,19 Feb 2026 12:54:54
6997094bfdd5691c40b02e09,data_ml,p_count_2,robo,1,19 Feb 2026 12:59:55
69970a78fdd5691c40b02e10,data_ml,p_count_2,robo,3,19 Feb 2026 13:4:56
69970ba4fdd5691c40b02e17,data_ml,p_count_2,robo,0,19 Feb 2026 13:9:56
69970cd1fdd5691c40b02e1e,data_ml,p_count_2,robo,1,19 Feb 2026 13:14:57
69970dfdfdd5691c40b02e25,data_ml,p_count_2,robo,1,19 Feb 2026 13:19:57
69970f2afdd5691c40b02e2c,data_ml,p_count_2,robo,0,19 Feb 2026 13:24:58
69971057fdd5691c40b02e33,data_ml,p_count_2,robo,0,19 Feb 2026 13:29:59
69971183fdd5691c40b02e3a,data_ml,p_count_2,robo,0,19 Feb 2026 13:34:59
699712b0fdd5691c40b02e41,data_ml,p_count_2,robo,0,19 Feb 2026 13:40:0
699713dcfdd5691c40b02e47,data_ml,p_count_2,robo,2,19 Feb 2026 13:45:0
69971509fdd5691c40b02e4e,data_ml,p_count_2,robo,0,19 Feb 2026 13:50:1
69971636fdd5691c40b02e55,data_ml,p_count_2,robo,1,19 Feb 2026 13:55:2
69971762fdd5691c40b02e5c,data_ml,p_count_2,robo,1,19 Feb 2026 14:0:2
6997188ffdd5691c40b02e63,data_ml,p_count_2,robo,1,19 Feb 2026 14:5:3
699719bcfdd5691c40b02e6a,data_ml,p_count_2,robo,1,19 Feb 2026 14:10:4
69971ae9fdd5691c40b02e71,data_ml,p_count_2,robo,1,19 Feb 2026 14:15:5
69971c15fdd5691c40b02e78,data_ml,p_count_2,robo,0,19 Feb 2026 14:20:5
69971d42fdd5691c40b02e7f,data_ml,p_count_2,robo,1,19 Feb 2026 14:25:6
69971e6ffdd5691c40b02e86,data_ml,p_count_2,robo,1,19 Feb 2026 14:30:7
69971f9bfdd5691c40b02e8c,data_ml,p_count_2,robo,1,19 Feb 2026 14:35:7
699720c8fdd5691c40b02e92,data_ml,p_count_2,robo,1,19 Feb 2026 14:40:8
699721f4fdd5691c40b02e99,data_ml,p_count_2,robo,0,19 Feb 2026 14:45:8
69972321fdd5691c40b02ea0,data_ml,p_count_2,robo,0,19 Feb 2026 14:50:9
6997244efdd5691c40b02ea6,data_ml,p_count_2,robo,1,19 Feb 2026 14:55:10
6997257afdd5691c40b02ead,data_ml,p_count_2,robo,0,19 Feb 2026 15:0:10
699726a7fdd5691c40b02eb4,data_ml,p_count_2,robo,0,19 Feb 2026 15:5:11
699727d3fdd5691c40b02ebb,data_ml,p_count_2,robo,0,19 Feb 2026 15:10:11
69972900fdd5691c40b02ec2,data_ml,p_count_2,robo,1,19 Feb 2026 15:15:12
69972a2dfdd5691c40b02ec8,data_ml,p_count_2,robo,0,19 Feb 2026 15:20:13
69972b59fdd5691c40b02ecf,data_ml,p_count_2,robo,1,19 Feb 2026 15:25:13
69972c86fdd5691c40b02ed5,data_ml,p_count_2,robo,5,19 Feb 2026 15:30:14
69972db3fdd5691c40b02edc,data_ml,p_count_2,robo,4,19 Feb 2026 15:35:15
69972edffdd5691c40b02ee3,data_ml,p_count_2,robo,5,19 Feb 2026 15:40:15
6997300cfdd5691c40b02eea,data_ml,p_count_2,robo,0,19 Feb 2026 15:45:16
69973138fdd5691c40b02ef1,data_ml,p_count_2,robo,1,19 Feb 2026 15:50:16
69973265fdd5691c40b02ef8,data_ml,p_count_2,robo,1,19 Feb 2026 15:55:17
69973392fdd5691c40b02eff,data_ml,p_count_2,robo,3,19 Feb 2026 16:0:18
699734bffdd5691c40b02f06,data_ml,p_count_2,robo,0,19 Feb 2026 16:5:19
699735ebfdd5691c40b02f0d,data_ml,p_count_2,robo,2,19 Feb 2026 16:10:19
69973718fdd5691c40b02f14,data_ml,p_count_2,robo,0,19 Feb 2026 16:15:20
69973844fdd5691c40b02f1b,data_ml,p_count_2,robo,0,19 Feb 2026 16:20:20
69973971fdd5691c40b02f22,data_ml,p_count_2,robo,0,19 Feb 2026 16:25:21
69973a9efdd5691c40b02f29,data_ml,p_count_2,robo,1,19 Feb 2026 16:30:22
69973bcbfdd5691c40b02f30,data_ml,p_count_2,robo,0,19 Feb 2026 16:35:23
69973cf7fdd5691c40b02f37,data_ml,p_count_2,robo,0,19 Feb 2026 16:40:23
69973e24fdd5691c40b02f3e,data_ml,p_count_2,robo,0,19 Feb 2026 16:45:24
69973f51fdd5691c40b02f45,data_ml,p_count_2,robo,0,19 Feb 2026 16:50:25
6997407dfdd5691c40b02f4c,data_ml,p_count_2,robo,1,19 Feb 2026 16:55:25
699741aafdd5691c40b02f53,data_ml,p_count_2,robo,0,19 Feb 2026 17:0:26
699742d7fdd5691c40b02f5a,data_ml,p_count_2,robo,0,19 Feb 2026 17:5:27
69974403fdd5691c40b02f60,data_ml,p_count_2,robo,0,19 Feb 2026 17:10:27
69974530fdd5691c40b02f67,data_ml,p_count_2,robo,2,19 Feb 2026 17:15:28
6997465dfdd5691c40b02f6e,data_ml,p_count_2,robo,0,19 Feb 2026 17:20:29
69974789fdd5691c40b02f75,data_ml,p_count_2,robo,0,19 Feb 2026 17:25:29
699748b6fdd5691c40b02f7c,data_ml,p_count_2,robo,0,19 Feb 2026 17:30:30
699749e2fdd5691c40b02f83,data_ml,p_count_2,robo,0,19 Feb 2026 17:35:30
69974b0ffdd5691c40b02f8a,data_ml,p_count_2,robo,0,19 Feb 2026 17:40:31
69974c3cfdd5691c40b02f91,data_ml,p_count_2,robo,0,19 Feb 2026 17:45:32
69974d68fdd5691c40b02f98,data_ml,p_count_2,robo,0,19 Feb 2026 17:50:32
69974e95fdd5691c40b02f9f,data_ml,p_count_2,robo,0,19 Feb 2026 17:55:33
69974fc1fdd5691c40b02fa6,data_ml,p_count_2,robo,0,19 Feb 2026 18:0:33
699750eefdd5691c40b02fad,data_ml,p_count_2,robo,0,19 Feb 2026 18:5:34
6997521bfdd5691c40b02fb4,data_ml,p_count_2,robo,0,19 Feb 2026 18:10:35
69975347fdd5691c40b02fbb,data_ml,p_count_2,robo,1,19 Feb 2026 18:15:35
69975474fdd5691c40b02fc2,data_ml,p_count_2,robo,0,19 Feb 2026 18:20:36
699755a1fdd5691c40b02fc9,data_ml,p_count_2,robo,1,19 Feb 2026 18:25:37
699756cdfdd5691c40b02fd0,data_ml,p_count_2,robo,0,19 Feb 2026 18:30:37
699757fafdd5691c40b02fd7,data_ml,p_count_2,robo,0,19 Feb 2026 18:35:38
69975926fdd5691c40b02fde,data_ml,p_count_2,robo,0,19 Feb 2026 18:40:38
69975a53fdd5691c40b02fe5,data_ml,p_count_2,robo,0,19 Feb 2026 18:45:39
69975b80fdd5691c40b02fec,data_ml,p_count_2,robo,0,19 Feb 2026 18:50:40
69975cacfdd5691c40b02ff3,data_ml,p_count_2,robo,2,19 Feb 2026 18:55:40
69975dd9fdd5691c40b02ffa,data_ml,p_count_2,robo,4,19 Feb 2026 19:0:41
69975f06fdd5691c40b03001,data_ml,p_count_2,robo,0,19 Feb 2026 19:5:42
69976032fdd5691c40b03008,data_ml,p_count_2,robo,0,19 Feb 2026 19:10:42
6997615ffdd5691c40b0300f,data_ml,p_count_2,robo,0,19 Feb 2026 19:15:43
6997628cfdd5691c40b03016,data_ml,p_count_2,robo,0,19 Feb 2026 19:20:44
699763b8fdd5691c40b0301d,data_ml,p_count_2,robo,0,19 Feb 2026 19:25:44
699764e5fdd5691c40b03024,data_ml,p_count_2,robo,0,19 Feb 2026 19:30:45
69976611fdd5691c40b0302b,data_ml,p_count_2,robo,0,19 Feb 2026 19:35:45
6997673efdd5691c40b03031,data_ml,p_count_2,robo,0,19 Feb 2026 19:40:46
6997686bfdd5691c40b03038,data_ml,p_count_2,robo,0,19 Feb 2026 19:45:47
69976997fdd5691c40b0303f,data_ml,p_count_2,robo,0,19 Feb 2026 19:50:47
69976ac4fdd5691c40b03046,data_ml,p_count_2,robo,0,19 Feb 2026 19:55:48
69976bf0fdd5691c40b0304d,data_ml,p_count_2,robo,0,19 Feb 2026 20:0:48
69976d1dfdd5691c40b03054,data_ml,p_count_2,robo,0,19 Feb 2026 20:5:49
69976e4afdd5691c40b0305c,data_ml,p_count_2,robo,0,19 Feb 2026 20:10:50
69976f77fdd5691c40b03063,data_ml,p_count_2,robo,0,19 Feb 2026 20:15:51
699770a3fdd5691c40b0306a,data_ml,p_count_2,robo,0,19 Feb 2026 20:20:51
699771d0fdd5691c40b03071,data_ml,p_count_2,robo,0,19 Feb 2026 20:25:52
699772fcfdd5691c40b03078,data_ml,p_count_2,robo,0,19 Feb 2026 20:30:52
69977429fdd5691c40b0307f,data_ml,p_count_2,robo,0,19 Feb 2026 20:35:53
69977556fdd5691c40b03086,data_ml,p_count_2,robo,0,19 Feb 2026 20:40:54
69977682fdd5691c40b0308d,data_ml,p_count_2,robo,0,19 Feb 2026 20:45:54
699777affdd5691c40b03094,data_ml,p_count_2,robo,0,19 Feb 2026 20:50:55
699778dbfdd5691c40b0309b,data_ml,p_count_2,robo,0,19 Feb 2026 20:55:55
69977a08fdd5691c40b030a2,data_ml,p_count_2,robo,0,19 Feb 2026 21:0:56
69977b35fdd5691c40b030a9,data_ml,p_count_2,robo,0,19 Feb 2026 21:5:57
69977c61fdd5691c40b030b0,data_ml,p_count_2,robo,0,19 Feb 2026 21:10:57
69977d8efdd5691c40b030b7,data_ml,p_count_2,robo,0,19 Feb 2026 21:15:58
69977ebafdd5691c40b030be,data_ml,p_count_2,robo,0,19 Feb 2026 21:20:58
69977fe7fdd5691c40b030c5,data_ml,p_count_2,robo,0,19 Feb 2026 21:25:59
69978113fdd5691c40b030cc,data_ml,p_count_2,robo,0,19 Feb 2026 21:30:59
69978241fdd5691c40b030d3,data_ml,p_count_2,robo,0,19 Feb 2026 21:36:1
6997836dfdd5691c40b030da,data_ml,p_count_2,robo,0,19 Feb 2026 21:41:1
6997849afdd5691c40b030e1,data_ml,p_count_2,robo,0,19 Feb 2026 21:46:2
699785c6fdd5691c40b030e8,data_ml,p_count_2,robo,0,19 Feb 2026 21:51:2
699786f3fdd5691c40b030ef,data_ml,p_count_2,robo,0,19 Feb 2026 21:56:3
69978820fdd5691c40b030f6,data_ml,p_count_2,robo,0,19 Feb 2026 22:1:4
6997894cfdd5691c40b030fd,data_ml,p_count_2,robo,0,19 Feb 2026 22:6:4
69978a79fdd5691c40b03103,data_ml,p_count_2,robo,0,19 Feb 2026 22:11:5
69978ba6fdd5691c40b0310a,data_ml,p_count_2,robo,0,19 Feb 2026 22:16:6
69978cd2fdd5691c40b03111,data_ml,p_count_2,robo,0,19 Feb 2026 22:21:6
69978dfffdd5691c40b03118,data_ml,p_count_2,robo,0,19 Feb 2026 22:26:7
69978f2cfdd5691c40b0311f,data_ml,p_count_2,robo,0,19 Feb 2026 22:31:8
69979058fdd5691c40b03126,data_ml,p_count_2,robo,0,19 Feb 2026 22:36:8
69979185fdd5691c40b0312d,data_ml,p_count_2,robo,0,19 Feb 2026 22:41:9
699792b2fdd5691c40b03134,data_ml,p_count_2,robo,0,19 Feb 2026 22:46:10
699793defdd5691c40b0313b,data_ml,p_count_2,robo,0,19 Feb 2026 22:51:10
6997950bfdd5691c40b03142,data_ml,p_count_2,robo,0,19 Feb 2026 22:56:11
69979637fdd5691c40b03149,data_ml,p_count_2,robo,0,19 Feb 2026 23:1:11
69979764fdd5691c40b03150,data_ml,p_count_2,robo,0,19 Feb 2026 23:6:12
69979891fdd5691c40b03157,data_ml,p_count_2,robo,0,19 Feb 2026 23:11:13
699799bdfdd5691c40b0315e,data_ml,p_count_2,robo,0,19 Feb 2026 23:16:13
69979aeafdd5691c40b03165,data_ml,p_count_2,robo,0,19 Feb 2026 23:21:14
69979c17fdd5691c40b0316c,data_ml,p_count_2,robo,0,19 Feb 2026 23:26:15
69979d43fdd5691c40b03173,data_ml,p_count_2,robo,0,19 Feb 2026 23:31:15
69979e70fdd5691c40b0317a,data_ml,p_count_2,robo,0,19 Feb 2026 23:36:16
69979f9dfdd5691c40b03181,data_ml,p_count_2,robo,0,19 Feb 2026 23:41:17
6997a0c9fdd5691c40b03188,data_ml,p_count_2,robo,0,19 Feb 2026 23:46:17
6997a1f6fdd5691c40b0318f,data_ml,p_count_2,robo,0,19 Feb 2026 23:51:18
6997a322fdd5691c40b03196,data_ml,p_count_2,robo,0,19 Feb 2026 23:56:18
6997a44ffdd5691c40b0319d,data_ml,p_count_2,robo,0,20 Feb 2026 0:1:19
699834d8fdd5691c40b0347d,data_ml,p_count_2,robo,0,20 Feb 2026 10:18:0
69983604fdd5691c40b03484,data_ml,p_count_2,robo,2,20 Feb 2026 10:23:0
69983731fdd5691c40b0348b,data_ml,p_count_2,robo,2,20 Feb 2026 10:28:1
6998385efdd5691c40b03492,data_ml,p_count_2,robo,2,20 Feb 2026 10:33:2
6998398afdd5691c40b03499,data_ml,p_count_2,robo,0,20 Feb 2026 10:38:2
69983ab7fdd5691c40b0349f,data_ml,p_count_2,robo,2,20 Feb 2026 10:43:3
69983be3fdd5691c40b034a6,data_ml,p_count_2,robo,2,20 Feb 2026 10:48:3
69983d10fdd5691c40b034ad,data_ml,p_count_2,robo,2,20 Feb 2026 10:53:4
69983e3dfdd5691c40b034b4,data_ml,p_count_2,robo,1,20 Feb 2026 10:58:5
69983f69fdd5691c40b034bb,data_ml,p_count_2,robo,1,20 Feb 2026 11:3:5
69984096fdd5691c40b034c2,data_ml,p_count_2,robo,0,20 Feb 2026 11:8:6
699841c3fdd5691c40b034c9,data_ml,p_count_2,robo,0,20 Feb 2026 11:13:7
699842effdd5691c40b034d0,data_ml,p_count_2,robo,1,20 Feb 2026 11:18:7
6998441cfdd5691c40b034d7,data_ml,p_count_2,robo,1,20 Feb 2026 11:23:8
69984548fdd5691c40b034de,data_ml,p_count_2,robo,2,20 Feb 2026 11:28:8
69984675fdd5691c40b034e5,data_ml,p_count_2,robo,0,20 Feb 2026 11:33:9
699847a2fdd5691c40b034ec,data_ml,p_count_2,robo,0,20 Feb 2026 11:38:10
699848cefdd5691c40b034f3,data_ml,p_count_2,robo,0,20 Feb 2026 11:43:10
699849fbfdd5691c40b034fb,data_ml,p_count_2,robo,2,20 Feb 2026 11:48:11
69984b28fdd5691c40b03502,data_ml,p_count_2,robo,0,20 Feb 2026 11:53:12
69984c54fdd5691c40b03509,data_ml,p_count_2,robo,0,20 Feb 2026 11:58:12
69984d81fdd5691c40b03510,data_ml,p_count_2,robo,0,20 Feb 2026 12:3:13
69984eaefdd5691c40b03517,data_ml,p_count_2,robo,2,20 Feb 2026 12:8:14
69984fdafdd5691c40b0351e,data_ml,p_count_2,robo,0,20 Feb 2026 12:13:14
69985107fdd5691c40b03525,data_ml,p_count_2,robo,1,20 Feb 2026 12:18:15
69985233fdd5691c40b0352c,data_ml,p_count_2,robo,2,20 Feb 2026 12:23:15
69985360fdd5691c40b03533,data_ml,p_count_2,robo,1,20 Feb 2026 12:28:16
6998548dfdd5691c40b0353a,data_ml,p_count_2,robo,0,20 Feb 2026 12:33:17
699855b9fdd5691c40b03541,data_ml,p_count_2,robo,0,20 Feb 2026 12:38:17
699856e6fdd5691c40b03548,data_ml,p_count_2,robo,1,20 Feb 2026 12:43:18
69985813fdd5691c40b0354f,data_ml,p_count_2,robo,2,20 Feb 2026 12:48:19
69985940fdd5691c40b03556,data_ml,p_count_2,robo,1,20 Feb 2026 12:53:20
69985a6cfdd5691c40b0355d,data_ml,p_count_2,robo,1,20 Feb 2026 12:58:20
69985b99fdd5691c40b03564,data_ml,p_count_2,robo,1,20 Feb 2026 13:3:21
69985cc6fdd5691c40b0356b,data_ml,p_count_2,robo,1,20 Feb 2026 13:8:22
69985df2fdd5691c40b03571,data_ml,p_count_2,robo,0,20 Feb 2026 13:13:22
69985f1ffdd5691c40b03578,data_ml,p_count_2,robo,1,20 Feb 2026 13:18:23
6998604bfdd5691c40b0357f,data_ml,p_count_2,robo,1,20 Feb 2026 13:23:23
69986178fdd5691c40b03586,data_ml,p_count_2,robo,8,20 Feb 2026 13:28:24
699862a5fdd5691c40b0358d,data_ml,p_count_2,robo,9,20 Feb 2026 13:33:25
699863d1207175f03814a5fa,data_ml,p_count_2,robo,0,20 Feb 2026 13:38:25
699864fe207175f03814a601,data_ml,p_count_2,robo,4,20 Feb 2026 13:43:26
6998662a207175f03814a608,data_ml,p_count_2,robo,0,20 Feb 2026 13:48:26
69986757207175f03814a60f,data_ml,p_count_2,robo,0,20 Feb 2026 13:53:27
69986884207175f03814a616,data_ml,p_count_2,robo,1,20 Feb 2026 13:58:28
699869b0207175f03814a61d,data_ml,p_count_2,robo,1,20 Feb 2026 14:3:28
69986add207175f03814a624,data_ml,p_count_2,robo,2,20 Feb 2026 14:8:29
69986c0a207175f03814a62b,data_ml,p_count_2,robo,0,20 Feb 2026 14:13:30
69986d36207175f03814a632,data_ml,p_count_2,robo,1,20 Feb 2026 14:18:30
69986e63207175f03814a639,data_ml,p_count_2,robo,0,20 Feb 2026 14:23:31
69986f8f207175f03814a640,data_ml,p_count_2,robo,0,20 Feb 2026 14:28:31
699870bc207175f03814a647,data_ml,p_count_2,robo,0,20 Feb 2026 14:33:32
699871e9207175f03814a64e,data_ml,p_count_2,robo,0,20 Feb 2026 14:38:33
69987315207175f03814a655,data_ml,p_count_2,robo,3,20 Feb 2026 14:43:33
69987442207175f03814a65c,data_ml,p_count_2,robo,0,20 Feb 2026 14:48:34
6998756e207175f03814a663,data_ml,p_count_2,robo,0,20 Feb 2026 14:53:34
6998769b207175f03814a66a,data_ml,p_count_2,robo,0,20 Feb 2026 14:58:35
699877c8207175f03814a671,data_ml,p_count_2,robo,0,20 Feb 2026 15:3:36
699878f4207175f03814a678,data_ml,p_count_2,robo,0,20 Feb 2026 15:8:36
69987a21207175f03814a67f,data_ml,p_count_2,robo,1,20 Feb 2026 15:13:37
69987b4e207175f03814a686,data_ml,p_count_2,robo,0,20 Feb 2026 15:18:38
69987c7a207175f03814a68d,data_ml,p_count_2,robo,0,20 Feb 2026 15:23:38
69987da7207175f03814a694,data_ml,p_count_2,robo,0,20 Feb 2026 15:28:39
69987ed4207175f03814a69b,data_ml,p_count_2,robo,0,20 Feb 2026 15:33:40
69988000207175f03814a6a2,data_ml,p_count_2,robo,0,20 Feb 2026 15:38:40
6998812d207175f03814a6a8,data_ml,p_count_2,robo,1,20 Feb 2026 15:43:41
69988259207175f03814a6af,data_ml,p_count_2,robo,3,20 Feb 2026 15:48:41
69988386207175f03814a6b6,data_ml,p_count_2,robo,0,20 Feb 2026 15:53:42
699884b3207175f03814a6bd,data_ml,p_count_2,robo,8,20 Feb 2026 15:58:43
699885df207175f03814a6c4,data_ml,p_count_2,robo,1,20 Feb 2026 16:3:43
6998870c207175f03814a6cb,data_ml,p_count_2,robo,1,20 Feb 2026 16:8:44
69988838207175f03814a6d2,data_ml,p_count_2,robo,0,20 Feb 2026 16:13:44
69988965207175f03814a6d9,data_ml,p_count_2,robo,0,20 Feb 2026 16:18:45
69988a92207175f03814a6e0,data_ml,p_count_2,robo,0,20 Feb 2026 16:23:46
69988bbe207175f03814a6e7,data_ml,p_count_2,robo,0,20 Feb 2026 16:28:46
69988ceb207175f03814a6ee,data_ml,p_count_2,robo,0,20 Feb 2026 16:33:47
69988e18207175f03814a6f5,data_ml,p_count_2,robo,0,20 Feb 2026 16:38:48
69988f44207175f03814a6fc,data_ml,p_count_2,robo,0,20 Feb 2026 16:43:48
69989071207175f03814a703,data_ml,p_count_2,robo,1,20 Feb 2026 16:48:49
6998919e207175f03814a70a,data_ml,p_count_2,robo,1,20 Feb 2026 16:53:50
699892ca207175f03814a711,data_ml,p_count_2,robo,0,20 Feb 2026 16:58:50
699893f7207175f03814a718,data_ml,p_count_2,robo,0,20 Feb 2026 17:3:51
69989524207175f03814a71f,data_ml,p_count_2,robo,0,20 Feb 2026 17:8:52
69989650207175f03814a726,data_ml,p_count_2,robo,0,20 Feb 2026 17:13:52
6998977d207175f03814a72d,data_ml,p_count_2,robo,0,20 Feb 2026 17:18:53
699898a9207175f03814a734,data_ml,p_count_2,robo,0,20 Feb 2026 17:23:53
699899d6207175f03814a73b,data_ml,p_count_2,robo,0,20 Feb 2026 17:28:54
69989b03207175f03814a742,data_ml,p_count_2,robo,0,20 Feb 2026 17:33:55
69989c2f207175f03814a749,data_ml,p_count_2,robo,1,20 Feb 2026 17:38:55
69989d5c207175f03814a750,data_ml,p_count_2,robo,0,20 Feb 2026 17:43:56
69989e89207175f03814a757,data_ml,p_count_2,robo,0,20 Feb 2026 17:48:57
69989fb6207175f03814a75e,data_ml,p_count_2,robo,0,20 Feb 2026 17:53:58
6998a0e2207175f03814a765,data_ml,p_count_2,robo,0,20 Feb 2026 17:58:58
6998a20f207175f03814a76c,data_ml,p_count_2,robo,0,20 Feb 2026 18:3:59
6998a33c207175f03814a773,data_ml,p_count_2,robo,0,20 Feb 2026 18:9:0
6998a468207175f03814a77a,data_ml,p_count_2,robo,0,20 Feb 2026 18:14:0
6998a595207175f03814a781,data_ml,p_count_2,robo,0,20 Feb 2026 18:19:1
6998a6c1207175f03814a788,data_ml,p_count_2,robo,2,20 Feb 2026 18:24:1
6998a7ee207175f03814a78f,data_ml,p_count_2,robo,1,20 Feb 2026 18:29:2
6998a91b207175f03814a796,data_ml,p_count_2,robo,0,20 Feb 2026 18:34:3
6998aa47207175f03814a79d,data_ml,p_count_2,robo,0,20 Feb 2026 18:39:3
6998ab74207175f03814a7a4,data_ml,p_count_2,robo,2,20 Feb 2026 18:44:4
6998aca0207175f03814a7ab,data_ml,p_count_2,robo,0,20 Feb 2026 18:49:4
6998adcd207175f03814a7b2,data_ml,p_count_2,robo,0,20 Feb 2026 18:54:5
6998aefa207175f03814a7b9,data_ml,p_count_2,robo,0,20 Feb 2026 18:59:6
6998b026207175f03814a7c0,data_ml,p_count_2,robo,0,20 Feb 2026 19:4:6
6998b153207175f03814a7c7,data_ml,p_count_2,robo,0,20 Feb 2026 19:9:7
6998b27f207175f03814a7ce,data_ml,p_count_2,robo,1,20 Feb 2026 19:14:7
6998b3ac207175f03814a7d5,data_ml,p_count_2,robo,1,20 Feb 2026 19:19:8
6998b4d9207175f03814a7dc,data_ml,p_count_2,robo,0,20 Feb 2026 19:24:9
6998b605207175f03814a7e3,data_ml,p_count_2,robo,0,20 Feb 2026 19:29:9
6998b732207175f03814a7ea,data_ml,p_count_2,robo,0,20 Feb 2026 19:34:10
6998b85e207175f03814a7f1,data_ml,p_count_2,robo,0,20 Feb 2026 19:39:10
6998b98b207175f03814a7f8,data_ml,p_count_2,robo,0,20 Feb 2026 19:44:11
6998bab7207175f03814a7ff,data_ml,p_count_2,robo,0,20 Feb 2026 19:49:11
6998bbe4207175f03814a806,data_ml,p_count_2,robo,0,20 Feb 2026 19:54:12
6998bd11207175f03814a80d,data_ml,p_count_2,robo,0,20 Feb 2026 19:59:13
6998be3d207175f03814a814,data_ml,p_count_2,robo,0,20 Feb 2026 20:4:13
6998bf6a207175f03814a81b,data_ml,p_count_2,robo,0,20 Feb 2026 20:9:14
6998c096207175f03814a822,data_ml,p_count_2,robo,0,20 Feb 2026 20:14:14
6998c1c4207175f03814a829,data_ml,p_count_2,robo,0,20 Feb 2026 20:19:16
6998c2f0207175f03814a830,data_ml,p_count_2,robo,0,20 Feb 2026 20:24:16
6998c41d207175f03814a837,data_ml,p_count_2,robo,0,20 Feb 2026 20:29:17
6998c549207175f03814a83e,data_ml,p_count_2,robo,0,20 Feb 2026 20:34:17
6998c676207175f03814a845,data_ml,p_count_2,robo,0,20 Feb 2026 20:39:18
6998c7a3207175f03814a84c,data_ml,p_count_2,robo,0,20 Feb 2026 20:44:19
6998c8cf207175f03814a853,data_ml,p_count_2,robo,0,20 Feb 2026 20:49:19
6998c9fc207175f03814a85a,data_ml,p_count_2,robo,0,20 Feb 2026 20:54:20
6998cb29207175f03814a861,data_ml,p_count_2,robo,0,20 Feb 2026 20:59:21
6998cc55207175f03814a868,data_ml,p_count_2,robo,0,20 Feb 2026 21:4:21
6998cd82207175f03814a86f,data_ml,p_count_2,robo,0,20 Feb 2026 21:9:22
6998ceaf207175f03814a876,data_ml,p_count_2,robo,0,20 Feb 2026 21:14:23
6998cfdb207175f03814a87d,data_ml,p_count_2,robo,0,20 Feb 2026 21:19:23
6998d108207175f03814a884,data_ml,p_count_2,robo,0,20 Feb 2026 21:24:24
6998d234207175f03814a88b,data_ml,p_count_2,robo,0,20 Feb 2026 21:29:24
6998d361207175f03814a892,data_ml,p_count_2,robo,0,20 Feb 2026 21:34:25
6998d48e207175f03814a899,data_ml,p_count_2,robo,0,20 Feb 2026 21:39:26
6998d5ba207175f03814a8a0,data_ml,p_count_2,robo,0,20 Feb 2026 21:44:26
6998d6e7207175f03814a8a7,data_ml,p_count_2,robo,0,20 Feb 2026 21:49:27
6998d813207175f03814a8ae,data_ml,p_count_2,robo,0,20 Feb 2026 21:54:27
6998d940207175f03814a8b5,data_ml,p_count_2,robo,0,20 Feb 2026 21:59:28
6998da6d207175f03814a8bc,data_ml,p_count_2,robo,0,20 Feb 2026 22:4:29
6998db99207175f03814a8c3,data_ml,p_count_2,robo,0,20 Feb 2026 22:9:29
6998dcc6207175f03814a8ca,data_ml,p_count_2,robo,0,20 Feb 2026 22:14:30
6998ddf2207175f03814a8d1,data_ml,p_count_2,robo,0,20 Feb 2026 22:19:30
6998df1f207175f03814a8d8,data_ml,p_count_2,robo,0,20 Feb 2026 22:24:31
6998e04c207175f03814a8df,data_ml,p_count_2,robo,0,20 Feb 2026 22:29:32
6998e178207175f03814a8e6,data_ml,p_count_2,robo,0,20 Feb 2026 22:34:32
6998e2a5207175f03814a8ed,data_ml,p_count_2,robo,0,20 Feb 2026 22:39:33
6998e3d1207175f03814a8f4,data_ml,p_count_2,robo,0,20 Feb 2026 22:44:33
6998e4ff207175f03814a8fb,data_ml,p_count_2,robo,0,20 Feb 2026 22:49:35
6998e62b207175f03814a902,data_ml,p_count_2,robo,0,20 Feb 2026 22:54:35
6998e758207175f03814a909,data_ml,p_count_2,robo,0,20 Feb 2026 22:59:36
6998e884207175f03814a910,data_ml,p_count_2,robo,0,20 Feb 2026 23:4:36
6998e9b1207175f03814a916,data_ml,p_count_2,robo,0,20 Feb 2026 23:9:37
6998eade207175f03814a91d,data_ml,p_count_2,robo,0,20 Feb 2026 23:14:38
6998ec0a207175f03814a924,data_ml,p_count_2,robo,0,20 Feb 2026 23:19:38
6998ed37207175f03814a92b,data_ml,p_count_2,robo,0,20 Feb 2026 23:24:39
6998ee63207175f03814a932,data_ml,p_count_2,robo,0,20 Feb 2026 23:29:39
6998ef90207175f03814a939,data_ml,p_count_2,robo,0,20 Feb 2026 23:34:40
6998f0bd207175f03814a940,data_ml,p_count_2,robo,0,20 Feb 2026 23:39:41
6998f1e9207175f03814a947,data_ml,p_count_2,robo,0,20 Feb 2026 23:44:41
6998f316207175f03814a94e,data_ml,p_count_2,robo,0,20 Feb 2026 23:49:42
6998f442207175f03814a955,data_ml,p_count_2,robo,0,20 Feb 2026 23:54:42
6998f56f207175f03814a95c,data_ml,p_count_2,robo,0,20 Feb 2026 23:59:43
6998f69c207175f03814a963,data_ml,p_count_2,robo,0,21 Feb 2026 0:4:44
6998f7c8207175f03814a96a,data_ml,p_count_2,robo,0,21 Feb 2026 0:9:44
6998f8f5207175f03814a971,data_ml,p_count_2,robo,0,21 Feb 2026 0:14:45
6998fa21207175f03814a978,data_ml,p_count_2,robo,0,21 Feb 2026 0:19:45
6998fb4e207175f03814a97f,data_ml,p_count_2,robo,0,21 Feb 2026 0:24:46
6998fc7a207175f03814a986,data_ml,p_count_2,robo,0,21 Feb 2026 0:29:46
6998fda7207175f03814a98d,data_ml,p_count_2,robo,0,21 Feb 2026 0:34:47
6998fed4207175f03814a994,data_ml,p_count_2,robo,0,21 Feb 2026 0:39:48
69990000207175f03814a99b,data_ml,p_count_2,robo,0,21 Feb 2026 0:44:48
6999012d207175f03814a9a2,data_ml,p_count_2,robo,0,21 Feb 2026 0:49:49
69990259207175f03814a9a9,data_ml,p_count_2,robo,0,21 Feb 2026 0:54:49
69990386207175f03814a9b0,data_ml,p_count_2,robo,0,21 Feb 2026 0:59:50
699904b3207175f03814a9b7,data_ml,p_count_2,robo,0,21 Feb 2026 1:4:51
699905df207175f03814a9be,data_ml,p_count_2,robo,0,21 Feb 2026 1:9:51
6999070c207175f03814a9c5,data_ml,p_count_2,robo,0,21 Feb 2026 1:14:52
69990839207175f03814a9cc,data_ml,p_count_2,robo,0,21 Feb 2026 1:19:53
69990965207175f03814a9d3,data_ml,p_count_2,robo,0,21 Feb 2026 1:24:53
69990a92207175f03814a9da,data_ml,p_count_2,robo,0,21 Feb 2026 1:29:54
69990bbf207175f03814a9e1,data_ml,p_count_2,robo,0,21 Feb 2026 1:34:55
69990ceb207175f03814a9e7,data_ml,p_count_2,robo,0,21 Feb 2026 1:39:55
69990e18207175f03814a9ee,data_ml,p_count_2,robo,0,21 Feb 2026 1:44:56
69990f44207175f03814a9f5,data_ml,p_count_2,robo,0,21 Feb 2026 1:49:56
69991071207175f03814a9fc,data_ml,p_count_2,robo,0,21 Feb 2026 1:54:57
6999119e207175f03814aa03,data_ml,p_count_2,robo,0,21 Feb 2026 1:59:58
699912ca207175f03814aa0a,data_ml,p_count_2,robo,0,21 Feb 2026 2:4:58
699913f7207175f03814aa11,data_ml,p_count_2,robo,0,21 Feb 2026 2:9:59
69991523207175f03814aa18,data_ml,p_count_2,robo,0,21 Feb 2026 2:14:59
69991650207175f03814aa1f,data_ml,p_count_2,robo,0,21 Feb 2026 2:20:0
6999177d207175f03814aa26,data_ml,p_count_2,robo,0,21 Feb 2026 2:25:1
699918a9207175f03814aa2d,data_ml,p_count_2,robo,0,21 Feb 2026 2:30:1
699919d6207175f03814aa34,data_ml,p_count_2,robo,0,21 Feb 2026 2:35:2
69991b02207175f03814aa3b,data_ml,p_count_2,robo,0,21 Feb 2026 2:40:2
69991c2f207175f03814aa42,data_ml,p_count_2,robo,0,21 Feb 2026 2:45:3
69991d5c207175f03814aa49,data_ml,p_count_2,robo,0,21 Feb 2026 2:50:4
69991e88207175f03814aa50,data_ml,p_count_2,robo,0,21 Feb 2026 2:55:4
69991fb5207175f03814aa57,data_ml,p_count_2,robo,0,21 Feb 2026 3:0:5
699920e1207175f03814aa5e,data_ml,p_count_2,robo,0,21 Feb 2026 3:5:5
6999220e207175f03814aa65,data_ml,p_count_2,robo,0,21 Feb 2026 3:10:6
6999233a207175f03814aa6c,data_ml,p_count_2,robo,0,21 Feb 2026 3:15:6
69992467207175f03814aa73,data_ml,p_count_2,robo,0,21 Feb 2026 3:20:7
69992594207175f03814aa7a,data_ml,p_count_2,robo,0,21 Feb 2026 3:25:8
699926c0207175f03814aa81,data_ml,p_count_2,robo,0,21 Feb 2026 3:30:8
699927ed207175f03814aa88,data_ml,p_count_2,robo,0,21 Feb 2026 3:35:9
69992919207175f03814aa8f,data_ml,p_count_2,robo,0,21 Feb 2026 3:40:9
69992a46207175f03814aa96,data_ml,p_count_2,robo,0,21 Feb 2026 3:45:10
69992b73207175f03814aa9d,data_ml,p_count_2,robo,0,21 Feb 2026 3:50:11
69992ca0207175f03814aaa4,data_ml,p_count_2,robo,0,21 Feb 2026 3:55:12
69992dcc207175f03814aaab,data_ml,p_count_2,robo,0,21 Feb 2026 4:0:12
69992ef9207175f03814aab2,data_ml,p_count_2,robo,0,21 Feb 2026 4:5:13
69993026207175f03814aab8,data_ml,p_count_2,robo,0,21 Feb 2026 4:10:14
69993152207175f03814aabf,data_ml,p_count_2,robo,0,21 Feb 2026 4:15:14
6999327f207175f03814aac6,data_ml,p_count_2,robo,0,21 Feb 2026 4:20:15
699933ab207175f03814aacd,data_ml,p_count_2,robo,0,21 Feb 2026 4:25:15
699934d8207175f03814aad4,data_ml,p_count_2,robo,0,21 Feb 2026 4:30:16
69993605207175f03814aadb,data_ml,p_count_2,robo,0,21 Feb 2026 4:35:17
69993731207175f03814aae2,data_ml,p_count_2,robo,0,21 Feb 2026 4:40:17
6999385e207175f03814aae9,data_ml,p_count_2,robo,0,21 Feb 2026 4:45:18
6999398a207175f03814aaf0,data_ml,p_count_2,robo,0,21 Feb 2026 4:50:18
69993ab7207175f03814aaf7,data_ml,p_count_2,robo,0,21 Feb 2026 4:55:19
69993be4207175f03814aafe,data_ml,p_count_2,robo,0,21 Feb 2026 5:0:20
69993d10207175f03814ab05,data_ml,p_count_2,robo,0,21 Feb 2026 5:5:20
69993e3d207175f03814ab0c,data_ml,p_count_2,robo,0,21 Feb 2026 5:10:21
69993f69207175f03814ab13,data_ml,p_count_2,robo,0,21 Feb 2026 5:15:21
69994096207175f03814ab1a,data_ml,p_count_2,robo,0,21 Feb 2026 5:20:22
699941c3207175f03814ab21,data_ml,p_count_2,robo,0,21 Feb 2026 5:25:23
699942ef207175f03814ab28,data_ml,p_count_2,robo,0,21 Feb 2026 5:30:23
6999441c207175f03814ab2f,data_ml,p_count_2,robo,0,21 Feb 2026 5:35:24
69994548207175f03814ab36,data_ml,p_count_2,robo,0,21 Feb 2026 5:40:24
69994675207175f03814ab3d,data_ml,p_count_2,robo,0,21 Feb 2026 5:45:25
699947a1207175f03814ab44,data_ml,p_count_2,robo,0,21 Feb 2026 5:50:25
699948ce207175f03814ab4b,data_ml,p_count_2,robo,0,21 Feb 2026 5:55:26
699949fb207175f03814ab52,data_ml,p_count_2,robo,0,21 Feb 2026 6:0:27
69994b27207175f03814ab59,data_ml,p_count_2,robo,0,21 Feb 2026 6:5:27
69994c54207175f03814ab60,data_ml,p_count_2,robo,0,21 Feb 2026 6:10:28
69994d80207175f03814ab67,data_ml,p_count_2,robo,0,21 Feb 2026 6:15:28
69994ead207175f03814ab6e,data_ml,p_count_2,robo,0,21 Feb 2026 6:20:29
69994fda207175f03814ab75,data_ml,p_count_2,robo,0,21 Feb 2026 6:25:30
69995106207175f03814ab7c,data_ml,p_count_2,robo,0,21 Feb 2026 6:30:30
69995233207175f03814ab83,data_ml,p_count_2,robo,0,21 Feb 2026 6:35:31
6999535f207175f03814ab89,data_ml,p_count_2,robo,0,21 Feb 2026 6:40:31
6999548c207175f03814ab90,data_ml,p_count_2,robo,0,21 Feb 2026 6:45:32
699955b9207175f03814ab97,data_ml,p_count_2,robo,0,21 Feb 2026 6:50:33
699956e5207175f03814ab9e,data_ml,p_count_2,robo,0,21 Feb 2026 6:55:33
69995812207175f03814aba5,data_ml,p_count_2,robo,0,21 Feb 2026 7:0:34
6999593e207175f03814abac,data_ml,p_count_2,robo,0,21 Feb 2026 7:5:34
69995a6b207175f03814abb3,data_ml,p_count_2,robo,0,21 Feb 2026 7:10:35
69995b98207175f03814abba,data_ml,p_count_2,robo,0,21 Feb 2026 7:15:36
69995cc4207175f03814abc1,data_ml,p_count_2,robo,0,21 Feb 2026 7:20:36
69995df1207175f03814abc8,data_ml,p_count_2,robo,0,21 Feb 2026 7:25:37
69995f1d207175f03814abcf,data_ml,p_count_2,robo,1,21 Feb 2026 7:30:37
6999604a207175f03814abd6,data_ml,p_count_2,robo,0,21 Feb 2026 7:35:38
69996176207175f03814abdd,data_ml,p_count_2,robo,0,21 Feb 2026 7:40:38
699962a3207175f03814abe4,data_ml,p_count_2,robo,0,21 Feb 2026 7:45:39
699963d0207175f03814abeb,data_ml,p_count_2,robo,0,21 Feb 2026 7:50:40
699964fc207175f03814abf2,data_ml,p_count_2,robo,0,21 Feb 2026 7:55:40
69996629207175f03814abf9,data_ml,p_count_2,robo,0,21 Feb 2026 8:0:41
69996755207175f03814ac00,data_ml,p_count_2,robo,2,21 Feb 2026 8:5:41
69996882207175f03814ac07,data_ml,p_count_2,robo,2,21 Feb 2026 8:10:42
699969ae207175f03814ac0e,data_ml,p_count_2,robo,0,21 Feb 2026 8:15:42
69996adb207175f03814ac15,data_ml,p_count_2,robo,0,21 Feb 2026 8:20:43
69996c08207175f03814ac1c,data_ml,p_count_2,robo,0,21 Feb 2026 8:25:44
69996d34207175f03814ac23,data_ml,p_count_2,robo,0,21 Feb 2026 8:30:44
69996e61207175f03814ac2a,data_ml,p_count_2,robo,0,21 Feb 2026 8:35:45
69996f8d207175f03814ac31,data_ml,p_count_2,robo,0,21 Feb 2026 8:40:45
699970ba207175f03814ac38,data_ml,p_count_2,robo,0,21 Feb 2026 8:45:46
699971e7207175f03814ac3f,data_ml,p_count_2,robo,0,21 Feb 2026 8:50:47
69997313207175f03814ac46,data_ml,p_count_2,robo,0,21 Feb 2026 8:55:47
69997440207175f03814ac4d,data_ml,p_count_2,robo,4,21 Feb 2026 9:0:48
6999756d207175f03814ac54,data_ml,p_count_2,robo,0,21 Feb 2026 9:5:49
69997699207175f03814ac5a,data_ml,p_count_2,robo,0,21 Feb 2026 9:10:49
699977c6207175f03814ac61,data_ml,p_count_2,robo,0,21 Feb 2026 9:15:50
699978f2207175f03814ac68,data_ml,p_count_2,robo,0,21 Feb 2026 9:20:50
69997a1f207175f03814ac6f,data_ml,p_count_2,robo,0,21 Feb 2026 9:25:51
69997b4b207175f03814ac76,data_ml,p_count_2,robo,0,21 Feb 2026 9:30:51
69997c78207175f03814ac7d,data_ml,p_count_2,robo,0,21 Feb 2026 9:35:52
69997da4207175f03814ac84,data_ml,p_count_2,robo,0,21 Feb 2026 9:40:52
69997ed1207175f03814ac8b,data_ml,p_count_2,robo,0,21 Feb 2026 9:45:53
69997ffe207175f03814ac92,data_ml,p_count_2,robo,0,21 Feb 2026 9:50:54
6999812a207175f03814ac99,data_ml,p_count_2,robo,0,21 Feb 2026 9:55:54
69998257207175f03814aca0,data_ml,p_count_2,robo,1,21 Feb 2026 10:0:55
69998383207175f03814aca7,data_ml,p_count_2,robo,0,21 Feb 2026 10:5:55
699984b0207175f03814acae,data_ml,p_count_2,robo,0,21 Feb 2026 10:10:56
699985dc207175f03814acb5,data_ml,p_count_2,robo,1,21 Feb 2026 10:15:56
69998709207175f03814acbc,data_ml,p_count_2,robo,0,21 Feb 2026 10:20:57
69998836207175f03814acc3,data_ml,p_count_2,robo,0,21 Feb 2026 10:25:58
69998962207175f03814acca,data_ml,p_count_2,robo,0,21 Feb 2026 10:30:58
69998a8f207175f03814acd1,data_ml,p_count_2,robo,0,21 Feb 2026 10:35:59
69998bbb207175f03814acd8,data_ml,p_count_2,robo,0,21 Feb 2026 10:40:59
69998ce8207175f03814acdf,data_ml,p_count_2,robo,0,21 Feb 2026 10:46:0
69998e15207175f03814ace6,data_ml,p_count_2,robo,0,21 Feb 2026 10:51:1
69998f41207175f03814aced,data_ml,p_count_2,robo,0,21 Feb 2026 10:56:1
6999906e207175f03814acf4,data_ml,p_count_2,robo,0,21 Feb 2026 11:1:2
6999919a207175f03814acfb,data_ml,p_count_2,robo,0,21 Feb 2026 11:6:2
699992c7207175f03814ad02,data_ml,p_count_2,robo,0,21 Feb 2026 11:11:3
699993f3207175f03814ad09,data_ml,p_count_2,robo,0,21 Feb 2026 11:16:3
69999520207175f03814ad10,data_ml,p_count_2,robo,0,21 Feb 2026 11:21:4
6999964d207175f03814ad17,data_ml,p_count_2,robo,0,21 Feb 2026 11:26:5
6999977a207175f03814ad1e,data_ml,p_count_2,robo,0,21 Feb 2026 11:31:6
699998a6207175f03814ad25,data_ml,p_count_2,robo,0,21 Feb 2026 11:36:6
699999d3207175f03814ad2b,data_ml,p_count_2,robo,0,21 Feb 2026 11:41:7
69999aff207175f03814ad32,data_ml,p_count_2,robo,2,21 Feb 2026 11:46:7
69999c2c207175f03814ad39,data_ml,p_count_2,robo,0,21 Feb 2026 11:51:8
69999d58207175f03814ad40,data_ml,p_count_2,robo,0,21 Feb 2026 11:56:8
69999e85207175f03814ad47,data_ml,p_count_2,robo,0,21 Feb 2026 12:1:9
69999fb1207175f03814ad4e,data_ml,p_count_2,robo,0,21 Feb 2026 12:6:9
6999a0df207175f03814ad56,data_ml,p_count_2,robo,0,21 Feb 2026 12:11:11
6999a20b207175f03814ad5d,data_ml,p_count_2,robo,0,21 Feb 2026 12:16:11
6999a338207175f03814ad64,data_ml,p_count_2,robo,0,21 Feb 2026 12:21:12
6999a464207175f03814ad6b,data_ml,p_count_2,robo,0,21 Feb 2026 12:26:12
6999a591207175f03814ad72,data_ml,p_count_2,robo,0,21 Feb 2026 12:31:13
6999a6bd207175f03814ad79,data_ml,p_count_2,robo,0,21 Feb 2026 12:36:13
6999a7ea207175f03814ad80,data_ml,p_count_2,robo,0,21 Feb 2026 12:41:14
6999a917207175f03814ad87,data_ml,p_count_2,robo,0,21 Feb 2026 12:46:15
6999aa43207175f03814ad8e,data_ml,p_count_2,robo,0,21 Feb 2026 12:51:15
6999ab70207175f03814ad95,data_ml,p_count_2,robo,0,21 Feb 2026 12:56:16
6999ac9c207175f03814ad9c,data_ml,p_count_2,robo,0,21 Feb 2026 13:1:16
6999adc9207175f03814ada3,data_ml,p_count_2,robo,0,21 Feb 2026 13:6:17
6999aef5207175f03814adaa,data_ml,p_count_2,robo,0,21 Feb 2026 13:11:17
6999b022207175f03814adb1,data_ml,p_count_2,robo,0,21 Feb 2026 13:16:18
6999b14e207175f03814adb8,data_ml,p_count_2,robo,0,21 Feb 2026 13:21:18
6999b27b207175f03814adbf,data_ml,p_count_2,robo,0,21 Feb 2026 13:26:19
6999b3a7207175f03814adc6,data_ml,p_count_2,robo,0,21 Feb 2026 13:31:19
6999b4d4207175f03814adcd,data_ml,p_count_2,robo,0,21 Feb 2026 13:36:20
6999b601207175f03814add4,data_ml,p_count_2,robo,0,21 Feb 2026 13:41:21
6999b72d40871d14502ace71,data_ml,p_count_2,robo,0,21 Feb 2026 13:46:21
6999b85a40871d14502ace78,data_ml,p_count_2,robo,0,21 Feb 2026 13:51:22
6999b98740871d14502ace7f,data_ml,p_count_2,robo,0,21 Feb 2026 13:56:23
6999bab340871d14502ace86,data_ml,p_count_2,robo,1,21 Feb 2026 14:1:23
6999bbe040871d14502ace8d,data_ml,p_count_2,robo,0,21 Feb 2026 14:6:24
6999bd0c40871d14502ace93,data_ml,p_count_2,robo,0,21 Feb 2026 14:11:24
6999be3940871d14502ace9a,data_ml,p_count_2,robo,0,21 Feb 2026 14:16:25
6999bf6640871d14502acea1,data_ml,p_count_2,robo,0,21 Feb 2026 14:21:26
6999c09240871d14502acea8,data_ml,p_count_2,robo,0,21 Feb 2026 14:26:26
6999c1bf40871d14502aceaf,data_ml,p_count_2,robo,0,21 Feb 2026 14:31:27
6999c2eb40871d14502aceb6,data_ml,p_count_2,robo,0,21 Feb 2026 14:36:27
6999c41840871d14502acebd,data_ml,p_count_2,robo,0,21 Feb 2026 14:41:28
6999c54440871d14502acec4,data_ml,p_count_2,robo,0,21 Feb 2026 14:46:28
6999c67140871d14502acecb,data_ml,p_count_2,robo,2,21 Feb 2026 14:51:29
6999c79d40871d14502aced2,data_ml,p_count_2,robo,0,21 Feb 2026 14:56:29
6999c8ca40871d14502aced9,data_ml,p_count_2,robo,0,21 Feb 2026 15:1:30
6999c9f740871d14502acee0,data_ml,p_count_2,robo,0,21 Feb 2026 15:6:31
6999cb2340871d14502acee7,data_ml,p_count_2,robo,0,21 Feb 2026 15:11:31
6999cc5040871d14502aceee,data_ml,p_count_2,robo,0,21 Feb 2026 15:16:32
6999cd7c40871d14502acef5,data_ml,p_count_2,robo,0,21 Feb 2026 15:21:32
6999cea940871d14502acefc,data_ml,p_count_2,robo,0,21 Feb 2026 15:26:33
6999cfd540871d14502acf03,data_ml,p_count_2,robo,0,21 Feb 2026 15:31:33
6999d10240871d14502acf0a,data_ml,p_count_2,robo,0,21 Feb 2026 15:36:34
6999d22e40871d14502acf11,data_ml,p_count_2,robo,0,21 Feb 2026 15:41:34
6999d35b40871d14502acf18,data_ml,p_count_2,robo,0,21 Feb 2026 15:46:35
6999d48840871d14502acf1f,data_ml,p_count_2,robo,0,21 Feb 2026 15:51:36
6999d5b440871d14502acf26,data_ml,p_count_2,robo,0,21 Feb 2026 15:56:36
6999d6e140871d14502acf2d,data_ml,p_count_2,robo,0,21 Feb 2026 16:1:37
6999d80d40871d14502acf34,data_ml,p_count_2,robo,0,21 Feb 2026 16:6:37
6999d93a40871d14502acf3b,data_ml,p_count_2,robo,0,21 Feb 2026 16:11:38
6999da6640871d14502acf42,data_ml,p_count_2,robo,0,21 Feb 2026 16:16:38
6999db9340871d14502acf49,data_ml,p_count_2,robo,0,21 Feb 2026 16:21:39
6999dcc040871d14502acf50,data_ml,p_count_2,robo,0,21 Feb 2026 16:26:40
6999dded40871d14502acf57,data_ml,p_count_2,robo,0,21 Feb 2026 16:31:41
6999df1940871d14502acf5e,data_ml,p_count_2,robo,0,21 Feb 2026 16:36:41
6999e04640871d14502acf64,data_ml,p_count_2,robo,0,21 Feb 2026 16:41:42
6999e17240871d14502acf6b,data_ml,p_count_2,robo,0,21 Feb 2026 16:46:42
6999e29f40871d14502acf72,data_ml,p_count_2,robo,0,21 Feb 2026 16:51:43
6999e3cb40871d14502acf79,data_ml,p_count_2,robo,0,21 Feb 2026 16:56:43
6999e4f840871d14502acf80,data_ml,p_count_2,robo,0,21 Feb 2026 17:1:44
6999e4f879ff98e80d6c6903,data_ml,p_count_2,robo,0,21 Feb 2026 17:1:44
6999e62540871d14502acf87,data_ml,p_count_2,robo,0,21 Feb 2026 17:6:45
6999e75140871d14502acf8e,data_ml,p_count_2,robo,0,21 Feb 2026 17:11:45
6999e87e40871d14502acf95,data_ml,p_count_2,robo,0,21 Feb 2026 17:16:46
6999e9aa40871d14502acf9c,data_ml,p_count_2,robo,0,21 Feb 2026 17:21:46
6999ead740871d14502acfa3,data_ml,p_count_2,robo,0,21 Feb 2026 17:26:47
6999ec0340871d14502acfaa,data_ml,p_count_2,robo,0,21 Feb 2026 17:31:47
6999ed3040871d14502acfb1,data_ml,p_count_2,robo,0,21 Feb 2026 17:36:48
6999ee5d40871d14502acfb8,data_ml,p_count_2,robo,0,21 Feb 2026 17:41:49
6999ef8940871d14502acfbf,data_ml,p_count_2,robo,0,21 Feb 2026 17:46:49
6999f0b640871d14502acfc6,data_ml,p_count_2,robo,0,21 Feb 2026 17:51:50
6999f1e240871d14502acfcd,data_ml,p_count_2,robo,0,21 Feb 2026 17:56:50
6999f30f40871d14502acfd4,data_ml,p_count_2,robo,0,21 Feb 2026 18:1:51
6999f43b40871d14502acfdb,data_ml,p_count_2,robo,0,21 Feb 2026 18:6:51
6999f56840871d14502acfe2,data_ml,p_count_2,robo,0,21 Feb 2026 18:11:52
6999f69540871d14502acfe9,data_ml,p_count_2,robo,0,21 Feb 2026 18:16:53
6999f7c140871d14502acff0,data_ml,p_count_2,robo,0,21 Feb 2026 18:21:53
6999f8ee40871d14502acff7,data_ml,p_count_2,robo,0,21 Feb 2026 18:26:54
6999fa1a40871d14502acffe,data_ml,p_count_2,robo,0,21 Feb 2026 18:31:54
6999fb4740871d14502ad005,data_ml,p_count_2,robo,0,21 Feb 2026 18:36:55
6999fc7340871d14502ad00c,data_ml,p_count_2,robo,0,21 Feb 2026 18:41:55
6999fda040871d14502ad013,data_ml,p_count_2,robo,0,21 Feb 2026 18:46:56
6999fecd40871d14502ad01a,data_ml,p_count_2,robo,0,21 Feb 2026 18:51:57
6999fffa40871d14502ad021,data_ml,p_count_2,robo,0,21 Feb 2026 18:56:58
699a012640871d14502ad028,data_ml,p_count_2,robo,0,21 Feb 2026 19:1:58
699a025340871d14502ad02f,data_ml,p_count_2,robo,0,21 Feb 2026 19:6:59
699a037f40871d14502ad035,data_ml,p_count_2,robo,0,21 Feb 2026 19:11:59
699a04ac40871d14502ad03c,data_ml,p_count_2,robo,0,21 Feb 2026 19:17:0
699a05d840871d14502ad043,data_ml,p_count_2,robo,0,21 Feb 2026 19:22:0
699a070540871d14502ad04a,data_ml,p_count_2,robo,0,21 Feb 2026 19:27:1
699a083240871d14502ad051,data_ml,p_count_2,robo,0,21 Feb 2026 19:32:2
699a095e40871d14502ad058,data_ml,p_count_2,robo,0,21 Feb 2026 19:37:2
699a0a8b40871d14502ad05f,data_ml,p_count_2,robo,0,21 Feb 2026 19:42:3
699a0bb740871d14502ad066,data_ml,p_count_2,robo,0,21 Feb 2026 19:47:3
699a0ce440871d14502ad06d,data_ml,p_count_2,robo,0,21 Feb 2026 19:52:4
699a0e1140871d14502ad074,data_ml,p_count_2,robo,0,21 Feb 2026 19:57:5
699a0f3d40871d14502ad07b,data_ml,p_count_2,robo,0,21 Feb 2026 20:2:5
699a106a40871d14502ad082,data_ml,p_count_2,robo,0,21 Feb 2026 20:7:6
699a119640871d14502ad089,data_ml,p_count_2,robo,0,21 Feb 2026 20:12:6
699a12c340871d14502ad090,data_ml,p_count_2,robo,0,21 Feb 2026 20:17:7
699a13ef40871d14502ad097,data_ml,p_count_2,robo,0,21 Feb 2026 20:22:7
699a151c40871d14502ad09e,data_ml,p_count_2,robo,0,21 Feb 2026 20:27:8
699a164840871d14502ad0a5,data_ml,p_count_2,robo,0,21 Feb 2026 20:32:8
699a177540871d14502ad0ac,data_ml,p_count_2,robo,0,21 Feb 2026 20:37:9
699a18a240871d14502ad0b3,data_ml,p_count_2,robo,0,21 Feb 2026 20:42:10
699a19ce40871d14502ad0ba,data_ml,p_count_2,robo,0,21 Feb 2026 20:47:10
699a1afb40871d14502ad0c1,data_ml,p_count_2,robo,0,21 Feb 2026 20:52:11
699a1c2740871d14502ad0c8,data_ml,p_count_2,robo,0,21 Feb 2026 20:57:11
699a1d5440871d14502ad0cf,data_ml,p_count_2,robo,0,21 Feb 2026 21:2:12
699a1e8040871d14502ad0d6,data_ml,p_count_2,robo,0,21 Feb 2026 21:7:12
699a1fad40871d14502ad0dd,data_ml,p_count_2,robo,0,21 Feb 2026 21:12:13
699a20d940871d14502ad0e4,data_ml,p_count_2,robo,0,21 Feb 2026 21:17:13
699a220740871d14502ad0eb,data_ml,p_count_2,robo,0,21 Feb 2026 21:22:15
699a233340871d14502ad0f2,data_ml,p_count_2,robo,0,21 Feb 2026 21:27:15
699a246040871d14502ad0f9,data_ml,p_count_2,robo,0,21 Feb 2026 21:32:16
699a258c40871d14502ad100,data_ml,p_count_2,robo,0,21 Feb 2026 21:37:16
699a26b940871d14502ad107,data_ml,p_count_2,robo,0,21 Feb 2026 21:42:17
699a27e640871d14502ad10e,data_ml,p_count_2,robo,0,21 Feb 2026 21:47:18
699a291340871d14502ad115,data_ml,p_count_2,robo,0,21 Feb 2026 21:52:19
699a2a3f40871d14502ad11c,data_ml,p_count_2,robo,0,21 Feb 2026 21:57:19
699a2b6c40871d14502ad123,data_ml,p_count_2,robo,0,21 Feb 2026 22:2:20
699a2c9840871d14502ad12a,data_ml,p_count_2,robo,0,21 Feb 2026 22:7:20
699a2dc540871d14502ad131,data_ml,p_count_2,robo,0,21 Feb 2026 22:12:21
699a2ef140871d14502ad138,data_ml,p_count_2,robo,0,21 Feb 2026 22:17:21
699a301e40871d14502ad13f,data_ml,p_count_2,robo,0,21 Feb 2026 22:22:22
699a314a40871d14502ad146,data_ml,p_count_2,robo,0,21 Feb 2026 22:27:22
699a327740871d14502ad14d,data_ml,p_count_2,robo,0,21 Feb 2026 22:32:23
699a33a440871d14502ad154,data_ml,p_count_2,robo,0,21 Feb 2026 22:37:24
699a34d040871d14502ad15b,data_ml,p_count_2,robo,0,21 Feb 2026 22:42:24
699a35fd40871d14502ad162,data_ml,p_count_2,robo,0,21 Feb 2026 22:47:25
699a372940871d14502ad169,data_ml,p_count_2,robo,0,21 Feb 2026 22:52:25
699a385640871d14502ad170,data_ml,p_count_2,robo,0,21 Feb 2026 22:57:26
699a398340871d14502ad177,data_ml,p_count_2,robo,0,21 Feb 2026 23:2:27
699a3aaf40871d14502ad17e,data_ml,p_count_2,robo,0,21 Feb 2026 23:7:27
699a3bdc40871d14502ad185,data_ml,p_count_2,robo,0,21 Feb 2026 23:12:28
699a3d0840871d14502ad18c,data_ml,p_count_2,robo,0,21 Feb 2026 23:17:28
699a3e3540871d14502ad193,data_ml,p_count_2,robo,0,21 Feb 2026 23:22:29
699a3f6240871d14502ad19a,data_ml,p_count_2,robo,0,21 Feb 2026 23:27:30
699a408e40871d14502ad1a1,data_ml,p_count_2,robo,0,21 Feb 2026 23:32:30
699a41bb40871d14502ad1a8,data_ml,p_count_2,robo,0,21 Feb 2026 23:37:31
699a42e740871d14502ad1af,data_ml,p_count_2,robo,0,21 Feb 2026 23:42:31
699a441440871d14502ad1b6,data_ml,p_count_2,robo,0,21 Feb 2026 23:47:32
699a454140871d14502ad1bd,data_ml,p_count_2,robo,0,21 Feb 2026 23:52:33
699a466e40871d14502ad1c4,data_ml,p_count_2,robo,0,21 Feb 2026 23:57:34
699a479a40871d14502ad1cb,data_ml,p_count_2,robo,0,22 Feb 2026 0:2:34
699a48c740871d14502ad1d2,data_ml,p_count_2,robo,0,22 Feb 2026 0:7:35
699a49f340871d14502ad1d8,data_ml,p_count_2,robo,0,22 Feb 2026 0:12:35
699a4b2040871d14502ad1df,data_ml,p_count_2,robo,0,22 Feb 2026 0:17:36
699a4c4d40871d14502ad1e6,data_ml,p_count_2,robo,0,22 Feb 2026 0:22:37
699a4d7940871d14502ad1ed,data_ml,p_count_2,robo,0,22 Feb 2026 0:27:37
699a4ea640871d14502ad1f4,data_ml,p_count_2,robo,0,22 Feb 2026 0:32:38
699a4fd240871d14502ad1fb,data_ml,p_count_2,robo,0,22 Feb 2026 0:37:38
699a50ff40871d14502ad202,data_ml,p_count_2,robo,0,22 Feb 2026 0:42:39
699a522b40871d14502ad209,data_ml,p_count_2,robo,0,22 Feb 2026 0:47:39
699a535840871d14502ad210,data_ml,p_count_2,robo,0,22 Feb 2026 0:52:40
699a548540871d14502ad217,data_ml,p_count_2,robo,0,22 Feb 2026 0:57:41
699a55b140871d14502ad21e,data_ml,p_count_2,robo,0,22 Feb 2026 1:2:41
699a56de40871d14502ad225,data_ml,p_count_2,robo,0,22 Feb 2026 1:7:42
699a580a40871d14502ad22c,data_ml,p_count_2,robo,0,22 Feb 2026 1:12:42
699a593740871d14502ad233,data_ml,p_count_2,robo,0,22 Feb 2026 1:17:43
699a5a6440871d14502ad23a,data_ml,p_count_2,robo,0,22 Feb 2026 1:22:44
699a5b9040871d14502ad241,data_ml,p_count_2,robo,0,22 Feb 2026 1:27:44
699a5cbd40871d14502ad248,data_ml,p_count_2,robo,0,22 Feb 2026 1:32:45
699a5de940871d14502ad24f,data_ml,p_count_2,robo,0,22 Feb 2026 1:37:45
699a5f1640871d14502ad256,data_ml,p_count_2,robo,0,22 Feb 2026 1:42:46
699a604340871d14502ad25d,data_ml,p_count_2,robo,0,22 Feb 2026 1:47:47
699a616f40871d14502ad264,data_ml,p_count_2,robo,0,22 Feb 2026 1:52:47
699a629c40871d14502ad26b,data_ml,p_count_2,robo,0,22 Feb 2026 1:57:48
699a63c840871d14502ad272,data_ml,p_count_2,robo,0,22 Feb 2026 2:2:48
699a64f540871d14502ad279,data_ml,p_count_2,robo,0,22 Feb 2026 2:7:49
699a662240871d14502ad280,data_ml,p_count_2,robo,0,22 Feb 2026 2:12:50
699a674e40871d14502ad287,data_ml,p_count_2,robo,0,22 Feb 2026 2:17:50
699a687b40871d14502ad28e,data_ml,p_count_2,robo,0,22 Feb 2026 2:22:51
699a69a840871d14502ad295,data_ml,p_count_2,robo,0,22 Feb 2026 2:27:52
699a6ad440871d14502ad29c,data_ml,p_count_2,robo,0,22 Feb 2026 2:32:52
699a6c0140871d14502ad2a3,data_ml,p_count_2,robo,0,22 Feb 2026 2:37:53
699a6d2e40871d14502ad2a9,data_ml,p_count_2,robo,0,22 Feb 2026 2:42:54
699a6e5a40871d14502ad2b0,data_ml,p_count_2,robo,0,22 Feb 2026 2:47:54
699a6f8740871d14502ad2b7,data_ml,p_count_2,robo,0,22 Feb 2026 2:52:55
699a70b340871d14502ad2be,data_ml,p_count_2,robo,0,22 Feb 2026 2:57:55
699a71e040871d14502ad2c5,data_ml,p_count_2,robo,0,22 Feb 2026 3:2:56
699a730d40871d14502ad2cc,data_ml,p_count_2,robo,0,22 Feb 2026 3:7:57
699a743940871d14502ad2d3,data_ml,p_count_2,robo,0,22 Feb 2026 3:12:57
699a756640871d14502ad2da,data_ml,p_count_2,robo,0,22 Feb 2026 3:17:58
699a769240871d14502ad2e1,data_ml,p_count_2,robo,0,22 Feb 2026 3:22:58
699a77bf40871d14502ad2e8,data_ml,p_count_2,robo,0,22 Feb 2026 3:27:59
699a78ec40871d14502ad2ef,data_ml,p_count_2,robo,0,22 Feb 2026 3:33:0
699a7a1840871d14502ad2f6,data_ml,p_count_2,robo,0,22 Feb 2026 3:38:0
699a7b4540871d14502ad2fd,data_ml,p_count_2,robo,0,22 Feb 2026 3:43:1
699a7c7140871d14502ad304,data_ml,p_count_2,robo,0,22 Feb 2026 3:48:1
699a7d9e40871d14502ad30b,data_ml,p_count_2,robo,0,22 Feb 2026 3:53:2
699a7ecb40871d14502ad312,data_ml,p_count_2,robo,0,22 Feb 2026 3:58:3
699a7ff740871d14502ad319,data_ml,p_count_2,robo,0,22 Feb 2026 4:3:3
699a7ff7fc0b35aacbd71200,data_ml,p_count_2,robo,0,22 Feb 2026 4:3:3
699a812440871d14502ad31f,data_ml,p_count_2,robo,0,22 Feb 2026 4:8:4
699a825040871d14502ad326,data_ml,p_count_2,robo,0,22 Feb 2026 4:13:4
699a837d40871d14502ad32d,data_ml,p_count_2,robo,0,22 Feb 2026 4:18:5
699a84aa40871d14502ad334,data_ml,p_count_2,robo,0,22 Feb 2026 4:23:6
699a85d640871d14502ad33b,data_ml,p_count_2,robo,0,22 Feb 2026 4:28:6
699a870340871d14502ad342,data_ml,p_count_2,robo,0,22 Feb 2026 4:33:7
699a882f40871d14502ad349,data_ml,p_count_2,robo,0,22 Feb 2026 4:38:7
699a895c40871d14502ad350,data_ml,p_count_2,robo,0,22 Feb 2026 4:43:8
699a8a8840871d14502ad357,data_ml,p_count_2,robo,0,22 Feb 2026 4:48:8
699a8bb640871d14502ad35e,data_ml,p_count_2,robo,0,22 Feb 2026 4:53:10
699a8ce240871d14502ad365,data_ml,p_count_2,robo,0,22 Feb 2026 4:58:10
699a8e0f40871d14502ad36c,data_ml,p_count_2,robo,0,22 Feb 2026 5:3:11
699a8f3b40871d14502ad373,data_ml,p_count_2,robo,0,22 Feb 2026 5:8:11
699a906840871d14502ad379,data_ml,p_count_2,robo,0,22 Feb 2026 5:13:12
699a919440871d14502ad380,data_ml,p_count_2,robo,0,22 Feb 2026 5:18:12
699a92c140871d14502ad387,data_ml,p_count_2,robo,0,22 Feb 2026 5:23:13
699a93ee40871d14502ad38e,data_ml,p_count_2,robo,0,22 Feb 2026 5:28:14
699a951a40871d14502ad395,data_ml,p_count_2,robo,0,22 Feb 2026 5:33:14
699a964740871d14502ad39d,data_ml,p_count_2,robo,0,22 Feb 2026 5:38:15
699a977540871d14502ad3a7,data_ml,p_count_2,robo,0,22 Feb 2026 5:43:17
699a98a040871d14502ad3b8,data_ml,p_count_2,robo,0,22 Feb 2026 5:48:16
699a99cd40871d14502ad3c9,data_ml,p_count_2,robo,0,22 Feb 2026 5:53:17
699a9afa40871d14502ad3da,data_ml,p_count_2,robo,0,22 Feb 2026 5:58:18
699a9c2640871d14502ad3eb,data_ml,p_count_2,robo,0,22 Feb 2026 6:3:18
699a9d5340871d14502ad3fc,data_ml,p_count_2,robo,0,22 Feb 2026 6:8:19
699a9e7f40871d14502ad40d,data_ml,p_count_2,robo,0,22 Feb 2026 6:13:19
699a9fac40871d14502ad41e,data_ml,p_count_2,robo,0,22 Feb 2026 6:18:20
699aa0d940871d14502ad42f,data_ml,p_count_2,robo,0,22 Feb 2026 6:23:21
699aa20540871d14502ad440,data_ml,p_count_2,robo,0,22 Feb 2026 6:28:21
699aa33240871d14502ad451,data_ml,p_count_2,robo,0,22 Feb 2026 6:33:22
699aa45e40871d14502ad462,data_ml,p_count_2,robo,0,22 Feb 2026 6:38:22
699aa58b40871d14502ad473,data_ml,p_count_2,robo,0,22 Feb 2026 6:43:23
699aa6b740871d14502ad484,data_ml,p_count_2,robo,0,22 Feb 2026 6:48:23
699aa7e440871d14502ad495,data_ml,p_count_2,robo,0,22 Feb 2026 6:53:24
699aa91040871d14502ad4a6,data_ml,p_count_2,robo,0,22 Feb 2026 6:58:24
699aaa3d40871d14502ad4b7,data_ml,p_count_2,robo,0,22 Feb 2026 7:3:25
699aab6a40871d14502ad4c8,data_ml,p_count_2,robo,0,22 Feb 2026 7:8:26
699aac9640871d14502ad4d9,data_ml,p_count_2,robo,1,22 Feb 2026 7:13:26
699aadc340871d14502ad4ea,data_ml,p_count_2,robo,2,22 Feb 2026 7:18:27
699aaef040871d14502ad4fb,data_ml,p_count_2,robo,0,22 Feb 2026 7:23:28
699ab01c40871d14502ad50c,data_ml,p_count_2,robo,0,22 Feb 2026 7:28:28
699ab14940871d14502ad51d,data_ml,p_count_2,robo,0,22 Feb 2026 7:33:29
699ab27640871d14502ad52e,data_ml,p_count_2,robo,0,22 Feb 2026 7:38:30
699ab3a240871d14502ad53e,data_ml,p_count_2,robo,0,22 Feb 2026 7:43:30
699ab4cf40871d14502ad54f,data_ml,p_count_2,robo,0,22 Feb 2026 7:48:31
699ab5fb40871d14502ad560,data_ml,p_count_2,robo,0,22 Feb 2026 7:53:31
699ab72840871d14502ad571,data_ml,p_count_2,robo,0,22 Feb 2026 7:58:32
699ab85440871d14502ad582,data_ml,p_count_2,robo,0,22 Feb 2026 8:3:32
699ab98140871d14502ad593,data_ml,p_count_2,robo,0,22 Feb 2026 8:8:33
699abaae40871d14502ad5a4,data_ml,p_count_2,robo,0,22 Feb 2026 8:13:34
699abbda40871d14502ad5b5,data_ml,p_count_2,robo,0,22 Feb 2026 8:18:34
699abd0740871d14502ad5c6,data_ml,p_count_2,robo,0,22 Feb 2026 8:23:35
699abe3340871d14502ad5d7,data_ml,p_count_2,robo,0,22 Feb 2026 8:28:35
699abf6040871d14502ad5e8,data_ml,p_count_2,robo,0,22 Feb 2026 8:33:36
699ac08d40871d14502ad5f9,data_ml,p_count_2,robo,0,22 Feb 2026 8:38:37
699ac1b940871d14502ad60a,data_ml,p_count_2,robo,0,22 Feb 2026 8:43:37
699ac2e640871d14502ad61b,data_ml,p_count_2,robo,0,22 Feb 2026 8:48:38
699ac41240871d14502ad62c,data_ml,p_count_2,robo,0,22 Feb 2026 8:53:38
699ac53f40871d14502ad63d,data_ml,p_count_2,robo,0,22 Feb 2026 8:58:39
699ac66c40871d14502ad64e,data_ml,p_count_2,robo,0,22 Feb 2026 9:3:40
699ac79840871d14502ad65f,data_ml,p_count_2,robo,0,22 Feb 2026 9:8:40
699ac8c540871d14502ad670,data_ml,p_count_2,robo,0,22 Feb 2026 9:13:41
699ac9f140871d14502ad681,data_ml,p_count_2,robo,0,22 Feb 2026 9:18:41
699acb1e40871d14502ad692,data_ml,p_count_2,robo,0,22 Feb 2026 9:23:42
699acc4a40871d14502ad6a4,data_ml,p_count_2,robo,0,22 Feb 2026 9:28:42
699acd7740871d14502ad6b5,data_ml,p_count_2,robo,0,22 Feb 2026 9:33:43
699acea4429216e040141e8f,data_ml,p_count_2,robo,0,22 Feb 2026 9:38:44
699acea440871d14502ad6c6,data_ml,p_count_2,robo,0,22 Feb 2026 9:38:44
699acfd040871d14502ad6d7,data_ml,p_count_2,robo,0,22 Feb 2026 9:43:44
699ad0fd40871d14502ad6e8,data_ml,p_count_2,robo,0,22 Feb 2026 9:48:45
699ad22a40871d14502ad6f9,data_ml,p_count_2,robo,0,22 Feb 2026 9:53:46
699ad35740871d14502ad70a,data_ml,p_count_2,robo,0,22 Feb 2026 9:58:47
699ad48340871d14502ad71b,data_ml,p_count_2,robo,0,22 Feb 2026 10:3:47
699ad5b040871d14502ad72c,data_ml,p_count_2,robo,0,22 Feb 2026 10:8:48
699ad6dc40871d14502ad73c,data_ml,p_count_2,robo,0,22 Feb 2026 10:13:48
699ad80940871d14502ad74d,data_ml,p_count_2,robo,0,22 Feb 2026 10:18:49
699ad93540871d14502ad75e,data_ml,p_count_2,robo,0,22 Feb 2026 10:23:49
699ada6240871d14502ad76f,data_ml,p_count_2,robo,0,22 Feb 2026 10:28:50
699adb8f40871d14502ad780,data_ml,p_count_2,robo,0,22 Feb 2026 10:33:51
699adcbb40871d14502ad791,data_ml,p_count_2,robo,0,22 Feb 2026 10:38:51
699adde840871d14502ad7a2,data_ml,p_count_2,robo,0,22 Feb 2026 10:43:52
699adf1440871d14502ad7b3,data_ml,p_count_2,robo,0,22 Feb 2026 10:48:52
699ae04140871d14502ad7c4,data_ml,p_count_2,robo,0,22 Feb 2026 10:53:53
699ae16e40871d14502ad7d5,data_ml,p_count_2,robo,0,22 Feb 2026 10:58:54
699ae29a40871d14502ad7e6,data_ml,p_count_2,robo,0,22 Feb 2026 11:3:54
699ae3c740871d14502ad7f7,data_ml,p_count_2,robo,0,22 Feb 2026 11:8:55
699ae4f340871d14502ad808,data_ml,p_count_2,robo,0,22 Feb 2026 11:13:55
699ae62040871d14502ad819,data_ml,p_count_2,robo,0,22 Feb 2026 11:18:56
699ae74d40871d14502ad82a,data_ml,p_count_2,robo,0,22 Feb 2026 11:23:57
699ae87940871d14502ad83b,data_ml,p_count_2,robo,0,22 Feb 2026 11:28:57
699ae9a640871d14502ad84c,data_ml,p_count_2,robo,0,22 Feb 2026 11:33:58
699aead240871d14502ad85d,data_ml,p_count_2,robo,1,22 Feb 2026 11:38:58
699aebff40871d14502ad86e,data_ml,p_count_2,robo,0,22 Feb 2026 11:43:59
699aed2c40871d14502ad87f,data_ml,p_count_2,robo,0,22 Feb 2026 11:49:0
699aee5840871d14502ad890,data_ml,p_count_2,robo,0,22 Feb 2026 11:54:0
699aef8540871d14502ad8a1,data_ml,p_count_2,robo,0,22 Feb 2026 11:59:1
699af0b140871d14502ad8b2,data_ml,p_count_2,robo,0,22 Feb 2026 12:4:1
699af1de40871d14502ad8c3,data_ml,p_count_2,robo,0,22 Feb 2026 12:9:2
699af30a40871d14502ad8d4,data_ml,p_count_2,robo,0,22 Feb 2026 12:14:2
699af43740871d14502ad8e5,data_ml,p_count_2,robo,0,22 Feb 2026 12:19:3
699af56440871d14502ad8f6,data_ml,p_count_2,robo,0,22 Feb 2026 12:24:4
699af69140871d14502ad907,data_ml,p_count_2,robo,0,22 Feb 2026 12:29:5
699af7bd40871d14502ad918,data_ml,p_count_2,robo,0,22 Feb 2026 12:34:5
699af8ea40871d14502ad929,data_ml,p_count_2,robo,0,22 Feb 2026 12:39:6
699afa1740871d14502ad939,data_ml,p_count_2,robo,0,22 Feb 2026 12:44:7
699afb4340871d14502ad94a,data_ml,p_count_2,robo,0,22 Feb 2026 12:49:7
699afc7040871d14502ad95b,data_ml,p_count_2,robo,0,22 Feb 2026 12:54:8
699afd9c40871d14502ad96c,data_ml,p_count_2,robo,2,22 Feb 2026 12:59:8
699afec940871d14502ad97e,data_ml,p_count_2,robo,0,22 Feb 2026 13:4:9
699afff540871d14502ad98f,data_ml,p_count_2,robo,0,22 Feb 2026 13:9:9
699b012240871d14502ad9a0,data_ml,p_count_2,robo,0,22 Feb 2026 13:14:10
699b024f40871d14502ad9b1,data_ml,p_count_2,robo,0,22 Feb 2026 13:19:11
699b037b40871d14502ad9c2,data_ml,p_count_2,robo,0,22 Feb 2026 13:24:11
699b04a840871d14502ad9d4,data_ml,p_count_2,robo,0,22 Feb 2026 13:29:12
699b05d440871d14502ad9e5,data_ml,p_count_2,robo,0,22 Feb 2026 13:34:12
699b070140871d14502ad9f6,data_ml,p_count_2,robo,0,22 Feb 2026 13:39:13
699b082e40871d14502ada07,data_ml,p_count_2,robo,0,22 Feb 2026 13:44:14
699b095a40871d14502ada18,data_ml,p_count_2,robo,0,22 Feb 2026 13:49:14
699b0a8740871d14502ada29,data_ml,p_count_2,robo,0,22 Feb 2026 13:54:15
699b0bb340871d14502ada3a,data_ml,p_count_2,robo,0,22 Feb 2026 13:59:15
699b0ce040871d14502ada4b,data_ml,p_count_2,robo,0,22 Feb 2026 14:4:16
699b0e0d40871d14502ada5c,data_ml,p_count_2,robo,0,22 Feb 2026 14:9:17
699b0f3940871d14502ada6d,data_ml,p_count_2,robo,0,22 Feb 2026 14:14:17
699b10666d9b09193115e951,data_ml,p_count_2,robo,0,22 Feb 2026 14:19:18
699b11926d9b09193115e962,data_ml,p_count_2,robo,0,22 Feb 2026 14:24:18
699b12bf6d9b09193115e973,data_ml,p_count_2,robo,0,22 Feb 2026 14:29:19
699b13ec6d9b09193115e984,data_ml,p_count_2,robo,0,22 Feb 2026 14:34:20
699b15186d9b09193115e995,data_ml,p_count_2,robo,0,22 Feb 2026 14:39:20
699b16456d9b09193115e9a6,data_ml,p_count_2,robo,0,22 Feb 2026 14:44:21
699b17716d9b09193115e9b7,data_ml,p_count_2,robo,0,22 Feb 2026 14:49:21
699b189e6d9b09193115e9c8,data_ml,p_count_2,robo,0,22 Feb 2026 14:54:22
699b19cb6d9b09193115e9d9,data_ml,p_count_2,robo,0,22 Feb 2026 14:59:23
699b1af86d9b09193115e9ea,data_ml,p_count_2,robo,0,22 Feb 2026 15:4:24
699b1c246d9b09193115e9fa,data_ml,p_count_2,robo,0,22 Feb 2026 15:9:24
699b1d516d9b09193115ea0b,data_ml,p_count_2,robo,1,22 Feb 2026 15:14:25
699b1e7d6d9b09193115ea1c,data_ml,p_count_2,robo,0,22 Feb 2026 15:19:25
699b1faa6d9b09193115ea2d,data_ml,p_count_2,robo,0,22 Feb 2026 15:24:26
699b20d76d9b09193115ea3e,data_ml,p_count_2,robo,0,22 Feb 2026 15:29:27
699b22036d9b09193115ea4f,data_ml,p_count_2,robo,0,22 Feb 2026 15:34:27
699b23306d9b09193115ea60,data_ml,p_count_2,robo,0,22 Feb 2026 15:39:28
699b245c6d9b09193115ea71,data_ml,p_count_2,robo,0,22 Feb 2026 15:44:28
699b25896d9b09193115ea82,data_ml,p_count_2,robo,0,22 Feb 2026 15:49:29
699b26b66d9b09193115ea93,data_ml,p_count_2,robo,0,22 Feb 2026 15:54:30
699b27e26d9b09193115eaa4,data_ml,p_count_2,robo,0,22 Feb 2026 15:59:30
699b290f6d9b09193115eab5,data_ml,p_count_2,robo,0,22 Feb 2026 16:4:31
699b2a3c6d9b09193115eac6,data_ml,p_count_2,robo,0,22 Feb 2026 16:9:32
699b2b686d9b09193115ead7,data_ml,p_count_2,robo,0,22 Feb 2026 16:14:32
699b2c956d9b09193115eae8,data_ml,p_count_2,robo,0,22 Feb 2026 16:19:33
699b2dc16d9b09193115eaf9,data_ml,p_count_2,robo,0,22 Feb 2026 16:24:33
699b2eee6d9b09193115eb0a,data_ml,p_count_2,robo,0,22 Feb 2026 16:29:34
699b301a6d9b09193115eb1b,data_ml,p_count_2,robo,0,22 Feb 2026 16:34:34
699b31476d9b09193115eb2c,data_ml,p_count_2,robo,0,22 Feb 2026 16:39:35
699b32746d9b09193115eb3d,data_ml,p_count_2,robo,0,22 Feb 2026 16:44:36
699b33a06d9b09193115eb4e,data_ml,p_count_2,robo,0,22 Feb 2026 16:49:36
699b34cd6d9b09193115eb5f,data_ml,p_count_2,robo,0,22 Feb 2026 16:54:37
699b35f96d9b09193115eb70,data_ml,p_count_2,robo,0,22 Feb 2026 16:59:37
699b37266d9b09193115eb81,data_ml,p_count_2,robo,0,22 Feb 2026 17:4:38
699b38526d9b09193115eb92,data_ml,p_count_2,robo,0,22 Feb 2026 17:9:38
699b397f6d9b09193115eba3,data_ml,p_count_2,robo,0,22 Feb 2026 17:14:39
699b3aac6d9b09193115ebb4,data_ml,p_count_2,robo,0,22 Feb 2026 17:19:40
699b3bd96d9b09193115ebc5,data_ml,p_count_2,robo,0,22 Feb 2026 17:24:41
699b3d056d9b09193115ebd6,data_ml,p_count_2,robo,0,22 Feb 2026 17:29:41
699b3e326d9b09193115ebe7,data_ml,p_count_2,robo,0,22 Feb 2026 17:34:42
699b3f5e6d9b09193115ebf7,data_ml,p_count_2,robo,0,22 Feb 2026 17:39:42
699b408b6d9b09193115ec08,data_ml,p_count_2,robo,0,22 Feb 2026 17:44:43
699b41b86d9b09193115ec19,data_ml,p_count_2,robo,0,22 Feb 2026 17:49:44
699b42e46d9b09193115ec2a,data_ml,p_count_2,robo,0,22 Feb 2026 17:54:44
699b44116d9b09193115ec3b,data_ml,p_count_2,robo,0,22 Feb 2026 17:59:45
699b453e6d9b09193115ec4c,data_ml,p_count_2,robo,0,22 Feb 2026 18:4:46
699b466a6d9b09193115ec5d,data_ml,p_count_2,robo,0,22 Feb 2026 18:9:46
699b47976d9b09193115ec6e,data_ml,p_count_2,robo,0,22 Feb 2026 18:14:47
699b48c36d9b09193115ec7f,data_ml,p_count_2,robo,0,22 Feb 2026 18:19:47
699b49f06d9b09193115ec90,data_ml,p_count_2,robo,0,22 Feb 2026 18:24:48
699b4b1d6d9b09193115eca1,data_ml,p_count_2,robo,0,22 Feb 2026 18:29:49
699b4c4a6d9b09193115ecb3,data_ml,p_count_2,robo,0,22 Feb 2026 18:34:50
699b4d766d9b09193115ecc4,data_ml,p_count_2,robo,0,22 Feb 2026 18:39:50
699b4ea36d9b09193115ecd5,data_ml,p_count_2,robo,0,22 Feb 2026 18:44:51
699b4fcf6d9b09193115ece6,data_ml,p_count_2,robo,0,22 Feb 2026 18:49:51
699b50fc6d9b09193115ecf7,data_ml,p_count_2,robo,0,22 Feb 2026 18:54:52
699b52296d9b09193115ed08,data_ml,p_count_2,robo,0,22 Feb 2026 18:59:53
699b53556d9b09193115ed19,data_ml,p_count_2,robo,0,22 Feb 2026 19:4:53
699b54826d9b09193115ed2a,data_ml,p_count_2,robo,0,22 Feb 2026 19:9:54
699b55af6d9b09193115ed3b,data_ml,p_count_2,robo,0,22 Feb 2026 19:14:55
699b56db6d9b09193115ed4c,data_ml,p_count_2,robo,0,22 Feb 2026 19:19:55
699b58086d9b09193115ed5d,data_ml,p_count_2,robo,0,22 Feb 2026 19:24:56
699b59346d9b09193115ed6e,data_ml,p_count_2,robo,0,22 Feb 2026 19:29:56
699b5a616d9b09193115ed7f,data_ml,p_count_2,robo,0,22 Feb 2026 19:34:57
699b5b8d6d9b09193115ed90,data_ml,p_count_2,robo,0,22 Feb 2026 19:39:57
699b5cba6d9b09193115eda1,data_ml,p_count_2,robo,0,22 Feb 2026 19:44:58
699b5de76d9b09193115edb2,data_ml,p_count_2,robo,0,22 Feb 2026 19:49:59
699b5f146d9b09193115edc3,data_ml,p_count_2,robo,0,22 Feb 2026 19:55:0
699b60406d9b09193115edd4,data_ml,p_count_2,robo,0,22 Feb 2026 20:0:0
699b616d6d9b09193115ede5,data_ml,p_count_2,robo,0,22 Feb 2026 20:5:1
699b629a6d9b09193115edf5,data_ml,p_count_2,robo,0,22 Feb 2026 20:10:2
699b63c66d9b09193115ee06,data_ml,p_count_2,robo,0,22 Feb 2026 20:15:2
699b64f36d9b09193115ee17,data_ml,p_count_2,robo,0,22 Feb 2026 20:20:3
699b661f6d9b09193115ee28,data_ml,p_count_2,robo,0,22 Feb 2026 20:25:3
699b674c6d9b09193115ee39,data_ml,p_count_2,robo,0,22 Feb 2026 20:30:4
699b68786d9b09193115ee4a,data_ml,p_count_2,robo,0,22 Feb 2026 20:35:4
699b69a56d9b09193115ee5b,data_ml,p_count_2,robo,0,22 Feb 2026 20:40:5
699b6ad26d9b09193115ee6c,data_ml,p_count_2,robo,0,22 Feb 2026 20:45:6
699b6bfe6d9b09193115ee7d,data_ml,p_count_2,robo,0,22 Feb 2026 20:50:6
699b6d2b6d9b09193115ee8e,data_ml,p_count_2,robo,0,22 Feb 2026 20:55:7
699b6e576d9b09193115ee9f,data_ml,p_count_2,robo,0,22 Feb 2026 21:0:7
699b6f846d9b09193115eeb0,data_ml,p_count_2,robo,0,22 Feb 2026 21:5:8
699b70b16d9b09193115eec1,data_ml,p_count_2,robo,0,22 Feb 2026 21:10:9
699b71dd6d9b09193115eed2,data_ml,p_count_2,robo,0,22 Feb 2026 21:15:9
699b730a6d9b09193115eee3,data_ml,p_count_2,robo,0,22 Feb 2026 21:20:10
699b74366d9b09193115eef4,data_ml,p_count_2,robo,0,22 Feb 2026 21:25:10
699b75636d9b09193115ef05,data_ml,p_count_2,robo,0,22 Feb 2026 21:30:11
699b76906d9b09193115ef16,data_ml,p_count_2,robo,0,22 Feb 2026 21:35:12
699b77bc6d9b09193115ef27,data_ml,p_count_2,robo,0,22 Feb 2026 21:40:12
699b78e96d9b09193115ef38,data_ml,p_count_2,robo,0,22 Feb 2026 21:45:13
699b7a156d9b09193115ef49,data_ml,p_count_2,robo,0,22 Feb 2026 21:50:13
699b7b426d9b09193115ef5a,data_ml,p_count_2,robo,0,22 Feb 2026 21:55:14
699b7c6f6d9b09193115ef6b,data_ml,p_count_2,robo,0,22 Feb 2026 22:0:15
699b7d9b6d9b09193115ef7d,data_ml,p_count_2,robo,0,22 Feb 2026 22:5:15
699b7ec86d9b09193115ef8e,data_ml,p_count_2,robo,0,22 Feb 2026 22:10:16
699b7ff56d9b09193115ef9f,data_ml,p_count_2,robo,0,22 Feb 2026 22:15:17
699b81216d9b09193115efb0,data_ml,p_count_2,robo,0,22 Feb 2026 22:20:17
699b824e6d9b09193115efc1,data_ml,p_count_2,robo,0,22 Feb 2026 22:25:18
699b837b6d9b09193115efd2,data_ml,p_count_2,robo,0,22 Feb 2026 22:30:19
699b84a86d9b09193115efe3,data_ml,p_count_2,robo,0,22 Feb 2026 22:35:20
699b85d46d9b09193115eff4,data_ml,p_count_2,robo,0,22 Feb 2026 22:40:20
699b87016d9b09193115f005,data_ml,p_count_2,robo,0,22 Feb 2026 22:45:21
699b882e6d9b09193115f016,data_ml,p_count_2,robo,0,22 Feb 2026 22:50:22
699b895a6d9b09193115f027,data_ml,p_count_2,robo,0,22 Feb 2026 22:55:22
699b8a876d9b09193115f038,data_ml,p_count_2,robo,0,22 Feb 2026 23:0:23
699b8bb36d9b09193115f049,data_ml,p_count_2,robo,0,22 Feb 2026 23:5:23
699b8ce06d9b09193115f05a,data_ml,p_count_2,robo,0,22 Feb 2026 23:10:24
699b8e0d6d9b09193115f06b,data_ml,p_count_2,robo,0,22 Feb 2026 23:15:25
699b8f396d9b09193115f07c,data_ml,p_count_2,robo,0,22 Feb 2026 23:20:25
699b90666d9b09193115f08d,data_ml,p_count_2,robo,0,22 Feb 2026 23:25:26
699b91936d9b09193115f09e,data_ml,p_count_2,robo,0,22 Feb 2026 23:30:27
699b92bf6d9b09193115f0af,data_ml,p_count_2,robo,0,22 Feb 2026 23:35:27
699b93ec6d9b09193115f0c0,data_ml,p_count_2,robo,0,22 Feb 2026 23:40:28
699b95186d9b09193115f0d1,data_ml,p_count_2,robo,0,22 Feb 2026 23:45:28
699b96456d9b09193115f0e2,data_ml,p_count_2,robo,0,22 Feb 2026 23:50:29
699b97726d9b09193115f0f3,data_ml,p_count_2,robo,0,22 Feb 2026 23:55:30
699b989e6d9b09193115f104,data_ml,p_count_2,robo,0,23 Feb 2026 0:0:30
699b99cb6d9b09193115f115,data_ml,p_count_2,robo,0,23 Feb 2026 0:5:31
699b9af76d9b09193115f126,data_ml,p_count_2,robo,0,23 Feb 2026 0:10:31
699b9c246d9b09193115f137,data_ml,p_count_2,robo,0,23 Feb 2026 0:15:32
699b9d516d9b09193115f148,data_ml,p_count_2,robo,0,23 Feb 2026 0:20:33
699b9e7d6d9b09193115f159,data_ml,p_count_2,robo,0,23 Feb 2026 0:25:33
699b9faa6d9b09193115f16a,data_ml,p_count_2,robo,0,23 Feb 2026 0:30:34
699ba0d66d9b09193115f17b,data_ml,p_count_2,robo,0,23 Feb 2026 0:35:34
699ba2036d9b09193115f18c,data_ml,p_count_2,robo,0,23 Feb 2026 0:40:35
699ba3306d9b09193115f19d,data_ml,p_count_2,robo,0,23 Feb 2026 0:45:36
699ba45c6d9b09193115f1ae,data_ml,p_count_2,robo,0,23 Feb 2026 0:50:36
699ba5896d9b09193115f1bf,data_ml,p_count_2,robo,0,23 Feb 2026 0:55:37
699ba6b66d9b09193115f1d0,data_ml,p_count_2,robo,0,23 Feb 2026 1:0:38
699ba7e26d9b09193115f1e1,data_ml,p_count_2,robo,0,23 Feb 2026 1:5:38
699ba90f6d9b09193115f1f1,data_ml,p_count_2,robo,0,23 Feb 2026 1:10:39
699baa3c6d9b09193115f202,data_ml,p_count_2,robo,0,23 Feb 2026 1:15:40
699bab686d9b09193115f213,data_ml,p_count_2,robo,0,23 Feb 2026 1:20:40
699bac956d9b09193115f224,data_ml,p_count_2,robo,0,23 Feb 2026 1:25:41
699badc26d9b09193115f235,data_ml,p_count_2,robo,0,23 Feb 2026 1:30:42
699baeee6d9b09193115f246,data_ml,p_count_2,robo,0,23 Feb 2026 1:35:42
699bb01b6d9b09193115f257,data_ml,p_count_2,robo,0,23 Feb 2026 1:40:43
699bb1476d9b09193115f268,data_ml,p_count_2,robo,0,23 Feb 2026 1:45:43
699bb2746d9b09193115f279,data_ml,p_count_2,robo,0,23 Feb 2026 1:50:44
699bb3a16d9b09193115f28a,data_ml,p_count_2,robo,0,23 Feb 2026 1:55:45
699bb4cd6d9b09193115f29b,data_ml,p_count_2,robo,0,23 Feb 2026 2:0:45
699bb5fa6d9b09193115f2ac,data_ml,p_count_2,robo,0,23 Feb 2026 2:5:46
699bb7276d9b09193115f2bd,data_ml,p_count_2,robo,0,23 Feb 2026 2:10:47
699bb8536d9b09193115f2ce,data_ml,p_count_2,robo,0,23 Feb 2026 2:15:47
699bb9806d9b09193115f2df,data_ml,p_count_2,robo,0,23 Feb 2026 2:20:48
699bbaac6d9b09193115f2f0,data_ml,p_count_2,robo,0,23 Feb 2026 2:25:48
699bbbd96d9b09193115f301,data_ml,p_count_2,robo,0,23 Feb 2026 2:30:49
699bbd066d9b09193115f312,data_ml,p_count_2,robo,0,23 Feb 2026 2:35:50
699bbe326d9b09193115f323,data_ml,p_count_2,robo,0,23 Feb 2026 2:40:50
699bbf5f6d9b09193115f334,data_ml,p_count_2,robo,0,23 Feb 2026 2:45:51
699bc08c6d9b09193115f345,data_ml,p_count_2,robo,0,23 Feb 2026 2:50:52
699bc1b86d9b09193115f356,data_ml,p_count_2,robo,0,23 Feb 2026 2:55:52
699bc2e56d9b09193115f367,data_ml,p_count_2,robo,0,23 Feb 2026 3:0:53
699bc4126d9b09193115f378,data_ml,p_count_2,robo,0,23 Feb 2026 3:5:54
699bc53e6d9b09193115f389,data_ml,p_count_2,robo,0,23 Feb 2026 3:10:54
699bc66b6d9b09193115f39b,data_ml,p_count_2,robo,0,23 Feb 2026 3:15:55
699bc7976d9b09193115f3ac,data_ml,p_count_2,robo,0,23 Feb 2026 3:20:55
699bc8c56d9b09193115f3bd,data_ml,p_count_2,robo,0,23 Feb 2026 3:25:57
699bc9f17a6b94725362187f,data_ml,p_count_2,robo,0,23 Feb 2026 3:30:57
699bc9f16d9b09193115f3ce,data_ml,p_count_2,robo,0,23 Feb 2026 3:30:57
699bcb1e6d9b09193115f3df,data_ml,p_count_2,robo,0,23 Feb 2026 3:35:58
699bcc4b6d9b09193115f3ef,data_ml,p_count_2,robo,0,23 Feb 2026 3:40:59
699bcd776d9b09193115f400,data_ml,p_count_2,robo,0,23 Feb 2026 3:45:59
699bcea46d9b09193115f411,data_ml,p_count_2,robo,0,23 Feb 2026 3:51:0
699bcfd06d9b09193115f422,data_ml,p_count_2,robo,0,23 Feb 2026 3:56:0
699bd0fd6d9b09193115f433,data_ml,p_count_2,robo,0,23 Feb 2026 4:1:1
699bd22a6d9b09193115f444,data_ml,p_count_2,robo,0,23 Feb 2026 4:6:2
699bd3566d9b09193115f455,data_ml,p_count_2,robo,0,23 Feb 2026 4:11:2
699bd4836d9b09193115f466,data_ml,p_count_2,robo,0,23 Feb 2026 4:16:3
699bd5b06d9b09193115f477,data_ml,p_count_2,robo,0,23 Feb 2026 4:21:4
699bd6dc6d9b09193115f488,data_ml,p_count_2,robo,0,23 Feb 2026 4:26:4
699bd8096d9b09193115f492,data_ml,p_count_2,robo,0,23 Feb 2026 4:31:5
699bd9366d9b09193115f499,data_ml,p_count_2,robo,0,23 Feb 2026 4:36:6
699bda626d9b09193115f4a0,data_ml,p_count_2,robo,0,23 Feb 2026 4:41:6
699bdb8f6d9b09193115f4a7,data_ml,p_count_2,robo,0,23 Feb 2026 4:46:7
699bdcbb6d9b09193115f4ae,data_ml,p_count_2,robo,0,23 Feb 2026 4:51:7
699bdde86d9b09193115f4b5,data_ml,p_count_2,robo,0,23 Feb 2026 4:56:8
699bdf156d9b09193115f4bc,data_ml,p_count_2,robo,0,23 Feb 2026 5:1:9
699be0416d9b09193115f4c3,data_ml,p_count_2,robo,1,23 Feb 2026 5:6:9
699be16e6d9b09193115f4ca,data_ml,p_count_2,robo,0,23 Feb 2026 5:11:10
699be29b6d9b09193115f4d1,data_ml,p_count_2,robo,0,23 Feb 2026 5:16:11
699be3c76d9b09193115f4d8,data_ml,p_count_2,robo,0,23 Feb 2026 5:21:11
699be4f46d9b09193115f4df,data_ml,p_count_2,robo,0,23 Feb 2026 5:26:12
699be6216d9b09193115f4e6,data_ml,p_count_2,robo,0,23 Feb 2026 5:31:13
699be74d6d9b09193115f4ed,data_ml,p_count_2,robo,0,23 Feb 2026 5:36:13
699be87a6d9b09193115f4f4,data_ml,p_count_2,robo,0,23 Feb 2026 5:41:14
699be9a66d9b09193115f4fb,data_ml,p_count_2,robo,0,23 Feb 2026 5:46:14
699bead36d9b09193115f502,data_ml,p_count_2,robo,0,23 Feb 2026 5:51:15
699bec006d9b09193115f509,data_ml,p_count_2,robo,0,23 Feb 2026 5:56:16
699bed2d6d9b09193115f510,data_ml,p_count_2,robo,0,23 Feb 2026 6:1:17
699bee596d9b09193115f517,data_ml,p_count_2,robo,0,23 Feb 2026 6:6:17
699bef866d9b09193115f51d,data_ml,p_count_2,robo,0,23 Feb 2026 6:11:18
699bf0b26d9b09193115f524,data_ml,p_count_2,robo,0,23 Feb 2026 6:16:18
699bf1df6d9b09193115f52b,data_ml,p_count_2,robo,0,23 Feb 2026 6:21:19
699bf30c6d9b09193115f532,data_ml,p_count_2,robo,0,23 Feb 2026 6:26:20
699bf4386d9b09193115f539,data_ml,p_count_2,robo,0,23 Feb 2026 6:31:20
699bf5656d9b09193115f540,data_ml,p_count_2,robo,0,23 Feb 2026 6:36:21
699bf6926d9b09193115f547,data_ml,p_count_2,robo,0,23 Feb 2026 6:41:22
699bf7be6d9b09193115f54e,data_ml,p_count_2,robo,0,23 Feb 2026 6:46:22
699bf8eb6d9b09193115f555,data_ml,p_count_2,robo,0,23 Feb 2026 6:51:23
699bfa176d9b09193115f55c,data_ml,p_count_2,robo,1,23 Feb 2026 6:56:23
699bfb446d9b09193115f563,data_ml,p_count_2,robo,2,23 Feb 2026 7:1:24
699bfc716d9b09193115f56a,data_ml,p_count_2,robo,1,23 Feb 2026 7:6:25
699bfd9d6d9b09193115f571,data_ml,p_count_2,robo,1,23 Feb 2026 7:11:25
699bfeca6d9b09193115f578,data_ml,p_count_2,robo,3,23 Feb 2026 7:16:26
699bfff76d9b09193115f57f,data_ml,p_count_2,robo,0,23 Feb 2026 7:21:27
699c01236d9b09193115f586,data_ml,p_count_2,robo,1,23 Feb 2026 7:26:27
699c02506d9b09193115f58d,data_ml,p_count_2,robo,2,23 Feb 2026 7:31:28
699c037c6d9b09193115f594,data_ml,p_count_2,robo,1,23 Feb 2026 7:36:28
699c04a96d9b09193115f59b,data_ml,p_count_2,robo,1,23 Feb 2026 7:41:29
699c05d66d9b09193115f5a2,data_ml,p_count_2,robo,0,23 Feb 2026 7:46:30
699c07026d9b09193115f5a9,data_ml,p_count_2,robo,0,23 Feb 2026 7:51:30
699c082f6d9b09193115f5b0,data_ml,p_count_2,robo,0,23 Feb 2026 7:56:31
699c095b6d9b09193115f5b7,data_ml,p_count_2,robo,0,23 Feb 2026 8:1:31
699c0a886d9b09193115f5be,data_ml,p_count_2,robo,1,23 Feb 2026 8:6:32
699c0bb56d9b09193115f5c5,data_ml,p_count_2,robo,4,23 Feb 2026 8:11:33
699c0ce16d9b09193115f5cc,data_ml,p_count_2,robo,2,23 Feb 2026 8:16:33
699c0e0e6d9b09193115f5d3,data_ml,p_count_2,robo,1,23 Feb 2026 8:21:34
699c0f3b6d9b09193115f5da,data_ml,p_count_2,robo,6,23 Feb 2026 8:26:35
699c10686d9b09193115f5e1,data_ml,p_count_2,robo,0,23 Feb 2026 8:31:36
699c11946d9b09193115f5e8,data_ml,p_count_2,robo,2,23 Feb 2026 8:36:36
699c12c16d9b09193115f5ee,data_ml,p_count_2,robo,5,23 Feb 2026 8:41:37
699c13ed6d9b09193115f5f5,data_ml,p_count_2,robo,2,23 Feb 2026 8:46:37
699c151a6d9b09193115f5fc,data_ml,p_count_2,robo,1,23 Feb 2026 8:51:38
699c16476d9b09193115f603,data_ml,p_count_2,robo,1,23 Feb 2026 8:56:39
699c17736d9b09193115f60a,data_ml,p_count_2,robo,0,23 Feb 2026 9:1:39
699c18a06d9b09193115f611,data_ml,p_count_2,robo,1,23 Feb 2026 9:6:40
699c19cc6d9b09193115f618,data_ml,p_count_2,robo,0,23 Feb 2026 9:11:40
699c1af96d9b09193115f61f,data_ml,p_count_2,robo,1,23 Feb 2026 9:16:41
699c1c266d9b09193115f626,data_ml,p_count_2,robo,4,23 Feb 2026 9:21:42
699c1d526d9b09193115f62d,data_ml,p_count_2,robo,3,23 Feb 2026 9:26:42
699c1e7f6d9b09193115f634,data_ml,p_count_2,robo,0,23 Feb 2026 9:31:43
699c1fab6d9b09193115f63b,data_ml,p_count_2,robo,0,23 Feb 2026 9:36:43
699c20d86d9b09193115f642,data_ml,p_count_2,robo,0,23 Feb 2026 9:41:44
699c22056d9b09193115f649,data_ml,p_count_2,robo,3,23 Feb 2026 9:46:45
699c23316d9b09193115f650,data_ml,p_count_2,robo,5,23 Feb 2026 9:51:45
699c245e6d9b09193115f657,data_ml,p_count_2,robo,4,23 Feb 2026 9:56:46
699c258b6d9b09193115f65e,data_ml,p_count_2,robo,0,23 Feb 2026 10:1:47
699c26b76d9b09193115f665,data_ml,p_count_2,robo,8,23 Feb 2026 10:6:47
699c27e46d9b09193115f66c,data_ml,p_count_2,robo,0,23 Feb 2026 10:11:48
699c29106d9b09193115f674,data_ml,p_count_2,robo,0,23 Feb 2026 10:16:48
699c2a3d6d9b09193115f67b,data_ml,p_count_2,robo,0,23 Feb 2026 10:21:49
699c2b6a6d9b09193115f682,data_ml,p_count_2,robo,0,23 Feb 2026 10:26:50
699c2c966d9b09193115f689,data_ml,p_count_2,robo,6,23 Feb 2026 10:31:50
699c2dc36d9b09193115f690,data_ml,p_count_2,robo,1,23 Feb 2026 10:36:51
699c2eef6d9b09193115f697,data_ml,p_count_2,robo,2,23 Feb 2026 10:41:51
699c301c6d9b09193115f69e,data_ml,p_count_2,robo,0,23 Feb 2026 10:46:52
699c31486d9b09193115f6a5,data_ml,p_count_2,robo,3,23 Feb 2026 10:51:52
699c32766d9b09193115f6ac,data_ml,p_count_2,robo,2,23 Feb 2026 10:56:54
699c33a26d9b09193115f6b3,data_ml,p_count_2,robo,1,23 Feb 2026 11:1:54
699c34cf6d9b09193115f6ba,data_ml,p_count_2,robo,0,23 Feb 2026 11:6:55
699c35fb6d9b09193115f6c0,data_ml,p_count_2,robo,0,23 Feb 2026 11:11:55
699c37286d9b09193115f6c7,data_ml,p_count_2,robo,1,23 Feb 2026 11:16:56
699c38556d9b09193115f6ce,data_ml,p_count_2,robo,0,23 Feb 2026 11:21:57
699c39816d9b09193115f6d5,data_ml,p_count_2,robo,0,23 Feb 2026 11:26:57
699c3aae6d9b09193115f6dc,data_ml,p_count_2,robo,0,23 Feb 2026 11:31:58
699c3bda6d9b09193115f6e3,data_ml,p_count_2,robo,1,23 Feb 2026 11:36:58
699c3d076d9b09193115f6ea,data_ml,p_count_2,robo,0,23 Feb 2026 11:41:59
699c3e346d9b09193115f6f1,data_ml,p_count_2,robo,0,23 Feb 2026 11:47:0
699c3f606d9b09193115f6f8,data_ml,p_count_2,robo,2,23 Feb 2026 11:52:0
699c408d6d9b09193115f6ff,data_ml,p_count_2,robo,1,23 Feb 2026 11:57:1
699c41b96d9b09193115f706,data_ml,p_count_2,robo,0,23 Feb 2026 12:2:1
699c42e66d9b09193115f70d,data_ml,p_count_2,robo,2,23 Feb 2026 12:7:2
699c44136d9b09193115f714,data_ml,p_count_2,robo,6,23 Feb 2026 12:12:3
699c453f6d9b09193115f71b,data_ml,p_count_2,robo,0,23 Feb 2026 12:17:3
699c466c6d9b09193115f722,data_ml,p_count_2,robo,6,23 Feb 2026 12:22:4
699c47996d9b09193115f729,data_ml,p_count_2,robo,1,23 Feb 2026 12:27:5
699c48c56d9b09193115f730,data_ml,p_count_2,robo,0,23 Feb 2026 12:32:5
699c49f26d9b09193115f737,data_ml,p_count_2,robo,1,23 Feb 2026 12:37:6
699c4b1e6d9b09193115f73e,data_ml,p_count_2,robo,1,23 Feb 2026 12:42:6
699c4c4b6d9b09193115f745,data_ml,p_count_2,robo,1,23 Feb 2026 12:47:7
699c4d786d9b09193115f74c,data_ml,p_count_2,robo,1,23 Feb 2026 12:52:8
699c4ea46d9b09193115f753,data_ml,p_count_2,robo,0,23 Feb 2026 12:57:8
699c4fd16d9b09193115f75a,data_ml,p_count_2,robo,1,23 Feb 2026 13:2:9
699c50fe6d9b09193115f761,data_ml,p_count_2,robo,6,23 Feb 2026 13:7:10
699c522a6d9b09193115f768,data_ml,p_count_2,robo,7,23 Feb 2026 13:12:10
699c53576d9b09193115f76f,data_ml,p_count_2,robo,0,23 Feb 2026 13:17:11
699c54836d9b09193115f776,data_ml,p_count_2,robo,2,23 Feb 2026 13:22:11
699c55b16d9b09193115f77d,data_ml,p_count_2,robo,0,23 Feb 2026 13:27:13
699c56dd6d9b09193115f784,data_ml,p_count_2,robo,1,23 Feb 2026 13:32:13
699c580a6d9b09193115f78b,data_ml,p_count_2,robo,0,23 Feb 2026 13:37:14
699c59376d9b09193115f791,data_ml,p_count_2,robo,0,23 Feb 2026 13:42:15
699c5a636d9b09193115f798,data_ml,p_count_2,robo,0,23 Feb 2026 13:47:15
699c5b906d9b09193115f79f,data_ml,p_count_2,robo,1,23 Feb 2026 13:52:16
699c5cbc6d9b09193115f7a6,data_ml,p_count_2,robo,0,23 Feb 2026 13:57:16
699c5de96d9b09193115f7ad,data_ml,p_count_2,robo,1,23 Feb 2026 14:2:17
699c5f166d9b09193115f7b4,data_ml,p_count_2,robo,0,23 Feb 2026 14:7:18
699c60426d9b09193115f7bb,data_ml,p_count_2,robo,0,23 Feb 2026 14:12:18
699c616f6d9b09193115f7c2,data_ml,p_count_2,robo,0,23 Feb 2026 14:17:19
699c629c6d9b09193115f7c9,data_ml,p_count_2,robo,1,23 Feb 2026 14:22:20
699c63c86d9b09193115f7d0,data_ml,p_count_2,robo,2,23 Feb 2026 14:27:20
699c64f5d4cb1adbd62dfade,data_ml,p_count_2,robo,2,23 Feb 2026 14:32:21
699c6622d4cb1adbd62dfae5,data_ml,p_count_2,robo,12,23 Feb 2026 14:37:22
699c674ed4cb1adbd62dfaec,data_ml,p_count_2,robo,0,23 Feb 2026 14:42:22
699c687bd4cb1adbd62dfaf3,data_ml,p_count_2,robo,2,23 Feb 2026 14:47:23
699c69a8d4cb1adbd62dfafa,data_ml,p_count_2,robo,1,23 Feb 2026 14:52:24
699c6ad4d4cb1adbd62dfb01,data_ml,p_count_2,robo,1,23 Feb 2026 14:57:24
699c6c01d4cb1adbd62dfb08,data_ml,p_count_2,robo,3,23 Feb 2026 15:2:25
699c6d2dd4cb1adbd62dfb0f,data_ml,p_count_2,robo,0,23 Feb 2026 15:7:25
699c6e5ad4cb1adbd62dfb16,data_ml,p_count_2,robo,0,23 Feb 2026 15:12:26
699c6f87d4cb1adbd62dfb1d,data_ml,p_count_2,robo,0,23 Feb 2026 15:17:27
699c70b3d4cb1adbd62dfb24,data_ml,p_count_2,robo,0,23 Feb 2026 15:22:27
699c71e0d4cb1adbd62dfb2b,data_ml,p_count_2,robo,1,23 Feb 2026 15:27:28
699c730dd4cb1adbd62dfb32,data_ml,p_count_2,robo,5,23 Feb 2026 15:32:29
699c7439d4cb1adbd62dfb39,data_ml,p_count_2,robo,1,23 Feb 2026 15:37:29
699c7566d4cb1adbd62dfb40,data_ml,p_count_2,robo,0,23 Feb 2026 15:42:30
699c7693d4cb1adbd62dfb47,data_ml,p_count_2,robo,0,23 Feb 2026 15:47:31
699c77bfd4cb1adbd62dfb4e,data_ml,p_count_2,robo,1,23 Feb 2026 15:52:31
699c78ecd4cb1adbd62dfb55,data_ml,p_count_2,robo,0,23 Feb 2026 15:57:32
699c7a19d4cb1adbd62dfb5c,data_ml,p_count_2,robo,0,23 Feb 2026 16:2:33
699c7b46d4cb1adbd62dfb63,data_ml,p_count_2,robo,0,23 Feb 2026 16:7:34
699c7c72d4cb1adbd62dfb69,data_ml,p_count_2,robo,1,23 Feb 2026 16:12:34
699c7d9fd4cb1adbd62dfb70,data_ml,p_count_2,robo,0,23 Feb 2026 16:17:35
699c7eccd4cb1adbd62dfb77,data_ml,p_count_2,robo,4,23 Feb 2026 16:22:36
699c7ff8d4cb1adbd62dfb7e,data_ml,p_count_2,robo,0,23 Feb 2026 16:27:36
699c8125d4cb1adbd62dfb85,data_ml,p_count_2,robo,0,23 Feb 2026 16:32:37
699c8251d4cb1adbd62dfb8c,data_ml,p_count_2,robo,0,23 Feb 2026 16:37:37
699c837ed4cb1adbd62dfb93,data_ml,p_count_2,robo,0,23 Feb 2026 16:42:38
699c84abd4cb1adbd62dfb9a,data_ml,p_count_2,robo,0,23 Feb 2026 16:47:39
699c85d7d4cb1adbd62dfba1,data_ml,p_count_2,robo,2,23 Feb 2026 16:52:39
699c8704d4cb1adbd62dfba8,data_ml,p_count_2,robo,2,23 Feb 2026 16:57:40
699c8831d4cb1adbd62dfbaf,data_ml,p_count_2,robo,0,23 Feb 2026 17:2:41
699c895dd4cb1adbd62dfbb6,data_ml,p_count_2,robo,0,23 Feb 2026 17:7:41
699c8a8ad4cb1adbd62dfbbd,data_ml,p_count_2,robo,0,23 Feb 2026 17:12:42
699c8bb7d4cb1adbd62dfbc4,data_ml,p_count_2,robo,0,23 Feb 2026 17:17:43
699c8ce3d4cb1adbd62dfbcb,data_ml,p_count_2,robo,0,23 Feb 2026 17:22:43
699c8e10d4cb1adbd62dfbd2,data_ml,p_count_2,robo,0,23 Feb 2026 17:27:44
699c8f3cd4cb1adbd62dfbd9,data_ml,p_count_2,robo,0,23 Feb 2026 17:32:44
699c9069d4cb1adbd62dfbe0,data_ml,p_count_2,robo,0,23 Feb 2026 17:37:45
699c9196d4cb1adbd62dfbe7,data_ml,p_count_2,robo,0,23 Feb 2026 17:42:46
699c92c2d4cb1adbd62dfbee,data_ml,p_count_2,robo,0,23 Feb 2026 17:47:46
699c93efd4cb1adbd62dfbf5,data_ml,p_count_2,robo,0,23 Feb 2026 17:52:47
699c951cd4cb1adbd62dfbfc,data_ml,p_count_2,robo,0,23 Feb 2026 17:57:48
699c9648d4cb1adbd62dfc03,data_ml,p_count_2,robo,0,23 Feb 2026 18:2:48
699c9775d4cb1adbd62dfc0a,data_ml,p_count_2,robo,0,23 Feb 2026 18:7:49
699c98a2d4cb1adbd62dfc11,data_ml,p_count_2,robo,0,23 Feb 2026 18:12:50
699c99ced4cb1adbd62dfc18,data_ml,p_count_2,robo,0,23 Feb 2026 18:17:50
699c9afbd4cb1adbd62dfc1f,data_ml,p_count_2,robo,0,23 Feb 2026 18:22:51
699c9c28d4cb1adbd62dfc26,data_ml,p_count_2,robo,1,23 Feb 2026 18:27:52
699c9d55d4cb1adbd62dfc2d,data_ml,p_count_2,robo,1,23 Feb 2026 18:32:53
699c9e81d4cb1adbd62dfc34,data_ml,p_count_2,robo,0,23 Feb 2026 18:37:53
699c9faed4cb1adbd62dfc3a,data_ml,p_count_2,robo,0,23 Feb 2026 18:42:54
699ca0dbd4cb1adbd62dfc41,data_ml,p_count_2,robo,0,23 Feb 2026 18:47:55
699ca207d4cb1adbd62dfc49,data_ml,p_count_2,robo,5,23 Feb 2026 18:52:55
699ca334d4cb1adbd62dfc50,data_ml,p_count_2,robo,0,23 Feb 2026 18:57:56
699ca461d4cb1adbd62dfc57,data_ml,p_count_2,robo,0,23 Feb 2026 19:2:57
699ca58dd4cb1adbd62dfc5e,data_ml,p_count_2,robo,0,23 Feb 2026 19:7:57
699ca6bad4cb1adbd62dfc65,data_ml,p_count_2,robo,0,23 Feb 2026 19:12:58
699ca7e7d4cb1adbd62dfc6c,data_ml,p_count_2,robo,0,23 Feb 2026 19:17:59
699ca913d4cb1adbd62dfc73,data_ml,p_count_2,robo,0,23 Feb 2026 19:22:59
699caa40d4cb1adbd62dfc7a,data_ml,p_count_2,robo,0,23 Feb 2026 19:28:0
699cab6dd4cb1adbd62dfc81,data_ml,p_count_2,robo,0,23 Feb 2026 19:33:1
699cac99d4cb1adbd62dfc88,data_ml,p_count_2,robo,0,23 Feb 2026 19:38:1
699cadc6d4cb1adbd62dfc8f,data_ml,p_count_2,robo,0,23 Feb 2026 19:43:2
699caef3d4cb1adbd62dfc96,data_ml,p_count_2,robo,0,23 Feb 2026 19:48:3
699cb01fd4cb1adbd62dfc9d,data_ml,p_count_2,robo,0,23 Feb 2026 19:53:3
699cb14cd4cb1adbd62dfca4,data_ml,p_count_2,robo,0,23 Feb 2026 19:58:4
699cb279d4cb1adbd62dfcab,data_ml,p_count_2,robo,0,23 Feb 2026 20:3:5
699cb3a5d4cb1adbd62dfcb2,data_ml,p_count_2,robo,0,23 Feb 2026 20:8:5
699cb4d2d4cb1adbd62dfcb9,data_ml,p_count_2,robo,0,23 Feb 2026 20:13:6
699cb5ffd4cb1adbd62dfcc0,data_ml,p_count_2,robo,0,23 Feb 2026 20:18:7
699cb72bd4cb1adbd62dfcc7,data_ml,p_count_2,robo,0,23 Feb 2026 20:23:7
699cb858d4cb1adbd62dfcce,data_ml,p_count_2,robo,0,23 Feb 2026 20:28:8
699cb858e181635383708ce0,data_ml,p_count_2,robo,0,23 Feb 2026 20:28:8
699cb984d4cb1adbd62dfcd5,data_ml,p_count_2,robo,0,23 Feb 2026 20:33:8
699cbab1d4cb1adbd62dfcdc,data_ml,p_count_2,robo,0,23 Feb 2026 20:38:9
699cbbded4cb1adbd62dfce3,data_ml,p_count_2,robo,0,23 Feb 2026 20:43:10
699cbd0ad4cb1adbd62dfcea,data_ml,p_count_2,robo,0,23 Feb 2026 20:48:10
699cbe37d4cb1adbd62dfcf1,data_ml,p_count_2,robo,0,23 Feb 2026 20:53:11
699cbf64d4cb1adbd62dfcf8,data_ml,p_count_2,robo,0,23 Feb 2026 20:58:12
699cc091d4cb1adbd62dfcff,data_ml,p_count_2,robo,0,23 Feb 2026 21:3:13
699cc1bdd4cb1adbd62dfd06,data_ml,p_count_2,robo,0,23 Feb 2026 21:8:13
699cc2ead4cb1adbd62dfd0c,data_ml,p_count_2,robo,0,23 Feb 2026 21:13:14
699cc417d4cb1adbd62dfd13,data_ml,p_count_2,robo,0,23 Feb 2026 21:18:15
699cc543d4cb1adbd62dfd1a,data_ml,p_count_2,robo,0,23 Feb 2026 21:23:15
699cc670d4cb1adbd62dfd21,data_ml,p_count_2,robo,0,23 Feb 2026 21:28:16
699cc79dd4cb1adbd62dfd28,data_ml,p_count_2,robo,0,23 Feb 2026 21:33:17
699cc8c9d4cb1adbd62dfd2f,data_ml,p_count_2,robo,0,23 Feb 2026 21:38:17
699cc9f6d4cb1adbd62dfd36,data_ml,p_count_2,robo,0,23 Feb 2026 21:43:18
699ccb23d4cb1adbd62dfd3d,data_ml,p_count_2,robo,0,23 Feb 2026 21:48:19
699ccc4fd4cb1adbd62dfd44,data_ml,p_count_2,robo,0,23 Feb 2026 21:53:19
699ccd7cd4cb1adbd62dfd4b,data_ml,p_count_2,robo,0,23 Feb 2026 21:58:20
699ccea9d4cb1adbd62dfd52,data_ml,p_count_2,robo,0,23 Feb 2026 22:3:21
699ccfd5d4cb1adbd62dfd59,data_ml,p_count_2,robo,0,23 Feb 2026 22:8:21
699cd102d4cb1adbd62dfd60,data_ml,p_count_2,robo,0,23 Feb 2026 22:13:22
699cd22ed4cb1adbd62dfd67,data_ml,p_count_2,robo,0,23 Feb 2026 22:18:22
699cd35bd4cb1adbd62dfd6e,data_ml,p_count_2,robo,0,23 Feb 2026 22:23:23
699cd488d4cb1adbd62dfd75,data_ml,p_count_2,robo,0,23 Feb 2026 22:28:24
699cd5b4d4cb1adbd62dfd7c,data_ml,p_count_2,robo,0,23 Feb 2026 22:33:24
699cd6e1d4cb1adbd62dfd83,data_ml,p_count_2,robo,0,23 Feb 2026 22:38:25
699cd80ed4cb1adbd62dfd8a,data_ml,p_count_2,robo,0,23 Feb 2026 22:43:26
699cd93ad4cb1adbd62dfd91,data_ml,p_count_2,robo,0,23 Feb 2026 22:48:26
699cda67d4cb1adbd62dfd98,data_ml,p_count_2,robo,0,23 Feb 2026 22:53:27
699cdb93d4cb1adbd62dfd9f,data_ml,p_count_2,robo,0,23 Feb 2026 22:58:27
699cdcc0d4cb1adbd62dfda6,data_ml,p_count_2,robo,0,23 Feb 2026 23:3:28
699cddedd4cb1adbd62dfdad,data_ml,p_count_2,robo,0,23 Feb 2026 23:8:29
699cdf19d4cb1adbd62dfdb4,data_ml,p_count_2,robo,0,23 Feb 2026 23:13:29
699ce046d4cb1adbd62dfdbb,data_ml,p_count_2,robo,0,23 Feb 2026 23:18:30
699ce173d4cb1adbd62dfdc2,data_ml,p_count_2,robo,0,23 Feb 2026 23:23:31
699ce2a0d4cb1adbd62dfdc9,data_ml,p_count_2,robo,0,23 Feb 2026 23:28:32
699ce3ccd4cb1adbd62dfdd0,data_ml,p_count_2,robo,0,23 Feb 2026 23:33:32
699ce4f9d4cb1adbd62dfdd7,data_ml,p_count_2,robo,0,23 Feb 2026 23:38:33
699ce626d4cb1adbd62dfddd,data_ml,p_count_2,robo,0,23 Feb 2026 23:43:34
699ce752d4cb1adbd62dfde4,data_ml,p_count_2,robo,0,23 Feb 2026 23:48:34
699ce87fd4cb1adbd62dfdeb,data_ml,p_count_2,robo,0,23 Feb 2026 23:53:35
699ce9abd4cb1adbd62dfdf2,data_ml,p_count_2,robo,0,23 Feb 2026 23:58:35
699cead8d4cb1adbd62dfdf9,data_ml,p_count_2,robo,0,24 Feb 2026 0:3:36
699cec05d4cb1adbd62dfe00,data_ml,p_count_2,robo,0,24 Feb 2026 0:8:37
699ced31d4cb1adbd62dfe07,data_ml,p_count_2,robo,0,24 Feb 2026 0:13:37
699cee5ed4cb1adbd62dfe0e,data_ml,p_count_2,robo,0,24 Feb 2026 0:18:38
699cef8bd4cb1adbd62dfe15,data_ml,p_count_2,robo,0,24 Feb 2026 0:23:39
699cf0b7d4cb1adbd62dfe1c,data_ml,p_count_2,robo,0,24 Feb 2026 0:28:39
699cf1e4d4cb1adbd62dfe23,data_ml,p_count_2,robo,0,24 Feb 2026 0:33:40
699cf310d4cb1adbd62dfe2a,data_ml,p_count_2,robo,0,24 Feb 2026 0:38:40
699cf43dd4cb1adbd62dfe31,data_ml,p_count_2,robo,0,24 Feb 2026 0:43:41
699cf56ad4cb1adbd62dfe38,data_ml,p_count_2,robo,0,24 Feb 2026 0:48:42
699cf696d4cb1adbd62dfe3f,data_ml,p_count_2,robo,0,24 Feb 2026 0:53:42
699cf7c3d4cb1adbd62dfe46,data_ml,p_count_2,robo,0,24 Feb 2026 0:58:43
699cf8f0d4cb1adbd62dfe4d,data_ml,p_count_2,robo,0,24 Feb 2026 1:3:44
699cfa1cd4cb1adbd62dfe54,data_ml,p_count_2,robo,0,24 Feb 2026 1:8:44
699cfb49d4cb1adbd62dfe5b,data_ml,p_count_2,robo,0,24 Feb 2026 1:13:45
699cfc75d4cb1adbd62dfe62,data_ml,p_count_2,robo,0,24 Feb 2026 1:18:45
699cfda2d4cb1adbd62dfe69,data_ml,p_count_2,robo,0,24 Feb 2026 1:23:46
699cfecfd4cb1adbd62dfe70,data_ml,p_count_2,robo,0,24 Feb 2026 1:28:47
699cfffbd4cb1adbd62dfe77,data_ml,p_count_2,robo,0,24 Feb 2026 1:33:47
699d0128d4cb1adbd62dfe7e,data_ml,p_count_2,robo,0,24 Feb 2026 1:38:48
699d0255d4cb1adbd62dfe85,data_ml,p_count_2,robo,0,24 Feb 2026 1:43:49
699d0381d4cb1adbd62dfe8c,data_ml,p_count_2,robo,0,24 Feb 2026 1:48:49
699d04aed4cb1adbd62dfe93,data_ml,p_count_2,robo,0,24 Feb 2026 1:53:50
699d05dbd4cb1adbd62dfe9a,data_ml,p_count_2,robo,0,24 Feb 2026 1:58:51
699d0708d4cb1adbd62dfea1,data_ml,p_count_2,robo,0,24 Feb 2026 2:3:52
699d0834d4cb1adbd62dfea8,data_ml,p_count_2,robo,0,24 Feb 2026 2:8:52
699d0961d4cb1adbd62dfeae,data_ml,p_count_2,robo,0,24 Feb 2026 2:13:53
699d0a8ed4cb1adbd62dfeb5,data_ml,p_count_2,robo,0,24 Feb 2026 2:18:54
699d0bbad4cb1adbd62dfebc,data_ml,p_count_2,robo,0,24 Feb 2026 2:23:54
699d0ce7d4cb1adbd62dfec3,data_ml,p_count_2,robo,0,24 Feb 2026 2:28:55
699d0e14d4cb1adbd62dfeca,data_ml,p_count_2,robo,0,24 Feb 2026 2:33:56
699d0f40d4cb1adbd62dfed1,data_ml,p_count_2,robo,0,24 Feb 2026 2:38:56
699d106dd4cb1adbd62dfed8,data_ml,p_count_2,robo,0,24 Feb 2026 2:43:57
699d1199d4cb1adbd62dfedf,data_ml,p_count_2,robo,0,24 Feb 2026 2:48:57
699d12c6d4cb1adbd62dfee6,data_ml,p_count_2,robo,0,24 Feb 2026 2:53:58
699d13f3d4cb1adbd62dfeed,data_ml,p_count_2,robo,0,24 Feb 2026 2:58:59
699d151fd4cb1adbd62dfef4,data_ml,p_count_2,robo,0,24 Feb 2026 3:3:59
699d164cd4cb1adbd62dfefb,data_ml,p_count_2,robo,0,24 Feb 2026 3:9:0
699d1779d4cb1adbd62dff02,data_ml,p_count_2,robo,0,24 Feb 2026 3:14:1
699d18a5d4cb1adbd62dff09,data_ml,p_count_2,robo,0,24 Feb 2026 3:19:1
699d19d2d4cb1adbd62dff11,data_ml,p_count_2,robo,0,24 Feb 2026 3:24:2
699d1afed4cb1adbd62dff18,data_ml,p_count_2,robo,0,24 Feb 2026 3:29:2
699d1c2bd4cb1adbd62dff1f,data_ml,p_count_2,robo,0,24 Feb 2026 3:34:3
699d1d58d4cb1adbd62dff26,data_ml,p_count_2,robo,0,24 Feb 2026 3:39:4
699d1e84d4cb1adbd62dff2d,data_ml,p_count_2,robo,0,24 Feb 2026 3:44:4
699d1fb1d4cb1adbd62dff34,data_ml,p_count_2,robo,0,24 Feb 2026 3:49:5
699d20ddd4cb1adbd62dff3b,data_ml,p_count_2,robo,0,24 Feb 2026 3:54:5
699d220ad4cb1adbd62dff42,data_ml,p_count_2,robo,0,24 Feb 2026 3:59:6
699d2337d4cb1adbd62dff49,data_ml,p_count_2,robo,0,24 Feb 2026 4:4:7
699d2463d4cb1adbd62dff50,data_ml,p_count_2,robo,0,24 Feb 2026 4:9:7
699d2590d4cb1adbd62dff57,data_ml,p_count_2,robo,0,24 Feb 2026 4:14:8
699d26bcd4cb1adbd62dff5e,data_ml,p_count_2,robo,0,24 Feb 2026 4:19:8
699d27e9d4cb1adbd62dff65,data_ml,p_count_2,robo,0,24 Feb 2026 4:24:9
699d2916d4cb1adbd62dff6c,data_ml,p_count_2,robo,0,24 Feb 2026 4:29:10
699d2a43d4cb1adbd62dff73,data_ml,p_count_2,robo,0,24 Feb 2026 4:34:11
699d2b70d4cb1adbd62dff7a,data_ml,p_count_2,robo,0,24 Feb 2026 4:39:12
699d2c9cd4cb1adbd62dff80,data_ml,p_count_2,robo,0,24 Feb 2026 4:44:12
699d2dc9d4cb1adbd62dff87,data_ml,p_count_2,robo,0,24 Feb 2026 4:49:13
699d2ef5d4cb1adbd62dff8e,data_ml,p_count_2,robo,0,24 Feb 2026 4:54:13
699d3022d4cb1adbd62dff95,data_ml,p_count_2,robo,0,24 Feb 2026 4:59:14
699d314fd4cb1adbd62dff9b,data_ml,p_count_2,robo,0,24 Feb 2026 5:4:15
699d327bd4cb1adbd62dffa2,data_ml,p_count_2,robo,0,24 Feb 2026 5:9:15
699d33a8d4cb1adbd62dffa9,data_ml,p_count_2,robo,0,24 Feb 2026 5:14:16
699d34d4d4cb1adbd62dffb0,data_ml,p_count_2,robo,0,24 Feb 2026 5:19:16
699d3601d4cb1adbd62dffb7,data_ml,p_count_2,robo,0,24 Feb 2026 5:24:17
699d372ed4cb1adbd62dffbe,data_ml,p_count_2,robo,0,24 Feb 2026 5:29:18
699d385ad4cb1adbd62dffc5,data_ml,p_count_2,robo,0,24 Feb 2026 5:34:18
699d3987d4cb1adbd62dffcc,data_ml,p_count_2,robo,0,24 Feb 2026 5:39:19
699d3ab4d4cb1adbd62dffd3,data_ml,p_count_2,robo,0,24 Feb 2026 5:44:20
699d3be0d4cb1adbd62dffda,data_ml,p_count_2,robo,0,24 Feb 2026 5:49:20
699d3d0dd4cb1adbd62dffe1,data_ml,p_count_2,robo,0,24 Feb 2026 5:54:21
699d3e39d4cb1adbd62dffe8,data_ml,p_count_2,robo,0,24 Feb 2026 5:59:21
699d3f66d4cb1adbd62dffef,data_ml,p_count_2,robo,0,24 Feb 2026 6:4:22
699d4093d4cb1adbd62dfff6,data_ml,p_count_2,robo,0,24 Feb 2026 6:9:23
699d41bfd4cb1adbd62dfffd,data_ml,p_count_2,robo,0,24 Feb 2026 6:14:23
699d42ecd4cb1adbd62e0004,data_ml,p_count_2,robo,0,24 Feb 2026 6:19:24
699d4418d4cb1adbd62e000b,data_ml,p_count_2,robo,0,24 Feb 2026 6:24:24
699d4545d4cb1adbd62e0012,data_ml,p_count_2,robo,0,24 Feb 2026 6:29:25
699d4672d4cb1adbd62e0019,data_ml,p_count_2,robo,2,24 Feb 2026 6:34:26
699d479ed4cb1adbd62e0020,data_ml,p_count_2,robo,2,24 Feb 2026 6:39:26
699d48cbd4cb1adbd62e0027,data_ml,p_count_2,robo,0,24 Feb 2026 6:44:27
699d49f8d4cb1adbd62e002f,data_ml,p_count_2,robo,0,24 Feb 2026 6:49:28
699d4b24d4cb1adbd62e0036,data_ml,p_count_2,robo,1,24 Feb 2026 6:54:28
699d4c51d4cb1adbd62e003d,data_ml,p_count_2,robo,0,24 Feb 2026 6:59:29
699d4d7ed4cb1adbd62e0044,data_ml,p_count_2,robo,5,24 Feb 2026 7:4:30
699d4eaad4cb1adbd62e004a,data_ml,p_count_2,robo,2,24 Feb 2026 7:9:30
699d4fd7d4cb1adbd62e0051,data_ml,p_count_2,robo,1,24 Feb 2026 7:14:31
699d5104d4cb1adbd62e0058,data_ml,p_count_2,robo,0,24 Feb 2026 7:19:32
699d5230d4cb1adbd62e005f,data_ml,p_count_2,robo,2,24 Feb 2026 7:24:32
699d535dd4cb1adbd62e0066,data_ml,p_count_2,robo,0,24 Feb 2026 7:29:33
699d5489d4cb1adbd62e006d,data_ml,p_count_2,robo,0,24 Feb 2026 7:34:33
699d55b6d4cb1adbd62e0074,data_ml,p_count_2,robo,0,24 Feb 2026 7:39:34
699d56e3d4cb1adbd62e007b,data_ml,p_count_2,robo,0,24 Feb 2026 7:44:35
699d580fd4cb1adbd62e0082,data_ml,p_count_2,robo,6,24 Feb 2026 7:49:35
699d593cd4cb1adbd62e0089,data_ml,p_count_2,robo,4,24 Feb 2026 7:54:36
699d5a68d4cb1adbd62e0090,data_ml,p_count_2,robo,4,24 Feb 2026 7:59:36
699d5b95d4cb1adbd62e0097,data_ml,p_count_2,robo,0,24 Feb 2026 8:4:37
699d5cc2d4cb1adbd62e009e,data_ml,p_count_2,robo,1,24 Feb 2026 8:9:38
699d5deed4cb1adbd62e00a5,data_ml,p_count_2,robo,1,24 Feb 2026 8:14:38
699d5f1bd4cb1adbd62e00ac,data_ml,p_count_2,robo,1,24 Feb 2026 8:19:39
699d6047d4cb1adbd62e00b3,data_ml,p_count_2,robo,0,24 Feb 2026 8:24:39
699d6174d4cb1adbd62e00ba,data_ml,p_count_2,robo,0,24 Feb 2026 8:29:40
699d62a1d4cb1adbd62e00c1,data_ml,p_count_2,robo,0,24 Feb 2026 8:34:41
699d63cdd4cb1adbd62e00c8,data_ml,p_count_2,robo,0,24 Feb 2026 8:39:41
699d64fad4cb1adbd62e00cf,data_ml,p_count_2,robo,0,24 Feb 2026 8:44:42
699d6626d4cb1adbd62e00d6,data_ml,p_count_2,robo,0,24 Feb 2026 8:49:42
699d6753d4cb1adbd62e00dd,data_ml,p_count_2,robo,0,24 Feb 2026 8:54:43
699d6880d4cb1adbd62e00e4,data_ml,p_count_2,robo,0,24 Feb 2026 8:59:44
699d69add4cb1adbd62e00eb,data_ml,p_count_2,robo,0,24 Feb 2026 9:4:45
699d6ad9d4cb1adbd62e00f2,data_ml,p_count_2,robo,1,24 Feb 2026 9:9:45
699d6c05d4cb1adbd62e00f9,data_ml,p_count_2,robo,1,24 Feb 2026 9:14:45
699d6d5ad4cb1adbd62e0101,data_ml,p_count_2,robo,5,24 Feb 2026 9:20:26
699d6eaed4cb1adbd62e0108,data_ml,p_count_2,robo,3,24 Feb 2026 9:26:6
699d6fdad4cb1adbd62e010f,data_ml,p_count_2,robo,1,24 Feb 2026 9:31:6
699d7107d4cb1adbd62e0116,data_ml,p_count_2,robo,0,24 Feb 2026 9:36:7
699d7234d4cb1adbd62e011d,data_ml,p_count_2,robo,0,24 Feb 2026 9:41:8
699d7361d4cb1adbd62e0124,data_ml,p_count_2,robo,1,24 Feb 2026 9:46:9
699d748ed4cb1adbd62e012b,data_ml,p_count_2,robo,1,24 Feb 2026 9:51:10
699d75bad4cb1adbd62e0132,data_ml,p_count_2,robo,2,24 Feb 2026 9:56:10
699d76e7d4cb1adbd62e0139,data_ml,p_count_2,robo,5,24 Feb 2026 10:1:11
699d7814d4cb1adbd62e0140,data_ml,p_count_2,robo,1,24 Feb 2026 10:6:12
699d7940d4cb1adbd62e0147,data_ml,p_count_2,robo,0,24 Feb 2026 10:11:12
699d7a6dd4cb1adbd62e014e,data_ml,p_count_2,robo,5,24 Feb 2026 10:16:13
699d7b99d4cb1adbd62e0155,data_ml,p_count_2,robo,0,24 Feb 2026 10:21:13
699d7cc6d4cb1adbd62e015c,data_ml,p_count_2,robo,2,24 Feb 2026 10:26:14
699d7df3d4cb1adbd62e0163,data_ml,p_count_2,robo,1,24 Feb 2026 10:31:15
699d7f1fd4cb1adbd62e016a,data_ml,p_count_2,robo,1,24 Feb 2026 10:36:15
699d804cd4cb1adbd62e0171,data_ml,p_count_2,robo,0,24 Feb 2026 10:41:16
699d8178d4cb1adbd62e0178,data_ml,p_count_2,robo,1,24 Feb 2026 10:46:16
699d82a5d4cb1adbd62e017f,data_ml,p_count_2,robo,1,24 Feb 2026 10:51:17
699d83d2d4cb1adbd62e0186,data_ml,p_count_2,robo,0,24 Feb 2026 10:56:18
699d84fed4cb1adbd62e018d,data_ml,p_count_2,robo,3,24 Feb 2026 11:1:18
699d862bd4cb1adbd62e0194,data_ml,p_count_2,robo,2,24 Feb 2026 11:6:19
699d8757d4cb1adbd62e019b,data_ml,p_count_2,robo,2,24 Feb 2026 11:11:19
699d8884d4cb1adbd62e01a2,data_ml,p_count_2,robo,1,24 Feb 2026 11:16:20
699d89b1d4cb1adbd62e01a9,data_ml,p_count_2,robo,0,24 Feb 2026 11:21:21
699d8addd4cb1adbd62e01b0,data_ml,p_count_2,robo,2,24 Feb 2026 11:26:21
699d8c0ad4cb1adbd62e01b7,data_ml,p_count_2,robo,0,24 Feb 2026 11:31:22
699d8d36d4cb1adbd62e01be,data_ml,p_count_2,robo,11,24 Feb 2026 11:36:22
699d8e63d4cb1adbd62e01c5,data_ml,p_count_2,robo,4,24 Feb 2026 11:41:23
699d8f90d4cb1adbd62e01cc,data_ml,p_count_2,robo,4,24 Feb 2026 11:46:24
699d90bcd4cb1adbd62e01d3,data_ml,p_count_2,robo,0,24 Feb 2026 11:51:24
699d91e9d4cb1adbd62e01da,data_ml,p_count_2,robo,2,24 Feb 2026 11:56:25
699d9316d4cb1adbd62e01e1,data_ml,p_count_2,robo,1,24 Feb 2026 12:1:26
699d9442d4cb1adbd62e01e8,data_ml,p_count_2,robo,0,24 Feb 2026 12:6:26
699d956fd4cb1adbd62e01ee,data_ml,p_count_2,robo,6,24 Feb 2026 12:11:27
699d969cd4cb1adbd62e01f5,data_ml,p_count_2,robo,1,24 Feb 2026 12:16:28
699d97c8d4cb1adbd62e01fc,data_ml,p_count_2,robo,0,24 Feb 2026 12:21:28
699d98f5d4cb1adbd62e0203,data_ml,p_count_2,robo,1,24 Feb 2026 12:26:29
699d9a21d4cb1adbd62e020a,data_ml,p_count_2,robo,2,24 Feb 2026 12:31:29
699d9b4e57048735319757e2,data_ml,p_count_2,robo,1,24 Feb 2026 12:36:30
699d9c7b57048735319757e9,data_ml,p_count_2,robo,1,24 Feb 2026 12:41:31
699d9da757048735319757f0,data_ml,p_count_2,robo,2,24 Feb 2026 12:46:31
699d9ed457048735319757f7,data_ml,p_count_2,robo,0,24 Feb 2026 12:51:32
699da00057048735319757fe,data_ml,p_count_2,robo,6,24 Feb 2026 12:56:32
699da12d5704873531975805,data_ml,p_count_2,robo,1,24 Feb 2026 13:1:33
699da25a570487353197580c,data_ml,p_count_2,robo,1,24 Feb 2026 13:6:34
699da3865704873531975813,data_ml,p_count_2,robo,3,24 Feb 2026 13:11:34
699da4b3570487353197581a,data_ml,p_count_2,robo,0,24 Feb 2026 13:16:35
699da5df5704873531975821,data_ml,p_count_2,robo,3,24 Feb 2026 13:21:35
699da70c5704873531975828,data_ml,p_count_2,robo,2,24 Feb 2026 13:26:36
699da839570487353197582f,data_ml,p_count_2,robo,0,24 Feb 2026 13:31:37
699da9655704873531975836,data_ml,p_count_2,robo,1,24 Feb 2026 13:36:37
699daa92570487353197583d,data_ml,p_count_2,robo,3,24 Feb 2026 13:41:38
699dabbe5704873531975844,data_ml,p_count_2,robo,2,24 Feb 2026 13:46:38
699daceb570487353197584b,data_ml,p_count_2,robo,0,24 Feb 2026 13:51:39
699dae185704873531975852,data_ml,p_count_2,robo,2,24 Feb 2026 13:56:40
699daf445704873531975859,data_ml,p_count_2,robo,3,24 Feb 2026 14:1:40
699db0715704873531975860,data_ml,p_count_2,robo,1,24 Feb 2026 14:6:41
699db19d5704873531975867,data_ml,p_count_2,robo,3,24 Feb 2026 14:11:41
699db2ca570487353197586e,data_ml,p_count_2,robo,2,24 Feb 2026 14:16:42
699db3f75704873531975875,data_ml,p_count_2,robo,3,24 Feb 2026 14:21:43
699db523570487353197587c,data_ml,p_count_2,robo,3,24 Feb 2026 14:26:43
699db6505704873531975883,data_ml,p_count_2,robo,2,24 Feb 2026 14:31:44
699dbc2f6775bd7dac86ef23,data_ml,p_count_2,robo,1,24 Feb 2026 14:56:47
699dbd5c6775bd7dac86ef2a,data_ml,p_count_2,robo,0,24 Feb 2026 15:1:48
699dc20ec32d508c97456d2b,data_ml,p_count_2,robo,3,24 Feb 2026 15:21:50
699dc33bc32d508c97456d32,data_ml,p_count_2,robo,1,24 Feb 2026 15:26:51
699dc468c32d508c97456d39,data_ml,p_count_2,robo,0,24 Feb 2026 15:31:52
699dc594c32d508c97456d40,data_ml,p_count_2,robo,1,24 Feb 2026 15:36:52
699dc6c1c32d508c97456d47,data_ml,p_count_2,robo,0,24 Feb 2026 15:41:53
699dc7ed33773537089d47be,data_ml,p_count_2,robo,1,24 Feb 2026 15:46:53
699dc91a33773537089d47c5,data_ml,p_count_2,robo,0,24 Feb 2026 15:51:54
699dca4733773537089d47cc,data_ml,p_count_2,robo,0,24 Feb 2026 15:56:55
699dcb7333773537089d47d3,data_ml,p_count_2,robo,0,24 Feb 2026 16:1:55
699dcca033773537089d47da,data_ml,p_count_2,robo,2,24 Feb 2026 16:6:56
699dd27fc0e7a49b244edb3d,data_ml,p_count_2,robo,0,24 Feb 2026 16:31:59
699dd3abc0e7a49b244edb44,data_ml,p_count_2,robo,0,24 Feb 2026 16:36:59
699dd4d8c0e7a49b244edb4b,data_ml,p_count_2,robo,0,24 Feb 2026 16:42:0
699dd604c0e7a49b244edb52,data_ml,p_count_2,robo,0,24 Feb 2026 16:47:0
699dd731c0e7a49b244edb59,data_ml,p_count_2,robo,0,24 Feb 2026 16:52:1
699dd85dc0e7a49b244edb60,data_ml,p_count_2,robo,0,24 Feb 2026 16:57:1
699dd98bc0e7a49b244edb67,data_ml,p_count_2,robo,0,24 Feb 2026 17:2:3
699ddab7c0e7a49b244edb6e,data_ml,p_count_2,robo,0,24 Feb 2026 17:7:3
699ddbe4c0e7a49b244edb74,data_ml,p_count_2,robo,0,24 Feb 2026 17:12:4
699ddd10c0e7a49b244edb7b,data_ml,p_count_2,robo,0,24 Feb 2026 17:17:4
699dde3dc0e7a49b244edb82,data_ml,p_count_2,robo,0,24 Feb 2026 17:22:5
699de096d666634c53e42487,data_ml,p_count_2,robo,0,24 Feb 2026 17:32:6
699de2efabb20da46bd2d20c,data_ml,p_count_2,robo,0,24 Feb 2026 17:42:7
699de549bb29fa55600496e8,data_ml,p_count_2,robo,0,24 Feb 2026 17:52:9
699de675bb29fa55600496ef,data_ml,p_count_2,robo,0,24 Feb 2026 17:57:9
699de7a2f95d95e90321f336,data_ml,p_count_2,robo,0,24 Feb 2026 18:2:10
699de9fbbfdd927336671572,data_ml,p_count_2,robo,0,24 Feb 2026 18:12:11
699deb27bfdd927336671579,data_ml,p_count_2,robo,0,24 Feb 2026 18:17:11
699dec54bfdd927336671580,data_ml,p_count_2,robo,0,24 Feb 2026 18:22:12
699ded81bfdd927336671587,data_ml,p_count_2,robo,0,24 Feb 2026 18:27:13
699deeadbfdd92733667158e,data_ml,p_count_2,robo,0,24 Feb 2026 18:32:13
699defdabfdd927336671595,data_ml,p_count_2,robo,0,24 Feb 2026 18:37:14
699df107bfdd92733667159c,data_ml,p_count_2,robo,0,24 Feb 2026 18:42:15
699df233bfdd9273366715a4,data_ml,p_count_2,robo,0,24 Feb 2026 18:47:15
699df360bfdd9273366715ab,data_ml,p_count_2,robo,0,24 Feb 2026 18:52:16
699df3603ee232bdb9bc6268,data_ml,p_count_2,robo,0,24 Feb 2026 18:52:16
699df48cbfdd9273366715b2,data_ml,p_count_2,robo,0,24 Feb 2026 18:57:16
699df5b9bfdd9273366715b9,data_ml,p_count_2,robo,0,24 Feb 2026 19:2:17
699df6e5bfdd9273366715c0,data_ml,p_count_2,robo,0,24 Feb 2026 19:7:17
699df812bfdd9273366715c7,data_ml,p_count_2,robo,0,24 Feb 2026 19:12:18
699df93fbfdd9273366715ce,data_ml,p_count_2,robo,0,24 Feb 2026 19:17:19
699dfa6bbfdd9273366715d5,data_ml,p_count_2,robo,0,24 Feb 2026 19:22:19
699dfb98bfdd9273366715dc,data_ml,p_count_2,robo,0,24 Feb 2026 19:27:20
699dfcc5bfdd9273366715e3,data_ml,p_count_2,robo,0,24 Feb 2026 19:32:21
699dfdf1bfdd9273366715ea,data_ml,p_count_2,robo,0,24 Feb 2026 19:37:21
699dff1ebfdd9273366715f0,data_ml,p_count_2,robo,0,24 Feb 2026 19:42:22
699e004bbfdd9273366715f7,data_ml,p_count_2,robo,0,24 Feb 2026 19:47:23
699e0177bfdd9273366715fe,data_ml,p_count_2,robo,0,24 Feb 2026 19:52:23
699e02a4bfdd927336671605,data_ml,p_count_2,robo,0,24 Feb 2026 19:57:24
699e03d0bfdd92733667160c,data_ml,p_count_2,robo,0,24 Feb 2026 20:2:24
699e04fdbfdd927336671613,data_ml,p_count_2,robo,0,24 Feb 2026 20:7:25
699e062abfdd92733667161a,data_ml,p_count_2,robo,0,24 Feb 2026 20:12:26
699e0756bfdd927336671621,data_ml,p_count_2,robo,0,24 Feb 2026 20:17:26
699e0883bfdd927336671628,data_ml,p_count_2,robo,0,24 Feb 2026 20:22:27
699e09afbfdd92733667162f,data_ml,p_count_2,robo,0,24 Feb 2026 20:27:27
699e0adcbfdd927336671636,data_ml,p_count_2,robo,0,24 Feb 2026 20:32:28
699e0c09bfdd92733667163d,data_ml,p_count_2,robo,0,24 Feb 2026 20:37:29
699e0d35bfdd927336671644,data_ml,p_count_2,robo,0,24 Feb 2026 20:42:29
699e0e62bfdd92733667164b,data_ml,p_count_2,robo,0,24 Feb 2026 20:47:30
699e0f8ebfdd927336671652,data_ml,p_count_2,robo,0,24 Feb 2026 20:52:30
699e10bbe3e00ec1ad191c35,data_ml,p_count_2,robo,0,24 Feb 2026 20:57:31
699e11e8e3e00ec1ad191c3c,data_ml,p_count_2,robo,0,24 Feb 2026 21:2:32
699e1314e3e00ec1ad191c43,data_ml,p_count_2,robo,0,24 Feb 2026 21:7:32
699e1441e3e00ec1ad191c4a,data_ml,p_count_2,robo,0,24 Feb 2026 21:12:33
699e156ee3e00ec1ad191c51,data_ml,p_count_2,robo,0,24 Feb 2026 21:17:34
699e169a8c418439cf9a7f1e,data_ml,p_count_2,robo,0,24 Feb 2026 21:22:34
699e17c78c418439cf9a7f25,data_ml,p_count_2,robo,0,24 Feb 2026 21:27:35
699e18f39ae367e05d0548e9,data_ml,p_count_2,robo,0,24 Feb 2026 21:32:35
699e1c7930a44b6ee557047d,data_ml,p_count_2,robo,0,24 Feb 2026 21:47:37
699e1da630a44b6ee5570484,data_ml,p_count_2,robo,0,24 Feb 2026 21:52:38
699e1ed230a44b6ee557048b,data_ml,p_count_2,robo,0,24 Feb 2026 21:57:38
699e22593852763dc5483034,data_ml,p_count_2,robo,0,24 Feb 2026 22:12:41
699e23853852763dc548303b,data_ml,p_count_2,robo,0,24 Feb 2026 22:17:41
699e24b23852763dc5483042,data_ml,p_count_2,robo,0,24 Feb 2026 22:22:42
699e25de3852763dc5483049,data_ml,p_count_2,robo,0,24 Feb 2026 22:27:42
699e2964d3dfe11312af5dbc,data_ml,p_count_2,robo,0,24 Feb 2026 22:42:44
699e2a91d3dfe11312af5dc3,data_ml,p_count_2,robo,0,24 Feb 2026 22:47:45
699e2bbdd3dfe11312af5dca,data_ml,p_count_2,robo,0,24 Feb 2026 22:52:45
699e2cead3dfe11312af5dd1,data_ml,p_count_2,robo,0,24 Feb 2026 22:57:46
699e2e17d3dfe11312af5dd8,data_ml,p_count_2,robo,0,24 Feb 2026 23:2:47
699e2f43d3dfe11312af5ddf,data_ml,p_count_2,robo,0,24 Feb 2026 23:7:47
699e3070d3dfe11312af5de6,data_ml,p_count_2,robo,0,24 Feb 2026 23:12:48
699e319cd3dfe11312af5ded,data_ml,p_count_2,robo,0,24 Feb 2026 23:17:48
699e32c9d3dfe11312af5df4,data_ml,p_count_2,robo,0,24 Feb 2026 23:22:49
699e33f6d3dfe11312af5dfb,data_ml,p_count_2,robo,0,24 Feb 2026 23:27:50
699e3522d3dfe11312af5e02,data_ml,p_count_2,robo,0,24 Feb 2026 23:32:50
699e364fd3dfe11312af5e09,data_ml,p_count_2,robo,0,24 Feb 2026 23:37:51
699e377bd3dfe11312af5e10,data_ml,p_count_2,robo,0,24 Feb 2026 23:42:51
699e38a8d3dfe11312af5e17,data_ml,p_count_2,robo,0,24 Feb 2026 23:47:52
699e39d5d3dfe11312af5e1e,data_ml,p_count_2,robo,0,24 Feb 2026 23:52:53
699e3b01d3dfe11312af5e25,data_ml,p_count_2,robo,0,24 Feb 2026 23:57:53
699e3c2ed3dfe11312af5e2c,data_ml,p_count_2,robo,0,25 Feb 2026 0:2:54
699e3d5ad3dfe11312af5e33,data_ml,p_count_2,robo,0,25 Feb 2026 0:7:54
699e3e87d3dfe11312af5e3a,data_ml,p_count_2,robo,0,25 Feb 2026 0:12:55
699e3fb4d3dfe11312af5e41,data_ml,p_count_2,robo,0,25 Feb 2026 0:17:56
699e40e0d3dfe11312af5e48,data_ml,p_count_2,robo,0,25 Feb 2026 0:22:56
699e420dd3dfe11312af5e4f,data_ml,p_count_2,robo,0,25 Feb 2026 0:27:57
699e420dc63e8c0fa084b6bb,data_ml,p_count_2,robo,0,25 Feb 2026 0:27:57
699e433ad3dfe11312af5e56,data_ml,p_count_2,robo,0,25 Feb 2026 0:32:58
699e4467d3dfe11312af5e5d,data_ml,p_count_2,robo,0,25 Feb 2026 0:37:59
699e4593d3dfe11312af5e63,data_ml,p_count_2,robo,0,25 Feb 2026 0:42:59
699e46c0d3dfe11312af5e6a,data_ml,p_count_2,robo,0,25 Feb 2026 0:48:0
699e47ecd3dfe11312af5e71,data_ml,p_count_2,robo,0,25 Feb 2026 0:53:0
699e4919d3dfe11312af5e78,data_ml,p_count_2,robo,0,25 Feb 2026 0:58:1
699e4a46d3dfe11312af5e7f,data_ml,p_count_2,robo,0,25 Feb 2026 1:3:2
699e4b72d3dfe11312af5e86,data_ml,p_count_2,robo,0,25 Feb 2026 1:8:2
699e4c9fd3dfe11312af5e8d,data_ml,p_count_2,robo,0,25 Feb 2026 1:13:3
699e4dcbd3dfe11312af5e94,data_ml,p_count_2,robo,0,25 Feb 2026 1:18:3
699e4ef8d3dfe11312af5e9b,data_ml,p_count_2,robo,0,25 Feb 2026 1:23:4
699e5025d3dfe11312af5ea2,data_ml,p_count_2,robo,0,25 Feb 2026 1:28:5
699e5151d3dfe11312af5ea9,data_ml,p_count_2,robo,0,25 Feb 2026 1:33:5
699e527ed3dfe11312af5eb0,data_ml,p_count_2,robo,0,25 Feb 2026 1:38:6
699e53aad3dfe11312af5eb7,data_ml,p_count_2,robo,0,25 Feb 2026 1:43:6
699e54d7d3dfe11312af5ebe,data_ml,p_count_2,robo,0,25 Feb 2026 1:48:7
699e5604d3dfe11312af5ec5,data_ml,p_count_2,robo,0,25 Feb 2026 1:53:8
699e5730d3dfe11312af5ecc,data_ml,p_count_2,robo,0,25 Feb 2026 1:58:8
699e585dd3dfe11312af5ed3,data_ml,p_count_2,robo,0,25 Feb 2026 2:3:9
699e5989d3dfe11312af5eda,data_ml,p_count_2,robo,0,25 Feb 2026 2:8:9
699e5ab6d3dfe11312af5ee1,data_ml,p_count_2,robo,0,25 Feb 2026 2:13:10
699e5be3d3dfe11312af5ee8,data_ml,p_count_2,robo,0,25 Feb 2026 2:18:11
699e5d0fd3dfe11312af5eef,data_ml,p_count_2,robo,0,25 Feb 2026 2:23:11
699e5e3cd3dfe11312af5ef6,data_ml,p_count_2,robo,0,25 Feb 2026 2:28:12
699e5f69d3dfe11312af5efd,data_ml,p_count_2,robo,0,25 Feb 2026 2:33:13
699e6095d3dfe11312af5f04,data_ml,p_count_2,robo,0,25 Feb 2026 2:38:13
699e61c2d3dfe11312af5f0b,data_ml,p_count_2,robo,0,25 Feb 2026 2:43:14
699e62eed3dfe11312af5f12,data_ml,p_count_2,robo,0,25 Feb 2026 2:48:14
699e641bd3dfe11312af5f19,data_ml,p_count_2,robo,0,25 Feb 2026 2:53:15
699e6548d3dfe11312af5f20,data_ml,p_count_2,robo,0,25 Feb 2026 2:58:16
699e6675d3dfe11312af5f27,data_ml,p_count_2,robo,0,25 Feb 2026 3:3:17
699e67a1d3dfe11312af5f2e,data_ml,p_count_2,robo,0,25 Feb 2026 3:8:17
699e68ced3dfe11312af5f34,data_ml,p_count_2,robo,0,25 Feb 2026 3:13:18
699e69fbd3dfe11312af5f3b,data_ml,p_count_2,robo,0,25 Feb 2026 3:18:19
699e6b27d3dfe11312af5f42,data_ml,p_count_2,robo,0,25 Feb 2026 3:23:19
699e6c54d3dfe11312af5f49,data_ml,p_count_2,robo,0,25 Feb 2026 3:28:20
699e6d80d3dfe11312af5f50,data_ml,p_count_2,robo,0,25 Feb 2026 3:33:20
699e6eadd3dfe11312af5f57,data_ml,p_count_2,robo,0,25 Feb 2026 3:38:21
699e6fdad3dfe11312af5f5e,data_ml,p_count_2,robo,0,25 Feb 2026 3:43:22
699e7106d3dfe11312af5f66,data_ml,p_count_2,robo,0,25 Feb 2026 3:48:22
699e7233d3dfe11312af5f6d,data_ml,p_count_2,robo,0,25 Feb 2026 3:53:23
699e7360d3dfe11312af5f74,data_ml,p_count_2,robo,0,25 Feb 2026 3:58:24
699e748cd3dfe11312af5f7b,data_ml,p_count_2,robo,0,25 Feb 2026 4:3:24
699e75b9d3dfe11312af5f82,data_ml,p_count_2,robo,0,25 Feb 2026 4:8:25
699e76e6d3dfe11312af5f89,data_ml,p_count_2,robo,0,25 Feb 2026 4:13:26
699e7812d3dfe11312af5f90,data_ml,p_count_2,robo,0,25 Feb 2026 4:18:26
699e793fd3dfe11312af5f97,data_ml,p_count_2,robo,0,25 Feb 2026 4:23:27
699e7a6bd3dfe11312af5f9e,data_ml,p_count_2,robo,0,25 Feb 2026 4:28:27
699e7b98d3dfe11312af5fa5,data_ml,p_count_2,robo,0,25 Feb 2026 4:33:28
699e7cc5d3dfe11312af5fac,data_ml,p_count_2,robo,0,25 Feb 2026 4:38:29
699e7df1d3dfe11312af5fb3,data_ml,p_count_2,robo,0,25 Feb 2026 4:43:29
699e7f1ed3dfe11312af5fba,data_ml,p_count_2,robo,0,25 Feb 2026 4:48:30
699e804bd3dfe11312af5fc1,data_ml,p_count_2,robo,0,25 Feb 2026 4:53:31
699e8177d3dfe11312af5fc8,data_ml,p_count_2,robo,0,25 Feb 2026 4:58:31
699e82a4d3dfe11312af5fcf,data_ml,p_count_2,robo,0,25 Feb 2026 5:3:32
699e83d0d3dfe11312af5fd6,data_ml,p_count_2,robo,0,25 Feb 2026 5:8:32
699e84fdd3dfe11312af5fdd,data_ml,p_count_2,robo,0,25 Feb 2026 5:13:33
699e8629d3dfe11312af5fe4,data_ml,p_count_2,robo,0,25 Feb 2026 5:18:33
699e8756d3dfe11312af5feb,data_ml,p_count_2,robo,0,25 Feb 2026 5:23:34
699e8883d3dfe11312af5ff2,data_ml,p_count_2,robo,0,25 Feb 2026 5:28:35
699e89b0d3dfe11312af5ff9,data_ml,p_count_2,robo,0,25 Feb 2026 5:33:36
699e8adcd3dfe11312af6000,data_ml,p_count_2,robo,0,25 Feb 2026 5:38:36
699e8c09d3dfe11312af6006,data_ml,p_count_2,robo,0,25 Feb 2026 5:43:37
699e8d36d3dfe11312af600d,data_ml,p_count_2,robo,0,25 Feb 2026 5:48:38
699e8e62d3dfe11312af6013,data_ml,p_count_2,robo,0,25 Feb 2026 5:53:38
699e8f8fd3dfe11312af601a,data_ml,p_count_2,robo,0,25 Feb 2026 5:58:39
699e90bbd3dfe11312af6021,data_ml,p_count_2,robo,0,25 Feb 2026 6:3:39
699e90bbbc060db1744e5310,data_ml,p_count_2,robo,0,25 Feb 2026 6:3:39
699e91e8d3dfe11312af6028,data_ml,p_count_2,robo,0,25 Feb 2026 6:8:40
699e9314d3dfe11312af602f,data_ml,p_count_2,robo,0,25 Feb 2026 6:13:40
699e9441d3dfe11312af6036,data_ml,p_count_2,robo,0,25 Feb 2026 6:18:41
699e956ed3dfe11312af603d,data_ml,p_count_2,robo,0,25 Feb 2026 6:23:42
699e969ad3dfe11312af6044,data_ml,p_count_2,robo,0,25 Feb 2026 6:28:42
699e97c7d3dfe11312af604b,data_ml,p_count_2,robo,0,25 Feb 2026 6:33:43
699e98f3d3dfe11312af6052,data_ml,p_count_2,robo,1,25 Feb 2026 6:38:43
699e9a20d3dfe11312af6059,data_ml,p_count_2,robo,0,25 Feb 2026 6:43:44
699e9b4dd3dfe11312af6060,data_ml,p_count_2,robo,0,25 Feb 2026 6:48:45
699e9c79d3dfe11312af6067,data_ml,p_count_2,robo,0,25 Feb 2026 6:53:45
699e9da6d3dfe11312af606e,data_ml,p_count_2,robo,1,25 Feb 2026 6:58:46
699e9ed2d3dfe11312af6075,data_ml,p_count_2,robo,2,25 Feb 2026 7:3:46
699e9fffd3dfe11312af607c,data_ml,p_count_2,robo,1,25 Feb 2026 7:8:47
699ea12bd3dfe11312af6083,data_ml,p_count_2,robo,1,25 Feb 2026 7:13:47
699ea258d3dfe11312af608a,data_ml,p_count_2,robo,3,25 Feb 2026 7:18:48
699ea385d3dfe11312af6091,data_ml,p_count_2,robo,2,25 Feb 2026 7:23:49
699ea4b1d3dfe11312af6098,data_ml,p_count_2,robo,2,25 Feb 2026 7:28:49
699ea5ded3dfe11312af609f,data_ml,p_count_2,robo,0,25 Feb 2026 7:33:50
699ea70ad3dfe11312af60a6,data_ml,p_count_2,robo,0,25 Feb 2026 7:38:50
699ea837d3dfe11312af60ad,data_ml,p_count_2,robo,1,25 Feb 2026 7:43:51
699ea963d3dfe11312af60b4,data_ml,p_count_2,robo,1,25 Feb 2026 7:48:51
699eaa90d3dfe11312af60bb,data_ml,p_count_2,robo,1,25 Feb 2026 7:53:52
699eabbdd3dfe11312af60c2,data_ml,p_count_2,robo,0,25 Feb 2026 7:58:53
699eacead3dfe11312af60c9,data_ml,p_count_2,robo,0,25 Feb 2026 8:3:54
699eae16d3dfe11312af60d0,data_ml,p_count_2,robo,0,25 Feb 2026 8:8:54
699eaf43d3dfe11312af60d6,data_ml,p_count_2,robo,0,25 Feb 2026 8:13:55
699eb06fd3dfe11312af60dd,data_ml,p_count_2,robo,0,25 Feb 2026 8:18:55
699eb19cd3dfe11312af60e4,data_ml,p_count_2,robo,0,25 Feb 2026 8:23:56
699eb2c9d3dfe11312af60ec,data_ml,p_count_2,robo,0,25 Feb 2026 8:28:57
699eb3f5d3dfe11312af60f3,data_ml,p_count_2,robo,0,25 Feb 2026 8:33:57
699eb522d3dfe11312af60fa,data_ml,p_count_2,robo,0,25 Feb 2026 8:38:58
699eb64fd3dfe11312af6101,data_ml,p_count_2,robo,0,25 Feb 2026 8:43:59
699eb77bd3dfe11312af6108,data_ml,p_count_2,robo,0,25 Feb 2026 8:48:59
699eb8a8d3dfe11312af610f,data_ml,p_count_2,robo,3,25 Feb 2026 8:54:0
699eb9d4d3dfe11312af6116,data_ml,p_count_2,robo,1,25 Feb 2026 8:59:0
699ebb01d3dfe11312af611d,data_ml,p_count_2,robo,1,25 Feb 2026 9:4:1
699ebc2ed3dfe11312af6124,data_ml,p_count_2,robo,0,25 Feb 2026 9:9:2
699ebd5ad3dfe11312af612b,data_ml,p_count_2,robo,0,25 Feb 2026 9:14:2
699ebe87d3dfe11312af6132,data_ml,p_count_2,robo,0,25 Feb 2026 9:19:3
699ebfb3d3dfe11312af6139,data_ml,p_count_2,robo,7,25 Feb 2026 9:24:3
699ec0e0d3dfe11312af6140,data_ml,p_count_2,robo,0,25 Feb 2026 9:29:4
699ec20cd3dfe11312af6147,data_ml,p_count_2,robo,0,25 Feb 2026 9:34:4
699ec339d3dfe11312af614e,data_ml,p_count_2,robo,0,25 Feb 2026 9:39:5
699ec466d3dfe11312af6155,data_ml,p_count_2,robo,1,25 Feb 2026 9:44:6
699ec592d3dfe11312af615c,data_ml,p_count_2,robo,1,25 Feb 2026 9:49:6
699ec6bfd3dfe11312af6163,data_ml,p_count_2,robo,2,25 Feb 2026 9:54:7
699ec7eb6a393c7f7ccd0f85,data_ml,p_count_2,robo,0,25 Feb 2026 9:59:7
699eca45a1f96da9dd47e317,data_ml,p_count_2,robo,0,25 Feb 2026 10:9:9
699ecdca06d18c3368c71e09,data_ml,p_count_2,robo,0,25 Feb 2026 10:24:10
699ecef706d18c3368c71e10,data_ml,p_count_2,robo,0,25 Feb 2026 10:29:11
699ed02406d18c3368c71e17,data_ml,p_count_2,robo,1,25 Feb 2026 10:34:12
699ed15106d18c3368c71e1e,data_ml,p_count_2,robo,0,25 Feb 2026 10:39:13
699ed27d06d18c3368c71e24,data_ml,p_count_2,robo,0,25 Feb 2026 10:44:13
699ed3aa06d18c3368c71e2b,data_ml,p_count_2,robo,0,25 Feb 2026 10:49:14
699ed4d606d18c3368c71e32,data_ml,p_count_2,robo,0,25 Feb 2026 10:54:14
699ed60306d18c3368c71e39,data_ml,p_count_2,robo,1,25 Feb 2026 10:59:15
699ed73006d18c3368c71e40,data_ml,p_count_2,robo,0,25 Feb 2026 11:4:16
699ed85c06d18c3368c71e47,data_ml,p_count_2,robo,0,25 Feb 2026 11:9:16
699ed98906d18c3368c71e4e,data_ml,p_count_2,robo,1,25 Feb 2026 11:14:17
699edab506d18c3368c71e55,data_ml,p_count_2,robo,2,25 Feb 2026 11:19:17
699edbe206d18c3368c71e5c,data_ml,p_count_2,robo,2,25 Feb 2026 11:24:18
699edd0f06d18c3368c71e63,data_ml,p_count_2,robo,0,25 Feb 2026 11:29:19
699ede3b06d18c3368c71e6a,data_ml,p_count_2,robo,2,25 Feb 2026 11:34:19
699edf6806d18c3368c71e71,data_ml,p_count_2,robo,2,25 Feb 2026 11:39:20
699ee2eefb1d175ffd72d582,data_ml,p_count_2,robo,3,25 Feb 2026 11:54:22
699ee41afb1d175ffd72d589,data_ml,p_count_2,robo,0,25 Feb 2026 11:59:22
699ee547fb1d175ffd72d590,data_ml,p_count_2,robo,2,25 Feb 2026 12:4:23
699ee674fb1d175ffd72d597,data_ml,p_count_2,robo,3,25 Feb 2026 12:9:24
699ee7a0fb1d175ffd72d59e,data_ml,p_count_2,robo,4,25 Feb 2026 12:14:24
699ee8cdfb1d175ffd72d5a5,data_ml,p_count_2,robo,1,25 Feb 2026 12:19:25
699ee9f9fb1d175ffd72d5ac,data_ml,p_count_2,robo,0,25 Feb 2026 12:24:25
699eeb26fb1d175ffd72d5b3,data_ml,p_count_2,robo,0,25 Feb 2026 12:29:26
699eec525e3c8848a8293f84,data_ml,p_count_2,robo,0,25 Feb 2026 12:34:26
699eed7f5e3c8848a8293f8b,data_ml,p_count_2,robo,0,25 Feb 2026 12:39:27
699eeeac5e3c8848a8293f92,data_ml,p_count_2,robo,2,25 Feb 2026 12:44:28
699eefd85e3c8848a8293f99,data_ml,p_count_2,robo,2,25 Feb 2026 12:49:28
699ef1055e3c8848a8293fa0,data_ml,p_count_2,robo,0,25 Feb 2026 12:54:29
699ef2315e3c8848a8293fa7,data_ml,p_count_2,robo,1,25 Feb 2026 12:59:29
699ef35e5e3c8848a8293fae,data_ml,p_count_2,robo,0,25 Feb 2026 13:4:30
699ef48b5e3c8848a8293fb5,data_ml,p_count_2,robo,1,25 Feb 2026 13:9:31
699ef5b85e3c8848a8293fbb,data_ml,p_count_2,robo,1,25 Feb 2026 13:14:32
699ef6e45e3c8848a8293fc2,data_ml,p_count_2,robo,2,25 Feb 2026 13:19:32
699ef8115e3c8848a8293fc9,data_ml,p_count_2,robo,1,25 Feb 2026 13:24:33
699ef93d5e3c8848a8293fd0,data_ml,p_count_2,robo,0,25 Feb 2026 13:29:33
699efa6a5e3c8848a8293fd7,data_ml,p_count_2,robo,0,25 Feb 2026 13:34:34
699efb975e3c8848a8293fde,data_ml,p_count_2,robo,4,25 Feb 2026 13:39:35
699efcc35e3c8848a8293fe5,data_ml,p_count_2,robo,2,25 Feb 2026 13:44:35
699efdf05e3c8848a8293fec,data_ml,p_count_2,robo,0,25 Feb 2026 13:49:36
699eff1c5e3c8848a8293ff4,data_ml,p_count_2,robo,3,25 Feb 2026 13:54:36
699f02a2b24d209d39dbbc32,data_ml,p_count_2,robo,0,25 Feb 2026 14:9:38
699f03cfb24d209d39dbbc39,data_ml,p_count_2,robo,0,25 Feb 2026 14:14:39
699f09ae5409477f73725e76,data_ml,p_count_2,robo,0,25 Feb 2026 14:39:42
699f0ada5409477f73725e7d,data_ml,p_count_2,robo,0,25 Feb 2026 14:44:42
699f0c075409477f73725e84,data_ml,p_count_2,robo,1,25 Feb 2026 14:49:43
699f0d345409477f73725e8b,data_ml,p_count_2,robo,1,25 Feb 2026 14:54:44
699f0e605409477f73725e92,data_ml,p_count_2,robo,0,25 Feb 2026 14:59:44
699f0f8d5409477f73725e99,data_ml,p_count_2,robo,0,25 Feb 2026 15:4:45
699f10b95409477f73725ea0,data_ml,p_count_2,robo,1,25 Feb 2026 15:9:45
699f11e65409477f73725ea7,data_ml,p_count_2,robo,0,25 Feb 2026 15:14:46
699f13135409477f73725eae,data_ml,p_count_2,robo,0,25 Feb 2026 15:19:47
699f143f5409477f73725eb5,data_ml,p_count_2,robo,2,25 Feb 2026 15:24:47
699f156c5409477f73725ebc,data_ml,p_count_2,robo,1,25 Feb 2026 15:29:48
699f16995409477f73725ec3,data_ml,p_count_2,robo,0,25 Feb 2026 15:34:49
699f17c65409477f73725ec9,data_ml,p_count_2,robo,0,25 Feb 2026 15:39:50
699f18f25409477f73725ed0,data_ml,p_count_2,robo,1,25 Feb 2026 15:44:50
699f1a1f5409477f73725ed7,data_ml,p_count_2,robo,0,25 Feb 2026 15:49:51
699f1b4c5409477f73725ede,data_ml,p_count_2,robo,0,25 Feb 2026 15:54:52
699f1c785409477f73725ee5,data_ml,p_count_2,robo,0,25 Feb 2026 15:59:52
699f1da55409477f73725eec,data_ml,p_count_2,robo,2,25 Feb 2026 16:4:53
699f1ed15409477f73725ef3,data_ml,p_count_2,robo,0,25 Feb 2026 16:9:53
699f1ffe5409477f73725efa,data_ml,p_count_2,robo,0,25 Feb 2026 16:14:54
699f212b5409477f73725f01,data_ml,p_count_2,robo,2,25 Feb 2026 16:19:55
699f22575409477f73725f08,data_ml,p_count_2,robo,0,25 Feb 2026 16:24:55
699f23845409477f73725f0f,data_ml,p_count_2,robo,0,25 Feb 2026 16:29:56
699f24b15409477f73725f16,data_ml,p_count_2,robo,0,25 Feb 2026 16:34:57
699f25dd5409477f73725f1d,data_ml,p_count_2,robo,2,25 Feb 2026 16:39:57
699f270a5409477f73725f24,data_ml,p_count_2,robo,4,25 Feb 2026 16:44:58
699f28365409477f73725f2b,data_ml,p_count_2,robo,3,25 Feb 2026 16:49:58
699f29635409477f73725f32,data_ml,p_count_2,robo,1,25 Feb 2026 16:54:59
699f2a8f5409477f73725f39,data_ml,p_count_2,robo,1,25 Feb 2026 16:59:59
699f2bbc5409477f73725f40,data_ml,p_count_2,robo,0,25 Feb 2026 17:5:0
699f2ce85409477f73725f47,data_ml,p_count_2,robo,0,25 Feb 2026 17:10:0
699f2e155409477f73725f4e,data_ml,p_count_2,robo,0,25 Feb 2026 17:15:1
699f2f425409477f73725f55,data_ml,p_count_2,robo,0,25 Feb 2026 17:20:2
699f306e5409477f73725f5c,data_ml,p_count_2,robo,0,25 Feb 2026 17:25:2
699f319b5409477f73725f63,data_ml,p_count_2,robo,0,25 Feb 2026 17:30:3
699f319bc5eee762e48ad9ef,data_ml,p_count_2,robo,0,25 Feb 2026 17:30:3
699f32c75409477f73725f6b,data_ml,p_count_2,robo,1,25 Feb 2026 17:35:3
699f33f45409477f73725f72,data_ml,p_count_2,robo,0,25 Feb 2026 17:40:4
699f35215409477f73725f79,data_ml,p_count_2,robo,0,25 Feb 2026 17:45:5
699f364d5409477f73725f80,data_ml,p_count_2,robo,0,25 Feb 2026 17:50:5
699f377a5409477f73725f87,data_ml,p_count_2,robo,0,25 Feb 2026 17:55:6
699f38a75409477f73725f8e,data_ml,p_count_2,robo,0,25 Feb 2026 18:0:7
699f39d45409477f73725f95,data_ml,p_count_2,robo,0,25 Feb 2026 18:5:8
699f3b005409477f73725f9b,data_ml,p_count_2,robo,0,25 Feb 2026 18:10:8
699f3c2d5409477f73725fa2,data_ml,p_count_2,robo,0,25 Feb 2026 18:15:9
699f3d595409477f73725fa9,data_ml,p_count_2,robo,0,25 Feb 2026 18:20:9
699f3e865409477f73725fb0,data_ml,p_count_2,robo,0,25 Feb 2026 18:25:10
699f3fb35409477f73725fb7,data_ml,p_count_2,robo,0,25 Feb 2026 18:30:11
699f40df5409477f73725fbe,data_ml,p_count_2,robo,0,25 Feb 2026 18:35:11
699f420c5409477f73725fc5,data_ml,p_count_2,robo,0,25 Feb 2026 18:40:12
699f43385409477f73725fcc,data_ml,p_count_2,robo,0,25 Feb 2026 18:45:12
699f44655409477f73725fd3,data_ml,p_count_2,robo,0,25 Feb 2026 18:50:13
699f45925409477f73725fda,data_ml,p_count_2,robo,0,25 Feb 2026 18:55:14
699f46be5409477f73725fe1,data_ml,p_count_2,robo,0,25 Feb 2026 19:0:14
699f47eb5409477f73725fe8,data_ml,p_count_2,robo,0,25 Feb 2026 19:5:15
699f49175409477f73725fef,data_ml,p_count_2,robo,0,25 Feb 2026 19:10:15
699f4a445409477f73725ff6,data_ml,p_count_2,robo,0,25 Feb 2026 19:15:16
699f4b715409477f73725ffd,data_ml,p_count_2,robo,0,25 Feb 2026 19:20:17
699f4c9d5409477f73726004,data_ml,p_count_2,robo,0,25 Feb 2026 19:25:17
699f4dca5409477f7372600b,data_ml,p_count_2,robo,0,25 Feb 2026 19:30:18
699f4ef65409477f73726012,data_ml,p_count_2,robo,0,25 Feb 2026 19:35:18
699f50235409477f73726019,data_ml,p_count_2,robo,0,25 Feb 2026 19:40:19
699f514f5409477f73726020,data_ml,p_count_2,robo,0,25 Feb 2026 19:45:19
699f527c5409477f73726027,data_ml,p_count_2,robo,0,25 Feb 2026 19:50:20
699f53a95409477f7372602e,data_ml,p_count_2,robo,0,25 Feb 2026 19:55:21
699f54d55409477f73726035,data_ml,p_count_2,robo,0,25 Feb 2026 20:0:21
699f56025409477f7372603c,data_ml,p_count_2,robo,0,25 Feb 2026 20:5:22
699f572f5409477f73726043,data_ml,p_count_2,robo,0,25 Feb 2026 20:10:23
699f585b5409477f7372604a,data_ml,p_count_2,robo,0,25 Feb 2026 20:15:23
699f59885409477f73726051,data_ml,p_count_2,robo,0,25 Feb 2026 20:20:24
699f5ab45409477f73726058,data_ml,p_count_2,robo,0,25 Feb 2026 20:25:24
699f5be15409477f7372605f,data_ml,p_count_2,robo,0,25 Feb 2026 20:30:25
699f5d0e5409477f73726066,data_ml,p_count_2,robo,0,25 Feb 2026 20:35:26
699f5e3b5409477f7372606c,data_ml,p_count_2,robo,0,25 Feb 2026 20:40:27
699f5f675409477f73726073,data_ml,p_count_2,robo,0,25 Feb 2026 20:45:27
699f60945409477f7372607a,data_ml,p_count_2,robo,0,25 Feb 2026 20:50:28
699f61c05409477f73726081,data_ml,p_count_2,robo,0,25 Feb 2026 20:55:28
699f62ed5409477f73726088,data_ml,p_count_2,robo,0,25 Feb 2026 21:0:29
699f641a5409477f7372608f,data_ml,p_count_2,robo,0,25 Feb 2026 21:5:30
699f65465409477f73726096,data_ml,p_count_2,robo,0,25 Feb 2026 21:10:30
699f66735409477f7372609d,data_ml,p_count_2,robo,0,25 Feb 2026 21:15:31
699f67a05409477f737260a4,data_ml,p_count_2,robo,0,25 Feb 2026 21:20:32
699f68cc5409477f737260ab,data_ml,p_count_2,robo,0,25 Feb 2026 21:25:32
699f69f95409477f737260b2,data_ml,p_count_2,robo,0,25 Feb 2026 21:30:33
699f6b255409477f737260b9,data_ml,p_count_2,robo,0,25 Feb 2026 21:35:33
699f6c525409477f737260c0,data_ml,p_count_2,robo,0,25 Feb 2026 21:40:34
699f6d7e5409477f737260c7,data_ml,p_count_2,robo,0,25 Feb 2026 21:45:34
699f6eab5409477f737260ce,data_ml,p_count_2,robo,0,25 Feb 2026 21:50:35
699f6fd85409477f737260d5,data_ml,p_count_2,robo,0,25 Feb 2026 21:55:36
699f71045409477f737260dc,data_ml,p_count_2,robo,0,25 Feb 2026 22:0:36
699f72315409477f737260e3,data_ml,p_count_2,robo,0,25 Feb 2026 22:5:37
699f735d5409477f737260ea,data_ml,p_count_2,robo,0,25 Feb 2026 22:10:37
699f748a5409477f737260f1,data_ml,p_count_2,robo,0,25 Feb 2026 22:15:38
699f75b65409477f737260f8,data_ml,p_count_2,robo,0,25 Feb 2026 22:20:38
699f76e35409477f737260ff,data_ml,p_count_2,robo,0,25 Feb 2026 22:25:39
699f78105409477f73726106,data_ml,p_count_2,robo,0,25 Feb 2026 22:30:40
699f793c5409477f7372610d,data_ml,p_count_2,robo,0,25 Feb 2026 22:35:40
699f7a695409477f73726114,data_ml,p_count_2,robo,0,25 Feb 2026 22:40:41
699f7b955409477f7372611b,data_ml,p_count_2,robo,0,25 Feb 2026 22:45:41
699f7cc25409477f73726122,data_ml,p_count_2,robo,0,25 Feb 2026 22:50:42
699f7def5409477f73726129,data_ml,p_count_2,robo,0,25 Feb 2026 22:55:43
699f7f1b5409477f73726130,data_ml,p_count_2,robo,0,25 Feb 2026 23:0:43
699f80485409477f73726137,data_ml,p_count_2,robo,0,25 Feb 2026 23:5:44
699f81755409477f7372613d,data_ml,p_count_2,robo,0,25 Feb 2026 23:10:45
699f82a15409477f73726144,data_ml,p_count_2,robo,0,25 Feb 2026 23:15:45
699f83ce5409477f7372614b,data_ml,p_count_2,robo,0,25 Feb 2026 23:20:46
699f84fa5409477f73726152,data_ml,p_count_2,robo,0,25 Feb 2026 23:25:46
699f86275409477f73726159,data_ml,p_count_2,robo,0,25 Feb 2026 23:30:47
699f87535409477f73726160,data_ml,p_count_2,robo,0,25 Feb 2026 23:35:47
699f88805409477f73726167,data_ml,p_count_2,robo,0,25 Feb 2026 23:40:48
699f89ac5409477f7372616e,data_ml,p_count_2,robo,0,25 Feb 2026 23:45:48
699f8ad95409477f73726175,data_ml,p_count_2,robo,0,25 Feb 2026 23:50:49
699f8c065409477f7372617c,data_ml,p_count_2,robo,0,25 Feb 2026 23:55:50
699f8d325409477f73726183,data_ml,p_count_2,robo,0,26 Feb 2026 0:0:50
699f8e5f5409477f7372618a,data_ml,p_count_2,robo,0,26 Feb 2026 0:5:51
699f8f8b5409477f73726191,data_ml,p_count_2,robo,0,26 Feb 2026 0:10:51
699f90b85409477f73726198,data_ml,p_count_2,robo,0,26 Feb 2026 0:15:52
699f91e45409477f7372619f,data_ml,p_count_2,robo,0,26 Feb 2026 0:20:52
699f93115409477f737261a6,data_ml,p_count_2,robo,0,26 Feb 2026 0:25:53
699f943e5409477f737261ad,data_ml,p_count_2,robo,0,26 Feb 2026 0:30:54
699f956a5409477f737261b4,data_ml,p_count_2,robo,0,26 Feb 2026 0:35:54
699f96975409477f737261bb,data_ml,p_count_2,robo,0,26 Feb 2026 0:40:55
699f97c35409477f737261c2,data_ml,p_count_2,robo,0,26 Feb 2026 0:45:55
699f98f05409477f737261c9,data_ml,p_count_2,robo,0,26 Feb 2026 0:50:56
699f9a1c5409477f737261d0,data_ml,p_count_2,robo,0,26 Feb 2026 0:55:56
699f9b495409477f737261d7,data_ml,p_count_2,robo,0,26 Feb 2026 1:0:57
699f9c765409477f737261de,data_ml,p_count_2,robo,0,26 Feb 2026 1:5:58
699f9da25409477f737261e5,data_ml,p_count_2,robo,0,26 Feb 2026 1:10:58
699f9ecf5409477f737261ec,data_ml,p_count_2,robo,0,26 Feb 2026 1:15:59
699f9ffb5409477f737261f3,data_ml,p_count_2,robo,0,26 Feb 2026 1:20:59
699fa1285409477f737261fa,data_ml,p_count_2,robo,0,26 Feb 2026 1:26:0
699fa2545409477f73726201,data_ml,p_count_2,robo,0,26 Feb 2026 1:31:0
699fa3815409477f73726208,data_ml,p_count_2,robo,0,26 Feb 2026 1:36:1
699fa4ae5409477f7372620e,data_ml,p_count_2,robo,0,26 Feb 2026 1:41:2
699fa5db5409477f73726215,data_ml,p_count_2,robo,0,26 Feb 2026 1:46:3
699fa7075409477f7372621c,data_ml,p_count_2,robo,0,26 Feb 2026 1:51:3
699fa8345409477f73726223,data_ml,p_count_2,robo,0,26 Feb 2026 1:56:4
699fa9605409477f7372622a,data_ml,p_count_2,robo,0,26 Feb 2026 2:1:4
699faa8d5409477f73726231,data_ml,p_count_2,robo,0,26 Feb 2026 2:6:5
699fabb95409477f73726238,data_ml,p_count_2,robo,0,26 Feb 2026 2:11:5
699face65409477f7372623f,data_ml,p_count_2,robo,0,26 Feb 2026 2:16:6
699fae135409477f73726246,data_ml,p_count_2,robo,0,26 Feb 2026 2:21:7
699faf3f5409477f7372624d,data_ml,p_count_2,robo,0,26 Feb 2026 2:26:7
699fb06c5409477f73726254,data_ml,p_count_2,robo,0,26 Feb 2026 2:31:8
699fb1985409477f7372625b,data_ml,p_count_2,robo,0,26 Feb 2026 2:36:8
699fb2c55409477f73726262,data_ml,p_count_2,robo,0,26 Feb 2026 2:41:9
699fb3f15409477f73726269,data_ml,p_count_2,robo,0,26 Feb 2026 2:46:9
699fb51e5409477f73726271,data_ml,p_count_2,robo,0,26 Feb 2026 2:51:10
699fb64b5409477f73726278,data_ml,p_count_2,robo,0,26 Feb 2026 2:56:11
699fb7775409477f7372627f,data_ml,p_count_2,robo,0,26 Feb 2026 3:1:11
699fb8a45409477f73726286,data_ml,p_count_2,robo,0,26 Feb 2026 3:6:12
699fb9d15409477f7372628d,data_ml,p_count_2,robo,0,26 Feb 2026 3:11:13
699fbafd5409477f73726294,data_ml,p_count_2,robo,0,26 Feb 2026 3:16:13
699fbc2a5409477f7372629b,data_ml,p_count_2,robo,0,26 Feb 2026 3:21:14
699fbd565409477f737262a2,data_ml,p_count_2,robo,0,26 Feb 2026 3:26:14
699fbe835409477f737262a9,data_ml,p_count_2,robo,0,26 Feb 2026 3:31:15
699fbfb05409477f737262b0,data_ml,p_count_2,robo,0,26 Feb 2026 3:36:16
699fc0dc5409477f737262b7,data_ml,p_count_2,robo,0,26 Feb 2026 3:41:16
699fc2095409477f737262be,data_ml,p_count_2,robo,0,26 Feb 2026 3:46:17
699fc3355409477f737262c5,data_ml,p_count_2,robo,0,26 Feb 2026 3:51:17
699fc4625409477f737262cc,data_ml,p_count_2,robo,0,26 Feb 2026 3:56:18
699fc58e5409477f737262d3,data_ml,p_count_2,robo,0,26 Feb 2026 4:1:18
699fc6bc5409477f737262da,data_ml,p_count_2,robo,0,26 Feb 2026 4:6:20
699fc7e85409477f737262e0,data_ml,p_count_2,robo,0,26 Feb 2026 4:11:20
699fc9155409477f737262e7,data_ml,p_count_2,robo,0,26 Feb 2026 4:16:21
699fca415409477f737262ee,data_ml,p_count_2,robo,0,26 Feb 2026 4:21:21
699fcb6e5409477f737262f5,data_ml,p_count_2,robo,0,26 Feb 2026 4:26:22
699fcc9b5409477f737262fc,data_ml,p_count_2,robo,0,26 Feb 2026 4:31:23
699fcdc75409477f73726303,data_ml,p_count_2,robo,0,26 Feb 2026 4:36:23
699fcef45409477f7372630a,data_ml,p_count_2,robo,0,26 Feb 2026 4:41:24
699fd0215409477f73726311,data_ml,p_count_2,robo,0,26 Feb 2026 4:46:25
699fd14d5409477f73726318,data_ml,p_count_2,robo,0,26 Feb 2026 4:51:25
699fd27a5409477f7372631f,data_ml,p_count_2,robo,0,26 Feb 2026 4:56:26
699fd3a65409477f73726326,data_ml,p_count_2,robo,0,26 Feb 2026 5:1:26
699fd4d35409477f7372632d,data_ml,p_count_2,robo,0,26 Feb 2026 5:6:27
699fd6005409477f73726334,data_ml,p_count_2,robo,0,26 Feb 2026 5:11:28
699fd72c5409477f7372633b,data_ml,p_count_2,robo,0,26 Feb 2026 5:16:28
699fd8595409477f73726342,data_ml,p_count_2,robo,0,26 Feb 2026 5:21:29
699fd9855409477f73726349,data_ml,p_count_2,robo,0,26 Feb 2026 5:26:29
699fdab25409477f73726350,data_ml,p_count_2,robo,0,26 Feb 2026 5:31:30
699fdbdf5409477f73726357,data_ml,p_count_2,robo,0,26 Feb 2026 5:36:31
699fdd0b5409477f7372635e,data_ml,p_count_2,robo,0,26 Feb 2026 5:41:31
699fde385409477f73726365,data_ml,p_count_2,robo,0,26 Feb 2026 5:46:32
699fdf645409477f7372636c,data_ml,p_count_2,robo,0,26 Feb 2026 5:51:32
699fe0915409477f73726373,data_ml,p_count_2,robo,0,26 Feb 2026 5:56:33
699fe1be5409477f7372637a,data_ml,p_count_2,robo,0,26 Feb 2026 6:1:34
699fe2ea5409477f73726380,data_ml,p_count_2,robo,0,26 Feb 2026 6:6:34
699fe4175409477f73726387,data_ml,p_count_2,robo,0,26 Feb 2026 6:11:35
699fe5445409477f7372638e,data_ml,p_count_2,robo,0,26 Feb 2026 6:16:36
699fe6705409477f73726395,data_ml,p_count_2,robo,0,26 Feb 2026 6:21:36
699fe79d5409477f7372639c,data_ml,p_count_2,robo,0,26 Feb 2026 6:26:37
699fe8c95409477f737263a3,data_ml,p_count_2,robo,0,26 Feb 2026 6:31:37
699fe9f65409477f737263aa,data_ml,p_count_2,robo,0,26 Feb 2026 6:36:38
699feb235409477f737263b0,data_ml,p_count_2,robo,0,26 Feb 2026 6:41:39
699fec505409477f737263b7,data_ml,p_count_2,robo,0,26 Feb 2026 6:46:40
699fed7c5409477f737263be,data_ml,p_count_2,robo,0,26 Feb 2026 6:51:40
699feea95409477f737263c5,data_ml,p_count_2,robo,0,26 Feb 2026 6:56:41
699fefd55409477f737263cc,data_ml,p_count_2,robo,0,26 Feb 2026 7:1:41
699ff1025409477f737263d3,data_ml,p_count_2,robo,0,26 Feb 2026 7:6:42
699ff22f5409477f737263da,data_ml,p_count_2,robo,0,26 Feb 2026 7:11:43
699ff35b5409477f737263e1,data_ml,p_count_2,robo,0,26 Feb 2026 7:16:43
699ff4885409477f737263e9,data_ml,p_count_2,robo,1,26 Feb 2026 7:21:44
699ff5b45409477f737263f0,data_ml,p_count_2,robo,0,26 Feb 2026 7:26:44
699ff6e15409477f737263f7,data_ml,p_count_2,robo,0,26 Feb 2026 7:31:45
699ff80e5409477f737263fe,data_ml,p_count_2,robo,1,26 Feb 2026 7:36:46
699ff93a5409477f73726405,data_ml,p_count_2,robo,2,26 Feb 2026 7:41:46
699ffa675409477f7372640c,data_ml,p_count_2,robo,0,26 Feb 2026 7:46:47
699ffb935409477f73726413,data_ml,p_count_2,robo,1,26 Feb 2026 7:51:47
699ffcc05409477f7372641a,data_ml,p_count_2,robo,0,26 Feb 2026 7:56:48
699ffded5409477f73726421,data_ml,p_count_2,robo,2,26 Feb 2026 8:1:49
699fff195409477f73726428,data_ml,p_count_2,robo,5,26 Feb 2026 8:6:49
69a000465409477f7372642f,data_ml,p_count_2,robo,0,26 Feb 2026 8:11:50
69a001725409477f73726436,data_ml,p_count_2,robo,5,26 Feb 2026 8:16:50
69a0029f5409477f7372643d,data_ml,p_count_2,robo,3,26 Feb 2026 8:21:51
69a003cc5409477f73726444,data_ml,p_count_2,robo,3,26 Feb 2026 8:26:52
69a004f85409477f7372644b,data_ml,p_count_2,robo,0,26 Feb 2026 8:31:52
69a006255409477f73726452,data_ml,p_count_2,robo,0,26 Feb 2026 8:36:53
69a007515409477f73726459,data_ml,p_count_2,robo,0,26 Feb 2026 8:41:53
69a0087e5409477f73726460,data_ml,p_count_2,robo,0,26 Feb 2026 8:46:54
69a009ab5409477f73726467,data_ml,p_count_2,robo,0,26 Feb 2026 8:51:55
69a00ad75409477f7372646e,data_ml,p_count_2,robo,1,26 Feb 2026 8:56:55
69a00c045409477f73726475,data_ml,p_count_2,robo,0,26 Feb 2026 9:1:56
69a00d315409477f7372647c,data_ml,p_count_2,robo,2,26 Feb 2026 9:6:57
69a00e5d5409477f73726482,data_ml,p_count_2,robo,2,26 Feb 2026 9:11:57
69a00f8a5409477f73726489,data_ml,p_count_2,robo,0,26 Feb 2026 9:16:58
69a010b75409477f73726490,data_ml,p_count_2,robo,2,26 Feb 2026 9:21:59
69a011e35409477f73726497,data_ml,p_count_2,robo,1,26 Feb 2026 9:26:59
69a013105409477f7372649e,data_ml,p_count_2,robo,1,26 Feb 2026 9:32:0
69a0143d5409477f737264a5,data_ml,p_count_2,robo,3,26 Feb 2026 9:37:1
69a015695409477f737264ac,data_ml,p_count_2,robo,2,26 Feb 2026 9:42:1
69a016965409477f737264b3,data_ml,p_count_2,robo,2,26 Feb 2026 9:47:2
69a017c25409477f737264ba,data_ml,p_count_2,robo,0,26 Feb 2026 9:52:2
69a018ef5409477f737264c1,data_ml,p_count_2,robo,3,26 Feb 2026 9:57:3
69a01a1c5409477f737264c8,data_ml,p_count_2,robo,1,26 Feb 2026 10:2:4
69a01b485409477f737264cf,data_ml,p_count_2,robo,2,26 Feb 2026 10:7:4
69a01c755409477f737264d6,data_ml,p_count_2,robo,1,26 Feb 2026 10:12:5
69a01da25409477f737264dd,data_ml,p_count_2,robo,0,26 Feb 2026 10:17:6
69a01ece5409477f737264e4,data_ml,p_count_2,robo,4,26 Feb 2026 10:22:6
69a01ffb5409477f737264eb,data_ml,p_count_2,robo,0,26 Feb 2026 10:27:7
69a021275409477f737264f2,data_ml,p_count_2,robo,0,26 Feb 2026 10:32:7
69a022545409477f737264f9,data_ml,p_count_2,robo,2,26 Feb 2026 10:37:8
69a023815409477f73726500,data_ml,p_count_2,robo,0,26 Feb 2026 10:42:9
69a024ad5409477f73726507,data_ml,p_count_2,robo,2,26 Feb 2026 10:47:9
69a025da5409477f7372650e,data_ml,p_count_2,robo,0,26 Feb 2026 10:52:10
69a027075409477f73726515,data_ml,p_count_2,robo,3,26 Feb 2026 10:57:11
69a028335409477f7372651c,data_ml,p_count_2,robo,2,26 Feb 2026 11:2:11
69a029605409477f73726523,data_ml,p_count_2,robo,1,26 Feb 2026 11:7:12
69a02a8c5409477f7372652a,data_ml,p_count_2,robo,1,26 Feb 2026 11:12:12
69a02bb95409477f73726531,data_ml,p_count_2,robo,3,26 Feb 2026 11:17:13
69a02ce65409477f73726538,data_ml,p_count_2,robo,0,26 Feb 2026 11:22:14
69a02e125409477f7372653f,data_ml,p_count_2,robo,2,26 Feb 2026 11:27:14
69a02f3f5409477f73726546,data_ml,p_count_2,robo,2,26 Feb 2026 11:32:15
69a0306c5409477f7372654d,data_ml,p_count_2,robo,0,26 Feb 2026 11:37:16
69a031995409477f73726553,data_ml,p_count_2,robo,0,26 Feb 2026 11:42:17
69a0351e7b29b1f741c22d4a,data_ml,p_count_2,robo,3,26 Feb 2026 11:57:18
69a0364b7b29b1f741c22d51,data_ml,p_count_2,robo,0,26 Feb 2026 12:2:19
69a037787b29b1f741c22d58,data_ml,p_count_2,robo,0,26 Feb 2026 12:7:20
69a038a47b29b1f741c22d5f,data_ml,p_count_2,robo,1,26 Feb 2026 12:12:20
69a039d17b29b1f741c22d66,data_ml,p_count_2,robo,0,26 Feb 2026 12:17:21
69a03afe7b29b1f741c22d6d,data_ml,p_count_2,robo,1,26 Feb 2026 12:22:22
69a03c2a7b29b1f741c22d74,data_ml,p_count_2,robo,0,26 Feb 2026 12:27:22
69a03d5780fd4c4c4677dfd6,data_ml,p_count_2,robo,2,26 Feb 2026 12:32:23
69a03e8380fd4c4c4677dfdd,data_ml,p_count_2,robo,1,26 Feb 2026 12:37:23
69a03fb080fd4c4c4677dfe4,data_ml,p_count_2,robo,1,26 Feb 2026 12:42:24
69a040dd80fd4c4c4677dfeb,data_ml,p_count_2,robo,0,26 Feb 2026 12:47:25
69a0420980fd4c4c4677dff2,data_ml,p_count_2,robo,0,26 Feb 2026 12:52:25
69a0433680fd4c4c4677dff9,data_ml,p_count_2,robo,1,26 Feb 2026 12:57:26
69a044625c44a63dc660cf71,data_ml,p_count_2,robo,0,26 Feb 2026 13:2:26
69a046bc27c238cbb5fa93f3,data_ml,p_count_2,robo,1,26 Feb 2026 13:12:28
69a047e827c238cbb5fa93fa,data_ml,p_count_2,robo,0,26 Feb 2026 13:17:28
69a0491527c238cbb5fa9401,data_ml,p_count_2,robo,0,26 Feb 2026 13:22:29
69a04a4127c238cbb5fa9408,data_ml,p_count_2,robo,1,26 Feb 2026 13:27:29
69a04b6e27c238cbb5fa940f,data_ml,p_count_2,robo,2,26 Feb 2026 13:32:30
69a04c9b27c238cbb5fa9416,data_ml,p_count_2,robo,0,26 Feb 2026 13:37:31
69a04dc727c238cbb5fa941d,data_ml,p_count_2,robo,3,26 Feb 2026 13:42:31
69a04ef427c238cbb5fa9424,data_ml,p_count_2,robo,0,26 Feb 2026 13:47:32
69a0502127c238cbb5fa942b,data_ml,p_count_2,robo,0,26 Feb 2026 13:52:33
69a0514d27c238cbb5fa9432,data_ml,p_count_2,robo,3,26 Feb 2026 13:57:33
69a0527a27c238cbb5fa9439,data_ml,p_count_2,robo,6,26 Feb 2026 14:2:34
69a053a727c238cbb5fa9440,data_ml,p_count_2,robo,3,26 Feb 2026 14:7:35
69a054d427c238cbb5fa9446,data_ml,p_count_2,robo,3,26 Feb 2026 14:12:36
69a0560027c238cbb5fa944d,data_ml,p_count_2,robo,2,26 Feb 2026 14:17:36
69a0572d27c238cbb5fa9454,data_ml,p_count_2,robo,0,26 Feb 2026 14:22:37
69a0585a27c238cbb5fa945b,data_ml,p_count_2,robo,0,26 Feb 2026 14:27:38
69a0598627c238cbb5fa9462,data_ml,p_count_2,robo,0,26 Feb 2026 14:32:38
69a05ab327c238cbb5fa9469,data_ml,p_count_2,robo,2,26 Feb 2026 14:37:39
69a05bdf27c238cbb5fa9470,data_ml,p_count_2,robo,3,26 Feb 2026 14:42:39
69a05d0c27c238cbb5fa9477,data_ml,p_count_2,robo,1,26 Feb 2026 14:47:40
69a05e3827c238cbb5fa947e,data_ml,p_count_2,robo,0,26 Feb 2026 14:52:40
69a05f6527c238cbb5fa9485,data_ml,p_count_2,robo,1,26 Feb 2026 14:57:41
69a0609227c238cbb5fa948c,data_ml,p_count_2,robo,1,26 Feb 2026 15:2:42
69a061bf27c238cbb5fa9493,data_ml,p_count_2,robo,1,26 Feb 2026 15:7:43
69a062eb27c238cbb5fa949a,data_ml,p_count_2,robo,0,26 Feb 2026 15:12:43
69a0641827c238cbb5fa94a1,data_ml,p_count_2,robo,0,26 Feb 2026 15:17:44
69a0654427c238cbb5fa94a8,data_ml,p_count_2,robo,0,26 Feb 2026 15:22:44
69a0667127c238cbb5fa94af,data_ml,p_count_2,robo,0,26 Feb 2026 15:27:45
69a0679e27c238cbb5fa94b6,data_ml,p_count_2,robo,0,26 Feb 2026 15:32:46
69a068ca27c238cbb5fa94bd,data_ml,p_count_2,robo,0,26 Feb 2026 15:37:46
69a069f727c238cbb5fa94c4,data_ml,p_count_2,robo,0,26 Feb 2026 15:42:47
69a06b2327c238cbb5fa94cb,data_ml,p_count_2,robo,0,26 Feb 2026 15:47:47
69a06c5027c238cbb5fa94d2,data_ml,p_count_2,robo,0,26 Feb 2026 15:52:48
69a06d7d27c238cbb5fa94d9,data_ml,p_count_2,robo,1,26 Feb 2026 15:57:49
69a06ea927c238cbb5fa94e0,data_ml,p_count_2,robo,1,26 Feb 2026 16:2:49
69a06fd627c238cbb5fa94e7,data_ml,p_count_2,robo,1,26 Feb 2026 16:7:50
69a0710327c238cbb5fa94ef,data_ml,p_count_2,robo,4,26 Feb 2026 16:12:51
69a0722f27c238cbb5fa94f6,data_ml,p_count_2,robo,4,26 Feb 2026 16:17:51
69a0735c27c238cbb5fa94fd,data_ml,p_count_2,robo,0,26 Feb 2026 16:22:52
69a0748927c238cbb5fa9504,data_ml,p_count_2,robo,0,26 Feb 2026 16:27:53
69a075b527c238cbb5fa950b,data_ml,p_count_2,robo,0,26 Feb 2026 16:32:53
69a076e227c238cbb5fa9512,data_ml,p_count_2,robo,0,26 Feb 2026 16:37:54
69a0780f27c238cbb5fa9518,data_ml,p_count_2,robo,0,26 Feb 2026 16:42:55
69a0793b27c238cbb5fa951f,data_ml,p_count_2,robo,0,26 Feb 2026 16:47:55
69a07a6827c238cbb5fa9526,data_ml,p_count_2,robo,0,26 Feb 2026 16:52:56
69a07b9527c238cbb5fa952d,data_ml,p_count_2,robo,0,26 Feb 2026 16:57:57
69a07cc127c238cbb5fa9534,data_ml,p_count_2,robo,0,26 Feb 2026 17:2:57
69a07dee27c238cbb5fa953b,data_ml,p_count_2,robo,0,26 Feb 2026 17:7:58
69a07f1a27c238cbb5fa9542,data_ml,p_count_2,robo,0,26 Feb 2026 17:12:58
69a0804727c238cbb5fa9549,data_ml,p_count_2,robo,2,26 Feb 2026 17:17:59
69a0817427c238cbb5fa9550,data_ml,p_count_2,robo,1,26 Feb 2026 17:23:0
69a082a027c238cbb5fa9557,data_ml,p_count_2,robo,0,26 Feb 2026 17:28:0
69a083cd27c238cbb5fa955e,data_ml,p_count_2,robo,2,26 Feb 2026 17:33:1
69a084f927c238cbb5fa9565,data_ml,p_count_2,robo,0,26 Feb 2026 17:38:1
69a0862627c238cbb5fa956c,data_ml,p_count_2,robo,0,26 Feb 2026 17:43:2
69a0875327c238cbb5fa9573,data_ml,p_count_2,robo,0,26 Feb 2026 17:48:3
69a0887f27c238cbb5fa957a,data_ml,p_count_2,robo,1,26 Feb 2026 17:53:3
69a089ac27c238cbb5fa9581,data_ml,p_count_2,robo,0,26 Feb 2026 17:58:4
69a08ad827c238cbb5fa9588,data_ml,p_count_2,robo,0,26 Feb 2026 18:3:4
69a08c0527c238cbb5fa958f,data_ml,p_count_2,robo,0,26 Feb 2026 18:8:5
69a08d3127c238cbb5fa9596,data_ml,p_count_2,robo,0,26 Feb 2026 18:13:5
69a08e5e27c238cbb5fa959d,data_ml,p_count_2,robo,3,26 Feb 2026 18:18:6
69a08f8b27c238cbb5fa95a4,data_ml,p_count_2,robo,0,26 Feb 2026 18:23:7
69a090b727c238cbb5fa95ab,data_ml,p_count_2,robo,0,26 Feb 2026 18:28:7
69a091e427c238cbb5fa95b2,data_ml,p_count_2,robo,0,26 Feb 2026 18:33:8
69a0931027c238cbb5fa95b9,data_ml,p_count_2,robo,0,26 Feb 2026 18:38:8
69a0943d27c238cbb5fa95c0,data_ml,p_count_2,robo,0,26 Feb 2026 18:43:9
69a0956927c238cbb5fa95c7,data_ml,p_count_2,robo,0,26 Feb 2026 18:48:9
69a0969627c238cbb5fa95ce,data_ml,p_count_2,robo,0,26 Feb 2026 18:53:10
69a097c327c238cbb5fa95d5,data_ml,p_count_2,robo,0,26 Feb 2026 18:58:11
69a098ef27c238cbb5fa95dc,data_ml,p_count_2,robo,0,26 Feb 2026 19:3:11
69a09a1c27c238cbb5fa95e3,data_ml,p_count_2,robo,0,26 Feb 2026 19:8:12
69a09b4927c238cbb5fa95e9,data_ml,p_count_2,robo,0,26 Feb 2026 19:13:13
69a09c7627c238cbb5fa95f0,data_ml,p_count_2,robo,0,26 Feb 2026 19:18:14
69a09da227c238cbb5fa95f7,data_ml,p_count_2,robo,0,26 Feb 2026 19:23:14
69a09ecf27c238cbb5fa95fe,data_ml,p_count_2,robo,0,26 Feb 2026 19:28:15
69a09ffb27c238cbb5fa9605,data_ml,p_count_2,robo,0,26 Feb 2026 19:33:15
69a0a12827c238cbb5fa960c,data_ml,p_count_2,robo,0,26 Feb 2026 19:38:16
69a0a25527c238cbb5fa9613,data_ml,p_count_2,robo,0,26 Feb 2026 19:43:17
69a0a38127c238cbb5fa961a,data_ml,p_count_2,robo,0,26 Feb 2026 19:48:17
69a0a4ae27c238cbb5fa9621,data_ml,p_count_2,robo,0,26 Feb 2026 19:53:18
69a0a5da27c238cbb5fa9628,data_ml,p_count_2,robo,0,26 Feb 2026 19:58:18
69a0a70727c238cbb5fa962f,data_ml,p_count_2,robo,0,26 Feb 2026 20:3:19
69a0a83427c238cbb5fa9636,data_ml,p_count_2,robo,0,26 Feb 2026 20:8:20
69a0a96027c238cbb5fa963d,data_ml,p_count_2,robo,0,26 Feb 2026 20:13:20
69a0aa8d27c238cbb5fa9644,data_ml,p_count_2,robo,0,26 Feb 2026 20:18:21
69a0abba27c238cbb5fa964b,data_ml,p_count_2,robo,0,26 Feb 2026 20:23:22
69a0ace627c238cbb5fa9652,data_ml,p_count_2,robo,0,26 Feb 2026 20:28:22
69a0ae1327c238cbb5fa9659,data_ml,p_count_2,robo,0,26 Feb 2026 20:33:23
69a0af3f27c238cbb5fa9660,data_ml,p_count_2,robo,0,26 Feb 2026 20:38:23
69a0b06c27c238cbb5fa9667,data_ml,p_count_2,robo,0,26 Feb 2026 20:43:24
69a0b19927c238cbb5fa966e,data_ml,p_count_2,robo,0,26 Feb 2026 20:48:25
69a0b2c527c238cbb5fa9675,data_ml,p_count_2,robo,0,26 Feb 2026 20:53:25
69a0b3f227c238cbb5fa967c,data_ml,p_count_2,robo,0,26 Feb 2026 20:58:26
69a0b51f27c238cbb5fa9683,data_ml,p_count_2,robo,0,26 Feb 2026 21:3:27
69a0b64b27c238cbb5fa968a,data_ml,p_count_2,robo,0,26 Feb 2026 21:8:27
69a0b77827c238cbb5fa9691,data_ml,p_count_2,robo,0,26 Feb 2026 21:13:28
69a0b8a427c238cbb5fa9698,data_ml,p_count_2,robo,0,26 Feb 2026 21:18:28
69a0b9d127c238cbb5fa969f,data_ml,p_count_2,robo,0,26 Feb 2026 21:23:29
69a0bafe27c238cbb5fa96a6,data_ml,p_count_2,robo,0,26 Feb 2026 21:28:30
69a0bc2a27c238cbb5fa96ad,data_ml,p_count_2,robo,0,26 Feb 2026 21:33:30
69a0bd5727c238cbb5fa96b4,data_ml,p_count_2,robo,0,26 Feb 2026 21:38:31
69a0be8427c238cbb5fa96ba,data_ml,p_count_2,robo,0,26 Feb 2026 21:43:32
69a0bfb127c238cbb5fa96c1,data_ml,p_count_2,robo,0,26 Feb 2026 21:48:33
69a0c0dd27c238cbb5fa96c8,data_ml,p_count_2,robo,0,26 Feb 2026 21:53:33
69a0c20a27c238cbb5fa96cf,data_ml,p_count_2,robo,0,26 Feb 2026 21:58:34
69a0c33727c238cbb5fa96d6,data_ml,p_count_2,robo,0,26 Feb 2026 22:3:35
69a0c46327c238cbb5fa96dd,data_ml,p_count_2,robo,0,26 Feb 2026 22:8:35
69a0c59027c238cbb5fa96e4,data_ml,p_count_2,robo,0,26 Feb 2026 22:13:36
69a0c6bd27c238cbb5fa96eb,data_ml,p_count_2,robo,0,26 Feb 2026 22:18:37
69a0c6bd4475e8aebb8e76c7,data_ml,p_count_2,robo,0,26 Feb 2026 22:18:37
69a0c7e927c238cbb5fa96f2,data_ml,p_count_2,robo,0,26 Feb 2026 22:23:37
69a0c91627c238cbb5fa96f9,data_ml,p_count_2,robo,0,26 Feb 2026 22:28:38
69a0ca4227c238cbb5fa9700,data_ml,p_count_2,robo,0,26 Feb 2026 22:33:38
69a0cb6f27c238cbb5fa9707,data_ml,p_count_2,robo,0,26 Feb 2026 22:38:39
69a0cc9c27c238cbb5fa970e,data_ml,p_count_2,robo,0,26 Feb 2026 22:43:40
69a0cdc827c238cbb5fa9715,data_ml,p_count_2,robo,0,26 Feb 2026 22:48:40
69a0cef527c238cbb5fa971c,data_ml,p_count_2,robo,0,26 Feb 2026 22:53:41
69a0d02227c238cbb5fa9723,data_ml,p_count_2,robo,0,26 Feb 2026 22:58:42
69a0d14e27c238cbb5fa972a,data_ml,p_count_2,robo,0,26 Feb 2026 23:3:42
69a0d27b27c238cbb5fa9731,data_ml,p_count_2,robo,0,26 Feb 2026 23:8:43
69a0d3a727c238cbb5fa9738,data_ml,p_count_2,robo,0,26 Feb 2026 23:13:43
69a0d4d427c238cbb5fa973f,data_ml,p_count_2,robo,0,26 Feb 2026 23:18:44
69a0d60127c238cbb5fa9746,data_ml,p_count_2,robo,0,26 Feb 2026 23:23:45
69a0d72d27c238cbb5fa974d,data_ml,p_count_2,robo,0,26 Feb 2026 23:28:45
69a0d85a27c238cbb5fa9754,data_ml,p_count_2,robo,0,26 Feb 2026 23:33:46
69a0d98627c238cbb5fa975b,data_ml,p_count_2,robo,0,26 Feb 2026 23:38:46
69a0dab327c238cbb5fa9762,data_ml,p_count_2,robo,0,26 Feb 2026 23:43:47
69a0dbdf27c238cbb5fa9769,data_ml,p_count_2,robo,0,26 Feb 2026 23:48:47
69a0dd0c27c238cbb5fa9770,data_ml,p_count_2,robo,0,26 Feb 2026 23:53:48
69a0de3927c238cbb5fa9777,data_ml,p_count_2,robo,0,26 Feb 2026 23:58:49
69a0df6527c238cbb5fa977e,data_ml,p_count_2,robo,0,27 Feb 2026 0:3:49
69a0e09227c238cbb5fa9785,data_ml,p_count_2,robo,0,27 Feb 2026 0:8:50
69a0e1bf27c238cbb5fa978b,data_ml,p_count_2,robo,0,27 Feb 2026 0:13:51
69a0e2ec27c238cbb5fa9792,data_ml,p_count_2,robo,0,27 Feb 2026 0:18:52
69a0e41827c238cbb5fa9799,data_ml,p_count_2,robo,0,27 Feb 2026 0:23:52
69a0e54527c238cbb5fa97a0,data_ml,p_count_2,robo,0,27 Feb 2026 0:28:53
69a0e67227c238cbb5fa97a7,data_ml,p_count_2,robo,0,27 Feb 2026 0:33:54
69a0e79e27c238cbb5fa97ae,data_ml,p_count_2,robo,0,27 Feb 2026 0:38:54
69a0e8cb27c238cbb5fa97b5,data_ml,p_count_2,robo,0,27 Feb 2026 0:43:55
69a0e9f727c238cbb5fa97bc,data_ml,p_count_2,robo,0,27 Feb 2026 0:48:55
69a0eb2427c238cbb5fa97c3,data_ml,p_count_2,robo,0,27 Feb 2026 0:53:56
69a0ec5027c238cbb5fa97ca,data_ml,p_count_2,robo,0,27 Feb 2026 0:58:56
69a0ed7d27c238cbb5fa97d1,data_ml,p_count_2,robo,0,27 Feb 2026 1:3:57
69a0eeaa27c238cbb5fa97d9,data_ml,p_count_2,robo,0,27 Feb 2026 1:8:58
69a0efd627c238cbb5fa97e0,data_ml,p_count_2,robo,0,27 Feb 2026 1:13:58
69a0f10327c238cbb5fa97e7,data_ml,p_count_2,robo,0,27 Feb 2026 1:18:59
69a0f22f27c238cbb5fa97ee,data_ml,p_count_2,robo,0,27 Feb 2026 1:23:59
69a0f35c27c238cbb5fa97f5,data_ml,p_count_2,robo,0,27 Feb 2026 1:29:0
69a0f48927c238cbb5fa97fc,data_ml,p_count_2,robo,0,27 Feb 2026 1:34:1
69a0f5b527c238cbb5fa9803,data_ml,p_count_2,robo,0,27 Feb 2026 1:39:1
69a0f6e227c238cbb5fa980a,data_ml,p_count_2,robo,0,27 Feb 2026 1:44:2
69a0f80e27c238cbb5fa9811,data_ml,p_count_2,robo,0,27 Feb 2026 1:49:2
69a0f93b27c238cbb5fa9818,data_ml,p_count_2,robo,0,27 Feb 2026 1:54:3
69a0fa6827c238cbb5fa981f,data_ml,p_count_2,robo,0,27 Feb 2026 1:59:4
69a0fb9427c238cbb5fa9826,data_ml,p_count_2,robo,0,27 Feb 2026 2:4:4
69a0fcc127c238cbb5fa982d,data_ml,p_count_2,robo,0,27 Feb 2026 2:9:5
69a0fded27c238cbb5fa9834,data_ml,p_count_2,robo,0,27 Feb 2026 2:14:5
69a0ff1a27c238cbb5fa983b,data_ml,p_count_2,robo,0,27 Feb 2026 2:19:6
69a1004627c238cbb5fa9842,data_ml,p_count_2,robo,0,27 Feb 2026 2:24:6
69a1017327c238cbb5fa9849,data_ml,p_count_2,robo,0,27 Feb 2026 2:29:7
69a102a027c238cbb5fa9850,data_ml,p_count_2,robo,0,27 Feb 2026 2:34:8
69a103cd27c238cbb5fa9857,data_ml,p_count_2,robo,0,27 Feb 2026 2:39:9
69a104f927c238cbb5fa985d,data_ml,p_count_2,robo,0,27 Feb 2026 2:44:9
69a1062627c238cbb5fa9864,data_ml,p_count_2,robo,0,27 Feb 2026 2:49:10
69a1075227c238cbb5fa986b,data_ml,p_count_2,robo,0,27 Feb 2026 2:54:10
69a1087f27c238cbb5fa9872,data_ml,p_count_2,robo,0,27 Feb 2026 2:59:11
69a109ac27c238cbb5fa9879,data_ml,p_count_2,robo,0,27 Feb 2026 3:4:12
69a10ad827c238cbb5fa9880,data_ml,p_count_2,robo,0,27 Feb 2026 3:9:12
69a10c0527c238cbb5fa9887,data_ml,p_count_2,robo,0,27 Feb 2026 3:14:13
69a10d3227c238cbb5fa988e,data_ml,p_count_2,robo,0,27 Feb 2026 3:19:14
69a10e5e27c238cbb5fa9895,data_ml,p_count_2,robo,0,27 Feb 2026 3:24:14
69a10f8b27c238cbb5fa989c,data_ml,p_count_2,robo,0,27 Feb 2026 3:29:15
69a110b827c238cbb5fa98a3,data_ml,p_count_2,robo,0,27 Feb 2026 3:34:16
69a111e427c238cbb5fa98aa,data_ml,p_count_2,robo,0,27 Feb 2026 3:39:16
69a1131127c238cbb5fa98b1,data_ml,p_count_2,robo,0,27 Feb 2026 3:44:17
69a1143d27c238cbb5fa98b8,data_ml,p_count_2,robo,0,27 Feb 2026 3:49:17
69a1156a27c238cbb5fa98bf,data_ml,p_count_2,robo,0,27 Feb 2026 3:54:18
69a1156af15cb5d5e7a07e7b,data_ml,p_count_2,robo,0,27 Feb 2026 3:54:18
69a1169727c238cbb5fa98c6,data_ml,p_count_2,robo,0,27 Feb 2026 3:59:19
69a117c327c238cbb5fa98cd,data_ml,p_count_2,robo,0,27 Feb 2026 4:4:19
69a118f027c238cbb5fa98d4,data_ml,p_count_2,robo,0,27 Feb 2026 4:9:20
69a11a1c27c238cbb5fa98db,data_ml,p_count_2,robo,0,27 Feb 2026 4:14:20
69a11b4927c238cbb5fa98e2,data_ml,p_count_2,robo,0,27 Feb 2026 4:19:21
69a11c7627c238cbb5fa98e9,data_ml,p_count_2,robo,0,27 Feb 2026 4:24:22
69a11da227c238cbb5fa98f0,data_ml,p_count_2,robo,0,27 Feb 2026 4:29:22
69a11ecf27c238cbb5fa98f7,data_ml,p_count_2,robo,0,27 Feb 2026 4:34:23
69a11ffb27c238cbb5fa98fe,data_ml,p_count_2,robo,0,27 Feb 2026 4:39:23
69a1212827c238cbb5fa9905,data_ml,p_count_2,robo,0,27 Feb 2026 4:44:24
69a1225527c238cbb5fa990c,data_ml,p_count_2,robo,0,27 Feb 2026 4:49:25
69a1238127c238cbb5fa9913,data_ml,p_count_2,robo,0,27 Feb 2026 4:54:25
69a124ae27c238cbb5fa991a,data_ml,p_count_2,robo,0,27 Feb 2026 4:59:26
69a125da27c238cbb5fa9921,data_ml,p_count_2,robo,0,27 Feb 2026 5:4:26
69a1270827c238cbb5fa9928,data_ml,p_count_2,robo,0,27 Feb 2026 5:9:28
69a1283427c238cbb5fa992e,data_ml,p_count_2,robo,0,27 Feb 2026 5:14:28
69a1296127c238cbb5fa9935,data_ml,p_count_2,robo,0,27 Feb 2026 5:19:29
69a12a8d27c238cbb5fa993c,data_ml,p_count_2,robo,0,27 Feb 2026 5:24:29
69a12bba27c238cbb5fa9943,data_ml,p_count_2,robo,0,27 Feb 2026 5:29:30
69a12ce727c238cbb5fa994a,data_ml,p_count_2,robo,1,27 Feb 2026 5:34:31
69a12e1327c238cbb5fa9951,data_ml,p_count_2,robo,1,27 Feb 2026 5:39:31
69a12f4027c238cbb5fa9958,data_ml,p_count_2,robo,0,27 Feb 2026 5:44:32
69a1306d27c238cbb5fa995f,data_ml,p_count_2,robo,0,27 Feb 2026 5:49:33
69a1319927c238cbb5fa9966,data_ml,p_count_2,robo,0,27 Feb 2026 5:54:33
69a132c627c238cbb5fa996d,data_ml,p_count_2,robo,1,27 Feb 2026 5:59:34
69a133f227c238cbb5fa9974,data_ml,p_count_2,robo,0,27 Feb 2026 6:4:34
69a1351f27c238cbb5fa997b,data_ml,p_count_2,robo,2,27 Feb 2026 6:9:35
69a1364c27c238cbb5fa9982,data_ml,p_count_2,robo,1,27 Feb 2026 6:14:36
69a1377827c238cbb5fa9989,data_ml,p_count_2,robo,0,27 Feb 2026 6:19:36
69a138a527c238cbb5fa9990,data_ml,p_count_2,robo,0,27 Feb 2026 6:24:37
69a139d127c238cbb5fa9997,data_ml,p_count_2,robo,0,27 Feb 2026 6:29:37
69a13afe27c238cbb5fa999e,data_ml,p_count_2,robo,0,27 Feb 2026 6:34:38
69a13c2b27c238cbb5fa99a5,data_ml,p_count_2,robo,2,27 Feb 2026 6:39:39
69a13d5727c238cbb5fa99ac,data_ml,p_count_2,robo,0,27 Feb 2026 6:44:39
69a13e8427c238cbb5fa99b3,data_ml,p_count_2,robo,0,27 Feb 2026 6:49:40
69a13fb027c238cbb5fa99ba,data_ml,p_count_2,robo,0,27 Feb 2026 6:54:40
69a140dd27c238cbb5fa99c1,data_ml,p_count_2,robo,0,27 Feb 2026 6:59:41
69a1420a27c238cbb5fa99c8,data_ml,p_count_2,robo,2,27 Feb 2026 7:4:42
69a1433627c238cbb5fa99cf,data_ml,p_count_2,robo,0,27 Feb 2026 7:9:42
69a1446327c238cbb5fa99d6,data_ml,p_count_2,robo,0,27 Feb 2026 7:14:43
69a1458f27c238cbb5fa99dd,data_ml,p_count_2,robo,0,27 Feb 2026 7:19:43
69a146bc27c238cbb5fa99e4,data_ml,p_count_2,robo,1,27 Feb 2026 7:24:44
69a147e927c238cbb5fa99eb,data_ml,p_count_2,robo,2,27 Feb 2026 7:29:45
69a1491527c238cbb5fa99f2,data_ml,p_count_2,robo,1,27 Feb 2026 7:34:45
69a14a4227c238cbb5fa99f9,data_ml,p_count_2,robo,1,27 Feb 2026 7:39:46
69a14b6f27c238cbb5fa99ff,data_ml,p_count_2,robo,0,27 Feb 2026 7:44:47
69a14c9b27c238cbb5fa9a06,data_ml,p_count_2,robo,4,27 Feb 2026 7:49:47
69a14dc8244e5b6be4842097,data_ml,p_count_2,robo,0,27 Feb 2026 7:54:48
69a14ef5244e5b6be484209e,data_ml,p_count_2,robo,0,27 Feb 2026 7:59:49
69a15021244e5b6be48420a5,data_ml,p_count_2,robo,1,27 Feb 2026 8:4:49
69a1514e244e5b6be48420ac,data_ml,p_count_2,robo,1,27 Feb 2026 8:9:50
69a1527b244e5b6be48420b3,data_ml,p_count_2,robo,1,27 Feb 2026 8:14:51
69a153a7244e5b6be48420ba,data_ml,p_count_2,robo,1,27 Feb 2026 8:19:51
69a154d4244e5b6be48420c1,data_ml,p_count_2,robo,0,27 Feb 2026 8:24:52
69a15600244e5b6be48420c8,data_ml,p_count_2,robo,0,27 Feb 2026 8:29:52
69a1572d244e5b6be48420cf,data_ml,p_count_2,robo,1,27 Feb 2026 8:34:53
69a15859244e5b6be48420d6,data_ml,p_count_2,robo,2,27 Feb 2026 8:39:53
69a15986244e5b6be48420dd,data_ml,p_count_2,robo,4,27 Feb 2026 8:44:54
69a15ab3244e5b6be48420e4,data_ml,p_count_2,robo,2,27 Feb 2026 8:49:55
69a15bdf244e5b6be48420eb,data_ml,p_count_2,robo,4,27 Feb 2026 8:54:55
69a15d0c244e5b6be48420f2,data_ml,p_count_2,robo,1,27 Feb 2026 8:59:56
69a15e39244e5b6be48420f9,data_ml,p_count_2,robo,0,27 Feb 2026 9:4:57
69a15f65244e5b6be4842100,data_ml,p_count_2,robo,2,27 Feb 2026 9:9:57
69a16092244e5b6be4842107,data_ml,p_count_2,robo,1,27 Feb 2026 9:14:58
69a161be244e5b6be484210e,data_ml,p_count_2,robo,1,27 Feb 2026 9:19:58
69a162eb244e5b6be4842115,data_ml,p_count_2,robo,3,27 Feb 2026 9:24:59
69a16417244e5b6be484211c,data_ml,p_count_2,robo,0,27 Feb 2026 9:29:59
69a16544244e5b6be4842123,data_ml,p_count_2,robo,3,27 Feb 2026 9:35:0
69a16671244e5b6be484212a,data_ml,p_count_2,robo,1,27 Feb 2026 9:40:1
69a1679d244e5b6be4842131,data_ml,p_count_2,robo,2,27 Feb 2026 9:45:1
69a168ca244e5b6be4842138,data_ml,p_count_2,robo,1,27 Feb 2026 9:50:2
69a169f6244e5b6be484213f,data_ml,p_count_2,robo,2,27 Feb 2026 9:55:2
69a16b23244e5b6be4842146,data_ml,p_count_2,robo,1,27 Feb 2026 10:0:3
69a16c50244e5b6be484214d,data_ml,p_count_2,robo,2,27 Feb 2026 10:5:4
69a16d7d244e5b6be4842154,data_ml,p_count_2,robo,0,27 Feb 2026 10:10:5
69a16ea9244e5b6be484215a,data_ml,p_count_2,robo,0,27 Feb 2026 10:15:5
69a16fd6244e5b6be4842161,data_ml,p_count_2,robo,0,27 Feb 2026 10:20:6
69a17103244e5b6be4842168,data_ml,p_count_2,robo,1,27 Feb 2026 10:25:7
69a1722f244e5b6be484216f,data_ml,p_count_2,robo,1,27 Feb 2026 10:30:7
69a1735c244e5b6be4842176,data_ml,p_count_2,robo,2,27 Feb 2026 10:35:8
69a17488244e5b6be484217d,data_ml,p_count_2,robo,0,27 Feb 2026 10:40:8
69a175b5244e5b6be4842184,data_ml,p_count_2,robo,1,27 Feb 2026 10:45:9
69a176e1244e5b6be484218d,data_ml,p_count_2,robo,1,27 Feb 2026 10:50:9
69a1780e244e5b6be4842194,data_ml,p_count_2,robo,1,27 Feb 2026 10:55:10
69a1793b244e5b6be484219b,data_ml,p_count_2,robo,0,27 Feb 2026 11:0:11
69a17a67244e5b6be48421a2,data_ml,p_count_2,robo,0,27 Feb 2026 11:5:11
69a17b940d8c45f4e4f76a2f,data_ml,p_count_2,robo,1,27 Feb 2026 11:10:12
69a17cc00d8c45f4e4f76a36,data_ml,p_count_2,robo,0,27 Feb 2026 11:15:12
69a17ded0d8c45f4e4f76a3d,data_ml,p_count_2,robo,0,27 Feb 2026 11:20:13
69a17f1a0d8c45f4e4f76a44,data_ml,p_count_2,robo,1,27 Feb 2026 11:25:14
69a180460d8c45f4e4f76a4b,data_ml,p_count_2,robo,1,27 Feb 2026 11:30:14
69a181730d8c45f4e4f76a52,data_ml,p_count_2,robo,1,27 Feb 2026 11:35:15
69a1829f0d8c45f4e4f76a59,data_ml,p_count_2,robo,1,27 Feb 2026 11:40:15
69a183cc0d8c45f4e4f76a60,data_ml,p_count_2,robo,5,27 Feb 2026 11:45:16
69a184f80d8c45f4e4f76a67,data_ml,p_count_2,robo,3,27 Feb 2026 11:50:16
69a186250d8c45f4e4f76a6e,data_ml,p_count_2,robo,1,27 Feb 2026 11:55:17
69a187520d8c45f4e4f76a75,data_ml,p_count_2,robo,4,27 Feb 2026 12:0:18
69a1887e0d8c45f4e4f76a7c,data_ml,p_count_2,robo,5,27 Feb 2026 12:5:18
69a189ab0d8c45f4e4f76a83,data_ml,p_count_2,robo,2,27 Feb 2026 12:10:19
69a18ad70d8c45f4e4f76a8a,data_ml,p_count_2,robo,0,27 Feb 2026 12:15:19
69a18c040d8c45f4e4f76a91,data_ml,p_count_2,robo,0,27 Feb 2026 12:20:20
69a18d310d8c45f4e4f76a98,data_ml,p_count_2,robo,0,27 Feb 2026 12:25:21
69a18e5e0d8c45f4e4f76aa0,data_ml,p_count_2,robo,0,27 Feb 2026 12:30:22
69a18f8a0d8c45f4e4f76aa8,data_ml,p_count_2,robo,0,27 Feb 2026 12:35:22
69a190b70d8c45f4e4f76aaf,data_ml,p_count_2,robo,1,27 Feb 2026 12:40:23
69a191e40d8c45f4e4f76ab6,data_ml,p_count_2,robo,0,27 Feb 2026 12:45:24
69a193110d8c45f4e4f76abf,data_ml,p_count_2,robo,0,27 Feb 2026 12:50:25
69a1943d0d8c45f4e4f76ac7,data_ml,p_count_2,robo,1,27 Feb 2026 12:55:25
69a1956a0d8c45f4e4f76ace,data_ml,p_count_2,robo,0,27 Feb 2026 13:0:26
69a196970d8c45f4e4f76ad5,data_ml,p_count_2,robo,4,27 Feb 2026 13:5:27
69a197c30d8c45f4e4f76adc,data_ml,p_count_2,robo,1,27 Feb 2026 13:10:27
69a198f00d8c45f4e4f76ae3,data_ml,p_count_2,robo,3,27 Feb 2026 13:15:28
69a19a1d0d8c45f4e4f76aea,data_ml,p_count_2,robo,1,27 Feb 2026 13:20:29
69a19b490d8c45f4e4f76af1,data_ml,p_count_2,robo,0,27 Feb 2026 13:25:29
69a19c760d8c45f4e4f76af8,data_ml,p_count_2,robo,0,27 Feb 2026 13:30:30
69a19da20d8c45f4e4f76aff,data_ml,p_count_2,robo,0,27 Feb 2026 13:35:30
69a19ecf0d8c45f4e4f76b06,data_ml,p_count_2,robo,1,27 Feb 2026 13:40:31
69a19ffc0d8c45f4e4f76b0d,data_ml,p_count_2,robo,5,27 Feb 2026 13:45:32
69a1a1280d8c45f4e4f76b14,data_ml,p_count_2,robo,0,27 Feb 2026 13:50:32
69a1a2550d8c45f4e4f76b1b,data_ml,p_count_2,robo,0,27 Feb 2026 13:55:33
69a1a3820d8c45f4e4f76b22,data_ml,p_count_2,robo,0,27 Feb 2026 14:0:34
69a1a4ae0d8c45f4e4f76b29,data_ml,p_count_2,robo,2,27 Feb 2026 14:5:34
69a1a5db0d8c45f4e4f76b30,data_ml,p_count_2,robo,0,27 Feb 2026 14:10:35
69a1a7080d8c45f4e4f76b37,data_ml,p_count_2,robo,0,27 Feb 2026 14:15:36
69a1a8340d8c45f4e4f76b3e,data_ml,p_count_2,robo,0,27 Feb 2026 14:20:36
69a1a9610d8c45f4e4f76b45,data_ml,p_count_2,robo,0,27 Feb 2026 14:25:37
69a1aa8d0d8c45f4e4f76b4c,data_ml,p_count_2,robo,0,27 Feb 2026 14:30:37
69a1abba0d8c45f4e4f76b53,data_ml,p_count_2,robo,1,27 Feb 2026 14:35:38
69a1ace70d8c45f4e4f76b5a,data_ml,p_count_2,robo,0,27 Feb 2026 14:40:39
69a1ae130d8c45f4e4f76b61,data_ml,p_count_2,robo,0,27 Feb 2026 14:45:39
69a1af400d8c45f4e4f76b68,data_ml,p_count_2,robo,2,27 Feb 2026 14:50:40
69a1b06c0d8c45f4e4f76b6f,data_ml,p_count_2,robo,0,27 Feb 2026 14:55:40
69a1b1990d8c45f4e4f76b76,data_ml,p_count_2,robo,0,27 Feb 2026 15:0:41
69a1b2c60d8c45f4e4f76b7d,data_ml,p_count_2,robo,0,27 Feb 2026 15:5:42
69a1b3f30d8c45f4e4f76b84,data_ml,p_count_2,robo,0,27 Feb 2026 15:10:43
69a1b5200d8c45f4e4f76b8a,data_ml,p_count_2,robo,2,27 Feb 2026 15:15:44
69a1b64c0d8c45f4e4f76b91,data_ml,p_count_2,robo,1,27 Feb 2026 15:20:44
69a1b7790d8c45f4e4f76b98,data_ml,p_count_2,robo,0,27 Feb 2026 15:25:45
69a1b8a50d8c45f4e4f76b9f,data_ml,p_count_2,robo,1,27 Feb 2026 15:30:45
69a1b9d20d8c45f4e4f76ba6,data_ml,p_count_2,robo,0,27 Feb 2026 15:35:46
69a1baff0d8c45f4e4f76bad,data_ml,p_count_2,robo,2,27 Feb 2026 15:40:47
69a1bc2b0d8c45f4e4f76bb4,data_ml,p_count_2,robo,3,27 Feb 2026 15:45:47
69a1bd580d8c45f4e4f76bbb,data_ml,p_count_2,robo,1,27 Feb 2026 15:50:48
69a1be850d8c45f4e4f76bc2,data_ml,p_count_2,robo,1,27 Feb 2026 15:55:49
69a1bfb10d8c45f4e4f76bc9,data_ml,p_count_2,robo,0,27 Feb 2026 16:0:49
69a1c0de0d8c45f4e4f76bd0,data_ml,p_count_2,robo,0,27 Feb 2026 16:5:50
69a1c20a0d8c45f4e4f76bd7,data_ml,p_count_2,robo,0,27 Feb 2026 16:10:50
69a1c3370d8c45f4e4f76bde,data_ml,p_count_2,robo,0,27 Feb 2026 16:15:51
69a1c4640d8c45f4e4f76be5,data_ml,p_count_2,robo,0,27 Feb 2026 16:20:52
69a1c5900d8c45f4e4f76bec,data_ml,p_count_2,robo,0,27 Feb 2026 16:25:52
69a1c6bd0d8c45f4e4f76bf3,data_ml,p_count_2,robo,0,27 Feb 2026 16:30:53
69a1c7e90d8c45f4e4f76bfa,data_ml,p_count_2,robo,0,27 Feb 2026 16:35:53
69a1c9160d8c45f4e4f76c01,data_ml,p_count_2,robo,0,27 Feb 2026 16:40:54
69a1ca430d8c45f4e4f76c08,data_ml,p_count_2,robo,0,27 Feb 2026 16:45:55
69a1cb6f0d8c45f4e4f76c0f,data_ml,p_count_2,robo,0,27 Feb 2026 16:50:55
69a1cc9c0d8c45f4e4f76c16,data_ml,p_count_2,robo,0,27 Feb 2026 16:55:56
69a1cdc90d8c45f4e4f76c1d,data_ml,p_count_2,robo,0,27 Feb 2026 17:0:57
69a1cef50d8c45f4e4f76c24,data_ml,p_count_2,robo,0,27 Feb 2026 17:5:57
69a1d0220d8c45f4e4f76c2b,data_ml,p_count_2,robo,0,27 Feb 2026 17:10:58
69a1d14e0d8c45f4e4f76c32,data_ml,p_count_2,robo,0,27 Feb 2026 17:15:58
69a1d27b0d8c45f4e4f76c39,data_ml,p_count_2,robo,0,27 Feb 2026 17:20:59
69a1d3a80d8c45f4e4f76c40,data_ml,p_count_2,robo,0,27 Feb 2026 17:26:0
69a1d4d40d8c45f4e4f76c47,data_ml,p_count_2,robo,0,27 Feb 2026 17:31:0
69a1d6010d8c45f4e4f76c4e,data_ml,p_count_2,robo,0,27 Feb 2026 17:36:1
69a1d72e0d8c45f4e4f76c55,data_ml,p_count_2,robo,0,27 Feb 2026 17:41:2
69a1d85a0d8c45f4e4f76c5b,data_ml,p_count_2,robo,0,27 Feb 2026 17:46:2
69a1d9870d8c45f4e4f76c62,data_ml,p_count_2,robo,0,27 Feb 2026 17:51:3
69a1dab30d8c45f4e4f76c69,data_ml,p_count_2,robo,0,27 Feb 2026 17:56:3
69a1dbe00d8c45f4e4f76c70,data_ml,p_count_2,robo,1,27 Feb 2026 18:1:4
69a1dd0d0d8c45f4e4f76c77,data_ml,p_count_2,robo,0,27 Feb 2026 18:6:5
69a1de390d8c45f4e4f76c7e,data_ml,p_count_2,robo,0,27 Feb 2026 18:11:5
69a1df660d8c45f4e4f76c85,data_ml,p_count_2,robo,0,27 Feb 2026 18:16:6
69a1e0920d8c45f4e4f76c8c,data_ml,p_count_2,robo,0,27 Feb 2026 18:21:6
69a1e1bf0d8c45f4e4f76c93,data_ml,p_count_2,robo,0,27 Feb 2026 18:26:7
69a1e2ec0d8c45f4e4f76c9a,data_ml,p_count_2,robo,0,27 Feb 2026 18:31:8
69a1e4180d8c45f4e4f76ca1,data_ml,p_count_2,robo,0,27 Feb 2026 18:36:8
69a1e5450d8c45f4e4f76ca8,data_ml,p_count_2,robo,0,27 Feb 2026 18:41:9
69a1e6710d8c45f4e4f76caf,data_ml,p_count_2,robo,0,27 Feb 2026 18:46:9
69a1e79e0d8c45f4e4f76cb6,data_ml,p_count_2,robo,0,27 Feb 2026 18:51:10
69a1e8cb0d8c45f4e4f76cbd,data_ml,p_count_2,robo,0,27 Feb 2026 18:56:11
69a1e9f70d8c45f4e4f76cc4,data_ml,p_count_2,robo,0,27 Feb 2026 19:1:11
69a1eb240d8c45f4e4f76ccc,data_ml,p_count_2,robo,0,27 Feb 2026 19:6:12
69a1ec500d8c45f4e4f76cd3,data_ml,p_count_2,robo,0,27 Feb 2026 19:11:12
69a1ed7d0d8c45f4e4f76cda,data_ml,p_count_2,robo,0,27 Feb 2026 19:16:13
69a1eeaa0d8c45f4e4f76ce1,data_ml,p_count_2,robo,0,27 Feb 2026 19:21:14
69a1efd60d8c45f4e4f76ce8,data_ml,p_count_2,robo,0,27 Feb 2026 19:26:14
69a1f1030d8c45f4e4f76cef,data_ml,p_count_2,robo,0,27 Feb 2026 19:31:15
69a1f22f0d8c45f4e4f76cf6,data_ml,p_count_2,robo,0,27 Feb 2026 19:36:15
69a1f35c0d8c45f4e4f76cfd,data_ml,p_count_2,robo,0,27 Feb 2026 19:41:16
69a1f4880d8c45f4e4f76d04,data_ml,p_count_2,robo,0,27 Feb 2026 19:46:16
69a1f5b50d8c45f4e4f76d0b,data_ml,p_count_2,robo,0,27 Feb 2026 19:51:17
69a1f6e10d8c45f4e4f76d12,data_ml,p_count_2,robo,0,27 Feb 2026 19:56:17
69a1f80e0d8c45f4e4f76d19,data_ml,p_count_2,robo,0,27 Feb 2026 20:1:18
69a1f93b0d8c45f4e4f76d20,data_ml,p_count_2,robo,0,27 Feb 2026 20:6:19
69a1fa680d8c45f4e4f76d26,data_ml,p_count_2,robo,0,27 Feb 2026 20:11:20
69a1fb940d8c45f4e4f76d2d,data_ml,p_count_2,robo,0,27 Feb 2026 20:16:20
69a1fcc10d8c45f4e4f76d34,data_ml,p_count_2,robo,0,27 Feb 2026 20:21:21
69a1fded0d8c45f4e4f76d3b,data_ml,p_count_2,robo,0,27 Feb 2026 20:26:21
69a1ff1a0d8c45f4e4f76d42,data_ml,p_count_2,robo,0,27 Feb 2026 20:31:22
69a200470d8c45f4e4f76d49,data_ml,p_count_2,robo,0,27 Feb 2026 20:36:23
69a201730d8c45f4e4f76d50,data_ml,p_count_2,robo,0,27 Feb 2026 20:41:23
69a202a00d8c45f4e4f76d57,data_ml,p_count_2,robo,0,27 Feb 2026 20:46:24
69a203cc0d8c45f4e4f76d5e,data_ml,p_count_2,robo,0,27 Feb 2026 20:51:24
69a204f90d8c45f4e4f76d65,data_ml,p_count_2,robo,0,27 Feb 2026 20:56:25
69a206260d8c45f4e4f76d6c,data_ml,p_count_2,robo,0,27 Feb 2026 21:1:26
69a207520d8c45f4e4f76d73,data_ml,p_count_2,robo,0,27 Feb 2026 21:6:26
69a2087f0d8c45f4e4f76d7a,data_ml,p_count_2,robo,0,27 Feb 2026 21:11:27
69a209ab0d8c45f4e4f76d81,data_ml,p_count_2,robo,0,27 Feb 2026 21:16:27
69a20ad80d8c45f4e4f76d88,data_ml,p_count_2,robo,0,27 Feb 2026 21:21:28
69a20c050d8c45f4e4f76d8f,data_ml,p_count_2,robo,0,27 Feb 2026 21:26:29
69a20d310d8c45f4e4f76d97,data_ml,p_count_2,robo,0,27 Feb 2026 21:31:29
69a20e5e0d8c45f4e4f76d9e,data_ml,p_count_2,robo,0,27 Feb 2026 21:36:30
69a20f8b0d8c45f4e4f76da5,data_ml,p_count_2,robo,0,27 Feb 2026 21:41:31
69a210b70d8c45f4e4f76dac,data_ml,p_count_2,robo,0,27 Feb 2026 21:46:31
69a211e40d8c45f4e4f76db3,data_ml,p_count_2,robo,0,27 Feb 2026 21:51:32
69a213100d8c45f4e4f76dba,data_ml,p_count_2,robo,0,27 Feb 2026 21:56:32
69a2143d0d8c45f4e4f76dc1,data_ml,p_count_2,robo,0,27 Feb 2026 22:1:33
69a2156a0d8c45f4e4f76dc8,data_ml,p_count_2,robo,0,27 Feb 2026 22:6:34
69a216960d8c45f4e4f76dcf,data_ml,p_count_2,robo,0,27 Feb 2026 22:11:34
69a217c30d8c45f4e4f76dd6,data_ml,p_count_2,robo,0,27 Feb 2026 22:16:35
69a218ef0d8c45f4e4f76ddd,data_ml,p_count_2,robo,0,27 Feb 2026 22:21:35
69a21a1c0d8c45f4e4f76de4,data_ml,p_count_2,robo,0,27 Feb 2026 22:26:36
69a21b490d8c45f4e4f76deb,data_ml,p_count_2,robo,0,27 Feb 2026 22:31:37
69a21c750d8c45f4e4f76df2,data_ml,p_count_2,robo,0,27 Feb 2026 22:36:37
69a21da30d8c45f4e4f76df8,data_ml,p_count_2,robo,0,27 Feb 2026 22:41:39
69a21ecf0d8c45f4e4f76dff,data_ml,p_count_2,robo,0,27 Feb 2026 22:46:39
69a21ffc0d8c45f4e4f76e06,data_ml,p_count_2,robo,0,27 Feb 2026 22:51:40
69a221290d8c45f4e4f76e0d,data_ml,p_count_2,robo,0,27 Feb 2026 22:56:41
69a222550d8c45f4e4f76e14,data_ml,p_count_2,robo,0,27 Feb 2026 23:1:41
69a223820d8c45f4e4f76e1b,data_ml,p_count_2,robo,0,27 Feb 2026 23:6:42
69a224af0d8c45f4e4f76e22,data_ml,p_count_2,robo,0,27 Feb 2026 23:11:43
69a225db0d8c45f4e4f76e29,data_ml,p_count_2,robo,0,27 Feb 2026 23:16:43
69a227080d8c45f4e4f76e30,data_ml,p_count_2,robo,0,27 Feb 2026 23:21:44
69a228530d8c45f4e4f76e34,data_ml,p_count_2,robo,0,27 Feb 2026 23:27:15
69a229800d8c45f4e4f76e45,data_ml,p_count_2,robo,0,27 Feb 2026 23:32:16
69a22aac0d8c45f4e4f76e57,data_ml,p_count_2,robo,0,27 Feb 2026 23:37:16
69a22bd90d8c45f4e4f76e68,data_ml,p_count_2,robo,0,27 Feb 2026 23:42:17
69a22d050d8c45f4e4f76e79,data_ml,p_count_2,robo,0,27 Feb 2026 23:47:17
69a22e320d8c45f4e4f76e8a,data_ml,p_count_2,robo,0,27 Feb 2026 23:52:18
69a22f5f0d8c45f4e4f76e9b,data_ml,p_count_2,robo,0,27 Feb 2026 23:57:19
69a2308b0d8c45f4e4f76eac,data_ml,p_count_2,robo,0,28 Feb 2026 0:2:19
69a231b80d8c45f4e4f76ebd,data_ml,p_count_2,robo,0,28 Feb 2026 0:7:20
69a232e50d8c45f4e4f76ece,data_ml,p_count_2,robo,0,28 Feb 2026 0:12:21
69a234110d8c45f4e4f76edf,data_ml,p_count_2,robo,0,28 Feb 2026 0:17:21
69a2353e0d8c45f4e4f76ef0,data_ml,p_count_2,robo,0,28 Feb 2026 0:22:22
69a2366b0d8c45f4e4f76f01,data_ml,p_count_2,robo,0,28 Feb 2026 0:27:23
69a237970d8c45f4e4f76f12,data_ml,p_count_2,robo,0,28 Feb 2026 0:32:23
69a238c40d8c45f4e4f76f23,data_ml,p_count_2,robo,0,28 Feb 2026 0:37:24
69a239f00d8c45f4e4f76f34,data_ml,p_count_2,robo,0,28 Feb 2026 0:42:24
69a23b1d0d8c45f4e4f76f45,data_ml,p_count_2,robo,0,28 Feb 2026 0:47:25
69a23c4a0d8c45f4e4f76f56,data_ml,p_count_2,robo,0,28 Feb 2026 0:52:26
69a23d760d8c45f4e4f76f67,data_ml,p_count_2,robo,0,28 Feb 2026 0:57:26
69a23ea30d8c45f4e4f76f78,data_ml,p_count_2,robo,0,28 Feb 2026 1:2:27
69a23fd00d8c45f4e4f76f89,data_ml,p_count_2,robo,0,28 Feb 2026 1:7:28
69a240fd0d8c45f4e4f76f99,data_ml,p_count_2,robo,0,28 Feb 2026 1:12:29
69a242290d8c45f4e4f76faa,data_ml,p_count_2,robo,0,28 Feb 2026 1:17:29
69a243560d8c45f4e4f76fbb,data_ml,p_count_2,robo,0,28 Feb 2026 1:22:30
69a244830d8c45f4e4f76fcc,data_ml,p_count_2,robo,0,28 Feb 2026 1:27:31
69a245af0d8c45f4e4f76fdd,data_ml,p_count_2,robo,0,28 Feb 2026 1:32:31
69a246dc0d8c45f4e4f76fee,data_ml,p_count_2,robo,0,28 Feb 2026 1:37:32
69a248080d8c45f4e4f77000,data_ml,p_count_2,robo,0,28 Feb 2026 1:42:32
69a249350d8c45f4e4f77011,data_ml,p_count_2,robo,0,28 Feb 2026 1:47:33
69a24a620d8c45f4e4f77022,data_ml,p_count_2,robo,0,28 Feb 2026 1:52:34
69a24b8e0d8c45f4e4f77033,data_ml,p_count_2,robo,0,28 Feb 2026 1:57:34
69a24cbb0d8c45f4e4f77044,data_ml,p_count_2,robo,0,28 Feb 2026 2:2:35
69a24de70d8c45f4e4f77055,data_ml,p_count_2,robo,0,28 Feb 2026 2:7:35
69a24f140d8c45f4e4f77066,data_ml,p_count_2,robo,0,28 Feb 2026 2:12:36
69a250410d8c45f4e4f77077,data_ml,p_count_2,robo,0,28 Feb 2026 2:17:37
69a2516d0d8c45f4e4f77088,data_ml,p_count_2,robo,0,28 Feb 2026 2:22:37
69a2529a0d8c45f4e4f77099,data_ml,p_count_2,robo,0,28 Feb 2026 2:27:38
69a253c70d8c45f4e4f770ab,data_ml,p_count_2,robo,0,28 Feb 2026 2:32:39
69a254f40d8c45f4e4f770bc,data_ml,p_count_2,robo,0,28 Feb 2026 2:37:40
69a256200d8c45f4e4f770cd,data_ml,p_count_2,robo,0,28 Feb 2026 2:42:40
69a2574d0d8c45f4e4f770de,data_ml,p_count_2,robo,0,28 Feb 2026 2:47:41
69a258790d8c45f4e4f770ef,data_ml,p_count_2,robo,0,28 Feb 2026 2:52:41
69a259a60d8c45f4e4f77100,data_ml,p_count_2,robo,0,28 Feb 2026 2:57:42
69a25ad30d8c45f4e4f77111,data_ml,p_count_2,robo,0,28 Feb 2026 3:2:43
69a25bff0d8c45f4e4f77122,data_ml,p_count_2,robo,0,28 Feb 2026 3:7:43
69a25d2c0d8c45f4e4f77133,data_ml,p_count_2,robo,0,28 Feb 2026 3:12:44
69a25e580d8c45f4e4f77144,data_ml,p_count_2,robo,0,28 Feb 2026 3:17:44
69a25f850d8c45f4e4f77155,data_ml,p_count_2,robo,0,28 Feb 2026 3:22:45
69a260b20d8c45f4e4f77166,data_ml,p_count_2,robo,0,28 Feb 2026 3:27:46
69a261de0d8c45f4e4f77177,data_ml,p_count_2,robo,0,28 Feb 2026 3:32:46
69a2630b0d8c45f4e4f77188,data_ml,p_count_2,robo,0,28 Feb 2026 3:37:47
69a264380d8c45f4e4f77198,data_ml,p_count_2,robo,0,28 Feb 2026 3:42:48
69a265650d8c45f4e4f771a9,data_ml,p_count_2,robo,0,28 Feb 2026 3:47:49
69a266910d8c45f4e4f771ba,data_ml,p_count_2,robo,0,28 Feb 2026 3:52:49
69a267be0d8c45f4e4f771cb,data_ml,p_count_2,robo,0,28 Feb 2026 3:57:50
69a268eb0d8c45f4e4f771dc,data_ml,p_count_2,robo,0,28 Feb 2026 4:2:51
69a26a170d8c45f4e4f771ed,data_ml,p_count_2,robo,0,28 Feb 2026 4:7:51
69a26b440d8c45f4e4f771fe,data_ml,p_count_2,robo,0,28 Feb 2026 4:12:52
69a26c700d8c45f4e4f7720f,data_ml,p_count_2,robo,0,28 Feb 2026 4:17:52
69a26d9d0d8c45f4e4f77220,data_ml,p_count_2,robo,0,28 Feb 2026 4:22:53
69a26eca0d8c45f4e4f77231,data_ml,p_count_2,robo,0,28 Feb 2026 4:27:54
69a26ff60d8c45f4e4f77242,data_ml,p_count_2,robo,0,28 Feb 2026 4:32:54
69a271230d8c45f4e4f77253,data_ml,p_count_2,robo,0,28 Feb 2026 4:37:55
69a272500d8c45f4e4f77264,data_ml,p_count_2,robo,0,28 Feb 2026 4:42:56
69a2737c0d8c45f4e4f77275,data_ml,p_count_2,robo,0,28 Feb 2026 4:47:56
69a274a90d8c45f4e4f77286,data_ml,p_count_2,robo,0,28 Feb 2026 4:52:57
69a275d50d8c45f4e4f77297,data_ml,p_count_2,robo,0,28 Feb 2026 4:57:57
69a277020d8c45f4e4f772a8,data_ml,p_count_2,robo,0,28 Feb 2026 5:2:58
69a2782f0d8c45f4e4f772b9,data_ml,p_count_2,robo,0,28 Feb 2026 5:7:59
69a2795b0d8c45f4e4f772ca,data_ml,p_count_2,robo,0,28 Feb 2026 5:12:59
69a27a880d8c45f4e4f772db,data_ml,p_count_2,robo,0,28 Feb 2026 5:18:0
69a27bb40d8c45f4e4f772ec,data_ml,p_count_2,robo,0,28 Feb 2026 5:23:0
69a27ce10d8c45f4e4f772fd,data_ml,p_count_2,robo,0,28 Feb 2026 5:28:1
69a27e0e0d8c45f4e4f7730e,data_ml,p_count_2,robo,0,28 Feb 2026 5:33:2
69a27f3a0d8c45f4e4f7731f,data_ml,p_count_2,robo,0,28 Feb 2026 5:38:2
69a280670d8c45f4e4f77330,data_ml,p_count_2,robo,0,28 Feb 2026 5:43:3
69a281930d8c45f4e4f77341,data_ml,p_count_2,robo,0,28 Feb 2026 5:48:3
69a282c00d8c45f4e4f77352,data_ml,p_count_2,robo,0,28 Feb 2026 5:53:4
69a283ed0d8c45f4e4f77363,data_ml,p_count_2,robo,0,28 Feb 2026 5:58:5
69a285190d8c45f4e4f77374,data_ml,p_count_2,robo,0,28 Feb 2026 6:3:5
69a286460d8c45f4e4f77385,data_ml,p_count_2,robo,0,28 Feb 2026 6:8:6
69a287730d8c45f4e4f77395,data_ml,p_count_2,robo,0,28 Feb 2026 6:13:7
69a288a00d8c45f4e4f773a6,data_ml,p_count_2,robo,0,28 Feb 2026 6:18:8
69a289cc0d8c45f4e4f773b7,data_ml,p_count_2,robo,0,28 Feb 2026 6:23:8
69a28af90d8c45f4e4f773c8,data_ml,p_count_2,robo,0,28 Feb 2026 6:28:9
69a28c260d8c45f4e4f773d9,data_ml,p_count_2,robo,0,28 Feb 2026 6:33:10
69a28d520d8c45f4e4f773ea,data_ml,p_count_2,robo,0,28 Feb 2026 6:38:10
69a28e7f0d8c45f4e4f773fb,data_ml,p_count_2,robo,0,28 Feb 2026 6:43:11
69a28fab0d8c45f4e4f7740c,data_ml,p_count_2,robo,0,28 Feb 2026 6:48:11
69a290d80d8c45f4e4f7741d,data_ml,p_count_2,robo,0,28 Feb 2026 6:53:12
69a292050d8c45f4e4f7742e,data_ml,p_count_2,robo,0,28 Feb 2026 6:58:13
69a293310d8c45f4e4f7743f,data_ml,p_count_2,robo,0,28 Feb 2026 7:3:13
69a2945e0d8c45f4e4f77450,data_ml,p_count_2,robo,0,28 Feb 2026 7:8:14
69a2958a0d8c45f4e4f77461,data_ml,p_count_2,robo,0,28 Feb 2026 7:13:14
69a296b70d8c45f4e4f77469,data_ml,p_count_2,robo,0,28 Feb 2026 7:18:15
69a297e40d8c45f4e4f77470,data_ml,p_count_2,robo,0,28 Feb 2026 7:23:16
69a299100d8c45f4e4f77477,data_ml,p_count_2,robo,0,28 Feb 2026 7:28:16
69a29a3d0d8c45f4e4f7747e,data_ml,p_count_2,robo,0,28 Feb 2026 7:33:17
69a29b6a0d8c45f4e4f77485,data_ml,p_count_2,robo,0,28 Feb 2026 7:38:18
69a29c960d8c45f4e4f7748c,data_ml,p_count_2,robo,0,28 Feb 2026 7:43:18
69a29dc30d8c45f4e4f77493,data_ml,p_count_2,robo,0,28 Feb 2026 7:48:19
69a29eef0d8c45f4e4f7749a,data_ml,p_count_2,robo,0,28 Feb 2026 7:53:19
69a2a01c0d8c45f4e4f774a1,data_ml,p_count_2,robo,0,28 Feb 2026 7:58:20
69a2a1480d8c45f4e4f774a8,data_ml,p_count_2,robo,0,28 Feb 2026 8:3:20
69a2a2750d8c45f4e4f774af,data_ml,p_count_2,robo,0,28 Feb 2026 8:8:21
69a2a3a20d8c45f4e4f774b7,data_ml,p_count_2,robo,0,28 Feb 2026 8:13:22
69a2a4ce0d8c45f4e4f774be,data_ml,p_count_2,robo,0,28 Feb 2026 8:18:22
69a2a5fb0d8c45f4e4f774c5,data_ml,p_count_2,robo,0,28 Feb 2026 8:23:23
69a2a7280d8c45f4e4f774cc,data_ml,p_count_2,robo,0,28 Feb 2026 8:28:24
69a2a8540d8c45f4e4f774d3,data_ml,p_count_2,robo,0,28 Feb 2026 8:33:24
69a2a9810d8c45f4e4f774da,data_ml,p_count_2,robo,0,28 Feb 2026 8:38:25
69a2aaae0d8c45f4e4f774e0,data_ml,p_count_2,robo,0,28 Feb 2026 8:43:26
69a2abda0d8c45f4e4f774e7,data_ml,p_count_2,robo,0,28 Feb 2026 8:48:26
69a2ad070d8c45f4e4f774ee,data_ml,p_count_2,robo,0,28 Feb 2026 8:53:27
69a2ae340d8c45f4e4f774f5,data_ml,p_count_2,robo,0,28 Feb 2026 8:58:28
69a2af600d8c45f4e4f774fc,data_ml,p_count_2,robo,0,28 Feb 2026 9:3:28
69a2b08d0d8c45f4e4f77503,data_ml,p_count_2,robo,0,28 Feb 2026 9:8:29
69a2b1b90d8c45f4e4f7750a,data_ml,p_count_2,robo,0,28 Feb 2026 9:13:29
69a2b2e60d8c45f4e4f77511,data_ml,p_count_2,robo,0,28 Feb 2026 9:18:30
69a2b4130d8c45f4e4f77518,data_ml,p_count_2,robo,0,28 Feb 2026 9:23:31
69a2b53f0d8c45f4e4f7751f,data_ml,p_count_2,robo,0,28 Feb 2026 9:28:31
69a2b66c0d8c45f4e4f77526,data_ml,p_count_2,robo,0,28 Feb 2026 9:33:32
69a2b7990d8c45f4e4f7752d,data_ml,p_count_2,robo,0,28 Feb 2026 9:38:33
69a2b8c50d8c45f4e4f77534,data_ml,p_count_2,robo,0,28 Feb 2026 9:43:33
69a2b9f20d8c45f4e4f7753b,data_ml,p_count_2,robo,0,28 Feb 2026 9:48:34
69a2bb1e0d8c45f4e4f77542,data_ml,p_count_2,robo,0,28 Feb 2026 9:53:34
69a2bc4b0d8c45f4e4f77549,data_ml,p_count_2,robo,0,28 Feb 2026 9:58:35
69a2bd770d8c45f4e4f77550,data_ml,p_count_2,robo,1,28 Feb 2026 10:3:35
69a2bea40d8c45f4e4f77557,data_ml,p_count_2,robo,0,28 Feb 2026 10:8:36
69a2bfd10d8c45f4e4f7755e,data_ml,p_count_2,robo,0,28 Feb 2026 10:13:37
69a2c0fd0d8c45f4e4f77565,data_ml,p_count_2,robo,0,28 Feb 2026 10:18:37
69a2c22a0d8c45f4e4f7756c,data_ml,p_count_2,robo,0,28 Feb 2026 10:23:38
69a2c3560d8c45f4e4f77573,data_ml,p_count_2,robo,0,28 Feb 2026 10:28:38
69a2c4830d8c45f4e4f7757a,data_ml,p_count_2,robo,0,28 Feb 2026 10:33:39
69a2c5b00d8c45f4e4f77581,data_ml,p_count_2,robo,0,28 Feb 2026 10:38:40
69a2c6dc0d8c45f4e4f77588,data_ml,p_count_2,robo,0,28 Feb 2026 10:43:40
69a2c8090d8c45f4e4f7758f,data_ml,p_count_2,robo,0,28 Feb 2026 10:48:41
69a2c9350d8c45f4e4f77596,data_ml,p_count_2,robo,0,28 Feb 2026 10:53:41
69a2ca620d8c45f4e4f7759d,data_ml,p_count_2,robo,0,28 Feb 2026 10:58:42
69a2cb8f0d8c45f4e4f775a4,data_ml,p_count_2,robo,0,28 Feb 2026 11:3:43
69a2ccbb0d8c45f4e4f775ab,data_ml,p_count_2,robo,0,28 Feb 2026 11:8:43
69a2cde80d8c45f4e4f775b1,data_ml,p_count_2,robo,0,28 Feb 2026 11:13:44
69a2cf150d8c45f4e4f775b8,data_ml,p_count_2,robo,0,28 Feb 2026 11:18:45
69a2d0420d8c45f4e4f775bf,data_ml,p_count_2,robo,0,28 Feb 2026 11:23:46
69a2d16e0d8c45f4e4f775c6,data_ml,p_count_2,robo,0,28 Feb 2026 11:28:46
69a2d29b0d8c45f4e4f775cd,data_ml,p_count_2,robo,0,28 Feb 2026 11:33:47
69a2d3c70d8c45f4e4f775d4,data_ml,p_count_2,robo,0,28 Feb 2026 11:38:47
69a2d4f40d8c45f4e4f775db,data_ml,p_count_2,robo,0,28 Feb 2026 11:43:48
69a2d6217a72a029880486f0,data_ml,p_count_2,robo,0,28 Feb 2026 11:48:49
69a2d74d7a72a029880486f7,data_ml,p_count_2,robo,0,28 Feb 2026 11:53:49
69a2d87a7a72a029880486fe,data_ml,p_count_2,robo,0,28 Feb 2026 11:58:50
69a2d9a67a72a02988048705,data_ml,p_count_2,robo,0,28 Feb 2026 12:3:50
69a2dad37a72a0298804870c,data_ml,p_count_2,robo,0,28 Feb 2026 12:8:51
69a2dc007a72a02988048713,data_ml,p_count_2,robo,0,28 Feb 2026 12:13:52
69a2dd2c7a72a0298804871a,data_ml,p_count_2,robo,0,28 Feb 2026 12:18:52
69a2de597a72a02988048721,data_ml,p_count_2,robo,0,28 Feb 2026 12:23:53
69a2df857a72a02988048728,data_ml,p_count_2,robo,0,28 Feb 2026 12:28:53
69a2e0b27a72a0298804872f,data_ml,p_count_2,robo,0,28 Feb 2026 12:33:54
69a2e1de7a72a02988048736,data_ml,p_count_2,robo,0,28 Feb 2026 12:38:54
69a2e30b7a72a0298804873d,data_ml,p_count_2,robo,0,28 Feb 2026 12:43:55
69a2e4387a72a02988048744,data_ml,p_count_2,robo,0,28 Feb 2026 12:48:56
69a2e5647a72a0298804874b,data_ml,p_count_2,robo,0,28 Feb 2026 12:53:56
69a2e6917a72a02988048752,data_ml,p_count_2,robo,0,28 Feb 2026 12:58:57
69a2e7be7a72a02988048759,data_ml,p_count_2,robo,0,28 Feb 2026 13:3:58
69a2e8ea7a72a02988048760,data_ml,p_count_2,robo,0,28 Feb 2026 13:8:58
69a2ea177a72a02988048767,data_ml,p_count_2,robo,0,28 Feb 2026 13:13:59
69a2eb437a72a0298804876e,data_ml,p_count_2,robo,0,28 Feb 2026 13:18:59
69a2ec707a72a02988048775,data_ml,p_count_2,robo,0,28 Feb 2026 13:24:0
69a2ed9c7a72a0298804877c,data_ml,p_count_2,robo,0,28 Feb 2026 13:29:0
69a2eec97a72a02988048783,data_ml,p_count_2,robo,0,28 Feb 2026 13:34:1
69a2eff67a72a0298804878a,data_ml,p_count_2,robo,0,28 Feb 2026 13:39:2
69a2f1237a72a02988048790,data_ml,p_count_2,robo,0,28 Feb 2026 13:44:3
69a2f24f7a72a02988048797,data_ml,p_count_2,robo,1,28 Feb 2026 13:49:3
69a2f37c7a72a0298804879e,data_ml,p_count_2,robo,1,28 Feb 2026 13:54:4
69a2f4a87a72a029880487a5,data_ml,p_count_2,robo,0,28 Feb 2026 13:59:4
69a2f5d57a72a029880487ac,data_ml,p_count_2,robo,0,28 Feb 2026 14:4:5
69a2f7027a72a029880487b3,data_ml,p_count_2,robo,0,28 Feb 2026 14:9:6
69a2f82e7a72a029880487ba,data_ml,p_count_2,robo,0,28 Feb 2026 14:14:6
69a2f95b7a72a029880487c1,data_ml,p_count_2,robo,0,28 Feb 2026 14:19:7
69a2fa877a72a029880487c8,data_ml,p_count_2,robo,0,28 Feb 2026 14:24:7
69a2fbb47a72a029880487cf,data_ml,p_count_2,robo,0,28 Feb 2026 14:29:8
69a2fce17a72a029880487d6,data_ml,p_count_2,robo,0,28 Feb 2026 14:34:9
69a2fe0d7a72a029880487dd,data_ml,p_count_2,robo,8,28 Feb 2026 14:39:9
69a2ff3a7a72a029880487e4,data_ml,p_count_2,robo,0,28 Feb 2026 14:44:10
69a300667a72a029880487eb,data_ml,p_count_2,robo,0,28 Feb 2026 14:49:10
69a301937a72a029880487f2,data_ml,p_count_2,robo,0,28 Feb 2026 14:54:11
69a302c07a72a029880487f9,data_ml,p_count_2,robo,0,28 Feb 2026 14:59:12
69a303ec7a72a02988048800,data_ml,p_count_2,robo,0,28 Feb 2026 15:4:12
69a305197a72a02988048807,data_ml,p_count_2,robo,0,28 Feb 2026 15:9:13
69a306457a72a0298804880e,data_ml,p_count_2,robo,0,28 Feb 2026 15:14:13
69a307727a72a02988048815,data_ml,p_count_2,robo,0,28 Feb 2026 15:19:14
69a3089f7a72a0298804881c,data_ml,p_count_2,robo,0,28 Feb 2026 15:24:15
69a309cb7a72a02988048823,data_ml,p_count_2,robo,0,28 Feb 2026 15:29:15
69a30af87a72a0298804882a,data_ml,p_count_2,robo,0,28 Feb 2026 15:34:16
69a30c247a72a02988048831,data_ml,p_count_2,robo,0,28 Feb 2026 15:39:16
69a30d517a72a02988048838,data_ml,p_count_2,robo,0,28 Feb 2026 15:44:17
69a30e7e7a72a0298804883f,data_ml,p_count_2,robo,0,28 Feb 2026 15:49:18
69a30faa7a72a02988048846,data_ml,p_count_2,robo,0,28 Feb 2026 15:54:18
69a310d77a72a0298804884d,data_ml,p_count_2,robo,0,28 Feb 2026 15:59:19
69a312037a72a02988048854,data_ml,p_count_2,robo,0,28 Feb 2026 16:4:19
69a313307a72a0298804885b,data_ml,p_count_2,robo,0,28 Feb 2026 16:9:20
69a3145d7a72a02988048861,data_ml,p_count_2,robo,0,28 Feb 2026 16:14:21
69a3158a7a72a02988048868,data_ml,p_count_2,robo,0,28 Feb 2026 16:19:22
69a316b77a72a0298804886f,data_ml,p_count_2,robo,0,28 Feb 2026 16:24:23
69a317e37a72a02988048876,data_ml,p_count_2,robo,0,28 Feb 2026 16:29:23
69a319107a72a0298804887d,data_ml,p_count_2,robo,0,28 Feb 2026 16:34:24
69a31a3c7a72a02988048884,data_ml,p_count_2,robo,0,28 Feb 2026 16:39:24
69a31b697a72a0298804888b,data_ml,p_count_2,robo,0,28 Feb 2026 16:44:25
69a31c967a72a02988048892,data_ml,p_count_2,robo,0,28 Feb 2026 16:49:26
69a31dc27a72a02988048899,data_ml,p_count_2,robo,0,28 Feb 2026 16:54:26
69a31eef7a72a0298804889f,data_ml,p_count_2,robo,0,28 Feb 2026 16:59:27
69a3201b7a72a029880488a6,data_ml,p_count_2,robo,0,28 Feb 2026 17:4:27
69a321497a72a029880488ae,data_ml,p_count_2,robo,0,28 Feb 2026 17:9:29
69a322757a72a029880488b5,data_ml,p_count_2,robo,0,28 Feb 2026 17:14:29
69a323a27a72a029880488bc,data_ml,p_count_2,robo,0,28 Feb 2026 17:19:30
69a324cf7a72a029880488c3,data_ml,p_count_2,robo,0,28 Feb 2026 17:24:31
69a325fb7a72a029880488ca,data_ml,p_count_2,robo,0,28 Feb 2026 17:29:31
69a327287a72a029880488d1,data_ml,p_count_2,robo,0,28 Feb 2026 17:34:32
69a328547a72a029880488d8,data_ml,p_count_2,robo,0,28 Feb 2026 17:39:32
69a329817a72a029880488df,data_ml,p_count_2,robo,0,28 Feb 2026 17:44:33
69a32aae7a72a029880488e6,data_ml,p_count_2,robo,0,28 Feb 2026 17:49:34
69a32bda7a72a029880488ed,data_ml,p_count_2,robo,0,28 Feb 2026 17:54:34
69a32d077a72a029880488f4,data_ml,p_count_2,robo,0,28 Feb 2026 17:59:35
69a32e347a72a029880488fb,data_ml,p_count_2,robo,0,28 Feb 2026 18:4:36
69a32f607a72a02988048902,data_ml,p_count_2,robo,0,28 Feb 2026 18:9:36
69a3308d7a72a02988048909,data_ml,p_count_2,robo,0,28 Feb 2026 18:14:37
69a331b97a72a02988048910,data_ml,p_count_2,robo,0,28 Feb 2026 18:19:37
69a332e67a72a02988048917,data_ml,p_count_2,robo,0,28 Feb 2026 18:24:38
69a334137a72a0298804891e,data_ml,p_count_2,robo,0,28 Feb 2026 18:29:39
69a3353f7a72a02988048925,data_ml,p_count_2,robo,0,28 Feb 2026 18:34:39
69a3366c7a72a0298804892c,data_ml,p_count_2,robo,0,28 Feb 2026 18:39:40
69a337997a72a02988048933,data_ml,p_count_2,robo,0,28 Feb 2026 18:44:41
69a338c67a72a02988048939,data_ml,p_count_2,robo,0,28 Feb 2026 18:49:42
69a339f37a72a02988048940,data_ml,p_count_2,robo,0,28 Feb 2026 18:54:43
69a33b1f7a72a02988048947,data_ml,p_count_2,robo,0,28 Feb 2026 18:59:43
69a33c4c7a72a0298804894e,data_ml,p_count_2,robo,0,28 Feb 2026 19:4:44
69a33d787a72a02988048955,data_ml,p_count_2,robo,0,28 Feb 2026 19:9:44
69a33ea57a72a0298804895c,data_ml,p_count_2,robo,0,28 Feb 2026 19:14:45
69a33fd27a72a02988048963,data_ml,p_count_2,robo,0,28 Feb 2026 19:19:46
69a340fe7a72a0298804896a,data_ml,p_count_2,robo,0,28 Feb 2026 19:24:46
69a3422b7a72a02988048971,data_ml,p_count_2,robo,0,28 Feb 2026 19:29:47
69a343587a72a02988048978,data_ml,p_count_2,robo,0,28 Feb 2026 19:34:48
69a344847a72a0298804897f,data_ml,p_count_2,robo,0,28 Feb 2026 19:39:48
69a345b17a72a02988048986,data_ml,p_count_2,robo,0,28 Feb 2026 19:44:49
69a346dd7a72a0298804898d,data_ml,p_count_2,robo,0,28 Feb 2026 19:49:49
69a3480a7a72a02988048994,data_ml,p_count_2,robo,0,28 Feb 2026 19:54:50
69a349377a72a0298804899b,data_ml,p_count_2,robo,0,28 Feb 2026 19:59:51
69a34a637a72a029880489a2,data_ml,p_count_2,robo,0,28 Feb 2026 20:4:51
69a34b907a72a029880489a9,data_ml,p_count_2,robo,0,28 Feb 2026 20:9:52
69a34cbc7a72a029880489b0,data_ml,p_count_2,robo,0,28 Feb 2026 20:14:52
69a34de97a72a029880489b7,data_ml,p_count_2,robo,0,28 Feb 2026 20:19:53
69a34f167a72a029880489be,data_ml,p_count_2,robo,0,28 Feb 2026 20:24:54
69a350427a72a029880489c5,data_ml,p_count_2,robo,0,28 Feb 2026 20:29:54
69a3516f7a72a029880489cc,data_ml,p_count_2,robo,0,28 Feb 2026 20:34:55
69a3529b7a72a029880489d3,data_ml,p_count_2,robo,0,28 Feb 2026 20:39:55
69a353c87a72a029880489da,data_ml,p_count_2,robo,0,28 Feb 2026 20:44:56
69a354f47a72a029880489e1,data_ml,p_count_2,robo,0,28 Feb 2026 20:49:56
69a356217a72a029880489e8,data_ml,p_count_2,robo,0,28 Feb 2026 20:54:57
69a3574e7a72a029880489ef,data_ml,p_count_2,robo,0,28 Feb 2026 20:59:58
69a3587a7a72a029880489f6,data_ml,p_count_2,robo,0,28 Feb 2026 21:4:58
69a359a77a72a029880489fd,data_ml,p_count_2,robo,0,28 Feb 2026 21:9:59
69a35ad47a72a02988048a04,data_ml,p_count_2,robo,0,28 Feb 2026 21:15:0
69a35c017a72a02988048a0a,data_ml,p_count_2,robo,0,28 Feb 2026 21:20:1
69a35d2d7a72a02988048a11,data_ml,p_count_2,robo,0,28 Feb 2026 21:25:1
69a35e5a7a72a02988048a18,data_ml,p_count_2,robo,0,28 Feb 2026 21:30:2
69a35f867a72a02988048a1f,data_ml,p_count_2,robo,0,28 Feb 2026 21:35:2
69a360b37a72a02988048a26,data_ml,p_count_2,robo,0,28 Feb 2026 21:40:3
69a361e07a72a02988048a2d,data_ml,p_count_2,robo,0,28 Feb 2026 21:45:4
69a3630c7a72a02988048a34,data_ml,p_count_2,robo,0,28 Feb 2026 21:50:4
69a364397a72a02988048a3b,data_ml,p_count_2,robo,0,28 Feb 2026 21:55:5
69a365657a72a02988048a42,data_ml,p_count_2,robo,0,28 Feb 2026 22:0:5
69a366927a72a02988048a49,data_ml,p_count_2,robo,0,28 Feb 2026 22:5:6
69a367be7a72a02988048a50,data_ml,p_count_2,robo,0,28 Feb 2026 22:10:6
69a368eb7a72a02988048a57,data_ml,p_count_2,robo,0,28 Feb 2026 22:15:7
69a36a187a72a02988048a5e,data_ml,p_count_2,robo,0,28 Feb 2026 22:20:8
69a36b447a72a02988048a65,data_ml,p_count_2,robo,0,28 Feb 2026 22:25:8
69a36c717a72a02988048a6c,data_ml,p_count_2,robo,0,28 Feb 2026 22:30:9
69a36d9e7a72a02988048a73,data_ml,p_count_2,robo,0,28 Feb 2026 22:35:10
69a36eca7a72a02988048a7a,data_ml,p_count_2,robo,0,28 Feb 2026 22:40:10
69a36ff77a72a02988048a81,data_ml,p_count_2,robo,0,28 Feb 2026 22:45:11
69a371237a72a02988048a88,data_ml,p_count_2,robo,0,28 Feb 2026 22:50:11
69a372507a72a02988048a8f,data_ml,p_count_2,robo,0,28 Feb 2026 22:55:12
69a3737c7a72a02988048a96,data_ml,p_count_2,robo,0,28 Feb 2026 23:0:12
69a374a97a72a02988048a9d,data_ml,p_count_2,robo,0,28 Feb 2026 23:5:13
69a375d67a72a02988048aa4,data_ml,p_count_2,robo,0,28 Feb 2026 23:10:14
69a377027a72a02988048aab,data_ml,p_count_2,robo,0,28 Feb 2026 23:15:14
69a3782f7a72a02988048ab2,data_ml,p_count_2,robo,0,28 Feb 2026 23:20:15
69a3795b7a72a02988048ab9,data_ml,p_count_2,robo,0,28 Feb 2026 23:25:15
69a37a887a72a02988048ac0,data_ml,p_count_2,robo,0,28 Feb 2026 23:30:16
69a37bb57a72a02988048ac7,data_ml,p_count_2,robo,0,28 Feb 2026 23:35:17
69a37ce17a72a02988048ace,data_ml,p_count_2,robo,0,28 Feb 2026 23:40:17
69a37e0e7a72a02988048ad5,data_ml,p_count_2,robo,0,28 Feb 2026 23:45:18
69a37f3b7a72a02988048adb,data_ml,p_count_2,robo,0,28 Feb 2026 23:50:19
69a380677a72a02988048ae2,data_ml,p_count_2,robo,0,28 Feb 2026 23:55:19
69a381947a72a02988048ae9,data_ml,p_count_2,robo,0,1 Mar 2026 0:0:20
69a382c17a72a02988048af0,data_ml,p_count_2,robo,0,1 Mar 2026 0:5:21
69a383ed7a72a02988048af7,data_ml,p_count_2,robo,0,1 Mar 2026 0:10:21
69a3851a7a72a02988048afe,data_ml,p_count_2,robo,0,1 Mar 2026 0:15:22
69a386477a72a02988048b05,data_ml,p_count_2,robo,0,1 Mar 2026 0:20:23
69a387737a72a02988048b0c,data_ml,p_count_2,robo,0,1 Mar 2026 0:25:23
69a388a07a72a02988048b13,data_ml,p_count_2,robo,0,1 Mar 2026 0:30:24
69a389cc7a72a02988048b1a,data_ml,p_count_2,robo,0,1 Mar 2026 0:35:24
69a38af97a72a02988048b21,data_ml,p_count_2,robo,0,1 Mar 2026 0:40:25
69a38c257a72a02988048b28,data_ml,p_count_2,robo,0,1 Mar 2026 0:45:25
69a38d527a72a02988048b2f,data_ml,p_count_2,robo,0,1 Mar 2026 0:50:26
69a38e7f7a72a02988048b36,data_ml,p_count_2,robo,0,1 Mar 2026 0:55:27
69a38fab7a72a02988048b3d,data_ml,p_count_2,robo,0,1 Mar 2026 1:0:27
69a390d87a72a02988048b43,data_ml,p_count_2,robo,0,1 Mar 2026 1:5:28
69a392047a72a02988048b49,data_ml,p_count_2,robo,0,1 Mar 2026 1:10:28
69a393317a72a02988048b4f,data_ml,p_count_2,robo,0,1 Mar 2026 1:15:29
69a3945e7a72a02988048b55,data_ml,p_count_2,robo,0,1 Mar 2026 1:20:30
69a3958a7a72a02988048b5b,data_ml,p_count_2,robo,0,1 Mar 2026 1:25:30
69a396b77a72a02988048b61,data_ml,p_count_2,robo,0,1 Mar 2026 1:30:31
69a397e37a72a02988048b67,data_ml,p_count_2,robo,0,1 Mar 2026 1:35:31
69a399107a72a02988048b6d,data_ml,p_count_2,robo,0,1 Mar 2026 1:40:32
69a39a3c7a72a02988048b73,data_ml,p_count_2,robo,0,1 Mar 2026 1:45:32
69a39b697a72a02988048b79,data_ml,p_count_2,robo,0,1 Mar 2026 1:50:33
69a39c967a72a02988048b7f,data_ml,p_count_2,robo,0,1 Mar 2026 1:55:34
69a39dc27a72a02988048b85,data_ml,p_count_2,robo,0,1 Mar 2026 2:0:34
69a39eef7a72a02988048b8c,data_ml,p_count_2,robo,0,1 Mar 2026 2:5:35
69a3a01c7a72a02988048b92,data_ml,p_count_2,robo,0,1 Mar 2026 2:10:36
69a3a1497a72a02988048b98,data_ml,p_count_2,robo,0,1 Mar 2026 2:15:37
69a3a2757a72a02988048b9e,data_ml,p_count_2,robo,0,1 Mar 2026 2:20:37
69a3a3a27a72a02988048ba4,data_ml,p_count_2,robo,0,1 Mar 2026 2:25:38
69a3a4cf7a72a02988048baa,data_ml,p_count_2,robo,0,1 Mar 2026 2:30:39
69a3a5fb7a72a02988048bb0,data_ml,p_count_2,robo,0,1 Mar 2026 2:35:39
69a3a7287a72a02988048bb6,data_ml,p_count_2,robo,0,1 Mar 2026 2:40:40
69a3a8547a72a02988048bbc,data_ml,p_count_2,robo,0,1 Mar 2026 2:45:40
69a3a9817a72a02988048bc2,data_ml,p_count_2,robo,0,1 Mar 2026 2:50:41
69a3aaad7a72a02988048bc8,data_ml,p_count_2,robo,0,1 Mar 2026 2:55:41
69a3abda7a72a02988048bce,data_ml,p_count_2,robo,0,1 Mar 2026 3:0:42
69a3ad077a72a02988048bd4,data_ml,p_count_2,robo,0,1 Mar 2026 3:5:43
69a3ae337a72a02988048bda,data_ml,p_count_2,robo,0,1 Mar 2026 3:10:43
69a3af607a72a02988048be0,data_ml,p_count_2,robo,0,1 Mar 2026 3:15:44
69a3b08c7a72a02988048be6,data_ml,p_count_2,robo,0,1 Mar 2026 3:20:44
69a3b1b97a72a02988048bec,data_ml,p_count_2,robo,0,1 Mar 2026 3:25:45
69a3b2e57a72a02988048bf2,data_ml,p_count_2,robo,0,1 Mar 2026 3:30:45
69a3b4127a72a02988048bf8,data_ml,p_count_2,robo,0,1 Mar 2026 3:35:46
69a3b53f7a72a02988048bfe,data_ml,p_count_2,robo,0,1 Mar 2026 3:40:47
69a3b66b7a72a02988048c04,data_ml,p_count_2,robo,0,1 Mar 2026 3:45:47
69a3b7987a72a02988048c0a,data_ml,p_count_2,robo,0,1 Mar 2026 3:50:48
69a3b8c47a72a02988048c10,data_ml,p_count_2,robo,0,1 Mar 2026 3:55:48
69a3b9f17a72a02988048c16,data_ml,p_count_2,robo,0,1 Mar 2026 4:0:49
69a3bb1d7a72a02988048c1c,data_ml,p_count_2,robo,0,1 Mar 2026 4:5:49
69a3bc4a7a72a02988048c22,data_ml,p_count_2,robo,0,1 Mar 2026 4:10:50
69a3bd777a72a02988048c28,data_ml,p_count_2,robo,0,1 Mar 2026 4:15:51
69a3bea37a72a02988048c2e,data_ml,p_count_2,robo,0,1 Mar 2026 4:20:51
69a3bfd07a72a02988048c34,data_ml,p_count_2,robo,0,1 Mar 2026 4:25:52
69a3c0fc7a72a02988048c3a,data_ml,p_count_2,robo,0,1 Mar 2026 4:30:52
69a3c2297a72a02988048c40,data_ml,p_count_2,robo,0,1 Mar 2026 4:35:53
69a3c3567a72a02988048c46,data_ml,p_count_2,robo,0,1 Mar 2026 4:40:54
69a3c4837a72a02988048c4c,data_ml,p_count_2,robo,0,1 Mar 2026 4:45:55
69a3c5af7a72a02988048c52,data_ml,p_count_2,robo,0,1 Mar 2026 4:50:55
69a3c6dc7a72a02988048c58,data_ml,p_count_2,robo,0,1 Mar 2026 4:55:56
69a3c8087a72a02988048c5e,data_ml,p_count_2,robo,0,1 Mar 2026 5:0:56
69a3c9357a72a02988048c64,data_ml,p_count_2,robo,0,1 Mar 2026 5:5:57
69a3ca627a72a02988048c6a,data_ml,p_count_2,robo,0,1 Mar 2026 5:10:58
69a3cb8e7a72a02988048c70,data_ml,p_count_2,robo,0,1 Mar 2026 5:15:58
69a3ccbb7a72a02988048c76,data_ml,p_count_2,robo,0,1 Mar 2026 5:20:59
69a3cde77a72a02988048c7c,data_ml,p_count_2,robo,0,1 Mar 2026 5:25:59
69a3cf147a72a02988048c82,data_ml,p_count_2,robo,0,1 Mar 2026 5:31:0
69a3d0417a72a02988048c88,data_ml,p_count_2,robo,0,1 Mar 2026 5:36:1
69a3d16d7a72a02988048c8e,data_ml,p_count_2,robo,0,1 Mar 2026 5:41:1
69a3d29a7a72a02988048c94,data_ml,p_count_2,robo,0,1 Mar 2026 5:46:2
69a3d3c67a72a02988048c9a,data_ml,p_count_2,robo,0,1 Mar 2026 5:51:2
69a3d4f37a72a02988048ca0,data_ml,p_count_2,robo,0,1 Mar 2026 5:56:3
69a3d61f7a72a02988048ca6,data_ml,p_count_2,robo,0,1 Mar 2026 6:1:3
69a3d74c7a72a02988048cac,data_ml,p_count_2,robo,0,1 Mar 2026 6:6:4
69a3d8797a72a02988048cb2,data_ml,p_count_2,robo,0,1 Mar 2026 6:11:5
69a3d9a57a72a02988048cb8,data_ml,p_count_2,robo,0,1 Mar 2026 6:16:5
69a3dad27a72a02988048cbe,data_ml,p_count_2,robo,0,1 Mar 2026 6:21:6
69a3dbfe7a72a02988048cc4,data_ml,p_count_2,robo,0,1 Mar 2026 6:26:6
69a3dd2b7a72a02988048cca,data_ml,p_count_2,robo,0,1 Mar 2026 6:31:7
69a3de577a72a02988048cd0,data_ml,p_count_2,robo,0,1 Mar 2026 6:36:7
69a3df847a72a02988048cd6,data_ml,p_count_2,robo,0,1 Mar 2026 6:41:8
69a3e0b17a72a02988048cdc,data_ml,p_count_2,robo,0,1 Mar 2026 6:46:9
69a3e1dd7a72a02988048ce2,data_ml,p_count_2,robo,0,1 Mar 2026 6:51:9
69a3e30a7a72a02988048ce8,data_ml,p_count_2,robo,0,1 Mar 2026 6:56:10
69a3e4367a72a02988048cee,data_ml,p_count_2,robo,0,1 Mar 2026 7:1:10
69a3e5637a72a02988048cf4,data_ml,p_count_2,robo,0,1 Mar 2026 7:6:11
69a3e68f7a72a02988048cfa,data_ml,p_count_2,robo,0,1 Mar 2026 7:11:11
69a3e7bc7a72a02988048d00,data_ml,p_count_2,robo,0,1 Mar 2026 7:16:12
69a3e8e97a72a02988048d06,data_ml,p_count_2,robo,0,1 Mar 2026 7:21:13
69a3ea167a72a02988048d0c,data_ml,p_count_2,robo,0,1 Mar 2026 7:26:14
69a3eb427a72a02988048d12,data_ml,p_count_2,robo,0,1 Mar 2026 7:31:14
69a3ec6f7a72a02988048d18,data_ml,p_count_2,robo,0,1 Mar 2026 7:36:15
69a3ed9b7a72a02988048d1e,data_ml,p_count_2,robo,0,1 Mar 2026 7:41:15
69a3eec87a72a02988048d24,data_ml,p_count_2,robo,0,1 Mar 2026 7:46:16
69a3eff47a72a02988048d2a,data_ml,p_count_2,robo,2,1 Mar 2026 7:51:16
69a3f1217a72a02988048d30,data_ml,p_count_2,robo,2,1 Mar 2026 7:56:17
69a3f24d7a72a02988048d36,data_ml,p_count_2,robo,0,1 Mar 2026 8:1:17
69a3f37a7a72a02988048d3c,data_ml,p_count_2,robo,0,1 Mar 2026 8:6:18
69a3f4a77a72a02988048d42,data_ml,p_count_2,robo,0,1 Mar 2026 8:11:19
69a3f5d37a72a02988048d48,data_ml,p_count_2,robo,0,1 Mar 2026 8:16:19
69a3f7007a72a02988048d4e,data_ml,p_count_2,robo,0,1 Mar 2026 8:21:20
69a3f82c7a72a02988048d54,data_ml,p_count_2,robo,0,1 Mar 2026 8:26:20
69a3f9597a72a02988048d5a,data_ml,p_count_2,robo,0,1 Mar 2026 8:31:21
69a3fa857a72a02988048d60,data_ml,p_count_2,robo,0,1 Mar 2026 8:36:21
69a3fbb27a72a02988048d66,data_ml,p_count_2,robo,0,1 Mar 2026 8:41:22
69a3fcde7a72a02988048d6c,data_ml,p_count_2,robo,0,1 Mar 2026 8:46:22
69a3fe0b7a72a02988048d72,data_ml,p_count_2,robo,0,1 Mar 2026 8:51:23
69a3ff377a72a02988048d78,data_ml,p_count_2,robo,0,1 Mar 2026 8:56:23
69a400647a72a02988048d7e,data_ml,p_count_2,robo,0,1 Mar 2026 9:1:24
69a401917a72a02988048d84,data_ml,p_count_2,robo,0,1 Mar 2026 9:6:25
69a402bd7a72a02988048d8a,data_ml,p_count_2,robo,0,1 Mar 2026 9:11:25
69a403ea7a72a02988048d90,data_ml,p_count_2,robo,0,1 Mar 2026 9:16:26
69a405167a72a02988048d96,data_ml,p_count_2,robo,0,1 Mar 2026 9:21:26
69a406437a72a02988048d9c,data_ml,p_count_2,robo,0,1 Mar 2026 9:26:27
69a4076f7a72a02988048da2,data_ml,p_count_2,robo,0,1 Mar 2026 9:31:27
69a4089c7a72a02988048da8,data_ml,p_count_2,robo,0,1 Mar 2026 9:36:28
69a409c87a72a02988048dae,data_ml,p_count_2,robo,0,1 Mar 2026 9:41:28
69a40af67a72a02988048db4,data_ml,p_count_2,robo,0,1 Mar 2026 9:46:30
69a40c227a72a02988048dba,data_ml,p_count_2,robo,0,1 Mar 2026 9:51:30
69a40d4f7a72a02988048dc0,data_ml,p_count_2,robo,0,1 Mar 2026 9:56:31
69a40e7b7a72a02988048dc6,data_ml,p_count_2,robo,0,1 Mar 2026 10:1:31
69a40fa87a72a02988048dcc,data_ml,p_count_2,robo,0,1 Mar 2026 10:6:32
69a410d47a72a02988048dd2,data_ml,p_count_2,robo,0,1 Mar 2026 10:11:32
69a412017a72a02988048dd8,data_ml,p_count_2,robo,0,1 Mar 2026 10:16:33
69a4132e7a72a02988048dde,data_ml,p_count_2,robo,0,1 Mar 2026 10:21:34
69a4145a7a72a02988048de4,data_ml,p_count_2,robo,0,1 Mar 2026 10:26:34
69a415877a72a02988048dea,data_ml,p_count_2,robo,0,1 Mar 2026 10:31:35
69a416b37a72a02988048df0,data_ml,p_count_2,robo,0,1 Mar 2026 10:36:35
69a417e07a72a02988048df6,data_ml,p_count_2,robo,0,1 Mar 2026 10:41:36
69a4190c7a72a02988048dfc,data_ml,p_count_2,robo,0,1 Mar 2026 10:46:36
69a41a397a72a02988048e02,data_ml,p_count_2,robo,0,1 Mar 2026 10:51:37
69a41b657a72a02988048e08,data_ml,p_count_2,robo,0,1 Mar 2026 10:56:37
69a41c927a72a02988048e0e,data_ml,p_count_2,robo,0,1 Mar 2026 11:1:38
69a41dbe7a72a02988048e14,data_ml,p_count_2,robo,0,1 Mar 2026 11:6:38
69a41eeb7a72a02988048e1a,data_ml,p_count_2,robo,0,1 Mar 2026 11:11:39
69a420177a72a02988048e20,data_ml,p_count_2,robo,0,1 Mar 2026 11:16:39
69a421447a72a02988048e26,data_ml,p_count_2,robo,0,1 Mar 2026 11:21:40
69a422707a72a02988048e2c,data_ml,p_count_2,robo,0,1 Mar 2026 11:26:40
69a4239d7a72a02988048e32,data_ml,p_count_2,robo,0,1 Mar 2026 11:31:41
69a424ca7a72a02988048e38,data_ml,p_count_2,robo,0,1 Mar 2026 11:36:42
69a425f67a72a02988048e3e,data_ml,p_count_2,robo,0,1 Mar 2026 11:41:42
69a427237a72a02988048e44,data_ml,p_count_2,robo,0,1 Mar 2026 11:46:43
69a4284f7a72a02988048e4a,data_ml,p_count_2,robo,0,1 Mar 2026 11:51:43
69a4297c7a72a02988048e50,data_ml,p_count_2,robo,0,1 Mar 2026 11:56:44
69a42aa8b13271a4d6735b14,data_ml,p_count_2,robo,0,1 Mar 2026 12:1:44
69a42bd5b13271a4d6735b1a,data_ml,p_count_2,robo,1,1 Mar 2026 12:6:45
69a42d02b13271a4d6735b20,data_ml,p_count_2,robo,0,1 Mar 2026 12:11:46
69a42e2fb13271a4d6735b26,data_ml,p_count_2,robo,0,1 Mar 2026 12:16:47
69a42f5bb13271a4d6735b2c,data_ml,p_count_2,robo,0,1 Mar 2026 12:21:47
69a43088b13271a4d6735b32,data_ml,p_count_2,robo,0,1 Mar 2026 12:26:48
69a431b4b13271a4d6735b38,data_ml,p_count_2,robo,0,1 Mar 2026 12:31:48
69a432e1b13271a4d6735b3e,data_ml,p_count_2,robo,0,1 Mar 2026 12:36:49
69a4340db13271a4d6735b44,data_ml,p_count_2,robo,0,1 Mar 2026 12:41:49
69a4353ab13271a4d6735b4a,data_ml,p_count_2,robo,0,1 Mar 2026 12:46:50
69a43667b13271a4d6735b50,data_ml,p_count_2,robo,0,1 Mar 2026 12:51:51
69a43793b13271a4d6735b56,data_ml,p_count_2,robo,0,1 Mar 2026 12:56:51
69a438c0b13271a4d6735b5c,data_ml,p_count_2,robo,0,1 Mar 2026 13:1:52
69a439ecb13271a4d6735b62,data_ml,p_count_2,robo,0,1 Mar 2026 13:6:52
69a43b19b13271a4d6735b68,data_ml,p_count_2,robo,0,1 Mar 2026 13:11:53
69a43c46b13271a4d6735b6e,data_ml,p_count_2,robo,0,1 Mar 2026 13:16:54
69a43d72b13271a4d6735b74,data_ml,p_count_2,robo,0,1 Mar 2026 13:21:54
69a43e9fb13271a4d6735b7a,data_ml,p_count_2,robo,0,1 Mar 2026 13:26:55
69a43fcbb13271a4d6735b80,data_ml,p_count_2,robo,0,1 Mar 2026 13:31:55
69a440f8b13271a4d6735b86,data_ml,p_count_2,robo,0,1 Mar 2026 13:36:56
69a44225b13271a4d6735b8c,data_ml,p_count_2,robo,0,1 Mar 2026 13:41:57
69a44351b13271a4d6735b92,data_ml,p_count_2,robo,0,1 Mar 2026 13:46:57
69a4447eb13271a4d6735b98,data_ml,p_count_2,robo,0,1 Mar 2026 13:51:58
69a445aab13271a4d6735b9e,data_ml,p_count_2,robo,0,1 Mar 2026 13:56:58
69a446d7b13271a4d6735ba4,data_ml,p_count_2,robo,0,1 Mar 2026 14:1:59
69a44803b13271a4d6735baa,data_ml,p_count_2,robo,0,1 Mar 2026 14:6:59
69a44930b13271a4d6735bb0,data_ml,p_count_2,robo,0,1 Mar 2026 14:12:0
69a44a5cb13271a4d6735bb7,data_ml,p_count_2,robo,0,1 Mar 2026 14:17:0
69a44b89b13271a4d6735bbd,data_ml,p_count_2,robo,0,1 Mar 2026 14:22:1
69a44cb5b13271a4d6735bc3,data_ml,p_count_2,robo,0,1 Mar 2026 14:27:1
69a44de2b13271a4d6735bc9,data_ml,p_count_2,robo,0,1 Mar 2026 14:32:2
69a44f0fb13271a4d6735bcf,data_ml,p_count_2,robo,0,1 Mar 2026 14:37:3
69a4503bb13271a4d6735bd5,data_ml,p_count_2,robo,0,1 Mar 2026 14:42:3
69a45168b13271a4d6735bdb,data_ml,p_count_2,robo,0,1 Mar 2026 14:47:4
69a45295b13271a4d6735be1,data_ml,p_count_2,robo,0,1 Mar 2026 14:52:5
69a453c1b13271a4d6735be7,data_ml,p_count_2,robo,0,1 Mar 2026 14:57:5
69a454eeb13271a4d6735bed,data_ml,p_count_2,robo,0,1 Mar 2026 15:2:6
69a4561ab13271a4d6735bf3,data_ml,p_count_2,robo,0,1 Mar 2026 15:7:6
69a45747b13271a4d6735bf9,data_ml,p_count_2,robo,0,1 Mar 2026 15:12:7
69a45874b13271a4d6735bff,data_ml,p_count_2,robo,0,1 Mar 2026 15:17:8
69a459a0b13271a4d6735c05,data_ml,p_count_2,robo,0,1 Mar 2026 15:22:8
69a45acdb13271a4d6735c0b,data_ml,p_count_2,robo,0,1 Mar 2026 15:27:9
69a45bf9b13271a4d6735c11,data_ml,p_count_2,robo,0,1 Mar 2026 15:32:9
69a45d26b13271a4d6735c17,data_ml,p_count_2,robo,0,1 Mar 2026 15:37:10
69a45e52b13271a4d6735c1d,data_ml,p_count_2,robo,0,1 Mar 2026 15:42:10
69a45f7fb13271a4d6735c23,data_ml,p_count_2,robo,0,1 Mar 2026 15:47:11
69a460abb13271a4d6735c29,data_ml,p_count_2,robo,0,1 Mar 2026 15:52:11
69a461d8b13271a4d6735c2f,data_ml,p_count_2,robo,0,1 Mar 2026 15:57:12
69a46304b13271a4d6735c35,data_ml,p_count_2,robo,0,1 Mar 2026 16:2:12
69a46431b13271a4d6735c3b,data_ml,p_count_2,robo,0,1 Mar 2026 16:7:13
69a4655eb13271a4d6735c41,data_ml,p_count_2,robo,0,1 Mar 2026 16:12:14
69a4668ab13271a4d6735c47,data_ml,p_count_2,robo,0,1 Mar 2026 16:17:14
69a467b7b13271a4d6735c4d,data_ml,p_count_2,robo,0,1 Mar 2026 16:22:15
69a468e3b13271a4d6735c53,data_ml,p_count_2,robo,0,1 Mar 2026 16:27:15
69a46a10b13271a4d6735c59,data_ml,p_count_2,robo,0,1 Mar 2026 16:32:16
69a46b3cb13271a4d6735c5f,data_ml,p_count_2,robo,0,1 Mar 2026 16:37:16
69a46c69b13271a4d6735c65,data_ml,p_count_2,robo,0,1 Mar 2026 16:42:17
69a46d95b13271a4d6735c6b,data_ml,p_count_2,robo,0,1 Mar 2026 16:47:17
69a46ec2b13271a4d6735c71,data_ml,p_count_2,robo,0,1 Mar 2026 16:52:18
69a46feeb13271a4d6735c77,data_ml,p_count_2,robo,0,1 Mar 2026 16:57:18
69a4711bb13271a4d6735c7d,data_ml,p_count_2,robo,0,1 Mar 2026 17:2:19
69a47248b13271a4d6735c83,data_ml,p_count_2,robo,0,1 Mar 2026 17:7:20
69a47374b13271a4d6735c89,data_ml,p_count_2,robo,0,1 Mar 2026 17:12:20
69a474a1b13271a4d6735c8f,data_ml,p_count_2,robo,0,1 Mar 2026 17:17:21
69a475ceb13271a4d6735c95,data_ml,p_count_2,robo,0,1 Mar 2026 17:22:22
69a476fbb13271a4d6735c9b,data_ml,p_count_2,robo,0,1 Mar 2026 17:27:23
69a47827b13271a4d6735ca1,data_ml,p_count_2,robo,0,1 Mar 2026 17:32:23
69a47954b13271a4d6735ca7,data_ml,p_count_2,robo,0,1 Mar 2026 17:37:24
69a47a80b13271a4d6735cad,data_ml,p_count_2,robo,0,1 Mar 2026 17:42:24
69a47badb13271a4d6735cb3,data_ml,p_count_2,robo,0,1 Mar 2026 17:47:25
69a47cdab13271a4d6735cb9,data_ml,p_count_2,robo,0,1 Mar 2026 17:52:26
69a47e06b13271a4d6735cbf,data_ml,p_count_2,robo,0,1 Mar 2026 17:57:26
69a47f33b13271a4d6735cc5,data_ml,p_count_2,robo,0,1 Mar 2026 18:2:27
69a4805fb13271a4d6735ccb,data_ml,p_count_2,robo,0,1 Mar 2026 18:7:27
69a4818cb13271a4d6735cd1,data_ml,p_count_2,robo,0,1 Mar 2026 18:12:28
69a482b8b13271a4d6735cd7,data_ml,p_count_2,robo,0,1 Mar 2026 18:17:28
69a483e5b13271a4d6735cdd,data_ml,p_count_2,robo,0,1 Mar 2026 18:22:29
69a48512b13271a4d6735ce3,data_ml,p_count_2,robo,0,1 Mar 2026 18:27:30
69a4863eb13271a4d6735ce9,data_ml,p_count_2,robo,0,1 Mar 2026 18:32:30
69a4876bb13271a4d6735cef,data_ml,p_count_2,robo,0,1 Mar 2026 18:37:31
69a48897b13271a4d6735cf5,data_ml,p_count_2,robo,0,1 Mar 2026 18:42:31
69a489c4b13271a4d6735cfb,data_ml,p_count_2,robo,0,1 Mar 2026 18:47:32
69a48af0b13271a4d6735d01,data_ml,p_count_2,robo,0,1 Mar 2026 18:52:32
69a48c1db13271a4d6735d07,data_ml,p_count_2,robo,0,1 Mar 2026 18:57:33
69a48d4ab13271a4d6735d0d,data_ml,p_count_2,robo,0,1 Mar 2026 19:2:34
69a48e76b13271a4d6735d13,data_ml,p_count_2,robo,0,1 Mar 2026 19:7:34
69a48fa3b13271a4d6735d19,data_ml,p_count_2,robo,0,1 Mar 2026 19:12:35
69a490cfb13271a4d6735d1f,data_ml,p_count_2,robo,0,1 Mar 2026 19:17:35
69a491fcb13271a4d6735d25,data_ml,p_count_2,robo,0,1 Mar 2026 19:22:36
69a49328b13271a4d6735d2b,data_ml,p_count_2,robo,0,1 Mar 2026 19:27:36
69a49455b13271a4d6735d31,data_ml,p_count_2,robo,0,1 Mar 2026 19:32:37
69a49581b13271a4d6735d37,data_ml,p_count_2,robo,0,1 Mar 2026 19:37:37
69a496aeb13271a4d6735d3d,data_ml,p_count_2,robo,0,1 Mar 2026 19:42:38
69a497dbb13271a4d6735d43,data_ml,p_count_2,robo,0,1 Mar 2026 19:47:39
69a49908b13271a4d6735d49,data_ml,p_count_2,robo,0,1 Mar 2026 19:52:40
69a49a34b13271a4d6735d4f,data_ml,p_count_2,robo,0,1 Mar 2026 19:57:40
69a49b61b13271a4d6735d55,data_ml,p_count_2,robo,0,1 Mar 2026 20:2:41
69a49c8db13271a4d6735d5b,data_ml,p_count_2,robo,0,1 Mar 2026 20:7:41
69a49dbab13271a4d6735d61,data_ml,p_count_2,robo,0,1 Mar 2026 20:12:42
69a49ee7b13271a4d6735d67,data_ml,p_count_2,robo,0,1 Mar 2026 20:17:43
69a4a013b13271a4d6735d6d,data_ml,p_count_2,robo,0,1 Mar 2026 20:22:43
69a4a140b13271a4d6735d73,data_ml,p_count_2,robo,0,1 Mar 2026 20:27:44
69a4a26cb13271a4d6735d79,data_ml,p_count_2,robo,0,1 Mar 2026 20:32:44
69a4a399b13271a4d6735d7f,data_ml,p_count_2,robo,0,1 Mar 2026 20:37:45
69a4a4c5b13271a4d6735d85,data_ml,p_count_2,robo,0,1 Mar 2026 20:42:45
69a4a5f2b13271a4d6735d8b,data_ml,p_count_2,robo,0,1 Mar 2026 20:47:46
69a4a71eb13271a4d6735d91,data_ml,p_count_2,robo,0,1 Mar 2026 20:52:46
69a4a84bb13271a4d6735d97,data_ml,p_count_2,robo,0,1 Mar 2026 20:57:47
69a4a978b13271a4d6735d9d,data_ml,p_count_2,robo,0,1 Mar 2026 21:2:48
69a4aaa4b13271a4d6735da3,data_ml,p_count_2,robo,0,1 Mar 2026 21:7:48
69a4abd1b13271a4d6735da9,data_ml,p_count_2,robo,0,1 Mar 2026 21:12:49
69a4acfdb13271a4d6735daf,data_ml,p_count_2,robo,0,1 Mar 2026 21:17:49
69a4ae2ab13271a4d6735db5,data_ml,p_count_2,robo,0,1 Mar 2026 21:22:50
69a4af56b13271a4d6735dbb,data_ml,p_count_2,robo,0,1 Mar 2026 21:27:50
69a4b083b13271a4d6735dc1,data_ml,p_count_2,robo,0,1 Mar 2026 21:32:51
69a4b1afb13271a4d6735dc7,data_ml,p_count_2,robo,0,1 Mar 2026 21:37:51
69a4b2dcb13271a4d6735dcd,data_ml,p_count_2,robo,0,1 Mar 2026 21:42:52
69a4b409b13271a4d6735dd3,data_ml,p_count_2,robo,0,1 Mar 2026 21:47:53
69a4b535b13271a4d6735dd9,data_ml,p_count_2,robo,0,1 Mar 2026 21:52:53
69a4b662b13271a4d6735ddf,data_ml,p_count_2,robo,0,1 Mar 2026 21:57:54
69a4b78eb13271a4d6735de5,data_ml,p_count_2,robo,0,1 Mar 2026 22:2:54
69a4b8bbb13271a4d6735deb,data_ml,p_count_2,robo,0,1 Mar 2026 22:7:55
69a4b9e7b13271a4d6735df1,data_ml,p_count_2,robo,0,1 Mar 2026 22:12:55
69a4bb15b13271a4d6735df7,data_ml,p_count_2,robo,0,1 Mar 2026 22:17:57
69a4bc41b13271a4d6735dfd,data_ml,p_count_2,robo,0,1 Mar 2026 22:22:57
69a4bd6eb13271a4d6735e03,data_ml,p_count_2,robo,0,1 Mar 2026 22:27:58
69a4be9ab13271a4d6735e09,data_ml,p_count_2,robo,0,1 Mar 2026 22:32:58
69a4bfc7b13271a4d6735e0f,data_ml,p_count_2,robo,0,1 Mar 2026 22:37:59
69a4c0f3b13271a4d6735e15,data_ml,p_count_2,robo,0,1 Mar 2026 22:42:59
69a4c220b13271a4d6735e1b,data_ml,p_count_2,robo,0,1 Mar 2026 22:48:0
69a4c34db13271a4d6735e21,data_ml,p_count_2,robo,0,1 Mar 2026 22:53:1
69a4c479b13271a4d6735e27,data_ml,p_count_2,robo,0,1 Mar 2026 22:58:1
69a4c5a6b13271a4d6735e2d,data_ml,p_count_2,robo,0,1 Mar 2026 23:3:2
69a4c6d2b13271a4d6735e33,data_ml,p_count_2,robo,0,1 Mar 2026 23:8:2
69a4c7ffb13271a4d6735e39,data_ml,p_count_2,robo,0,1 Mar 2026 23:13:3
69a4c92bb13271a4d6735e3f,data_ml,p_count_2,robo,0,1 Mar 2026 23:18:3
69a4ca58b13271a4d6735e45,data_ml,p_count_2,robo,0,1 Mar 2026 23:23:4
69a4cb85b13271a4d6735e4b,data_ml,p_count_2,robo,0,1 Mar 2026 23:28:5
69a4ccb1b13271a4d6735e51,data_ml,p_count_2,robo,0,1 Mar 2026 23:33:5
69a4cddeb13271a4d6735e57,data_ml,p_count_2,robo,0,1 Mar 2026 23:38:6
69a4cf0ab13271a4d6735e5d,data_ml,p_count_2,robo,0,1 Mar 2026 23:43:6
69a4d037b13271a4d6735e63,data_ml,p_count_2,robo,0,1 Mar 2026 23:48:7
69a4d164b13271a4d6735e6a,data_ml,p_count_2,robo,0,1 Mar 2026 23:53:8
69a4d290b13271a4d6735e70,data_ml,p_count_2,robo,0,1 Mar 2026 23:58:8
69a4d3bdb13271a4d6735e76,data_ml,p_count_2,robo,0,2 Mar 2026 0:3:9
69a4d4eab13271a4d6735e7c,data_ml,p_count_2,robo,0,2 Mar 2026 0:8:10
69a4d616b13271a4d6735e82,data_ml,p_count_2,robo,0,2 Mar 2026 0:13:10
69a4d743b13271a4d6735e88,data_ml,p_count_2,robo,0,2 Mar 2026 0:18:11
69a4d86fb13271a4d6735e8e,data_ml,p_count_2,robo,0,2 Mar 2026 0:23:11
69a4d99cb13271a4d6735e94,data_ml,p_count_2,robo,0,2 Mar 2026 0:28:12
69a4dac9b13271a4d6735e9a,data_ml,p_count_2,robo,0,2 Mar 2026 0:33:13
69a4dbf5b13271a4d6735ea0,data_ml,p_count_2,robo,0,2 Mar 2026 0:38:13
69a4dd22b13271a4d6735ea6,data_ml,p_count_2,robo,0,2 Mar 2026 0:43:14
69a4de4fb13271a4d6735eac,data_ml,p_count_2,robo,0,2 Mar 2026 0:48:15
69a4df7cb13271a4d6735eb2,data_ml,p_count_2,robo,0,2 Mar 2026 0:53:16
69a4e0a8b13271a4d6735eb8,data_ml,p_count_2,robo,0,2 Mar 2026 0:58:16
69a4e1d5b13271a4d6735ebe,data_ml,p_count_2,robo,0,2 Mar 2026 1:3:17
69a4e301b13271a4d6735ec4,data_ml,p_count_2,robo,0,2 Mar 2026 1:8:17
69a4e42eb13271a4d6735eca,data_ml,p_count_2,robo,0,2 Mar 2026 1:13:18
69a4e55bb13271a4d6735ed0,data_ml,p_count_2,robo,0,2 Mar 2026 1:18:19
69a4e687b13271a4d6735ed6,data_ml,p_count_2,robo,0,2 Mar 2026 1:23:19
69a4e7b4b13271a4d6735edc,data_ml,p_count_2,robo,0,2 Mar 2026 1:28:20
69a4e8e0b13271a4d6735ee2,data_ml,p_count_2,robo,0,2 Mar 2026 1:33:20
69a4ea0db13271a4d6735ee8,data_ml,p_count_2,robo,0,2 Mar 2026 1:38:21
69a4eb3ab13271a4d6735eee,data_ml,p_count_2,robo,0,2 Mar 2026 1:43:22
69a4ec66b13271a4d6735ef4,data_ml,p_count_2,robo,0,2 Mar 2026 1:48:22
69a4ed93b13271a4d6735efa,data_ml,p_count_2,robo,0,2 Mar 2026 1:53:23
69a4eebfb13271a4d6735f00,data_ml,p_count_2,robo,0,2 Mar 2026 1:58:23
69a4efecb13271a4d6735f06,data_ml,p_count_2,robo,0,2 Mar 2026 2:3:24
69a4f119b13271a4d6735f0c,data_ml,p_count_2,robo,0,2 Mar 2026 2:8:25
69a4f245b13271a4d6735f12,data_ml,p_count_2,robo,0,2 Mar 2026 2:13:25
69a4f372b13271a4d6735f18,data_ml,p_count_2,robo,0,2 Mar 2026 2:18:26
69a4f49eb13271a4d6735f1e,data_ml,p_count_2,robo,0,2 Mar 2026 2:23:26
69a4f5cbb13271a4d6735f24,data_ml,p_count_2,robo,0,2 Mar 2026 2:28:27
69a4f6f8b13271a4d6735f2a,data_ml,p_count_2,robo,0,2 Mar 2026 2:33:28
69a4f824b13271a4d6735f30,data_ml,p_count_2,robo,0,2 Mar 2026 2:38:28
69a4f951b13271a4d6735f36,data_ml,p_count_2,robo,0,2 Mar 2026 2:43:29
69a4fa7db13271a4d6735f3c,data_ml,p_count_2,robo,0,2 Mar 2026 2:48:29
69a4fbaab13271a4d6735f42,data_ml,p_count_2,robo,0,2 Mar 2026 2:53:30
69a4fcd7b13271a4d6735f48,data_ml,p_count_2,robo,0,2 Mar 2026 2:58:31
69a4fe03b13271a4d6735f4e,data_ml,p_count_2,robo,0,2 Mar 2026 3:3:31
69a4ff30b13271a4d6735f54,data_ml,p_count_2,robo,0,2 Mar 2026 3:8:32
69a5005cb13271a4d6735f5a,data_ml,p_count_2,robo,0,2 Mar 2026 3:13:32
69a5018ab13271a4d6735f60,data_ml,p_count_2,robo,0,2 Mar 2026 3:18:34
69a502b6b13271a4d6735f66,data_ml,p_count_2,robo,0,2 Mar 2026 3:23:34
69a503e3b13271a4d6735f6c,data_ml,p_count_2,robo,0,2 Mar 2026 3:28:35
69a5050fb13271a4d6735f72,data_ml,p_count_2,robo,0,2 Mar 2026 3:33:35
69a5063cb13271a4d6735f78,data_ml,p_count_2,robo,0,2 Mar 2026 3:38:36
69a50769b13271a4d6735f7e,data_ml,p_count_2,robo,0,2 Mar 2026 3:43:37
69a50895b13271a4d6735f84,data_ml,p_count_2,robo,0,2 Mar 2026 3:48:37
69a509c2b13271a4d6735f8a,data_ml,p_count_2,robo,0,2 Mar 2026 3:53:38
69a50aeeb13271a4d6735f90,data_ml,p_count_2,robo,0,2 Mar 2026 3:58:38
69a50c1bb13271a4d6735f96,data_ml,p_count_2,robo,0,2 Mar 2026 4:3:39
69a50d48b13271a4d6735f9c,data_ml,p_count_2,robo,0,2 Mar 2026 4:8:40
69a50e74b13271a4d6735fa2,data_ml,p_count_2,robo,0,2 Mar 2026 4:13:40
69a50fa1b13271a4d6735fa8,data_ml,p_count_2,robo,0,2 Mar 2026 4:18:41
69a510cdb13271a4d6735fae,data_ml,p_count_2,robo,0,2 Mar 2026 4:23:41
69a511fab13271a4d6735fb4,data_ml,p_count_2,robo,0,2 Mar 2026 4:28:42
69a51326b13271a4d6735fba,data_ml,p_count_2,robo,0,2 Mar 2026 4:33:42
69a51453b13271a4d6735fc0,data_ml,p_count_2,robo,0,2 Mar 2026 4:38:43
69a51580b13271a4d6735fc6,data_ml,p_count_2,robo,0,2 Mar 2026 4:43:44
69a516acb13271a4d6735fcc,data_ml,p_count_2,robo,0,2 Mar 2026 4:48:44
69a517d9b13271a4d6735fd2,data_ml,p_count_2,robo,0,2 Mar 2026 4:53:45
69a51905b13271a4d6735fd8,data_ml,p_count_2,robo,0,2 Mar 2026 4:58:45
69a51a32b13271a4d6735fde,data_ml,p_count_2,robo,0,2 Mar 2026 5:3:46
69a51b5fb13271a4d6735fe4,data_ml,p_count_2,robo,0,2 Mar 2026 5:8:47
69a51c8bb13271a4d6735fea,data_ml,p_count_2,robo,2,2 Mar 2026 5:13:47
69a51db8b13271a4d6735ff0,data_ml,p_count_2,robo,0,2 Mar 2026 5:18:48
69a51ee4b13271a4d6735ff6,data_ml,p_count_2,robo,0,2 Mar 2026 5:23:48
69a52011b13271a4d6735ffc,data_ml,p_count_2,robo,1,2 Mar 2026 5:28:49
69a5213eb13271a4d6736002,data_ml,p_count_2,robo,0,2 Mar 2026 5:33:50
69a5226ab13271a4d6736008,data_ml,p_count_2,robo,0,2 Mar 2026 5:38:50
69a52397b13271a4d673600e,data_ml,p_count_2,robo,0,2 Mar 2026 5:43:51
69a524c4b13271a4d6736014,data_ml,p_count_2,robo,0,2 Mar 2026 5:48:52
69a525f1b13271a4d673601a,data_ml,p_count_2,robo,0,2 Mar 2026 5:53:53
69a5271db13271a4d6736020,data_ml,p_count_2,robo,0,2 Mar 2026 5:58:53
69a5284ab13271a4d6736026,data_ml,p_count_2,robo,0,2 Mar 2026 6:3:54
69a529767f1c8b31dd019c11,data_ml,p_count_2,robo,0,2 Mar 2026 6:8:54
69a52aa37f1c8b31dd019c17,data_ml,p_count_2,robo,0,2 Mar 2026 6:13:55
69a52bd07f1c8b31dd019c1d,data_ml,p_count_2,robo,0,2 Mar 2026 6:18:56
69a52cfc7f1c8b31dd019c23,data_ml,p_count_2,robo,0,2 Mar 2026 6:23:56
69a52e297f1c8b31dd019c29,data_ml,p_count_2,robo,0,2 Mar 2026 6:28:57
69a531ae3f931231e643b237,data_ml,p_count_2,robo,0,2 Mar 2026 6:43:58
69a532db3f931231e643b23d,data_ml,p_count_2,robo,0,2 Mar 2026 6:48:59
69a534083f931231e643b243,data_ml,p_count_2,robo,0,2 Mar 2026 6:54:0
69a535343f931231e643b249,data_ml,p_count_2,robo,0,2 Mar 2026 6:59:0
69a536613f931231e643b24f,data_ml,p_count_2,robo,0,2 Mar 2026 7:4:1
69a5378d3f931231e643b255,data_ml,p_count_2,robo,1,2 Mar 2026 7:9:1
69a538ba0b9c7a000c1c85de,data_ml,p_count_2,robo,0,2 Mar 2026 7:14:2
69a539e60b9c7a000c1c85e4,data_ml,p_count_2,robo,0,2 Mar 2026 7:19:2
69a53b130b9c7a000c1c85ea,data_ml,p_count_2,robo,0,2 Mar 2026 7:24:3
69a53c3f0b9c7a000c1c85f0,data_ml,p_count_2,robo,0,2 Mar 2026 7:29:3
69a53d6c0b9c7a000c1c85f6,data_ml,p_count_2,robo,0,2 Mar 2026 7:34:4
69a53e990b9c7a000c1c85fc,data_ml,p_count_2,robo,0,2 Mar 2026 7:39:5
69a53fc50b9c7a000c1c8602,data_ml,p_count_2,robo,0,2 Mar 2026 7:44:5
69a540f20b9c7a000c1c8608,data_ml,p_count_2,robo,0,2 Mar 2026 7:49:6
69a5421e0b9c7a000c1c860e,data_ml,p_count_2,robo,0,2 Mar 2026 7:54:6
69a5434b0b9c7a000c1c8614,data_ml,p_count_2,robo,0,2 Mar 2026 7:59:7
69a544780b9c7a000c1c861a,data_ml,p_count_2,robo,1,2 Mar 2026 8:4:8
69a545a40b9c7a000c1c8620,data_ml,p_count_2,robo,0,2 Mar 2026 8:9:8
69a546d10b9c7a000c1c8626,data_ml,p_count_2,robo,1,2 Mar 2026 8:14:9
69a547fe0b9c7a000c1c862c,data_ml,p_count_2,robo,3,2 Mar 2026 8:19:10
69a5492a0b9c7a000c1c8632,data_ml,p_count_2,robo,0,2 Mar 2026 8:24:10
69a54a570b9c7a000c1c8638,data_ml,p_count_2,robo,2,2 Mar 2026 8:29:11
69a54b840b9c7a000c1c863e,data_ml,p_count_2,robo,0,2 Mar 2026 8:34:12
69a54cb00b9c7a000c1c8644,data_ml,p_count_2,robo,0,2 Mar 2026 8:39:12
69a54ddd0b9c7a000c1c864a,data_ml,p_count_2,robo,0,2 Mar 2026 8:44:13
69a54f090b9c7a000c1c8650,data_ml,p_count_2,robo,1,2 Mar 2026 8:49:13
69a550360b9c7a000c1c8656,data_ml,p_count_2,robo,0,2 Mar 2026 8:54:14
69a551620b9c7a000c1c865c,data_ml,p_count_2,robo,1,2 Mar 2026 8:59:14
69a5528f08439a22425c4937,data_ml,p_count_2,robo,0,2 Mar 2026 9:4:15
69a553bc08439a22425c493d,data_ml,p_count_2,robo,0,2 Mar 2026 9:9:16
69a554e808439a22425c4943,data_ml,p_count_2,robo,1,2 Mar 2026 9:14:16
69a5561508439a22425c4949,data_ml,p_count_2,robo,1,2 Mar 2026 9:19:17
69a5574208439a22425c494f,data_ml,p_count_2,robo,5,2 Mar 2026 9:24:18
69a5586e08439a22425c4955,data_ml,p_count_2,robo,1,2 Mar 2026 9:29:18
69a5599b08439a22425c495b,data_ml,p_count_2,robo,0,2 Mar 2026 9:34:19
69a55ac708439a22425c4961,data_ml,p_count_2,robo,0,2 Mar 2026 9:39:19
69a55bf408439a22425c4967,data_ml,p_count_2,robo,1,2 Mar 2026 9:44:20
69a55d2008439a22425c496d,data_ml,p_count_2,robo,0,2 Mar 2026 9:49:20
69a55e4d08439a22425c4973,data_ml,p_count_2,robo,2,2 Mar 2026 9:54:21
69a55f7908439a22425c4979,data_ml,p_count_2,robo,1,2 Mar 2026 9:59:21
69a560a608439a22425c497f,data_ml,p_count_2,robo,2,2 Mar 2026 10:4:22
69a561d308439a22425c4985,data_ml,p_count_2,robo,1,2 Mar 2026 10:9:23
69a562ff08439a22425c498b,data_ml,p_count_2,robo,1,2 Mar 2026 10:14:23
69a5642c08439a22425c4991,data_ml,p_count_2,robo,2,2 Mar 2026 10:19:24
69a5655808439a22425c4997,data_ml,p_count_2,robo,3,2 Mar 2026 10:24:24
69a5668508439a22425c499d,data_ml,p_count_2,robo,1,2 Mar 2026 10:29:25
69a567b208439a22425c49a3,data_ml,p_count_2,robo,0,2 Mar 2026 10:34:26
69a568de08439a22425c49a9,data_ml,p_count_2,robo,0,2 Mar 2026 10:39:26
69a56a0b08439a22425c49af,data_ml,p_count_2,robo,0,2 Mar 2026 10:44:27
69a56b3808439a22425c49b5,data_ml,p_count_2,robo,2,2 Mar 2026 10:49:28
69a56c6508439a22425c49bb,data_ml,p_count_2,robo,0,2 Mar 2026 10:54:29
69a56d9108439a22425c49c1,data_ml,p_count_2,robo,1,2 Mar 2026 10:59:29
69a56ebe08439a22425c49c7,data_ml,p_count_2,robo,2,2 Mar 2026 11:4:30
69a56fea08439a22425c49cd,data_ml,p_count_2,robo,2,2 Mar 2026 11:9:30
69a5711708439a22425c49d3,data_ml,p_count_2,robo,1,2 Mar 2026 11:14:31
69a5724308439a22425c49d9,data_ml,p_count_2,robo,0,2 Mar 2026 11:19:31
69a5737008439a22425c49df,data_ml,p_count_2,robo,0,2 Mar 2026 11:24:32
69a5749d08439a22425c49e5,data_ml,p_count_2,robo,1,2 Mar 2026 11:29:33
69a575c908439a22425c49eb,data_ml,p_count_2,robo,5,2 Mar 2026 11:34:33
69a576f608439a22425c49f1,data_ml,p_count_2,robo,2,2 Mar 2026 11:39:34
69a5782208439a22425c49f7,data_ml,p_count_2,robo,11,2 Mar 2026 11:44:34
69a5794f08439a22425c49fd,data_ml,p_count_2,robo,3,2 Mar 2026 11:49:35
69a57a7b08439a22425c4a03,data_ml,p_count_2,robo,19,2 Mar 2026 11:54:35
69a57ba808439a22425c4a09,data_ml,p_count_2,robo,4,2 Mar 2026 11:59:36
69a57cd508439a22425c4a0f,data_ml,p_count_2,robo,0,2 Mar 2026 12:4:37
69a57e0108439a22425c4a15,data_ml,p_count_2,robo,1,2 Mar 2026 12:9:37
69a57f2e08439a22425c4a1b,data_ml,p_count_2,robo,0,2 Mar 2026 12:14:38
69a5805a08439a22425c4a21,data_ml,p_count_2,robo,2,2 Mar 2026 12:19:38
69a5818708439a22425c4a27,data_ml,p_count_2,robo,3,2 Mar 2026 12:24:39
69a582b408439a22425c4a2d,data_ml,p_count_2,robo,0,2 Mar 2026 12:29:40
69a583e008439a22425c4a33,data_ml,p_count_2,robo,0,2 Mar 2026 12:34:40
69a5850d08439a22425c4a39,data_ml,p_count_2,robo,0,2 Mar 2026 12:39:41
69a5863908439a22425c4a3f,data_ml,p_count_2,robo,0,2 Mar 2026 12:44:41
69a5876608439a22425c4a45,data_ml,p_count_2,robo,0,2 Mar 2026 12:49:42
69a5889208439a22425c4a4b,data_ml,p_count_2,robo,0,2 Mar 2026 12:54:42
69a589bf08439a22425c4a51,data_ml,p_count_2,robo,0,2 Mar 2026 12:59:43
69a58aec08439a22425c4a57,data_ml,p_count_2,robo,1,2 Mar 2026 13:4:44
69a58c1808439a22425c4a5d,data_ml,p_count_2,robo,0,2 Mar 2026 13:9:44
69a58d45a7a2dbd91872a94a,data_ml,p_count_2,robo,0,2 Mar 2026 13:14:45
69a58e72a7a2dbd91872a950,data_ml,p_count_2,robo,0,2 Mar 2026 13:19:46
69a58f9ea7a2dbd91872a956,data_ml,p_count_2,robo,6,2 Mar 2026 13:24:46
69a590cba7a2dbd91872a95c,data_ml,p_count_2,robo,1,2 Mar 2026 13:29:47
69a591f8a7a2dbd91872a962,data_ml,p_count_2,robo,0,2 Mar 2026 13:34:48
69a59324a7a2dbd91872a968,data_ml,p_count_2,robo,0,2 Mar 2026 13:39:48
69a59451a7a2dbd91872a96e,data_ml,p_count_2,robo,3,2 Mar 2026 13:44:49
69a5957da7a2dbd91872a974,data_ml,p_count_2,robo,0,2 Mar 2026 13:49:49
69a596aaa7a2dbd91872a97a,data_ml,p_count_2,robo,1,2 Mar 2026 13:54:50
69a597d7a7a2dbd91872a980,data_ml,p_count_2,robo,0,2 Mar 2026 13:59:51
69a59903a7a2dbd91872a986,data_ml,p_count_2,robo,0,2 Mar 2026 14:4:51
69a59a30a7a2dbd91872a98c,data_ml,p_count_2,robo,1,2 Mar 2026 14:9:52
69a59b5ca7a2dbd91872a992,data_ml,p_count_2,robo,0,2 Mar 2026 14:14:52
69a59c89a7a2dbd91872a998,data_ml,p_count_2,robo,3,2 Mar 2026 14:19:53
69a59db6a7a2dbd91872a99e,data_ml,p_count_2,robo,0,2 Mar 2026 14:24:54
69a59ee2a7a2dbd91872a9a4,data_ml,p_count_2,robo,0,2 Mar 2026 14:29:54
69a5a00fa7a2dbd91872a9aa,data_ml,p_count_2,robo,1,2 Mar 2026 14:34:55
69a5a13ba7a2dbd91872a9b0,data_ml,p_count_2,robo,1,2 Mar 2026 14:39:55
69a5a268a7a2dbd91872a9b6,data_ml,p_count_2,robo,0,2 Mar 2026 14:44:56
69a5a395a7a2dbd91872a9bc,data_ml,p_count_2,robo,0,2 Mar 2026 14:49:57
69a5a4c1a7a2dbd91872a9c2,data_ml,p_count_2,robo,2,2 Mar 2026 14:54:57
69a5a5eea7a2dbd91872a9c8,data_ml,p_count_2,robo,0,2 Mar 2026 14:59:58
69a5a71aa7a2dbd91872a9ce,data_ml,p_count_2,robo,1,2 Mar 2026 15:4:58
69a5a847a7a2dbd91872a9d4,data_ml,p_count_2,robo,0,2 Mar 2026 15:9:59
69a5a974a7a2dbd91872a9da,data_ml,p_count_2,robo,2,2 Mar 2026 15:15:0
69a5aaa0a7a2dbd91872a9e0,data_ml,p_count_2,robo,0,2 Mar 2026 15:20:0
69a5abcda7a2dbd91872a9e6,data_ml,p_count_2,robo,2,2 Mar 2026 15:25:1
69a5acf9a7a2dbd91872a9ec,data_ml,p_count_2,robo,0,2 Mar 2026 15:30:1
69a5ae26a7a2dbd91872a9f2,data_ml,p_count_2,robo,0,2 Mar 2026 15:35:2
69a5af52a7a2dbd91872a9f8,data_ml,p_count_2,robo,0,2 Mar 2026 15:40:2
69a5b07fa7a2dbd91872a9fe,data_ml,p_count_2,robo,0,2 Mar 2026 15:45:3
69a5b1aca7a2dbd91872aa05,data_ml,p_count_2,robo,0,2 Mar 2026 15:50:4
69a5b2d9a7a2dbd91872aa0b,data_ml,p_count_2,robo,0,2 Mar 2026 15:55:5
69a5b405a7a2dbd91872aa11,data_ml,p_count_2,robo,0,2 Mar 2026 16:0:5
69a5b532a7a2dbd91872aa17,data_ml,p_count_2,robo,0,2 Mar 2026 16:5:6
69a5b65ea7a2dbd91872aa1d,data_ml,p_count_2,robo,1,2 Mar 2026 16:10:6
69a5b78ba7a2dbd91872aa23,data_ml,p_count_2,robo,0,2 Mar 2026 16:15:7
69a5b8b8a7a2dbd91872aa29,data_ml,p_count_2,robo,0,2 Mar 2026 16:20:8
69a5b9e4a7a2dbd91872aa2f,data_ml,p_count_2,robo,0,2 Mar 2026 16:25:8
69a5bb11a7a2dbd91872aa35,data_ml,p_count_2,robo,0,2 Mar 2026 16:30:9
69a5bc3da7a2dbd91872aa3b,data_ml,p_count_2,robo,0,2 Mar 2026 16:35:9
69a5bd6aa7a2dbd91872aa41,data_ml,p_count_2,robo,0,2 Mar 2026 16:40:10
69a5be97a7a2dbd91872aa47,data_ml,p_count_2,robo,0,2 Mar 2026 16:45:11
69a5bfc3a7a2dbd91872aa4d,data_ml,p_count_2,robo,0,2 Mar 2026 16:50:11
69a5c0f0a7a2dbd91872aa53,data_ml,p_count_2,robo,0,2 Mar 2026 16:55:12
69a5c21ca7a2dbd91872aa59,data_ml,p_count_2,robo,0,2 Mar 2026 17:0:12
69a5c349a7a2dbd91872aa5f,data_ml,p_count_2,robo,0,2 Mar 2026 17:5:13
69a5c475a7a2dbd91872aa65,data_ml,p_count_2,robo,0,2 Mar 2026 17:10:13
69a5c5a2a7a2dbd91872aa6b,data_ml,p_count_2,robo,0,2 Mar 2026 17:15:14
69a5c6cfa7a2dbd91872aa71,data_ml,p_count_2,robo,0,2 Mar 2026 17:20:15
69a5c7fba7a2dbd91872aa77,data_ml,p_count_2,robo,0,2 Mar 2026 17:25:15
69a5c928a7a2dbd91872aa7d,data_ml,p_count_2,robo,0,2 Mar 2026 17:30:16
69a5ca54a7a2dbd91872aa83,data_ml,p_count_2,robo,0,2 Mar 2026 17:35:16
69a5cb81a7a2dbd91872aa89,data_ml,p_count_2,robo,0,2 Mar 2026 17:40:17
69a5ccaea7a2dbd91872aa8f,data_ml,p_count_2,robo,1,2 Mar 2026 17:45:18
69a5cddaa7a2dbd91872aa95,data_ml,p_count_2,robo,0,2 Mar 2026 17:50:18
69a5cf07a7a2dbd91872aa9b,data_ml,p_count_2,robo,0,2 Mar 2026 17:55:19
69a5d033a7a2dbd91872aaa1,data_ml,p_count_2,robo,0,2 Mar 2026 18:0:19
69a5d160a7a2dbd91872aaa7,data_ml,p_count_2,robo,1,2 Mar 2026 18:5:20
69a5d28da7a2dbd91872aaad,data_ml,p_count_2,robo,0,2 Mar 2026 18:10:21
69a5d3b9a7a2dbd91872aab3,data_ml,p_count_2,robo,0,2 Mar 2026 18:15:21
69a5d4e6a7a2dbd91872aab9,data_ml,p_count_2,robo,0,2 Mar 2026 18:20:22
69a5d613a7a2dbd91872aabf,data_ml,p_count_2,robo,2,2 Mar 2026 18:25:23
69a5d73fa7a2dbd91872aac5,data_ml,p_count_2,robo,0,2 Mar 2026 18:30:23
69a5d86ca7a2dbd91872aacb,data_ml,p_count_2,robo,0,2 Mar 2026 18:35:24
69a5d999a7a2dbd91872aad1,data_ml,p_count_2,robo,0,2 Mar 2026 18:40:25
69a5dac5a7a2dbd91872aad7,data_ml,p_count_2,robo,0,2 Mar 2026 18:45:25
69a5dbf2a7a2dbd91872aadd,data_ml,p_count_2,robo,0,2 Mar 2026 18:50:26
69a5dd1fa7a2dbd91872aae3,data_ml,p_count_2,robo,0,2 Mar 2026 18:55:27
69a5de4ba7a2dbd91872aae9,data_ml,p_count_2,robo,0,2 Mar 2026 19:0:27
69a5df78a7a2dbd91872aaef,data_ml,p_count_2,robo,0,2 Mar 2026 19:5:28
69a5e0a4a7a2dbd91872aaf5,data_ml,p_count_2,robo,0,2 Mar 2026 19:10:28
69a5e1d1a7a2dbd91872aafb,data_ml,p_count_2,robo,0,2 Mar 2026 19:15:29
69a5e2fda7a2dbd91872ab01,data_ml,p_count_2,robo,0,2 Mar 2026 19:20:29
69a5e42aa7a2dbd91872ab07,data_ml,p_count_2,robo,0,2 Mar 2026 19:25:30
69a5e557a7a2dbd91872ab0d,data_ml,p_count_2,robo,0,2 Mar 2026 19:30:31
69a5e683a7a2dbd91872ab13,data_ml,p_count_2,robo,0,2 Mar 2026 19:35:31
69a5e7b0a7a2dbd91872ab19,data_ml,p_count_2,robo,0,2 Mar 2026 19:40:32
69a5e8dca7a2dbd91872ab1f,data_ml,p_count_2,robo,0,2 Mar 2026 19:45:32
69a5ea09a7a2dbd91872ab25,data_ml,p_count_2,robo,0,2 Mar 2026 19:50:33
69a5eb36a7a2dbd91872ab2b,data_ml,p_count_2,robo,0,2 Mar 2026 19:55:34
69a5ec62a7a2dbd91872ab31,data_ml,p_count_2,robo,0,2 Mar 2026 20:0:34
69a5ed8fa7a2dbd91872ab37,data_ml,p_count_2,robo,0,2 Mar 2026 20:5:35
69a5eebba7a2dbd91872ab3d,data_ml,p_count_2,robo,0,2 Mar 2026 20:10:35
69a5efe8a7a2dbd91872ab43,data_ml,p_count_2,robo,0,2 Mar 2026 20:15:36
69a5f115a7a2dbd91872ab49,data_ml,p_count_2,robo,0,2 Mar 2026 20:20:37
69a5f241a7a2dbd91872ab4f,data_ml,p_count_2,robo,0,2 Mar 2026 20:25:37
69a5f36ea7a2dbd91872ab55,data_ml,p_count_2,robo,0,2 Mar 2026 20:30:38
69a5f49aa7a2dbd91872ab5b,data_ml,p_count_2,robo,0,2 Mar 2026 20:35:38
69a5f5c7a7a2dbd91872ab61,data_ml,p_count_2,robo,0,2 Mar 2026 20:40:39
69a5f6f4a7a2dbd91872ab67,data_ml,p_count_2,robo,0,2 Mar 2026 20:45:40
69a5f821a7a2dbd91872ab6d,data_ml,p_count_2,robo,0,2 Mar 2026 20:50:41
69a5f94da7a2dbd91872ab73,data_ml,p_count_2,robo,0,2 Mar 2026 20:55:41
69a5fa7aa7a2dbd91872ab79,data_ml,p_count_2,robo,0,2 Mar 2026 21:0:42
69a5fba6a7a2dbd91872ab7f,data_ml,p_count_2,robo,0,2 Mar 2026 21:5:42
69a5fcd3a7a2dbd91872ab85,data_ml,p_count_2,robo,0,2 Mar 2026 21:10:43
69a5fe00a7a2dbd91872ab8b,data_ml,p_count_2,robo,0,2 Mar 2026 21:15:44
69a5ff2ca7a2dbd91872ab91,data_ml,p_count_2,robo,0,2 Mar 2026 21:20:44
69a60059a7a2dbd91872ab97,data_ml,p_count_2,robo,0,2 Mar 2026 21:25:45
69a60185a7a2dbd91872ab9d,data_ml,p_count_2,robo,0,2 Mar 2026 21:30:45
69a602b2a7a2dbd91872aba3,data_ml,p_count_2,robo,0,2 Mar 2026 21:35:46
69a603dfa7a2dbd91872aba9,data_ml,p_count_2,robo,0,2 Mar 2026 21:40:47
69a6050ba7a2dbd91872abaf,data_ml,p_count_2,robo,0,2 Mar 2026 21:45:47
69a60638a7a2dbd91872abb5,data_ml,p_count_2,robo,0,2 Mar 2026 21:50:48
69a60764a7a2dbd91872abbb,data_ml,p_count_2,robo,0,2 Mar 2026 21:55:48
69a60891a7a2dbd91872abc1,data_ml,p_count_2,robo,0,2 Mar 2026 22:0:49
69a609bda7a2dbd91872abc7,data_ml,p_count_2,robo,0,2 Mar 2026 22:5:49
69a60aeaa7a2dbd91872abcd,data_ml,p_count_2,robo,0,2 Mar 2026 22:10:50
69a60c17a7a2dbd91872abd3,data_ml,p_count_2,robo,0,2 Mar 2026 22:15:51
69a60d43a7a2dbd91872abd9,data_ml,p_count_2,robo,0,2 Mar 2026 22:20:51
69a60e70a7a2dbd91872abdf,data_ml,p_count_2,robo,0,2 Mar 2026 22:25:52
69a60f9da7a2dbd91872abe5,data_ml,p_count_2,robo,0,2 Mar 2026 22:30:53
69a610c9a7a2dbd91872abeb,data_ml,p_count_2,robo,0,2 Mar 2026 22:35:53
69a611f6a7a2dbd91872abf1,data_ml,p_count_2,robo,0,2 Mar 2026 22:40:54
69a61322a7a2dbd91872abf7,data_ml,p_count_2,robo,0,2 Mar 2026 22:45:54
69a6144fa7a2dbd91872abfd,data_ml,p_count_2,robo,0,2 Mar 2026 22:50:55
69a6157ba7a2dbd91872ac03,data_ml,p_count_2,robo,0,2 Mar 2026 22:55:55
69a616a8a7a2dbd91872ac09,data_ml,p_count_2,robo,0,2 Mar 2026 23:0:56
69a617d4a7a2dbd91872ac0f,data_ml,p_count_2,robo,0,2 Mar 2026 23:5:56
69a61901a7a2dbd91872ac15,data_ml,p_count_2,robo,0,2 Mar 2026 23:10:57
69a61a2ea7a2dbd91872ac1b,data_ml,p_count_2,robo,0,2 Mar 2026 23:15:58
69a61b5ba7a2dbd91872ac21,data_ml,p_count_2,robo,0,2 Mar 2026 23:20:59
69a61c87a7a2dbd91872ac27,data_ml,p_count_2,robo,0,2 Mar 2026 23:25:59
69a61db4a7a2dbd91872ac2d,data_ml,p_count_2,robo,0,2 Mar 2026 23:31:0
69a61ee1a7a2dbd91872ac33,data_ml,p_count_2,robo,0,2 Mar 2026 23:36:1
69a6200da7a2dbd91872ac39,data_ml,p_count_2,robo,0,2 Mar 2026 23:41:1
69a6213aa7a2dbd91872ac3f,data_ml,p_count_2,robo,0,2 Mar 2026 23:46:2
69a62266a7a2dbd91872ac45,data_ml,p_count_2,robo,0,2 Mar 2026 23:51:2
69a62393a7a2dbd91872ac4b,data_ml,p_count_2,robo,0,2 Mar 2026 23:56:3
69a624c0a7a2dbd91872ac51,data_ml,p_count_2,robo,0,3 Mar 2026 0:1:4
69a625eca7a2dbd91872ac57,data_ml,p_count_2,robo,0,3 Mar 2026 0:6:4
69a62719a7a2dbd91872ac5d,data_ml,p_count_2,robo,0,3 Mar 2026 0:11:5
69a62845a7a2dbd91872ac63,data_ml,p_count_2,robo,0,3 Mar 2026 0:16:5
69a62972a7a2dbd91872ac69,data_ml,p_count_2,robo,0,3 Mar 2026 0:21:6
69a62a9ea7a2dbd91872ac6f,data_ml,p_count_2,robo,0,3 Mar 2026 0:26:6
69a62bcba7a2dbd91872ac75,data_ml,p_count_2,robo,0,3 Mar 2026 0:31:7
69a62cf8a7a2dbd91872ac7b,data_ml,p_count_2,robo,0,3 Mar 2026 0:36:8
69a62e24a7a2dbd91872ac81,data_ml,p_count_2,robo,0,3 Mar 2026 0:41:8
69a62f51a7a2dbd91872ac87,data_ml,p_count_2,robo,0,3 Mar 2026 0:46:9
69a6307da7a2dbd91872ac8d,data_ml,p_count_2,robo,0,3 Mar 2026 0:51:9
69a631aaa7a2dbd91872ac93,data_ml,p_count_2,robo,0,3 Mar 2026 0:56:10
69a632d6a7a2dbd91872ac9a,data_ml,p_count_2,robo,0,3 Mar 2026 1:1:10
69a63403a7a2dbd91872aca0,data_ml,p_count_2,robo,0,3 Mar 2026 1:6:11
69a63530a7a2dbd91872aca6,data_ml,p_count_2,robo,0,3 Mar 2026 1:11:12
69a6365da7a2dbd91872acac,data_ml,p_count_2,robo,0,3 Mar 2026 1:16:13
69a63789a7a2dbd91872acb2,data_ml,p_count_2,robo,0,3 Mar 2026 1:21:13
69a638b6a7a2dbd91872acb8,data_ml,p_count_2,robo,0,3 Mar 2026 1:26:14
69a639e2a7a2dbd91872acbe,data_ml,p_count_2,robo,0,3 Mar 2026 1:31:14
69a63b0fa7a2dbd91872acc4,data_ml,p_count_2,robo,0,3 Mar 2026 1:36:15
69a63c3ba7a2dbd91872acca,data_ml,p_count_2,robo,0,3 Mar 2026 1:41:15
69a63d68a7a2dbd91872acd0,data_ml,p_count_2,robo,0,3 Mar 2026 1:46:16
69a63e95a7a2dbd91872acd6,data_ml,p_count_2,robo,0,3 Mar 2026 1:51:17
69a63fc2a7a2dbd91872acdc,data_ml,p_count_2,robo,0,3 Mar 2026 1:56:18
69a640eea7a2dbd91872ace2,data_ml,p_count_2,robo,0,3 Mar 2026 2:1:18
69a6421ba7a2dbd91872ace8,data_ml,p_count_2,robo,0,3 Mar 2026 2:6:19
69a64347a7a2dbd91872acee,data_ml,p_count_2,robo,0,3 Mar 2026 2:11:19
69a64474a7a2dbd91872acf4,data_ml,p_count_2,robo,0,3 Mar 2026 2:16:20
69a645a1a7a2dbd91872acfa,data_ml,p_count_2,robo,0,3 Mar 2026 2:21:21
69a646cda7a2dbd91872ad00,data_ml,p_count_2,robo,0,3 Mar 2026 2:26:21
69a647faa7a2dbd91872ad06,data_ml,p_count_2,robo,0,3 Mar 2026 2:31:22
69a64926a7a2dbd91872ad0c,data_ml,p_count_2,robo,0,3 Mar 2026 2:36:22
69a64a53a7a2dbd91872ad12,data_ml,p_count_2,robo,0,3 Mar 2026 2:41:23
69a64b7fa7a2dbd91872ad18,data_ml,p_count_2,robo,0,3 Mar 2026 2:46:23
69a64caca7a2dbd91872ad1e,data_ml,p_count_2,robo,0,3 Mar 2026 2:51:24
69a64dd9a7a2dbd91872ad24,data_ml,p_count_2,robo,0,3 Mar 2026 2:56:25
69a64f05a7a2dbd91872ad2a,data_ml,p_count_2,robo,0,3 Mar 2026 3:1:25
69a65032a7a2dbd91872ad30,data_ml,p_count_2,robo,0,3 Mar 2026 3:6:26
69a6515fa7a2dbd91872ad36,data_ml,p_count_2,robo,0,3 Mar 2026 3:11:27
69a6528ba7a2dbd91872ad3c,data_ml,p_count_2,robo,0,3 Mar 2026 3:16:27
69a653b8a7a2dbd91872ad42,data_ml,p_count_2,robo,0,3 Mar 2026 3:21:28
69a654e4a7a2dbd91872ad48,data_ml,p_count_2,robo,0,3 Mar 2026 3:26:28
69a65611a7a2dbd91872ad4e,data_ml,p_count_2,robo,0,3 Mar 2026 3:31:29
69a6573ea7a2dbd91872ad54,data_ml,p_count_2,robo,0,3 Mar 2026 3:36:30
69a6586aa7a2dbd91872ad5a,data_ml,p_count_2,robo,0,3 Mar 2026 3:41:30
69a65997a7a2dbd91872ad60,data_ml,p_count_2,robo,0,3 Mar 2026 3:46:31
69a65ac3a7a2dbd91872ad66,data_ml,p_count_2,robo,0,3 Mar 2026 3:51:31
69a65bf0a7a2dbd91872ad6c,data_ml,p_count_2,robo,0,3 Mar 2026 3:56:32
69a65d1da7a2dbd91872ad72,data_ml,p_count_2,robo,0,3 Mar 2026 4:1:33
69a65e49a7a2dbd91872ad78,data_ml,p_count_2,robo,0,3 Mar 2026 4:6:33
69a65f76a7a2dbd91872ad7e,data_ml,p_count_2,robo,0,3 Mar 2026 4:11:34
69a660a2a7a2dbd91872ad84,data_ml,p_count_2,robo,0,3 Mar 2026 4:16:34
69a661cfa7a2dbd91872ad8a,data_ml,p_count_2,robo,0,3 Mar 2026 4:21:35
69a662fca7a2dbd91872ad90,data_ml,p_count_2,robo,0,3 Mar 2026 4:26:36
69a66429a7a2dbd91872ad96,data_ml,p_count_2,robo,0,3 Mar 2026 4:31:37
69a66555a7a2dbd91872ad9c,data_ml,p_count_2,robo,0,3 Mar 2026 4:36:37
69a66682a7a2dbd91872ada2,data_ml,p_count_2,robo,0,3 Mar 2026 4:41:38
69a667afa7a2dbd91872ada8,data_ml,p_count_2,robo,0,3 Mar 2026 4:46:38
69a668dba7a2dbd91872adae,data_ml,p_count_2,robo,0,3 Mar 2026 4:51:39
69a66a08a7a2dbd91872adb4,data_ml,p_count_2,robo,0,3 Mar 2026 4:56:40
69a66b34a7a2dbd91872adba,data_ml,p_count_2,robo,0,3 Mar 2026 5:1:40
69a66c61a7a2dbd91872adc0,data_ml,p_count_2,robo,0,3 Mar 2026 5:6:41
69a66d8da7a2dbd91872adc6,data_ml,p_count_2,robo,0,3 Mar 2026 5:11:41
69a66ebaa7a2dbd91872adcc,data_ml,p_count_2,robo,0,3 Mar 2026 5:16:42
69a66fe7a7a2dbd91872add2,data_ml,p_count_2,robo,0,3 Mar 2026 5:21:43
69a67113a7a2dbd91872add8,data_ml,p_count_2,robo,0,3 Mar 2026 5:26:43
69a67240a7a2dbd91872adde,data_ml,p_count_2,robo,0,3 Mar 2026 5:31:44
69a6736ca7a2dbd91872ade4,data_ml,p_count_2,robo,0,3 Mar 2026 5:36:44
69a67499a7a2dbd91872adea,data_ml,p_count_2,robo,0,3 Mar 2026 5:41:45
69a675c5a7a2dbd91872adf0,data_ml,p_count_2,robo,0,3 Mar 2026 5:46:45
69a676f2a7a2dbd91872adf6,data_ml,p_count_2,robo,0,3 Mar 2026 5:51:46
69a6781fa7a2dbd91872adfc,data_ml,p_count_2,robo,0,3 Mar 2026 5:56:47
69a6794ba7a2dbd91872ae02,data_ml,p_count_2,robo,0,3 Mar 2026 6:1:47
69a67a78a7a2dbd91872ae08,data_ml,p_count_2,robo,0,3 Mar 2026 6:6:48
69a67ba4a7a2dbd91872ae0e,data_ml,p_count_2,robo,0,3 Mar 2026 6:11:48
69a67cd1a7a2dbd91872ae14,data_ml,p_count_2,robo,0,3 Mar 2026 6:16:49
69a67dfea7a2dbd91872ae1a,data_ml,p_count_2,robo,0,3 Mar 2026 6:21:50
69a67f2aa7a2dbd91872ae20,data_ml,p_count_2,robo,0,3 Mar 2026 6:26:50
69a68057a7a2dbd91872ae26,data_ml,p_count_2,robo,0,3 Mar 2026 6:31:51
69a68183a7a2dbd91872ae2c,data_ml,p_count_2,robo,0,3 Mar 2026 6:36:51
69a682b0a7a2dbd91872ae32,data_ml,p_count_2,robo,0,3 Mar 2026 6:41:52
69a683dda7a2dbd91872ae38,data_ml,p_count_2,robo,0,3 Mar 2026 6:46:53
69a6850aa7a2dbd91872ae3e,data_ml,p_count_2,robo,0,3 Mar 2026 6:51:54
69a68636a7a2dbd91872ae44,data_ml,p_count_2,robo,0,3 Mar 2026 6:56:54
69a68763a7a2dbd91872ae4a,data_ml,p_count_2,robo,0,3 Mar 2026 7:1:55
69a68890a7a2dbd91872ae50,data_ml,p_count_2,robo,0,3 Mar 2026 7:6:56
69a689bca7a2dbd91872ae56,data_ml,p_count_2,robo,0,3 Mar 2026 7:11:56
69a68ae9a7a2dbd91872ae5c,data_ml,p_count_2,robo,0,3 Mar 2026 7:16:57
69a68c15a7a2dbd91872ae62,data_ml,p_count_2,robo,0,3 Mar 2026 7:21:57
69a68d42a7a2dbd91872ae68,data_ml,p_count_2,robo,0,3 Mar 2026 7:26:58
69a68e6fa7a2dbd91872ae6e,data_ml,p_count_2,robo,0,3 Mar 2026 7:31:59
69a68f9ba7a2dbd91872ae74,data_ml,p_count_2,robo,2,3 Mar 2026 7:36:59
69a690c8a7a2dbd91872ae7a,data_ml,p_count_2,robo,1,3 Mar 2026 7:42:0
69a691f4a7a2dbd91872ae80,data_ml,p_count_2,robo,2,3 Mar 2026 7:47:0
69a69321a7a2dbd91872ae86,data_ml,p_count_2,robo,0,3 Mar 2026 7:52:1
69a6944ea7a2dbd91872ae8c,data_ml,p_count_2,robo,0,3 Mar 2026 7:57:2
69a6957aa7a2dbd91872ae92,data_ml,p_count_2,robo,3,3 Mar 2026 8:2:2
69a696a7a7a2dbd91872ae98,data_ml,p_count_2,robo,0,3 Mar 2026 8:7:3
69a697d4a7a2dbd91872ae9e,data_ml,p_count_2,robo,0,3 Mar 2026 8:12:4
69a69900a7a2dbd91872aea4,data_ml,p_count_2,robo,0,3 Mar 2026 8:17:4
69a69a2da7a2dbd91872aeaa,data_ml,p_count_2,robo,0,3 Mar 2026 8:22:5
69a69b59a7a2dbd91872aeb0,data_ml,p_count_2,robo,0,3 Mar 2026 8:27:5
69a69c86a7a2dbd91872aeb6,data_ml,p_count_2,robo,0,3 Mar 2026 8:32:6
69a69db3a7a2dbd91872aebc,data_ml,p_count_2,robo,0,3 Mar 2026 8:37:7
69a69edfa7a2dbd91872aec2,data_ml,p_count_2,robo,0,3 Mar 2026 8:42:7
69a6a00ca7a2dbd91872aec8,data_ml,p_count_2,robo,4,3 Mar 2026 8:47:8
69a6a138a7a2dbd91872aece,data_ml,p_count_2,robo,2,3 Mar 2026 8:52:8
69a6a265a7a2dbd91872aed4,data_ml,p_count_2,robo,2,3 Mar 2026 8:57:9
69a6a392a7a2dbd91872aeda,data_ml,p_count_2,robo,0,3 Mar 2026 9:2:10
69a6a4bea7a2dbd91872aee0,data_ml,p_count_2,robo,5,3 Mar 2026 9:7:10
69a6a5eba7a2dbd91872aee6,data_ml,p_count_2,robo,0,3 Mar 2026 9:12:11
69a6a717a7a2dbd91872aeec,data_ml,p_count_2,robo,0,3 Mar 2026 9:17:11
69a6a845a7a2dbd91872aef2,data_ml,p_count_2,robo,0,3 Mar 2026 9:22:13
69a6a971a7a2dbd91872aef8,data_ml,p_count_2,robo,0,3 Mar 2026 9:27:13
69a6aa9ea7a2dbd91872aefe,data_ml,p_count_2,robo,0,3 Mar 2026 9:32:14
69a6abcaa7a2dbd91872af04,data_ml,p_count_2,robo,3,3 Mar 2026 9:37:14
69a6acf7a7a2dbd91872af0a,data_ml,p_count_2,robo,2,3 Mar 2026 9:42:15
69a6ae24a7a2dbd91872af10,data_ml,p_count_2,robo,6,3 Mar 2026 9:47:16
69a6af50a7a2dbd91872af16,data_ml,p_count_2,robo,1,3 Mar 2026 9:52:16
69a6b07da7a2dbd91872af1c,data_ml,p_count_2,robo,2,3 Mar 2026 9:57:17
69a6b1a9a7a2dbd91872af22,data_ml,p_count_2,robo,2,3 Mar 2026 10:2:17
69a6b2d6a7a2dbd91872af28,data_ml,p_count_2,robo,1,3 Mar 2026 10:7:18
69a6b403a7a2dbd91872af2e,data_ml,p_count_2,robo,1,3 Mar 2026 10:12:19
69a6b52fa7a2dbd91872af34,data_ml,p_count_2,robo,1,3 Mar 2026 10:17:19
69a6b65ca7a2dbd91872af3a,data_ml,p_count_2,robo,0,3 Mar 2026 10:22:20
69a6b788a7a2dbd91872af40,data_ml,p_count_2,robo,0,3 Mar 2026 10:27:20
69a6b8b5a7a2dbd91872af46,data_ml,p_count_2,robo,0,3 Mar 2026 10:32:21
69a6b9e2a7a2dbd91872af4c,data_ml,p_count_2,robo,1,3 Mar 2026 10:37:22
69a6bb0ea7a2dbd91872af52,data_ml,p_count_2,robo,1,3 Mar 2026 10:42:22
69a6bc3ba7a2dbd91872af58,data_ml,p_count_2,robo,0,3 Mar 2026 10:47:23
69a6bd67a7a2dbd91872af5e,data_ml,p_count_2,robo,0,3 Mar 2026 10:52:23
69a6be94a7a2dbd91872af64,data_ml,p_count_2,robo,3,3 Mar 2026 10:57:24
69a6bfc1a7a2dbd91872af6a,data_ml,p_count_2,robo,3,3 Mar 2026 11:2:25
69a6c0eda7a2dbd91872af70,data_ml,p_count_2,robo,1,3 Mar 2026 11:7:25
69a6c21aa7a2dbd91872af76,data_ml,p_count_2,robo,1,3 Mar 2026 11:12:26
69a6c347a7a2dbd91872af7c,data_ml,p_count_2,robo,2,3 Mar 2026 11:17:27
69a6c473a7a2dbd91872af82,data_ml,p_count_2,robo,1,3 Mar 2026 11:22:27
69a6c5a042be2e9db0ea98ef,data_ml,p_count_2,robo,3,3 Mar 2026 11:27:28
69a6c6cd42be2e9db0ea98f5,data_ml,p_count_2,robo,2,3 Mar 2026 11:32:29
69a6c7f942be2e9db0ea98fb,data_ml,p_count_2,robo,2,3 Mar 2026 11:37:29
69a6c92642be2e9db0ea9901,data_ml,p_count_2,robo,2,3 Mar 2026 11:42:30
69a6ca5242be2e9db0ea9907,data_ml,p_count_2,robo,1,3 Mar 2026 11:47:30
